Test (Python 3.13)	Set up job	﻿2026-05-03T17:56:04.5596560Z Current runner version: '2.334.0'
Test (Python 3.13)	Set up job	2026-05-03T17:56:04.5623434Z ##[group]Runner Image Provisioner
Test (Python 3.13)	Set up job	2026-05-03T17:56:04.5624830Z Hosted Compute Agent
Test (Python 3.13)	Set up job	2026-05-03T17:56:04.5625400Z Version: 20260213.493
Test (Python 3.13)	Set up job	2026-05-03T17:56:04.5626004Z Commit: 5c115507f6dd24b8de37d8bbe0bb4509d0cc0fa3
Test (Python 3.13)	Set up job	2026-05-03T17:56:04.5626752Z Build Date: 2026-02-13T00:28:41Z
Test (Python 3.13)	Set up job	2026-05-03T17:56:04.5627376Z Worker ID: {42fdf380-1c87-4241-9df5-aecd5462a2e8}
Test (Python 3.13)	Set up job	2026-05-03T17:56:04.5628078Z Azure Region: eastus2
Test (Python 3.13)	Set up job	2026-05-03T17:56:04.5628921Z ##[endgroup]
Test (Python 3.13)	Set up job	2026-05-03T17:56:04.5630918Z ##[group]Operating System
Test (Python 3.13)	Set up job	2026-05-03T17:56:04.5631517Z Ubuntu
Test (Python 3.13)	Set up job	2026-05-03T17:56:04.5631977Z 24.04.4
Test (Python 3.13)	Set up job	2026-05-03T17:56:04.5632491Z LTS
Test (Python 3.13)	Set up job	2026-05-03T17:56:04.5632985Z ##[endgroup]
Test (Python 3.13)	Set up job	2026-05-03T17:56:04.5633450Z ##[group]Runner Image
Test (Python 3.13)	Set up job	2026-05-03T17:56:04.5634061Z Image: ubuntu-24.04
Test (Python 3.13)	Set up job	2026-05-03T17:56:04.5634559Z Version: 20260413.86.1
Test (Python 3.13)	Set up job	2026-05-03T17:56:04.5635506Z Included Software: https://github.com/actions/runner-images/blob/ubuntu24/20260413.86/images/ubuntu/Ubuntu2404-Readme.md
Test (Python 3.13)	Set up job	2026-05-03T17:56:04.5638138Z Image Release: https://github.com/actions/runner-images/releases/tag/ubuntu24%2F20260413.86
Test (Python 3.13)	Set up job	2026-05-03T17:56:04.5639781Z ##[endgroup]
Test (Python 3.13)	Set up job	2026-05-03T17:56:04.5642953Z ##[group]GITHUB_TOKEN Permissions
Test (Python 3.13)	Set up job	2026-05-03T17:56:04.5645280Z Actions: write
Test (Python 3.13)	Set up job	2026-05-03T17:56:04.5646001Z ArtifactMetadata: write
Test (Python 3.13)	Set up job	2026-05-03T17:56:04.5646527Z Attestations: write
Test (Python 3.13)	Set up job	2026-05-03T17:56:04.5647036Z Checks: write
Test (Python 3.13)	Set up job	2026-05-03T17:56:04.5647520Z Contents: write
Test (Python 3.13)	Set up job	2026-05-03T17:56:04.5648033Z Deployments: write
Test (Python 3.13)	Set up job	2026-05-03T17:56:04.5648501Z Discussions: write
Test (Python 3.13)	Set up job	2026-05-03T17:56:04.5649388Z Issues: write
Test (Python 3.13)	Set up job	2026-05-03T17:56:04.5649904Z Metadata: read
Test (Python 3.13)	Set up job	2026-05-03T17:56:04.5650396Z Models: read
Test (Python 3.13)	Set up job	2026-05-03T17:56:04.5650926Z Packages: write
Test (Python 3.13)	Set up job	2026-05-03T17:56:04.5651428Z Pages: write
Test (Python 3.13)	Set up job	2026-05-03T17:56:04.5652075Z PullRequests: write
Test (Python 3.13)	Set up job	2026-05-03T17:56:04.5652565Z RepositoryProjects: write
Test (Python 3.13)	Set up job	2026-05-03T17:56:04.5653258Z SecurityEvents: write
Test (Python 3.13)	Set up job	2026-05-03T17:56:04.5653745Z Statuses: write
Test (Python 3.13)	Set up job	2026-05-03T17:56:04.5654297Z VulnerabilityAlerts: read
Test (Python 3.13)	Set up job	2026-05-03T17:56:04.5654933Z ##[endgroup]
Test (Python 3.13)	Set up job	2026-05-03T17:56:04.5657430Z Secret source: Actions
Test (Python 3.13)	Set up job	2026-05-03T17:56:04.5658434Z Prepare workflow directory
Test (Python 3.13)	Set up job	2026-05-03T17:56:04.5988255Z Prepare all required actions
Test (Python 3.13)	Set up job	2026-05-03T17:56:04.6026608Z Getting action download info
Test (Python 3.13)	Set up job	2026-05-03T17:56:04.9566250Z Download action repository 'actions/checkout@v4' (SHA:34e114876b0b11c390a56381ad16ebd13914f8d5)
Test (Python 3.13)	Set up job	2026-05-03T17:56:05.0825460Z Download action repository 'actions/setup-python@v5' (SHA:a26af69be951a213d495a4c3e4e4022e16d87065)
Test (Python 3.13)	Set up job	2026-05-03T17:56:05.2194736Z Download action repository 'codecov/codecov-action@v4' (SHA:b9fd7d16f6d7d1b5d2bec1a2887e65ceed900238)
Test (Python 3.13)	Set up job	2026-05-03T17:56:05.4930444Z Complete job name: Test (Python 3.13)
Test (Python 3.13)	Run actions/checkout@v4	﻿2026-05-03T17:56:05.5693225Z ##[group]Run actions/checkout@v4
Test (Python 3.13)	Run actions/checkout@v4	2026-05-03T17:56:05.5694188Z with:
Test (Python 3.13)	Run actions/checkout@v4	2026-05-03T17:56:05.5694694Z   repository: link-foundation/lino-objects-codec
Test (Python 3.13)	Run actions/checkout@v4	2026-05-03T17:56:05.5695488Z   token: ***
Test (Python 3.13)	Run actions/checkout@v4	2026-05-03T17:56:05.5695910Z   ssh-strict: true
Test (Python 3.13)	Run actions/checkout@v4	2026-05-03T17:56:05.5696325Z   ssh-user: git
Test (Python 3.13)	Run actions/checkout@v4	2026-05-03T17:56:05.5696841Z   persist-credentials: true
Test (Python 3.13)	Run actions/checkout@v4	2026-05-03T17:56:05.5697319Z   clean: true
Test (Python 3.13)	Run actions/checkout@v4	2026-05-03T17:56:05.5697759Z   sparse-checkout-cone-mode: true
Test (Python 3.13)	Run actions/checkout@v4	2026-05-03T17:56:05.5698266Z   fetch-depth: 1
Test (Python 3.13)	Run actions/checkout@v4	2026-05-03T17:56:05.5698692Z   fetch-tags: false
Test (Python 3.13)	Run actions/checkout@v4	2026-05-03T17:56:05.5699408Z   show-progress: true
Test (Python 3.13)	Run actions/checkout@v4	2026-05-03T17:56:05.5699868Z   lfs: false
Test (Python 3.13)	Run actions/checkout@v4	2026-05-03T17:56:05.5700279Z   submodules: false
Test (Python 3.13)	Run actions/checkout@v4	2026-05-03T17:56:05.5700713Z   set-safe-directory: true
Test (Python 3.13)	Run actions/checkout@v4	2026-05-03T17:56:05.5701459Z ##[endgroup]
Test (Python 3.13)	Run actions/checkout@v4	2026-05-03T17:56:05.6874675Z Syncing repository: link-foundation/lino-objects-codec
Test (Python 3.13)	Run actions/checkout@v4	2026-05-03T17:56:05.6876548Z ##[group]Getting Git version info
Test (Python 3.13)	Run actions/checkout@v4	2026-05-03T17:56:05.6877425Z Working directory is '/home/runner/work/lino-objects-codec/lino-objects-codec'
Test (Python 3.13)	Run actions/checkout@v4	2026-05-03T17:56:05.6878885Z [command]/usr/bin/git version
Test (Python 3.13)	Run actions/checkout@v4	2026-05-03T17:56:05.6908811Z git version 2.53.0
Test (Python 3.13)	Run actions/checkout@v4	2026-05-03T17:56:05.6934857Z ##[endgroup]
Test (Python 3.13)	Run actions/checkout@v4	2026-05-03T17:56:05.6949602Z Temporarily overriding HOME='/home/runner/work/_temp/bb6aca39-c6b4-4640-850b-74c9a8d2db11' before making global git config changes
Test (Python 3.13)	Run actions/checkout@v4	2026-05-03T17:56:05.6951362Z Adding repository directory to the temporary git global config as a safe directory
Test (Python 3.13)	Run actions/checkout@v4	2026-05-03T17:56:05.6955079Z [command]/usr/bin/git config --global --add safe.directory /home/runner/work/lino-objects-codec/lino-objects-codec
Test (Python 3.13)	Run actions/checkout@v4	2026-05-03T17:56:05.6985759Z Deleting the contents of '/home/runner/work/lino-objects-codec/lino-objects-codec'
Test (Python 3.13)	Run actions/checkout@v4	2026-05-03T17:56:05.6988635Z ##[group]Initializing the repository
Test (Python 3.13)	Run actions/checkout@v4	2026-05-03T17:56:05.6992940Z [command]/usr/bin/git init /home/runner/work/lino-objects-codec/lino-objects-codec
Test (Python 3.13)	Run actions/checkout@v4	2026-05-03T17:56:05.7060095Z hint: Using 'master' as the name for the initial branch. This default branch name
Test (Python 3.13)	Run actions/checkout@v4	2026-05-03T17:56:05.7062088Z hint: will change to "main" in Git 3.0. To configure the initial branch name
Test (Python 3.13)	Run actions/checkout@v4	2026-05-03T17:56:05.7063991Z hint: to use in all of your new repositories, which will suppress this warning,
Test (Python 3.13)	Run actions/checkout@v4	2026-05-03T17:56:05.7065446Z hint: call:
Test (Python 3.13)	Run actions/checkout@v4	2026-05-03T17:56:05.7066155Z hint:
Test (Python 3.13)	Run actions/checkout@v4	2026-05-03T17:56:05.7067114Z hint: 	git config --global init.defaultBranch <name>
Test (Python 3.13)	Run actions/checkout@v4	2026-05-03T17:56:05.7068354Z hint:
Test (Python 3.13)	Run actions/checkout@v4	2026-05-03T17:56:05.7069720Z hint: Names commonly chosen instead of 'master' are 'main', 'trunk' and
Test (Python 3.13)	Run actions/checkout@v4	2026-05-03T17:56:05.7071603Z hint: 'development'. The just-created branch can be renamed via this command:
Test (Python 3.13)	Run actions/checkout@v4	2026-05-03T17:56:05.7073076Z hint:
Test (Python 3.13)	Run actions/checkout@v4	2026-05-03T17:56:05.7073847Z hint: 	git branch -m <name>
Test (Python 3.13)	Run actions/checkout@v4	2026-05-03T17:56:05.7074776Z hint:
Test (Python 3.13)	Run actions/checkout@v4	2026-05-03T17:56:05.7075956Z hint: Disable this message with "git config set advice.defaultBranchName false"
Test (Python 3.13)	Run actions/checkout@v4	2026-05-03T17:56:05.7078108Z Initialized empty Git repository in /home/runner/work/lino-objects-codec/lino-objects-codec/.git/
Test (Python 3.13)	Run actions/checkout@v4	2026-05-03T17:56:05.7081834Z [command]/usr/bin/git remote add origin https://github.com/link-foundation/lino-objects-codec
Test (Python 3.13)	Run actions/checkout@v4	2026-05-03T17:56:05.7106794Z ##[endgroup]
Test (Python 3.13)	Run actions/checkout@v4	2026-05-03T17:56:05.7108147Z ##[group]Disabling automatic garbage collection
Test (Python 3.13)	Run actions/checkout@v4	2026-05-03T17:56:05.7111699Z [command]/usr/bin/git config --local gc.auto 0
Test (Python 3.13)	Run actions/checkout@v4	2026-05-03T17:56:05.7140536Z ##[endgroup]
Test (Python 3.13)	Run actions/checkout@v4	2026-05-03T17:56:05.7141926Z ##[group]Setting up auth
Test (Python 3.13)	Run actions/checkout@v4	2026-05-03T17:56:05.7148413Z [command]/usr/bin/git config --local --name-only --get-regexp core\.sshCommand
Test (Python 3.13)	Run actions/checkout@v4	2026-05-03T17:56:05.7179361Z [command]/usr/bin/git submodule foreach --recursive sh -c "git config --local --name-only --get-regexp 'core\.sshCommand' && git config --local --unset-all 'core.sshCommand' || :"
Test (Python 3.13)	Run actions/checkout@v4	2026-05-03T17:56:05.7449467Z [command]/usr/bin/git config --local --name-only --get-regexp http\.https\:\/\/github\.com\/\.extraheader
Test (Python 3.13)	Run actions/checkout@v4	2026-05-03T17:56:05.7479220Z [command]/usr/bin/git submodule foreach --recursive sh -c "git config --local --name-only --get-regexp 'http\.https\:\/\/github\.com\/\.extraheader' && git config --local --unset-all 'http.https://github.com/.extraheader' || :"
Test (Python 3.13)	Run actions/checkout@v4	2026-05-03T17:56:05.7692451Z [command]/usr/bin/git config --local --name-only --get-regexp ^includeIf\.gitdir:
Test (Python 3.13)	Run actions/checkout@v4	2026-05-03T17:56:05.7730867Z [command]/usr/bin/git submodule foreach --recursive git config --local --show-origin --name-only --get-regexp remote.origin.url
Test (Python 3.13)	Run actions/checkout@v4	2026-05-03T17:56:05.7949526Z [command]/usr/bin/git config --local http.https://github.com/.extraheader AUTHORIZATION: basic ***
Test (Python 3.13)	Run actions/checkout@v4	2026-05-03T17:56:05.7983492Z ##[endgroup]
Test (Python 3.13)	Run actions/checkout@v4	2026-05-03T17:56:05.7984336Z ##[group]Fetching the repository
Test (Python 3.13)	Run actions/checkout@v4	2026-05-03T17:56:05.7992522Z [command]/usr/bin/git -c protocol.version=2 fetch --no-tags --prune --no-recurse-submodules --depth=1 origin +ddbf2556b5b0e91a05c053f321b85ce9eb02355a:refs/remotes/origin/main
Test (Python 3.13)	Run actions/checkout@v4	2026-05-03T17:56:06.2187953Z From https://github.com/link-foundation/lino-objects-codec
Test (Python 3.13)	Run actions/checkout@v4	2026-05-03T17:56:06.2189801Z  * [new ref]         ddbf2556b5b0e91a05c053f321b85ce9eb02355a -> origin/main
Test (Python 3.13)	Run actions/checkout@v4	2026-05-03T17:56:06.2217181Z ##[endgroup]
Test (Python 3.13)	Run actions/checkout@v4	2026-05-03T17:56:06.2219257Z ##[group]Determining the checkout info
Test (Python 3.13)	Run actions/checkout@v4	2026-05-03T17:56:06.2221359Z ##[endgroup]
Test (Python 3.13)	Run actions/checkout@v4	2026-05-03T17:56:06.2225458Z [command]/usr/bin/git sparse-checkout disable
Test (Python 3.13)	Run actions/checkout@v4	2026-05-03T17:56:06.2263200Z [command]/usr/bin/git config --local --unset-all extensions.worktreeConfig
Test (Python 3.13)	Run actions/checkout@v4	2026-05-03T17:56:06.2288370Z ##[group]Checking out the ref
Test (Python 3.13)	Run actions/checkout@v4	2026-05-03T17:56:06.2293634Z [command]/usr/bin/git checkout --progress --force -B main refs/remotes/origin/main
Test (Python 3.13)	Run actions/checkout@v4	2026-05-03T17:56:06.2459693Z Switched to a new branch 'main'
Test (Python 3.13)	Run actions/checkout@v4	2026-05-03T17:56:06.2462809Z branch 'main' set up to track 'origin/main'.
Test (Python 3.13)	Run actions/checkout@v4	2026-05-03T17:56:06.2471286Z ##[endgroup]
Test (Python 3.13)	Run actions/checkout@v4	2026-05-03T17:56:06.2503171Z [command]/usr/bin/git log -1 --format=%H
Test (Python 3.13)	Run actions/checkout@v4	2026-05-03T17:56:06.2524509Z ddbf2556b5b0e91a05c053f321b85ce9eb02355a
Test (Python 3.13)	Setup Python	﻿2026-05-03T17:56:06.2859598Z ##[group]Run actions/setup-python@v5
Test (Python 3.13)	Setup Python	2026-05-03T17:56:06.2860793Z with:
Test (Python 3.13)	Setup Python	2026-05-03T17:56:06.2861766Z   python-version: 3.13
Test (Python 3.13)	Setup Python	2026-05-03T17:56:06.2863268Z   check-latest: false
Test (Python 3.13)	Setup Python	2026-05-03T17:56:06.2864562Z   token: ***
Test (Python 3.13)	Setup Python	2026-05-03T17:56:06.2865540Z   update-environment: true
Test (Python 3.13)	Setup Python	2026-05-03T17:56:06.2866809Z   allow-prereleases: false
Test (Python 3.13)	Setup Python	2026-05-03T17:56:06.2867860Z   freethreaded: false
Test (Python 3.13)	Setup Python	2026-05-03T17:56:06.2868927Z ##[endgroup]
Test (Python 3.13)	Setup Python	2026-05-03T17:56:06.4563051Z ##[group]Installed versions
Test (Python 3.13)	Setup Python	2026-05-03T17:56:06.5213892Z Successfully set up CPython (3.13.13)
Test (Python 3.13)	Setup Python	2026-05-03T17:56:06.5216670Z ##[endgroup]
Test (Python 3.13)	Install dependencies	﻿2026-05-03T17:56:06.5359496Z ##[group]Run python -m pip install --upgrade pip
Test (Python 3.13)	Install dependencies	2026-05-03T17:56:06.5361000Z [36;1mpython -m pip install --upgrade pip[0m
Test (Python 3.13)	Install dependencies	2026-05-03T17:56:06.5362202Z [36;1mpip install -e ".[dev]"[0m
Test (Python 3.13)	Install dependencies	2026-05-03T17:56:06.5463323Z shell: /usr/bin/bash -e {0}
Test (Python 3.13)	Install dependencies	2026-05-03T17:56:06.5464297Z env:
Test (Python 3.13)	Install dependencies	2026-05-03T17:56:06.5465264Z   pythonLocation: /opt/hostedtoolcache/Python/3.13.13/x64
Test (Python 3.13)	Install dependencies	2026-05-03T17:56:06.5534274Z   PKG_CONFIG_PATH: /opt/hostedtoolcache/Python/3.13.13/x64/lib/pkgconfig
Test (Python 3.13)	Install dependencies	2026-05-03T17:56:06.5536315Z   Python_ROOT_DIR: /opt/hostedtoolcache/Python/3.13.13/x64
Test (Python 3.13)	Install dependencies	2026-05-03T17:56:06.5537904Z   Python2_ROOT_DIR: /opt/hostedtoolcache/Python/3.13.13/x64
Test (Python 3.13)	Install dependencies	2026-05-03T17:56:06.5539823Z   Python3_ROOT_DIR: /opt/hostedtoolcache/Python/3.13.13/x64
Test (Python 3.13)	Install dependencies	2026-05-03T17:56:06.5541449Z   LD_LIBRARY_PATH: /opt/hostedtoolcache/Python/3.13.13/x64/lib
Test (Python 3.13)	Install dependencies	2026-05-03T17:56:06.5542767Z ##[endgroup]
Test (Python 3.13)	Install dependencies	2026-05-03T17:56:09.9147530Z Requirement already satisfied: pip in /opt/hostedtoolcache/Python/3.13.13/x64/lib/python3.13/site-packages (26.0.1)
Test (Python 3.13)	Install dependencies	2026-05-03T17:56:10.0270792Z Collecting pip
Test (Python 3.13)	Install dependencies	2026-05-03T17:56:10.0974783Z   Downloading pip-26.1-py3-none-any.whl.metadata (4.6 kB)
Test (Python 3.13)	Install dependencies	2026-05-03T17:56:10.1097050Z Downloading pip-26.1-py3-none-any.whl (1.8 MB)
Test (Python 3.13)	Install dependencies	2026-05-03T17:56:10.2171176Z    ━━━━━━━━━━━━━━━━━━━━━━━━━━━━━━━━━━━━━━━━ 1.8/1.8 MB 20.4 MB/s  0:00:00
Test (Python 3.13)	Install dependencies	2026-05-03T17:56:10.2552614Z Installing collected packages: pip
Test (Python 3.13)	Install dependencies	2026-05-03T17:56:10.2554246Z   Attempting uninstall: pip
Test (Python 3.13)	Install dependencies	2026-05-03T17:56:10.2581701Z     Found existing installation: pip 26.0.1
Test (Python 3.13)	Install dependencies	2026-05-03T17:56:10.3246964Z     Uninstalling pip-26.0.1:
Test (Python 3.13)	Install dependencies	2026-05-03T17:56:10.3303474Z       Successfully uninstalled pip-26.0.1
Test (Python 3.13)	Install dependencies	2026-05-03T17:56:11.2527570Z Successfully installed pip-26.1
Test (Python 3.13)	Install dependencies	2026-05-03T17:56:12.1880140Z Obtaining file:///home/runner/work/lino-objects-codec/lino-objects-codec/python
Test (Python 3.13)	Install dependencies	2026-05-03T17:56:12.1898146Z   Installing build dependencies: started
Test (Python 3.13)	Install dependencies	2026-05-03T17:56:13.5453877Z   Installing build dependencies: finished with status 'done'
Test (Python 3.13)	Install dependencies	2026-05-03T17:56:13.5464046Z   Checking if build backend supports build_editable: started
Test (Python 3.13)	Install dependencies	2026-05-03T17:56:13.9135595Z   Checking if build backend supports build_editable: finished with status 'done'
Test (Python 3.13)	Install dependencies	2026-05-03T17:56:13.9143539Z   Getting requirements to build editable: started
Test (Python 3.13)	Install dependencies	2026-05-03T17:56:14.2512666Z   Getting requirements to build editable: finished with status 'done'
Test (Python 3.13)	Install dependencies	2026-05-03T17:56:14.2523713Z   Preparing editable metadata (pyproject.toml): started
Test (Python 3.13)	Install dependencies	2026-05-03T17:56:14.4400098Z   Preparing editable metadata (pyproject.toml): finished with status 'done'
Test (Python 3.13)	Install dependencies	2026-05-03T17:56:14.5229710Z Collecting links-notation<0.12.0,>=0.11.0 (from lino-objects-codec==0.2.0)
Test (Python 3.13)	Install dependencies	2026-05-03T17:56:14.5949683Z   Downloading links_notation-0.11.2-py3-none-any.whl.metadata (4.0 kB)
Test (Python 3.13)	Install dependencies	2026-05-03T17:56:14.6358224Z Collecting pytest>=7.0 (from lino-objects-codec==0.2.0)
Test (Python 3.13)	Install dependencies	2026-05-03T17:56:14.6433431Z   Downloading pytest-9.0.3-py3-none-any.whl.metadata (7.6 kB)
Test (Python 3.13)	Install dependencies	2026-05-03T17:56:14.6642666Z Collecting pytest-cov>=4.0 (from lino-objects-codec==0.2.0)
Test (Python 3.13)	Install dependencies	2026-05-03T17:56:14.6711557Z   Downloading pytest_cov-7.1.0-py3-none-any.whl.metadata (32 kB)
Test (Python 3.13)	Install dependencies	2026-05-03T17:56:14.9980158Z Collecting ruff>=0.1.0 (from lino-objects-codec==0.2.0)
Test (Python 3.13)	Install dependencies	2026-05-03T17:56:15.0054714Z   Downloading ruff-0.15.12-py3-none-manylinux_2_17_x86_64.manylinux2014_x86_64.whl.metadata (26 kB)
Test (Python 3.13)	Install dependencies	2026-05-03T17:56:15.0970490Z Collecting mypy>=1.0 (from lino-objects-codec==0.2.0)
Test (Python 3.13)	Install dependencies	2026-05-03T17:56:15.1055819Z   Downloading mypy-1.20.2-cp313-cp313-manylinux2014_x86_64.manylinux_2_17_x86_64.manylinux_2_28_x86_64.whl.metadata (2.4 kB)
Test (Python 3.13)	Install dependencies	2026-05-03T17:56:15.1295238Z Collecting scriv>=1.7.0 (from scriv[toml]>=1.7.0; extra == "dev"->lino-objects-codec==0.2.0)
Test (Python 3.13)	Install dependencies	2026-05-03T17:56:15.1390427Z   Downloading scriv-1.8.0-py3-none-any.whl.metadata (26 kB)
Test (Python 3.13)	Install dependencies	2026-05-03T17:56:15.1626446Z Collecting typing_extensions>=4.6.0 (from mypy>=1.0->lino-objects-codec==0.2.0)
Test (Python 3.13)	Install dependencies	2026-05-03T17:56:15.1697433Z   Downloading typing_extensions-4.15.0-py3-none-any.whl.metadata (3.3 kB)
Test (Python 3.13)	Install dependencies	2026-05-03T17:56:15.1846044Z Collecting mypy_extensions>=1.0.0 (from mypy>=1.0->lino-objects-codec==0.2.0)
Test (Python 3.13)	Install dependencies	2026-05-03T17:56:15.1913830Z   Downloading mypy_extensions-1.1.0-py3-none-any.whl.metadata (1.1 kB)
Test (Python 3.13)	Install dependencies	2026-05-03T17:56:15.2067338Z Collecting pathspec>=1.0.0 (from mypy>=1.0->lino-objects-codec==0.2.0)
Test (Python 3.13)	Install dependencies	2026-05-03T17:56:15.2137793Z   Downloading pathspec-1.1.1-py3-none-any.whl.metadata (14 kB)
Test (Python 3.13)	Install dependencies	2026-05-03T17:56:15.3054139Z Collecting librt>=0.8.0 (from mypy>=1.0->lino-objects-codec==0.2.0)
Test (Python 3.13)	Install dependencies	2026-05-03T17:56:15.3131501Z   Downloading librt-0.9.0-cp313-cp313-manylinux2014_x86_64.manylinux_2_17_x86_64.manylinux_2_28_x86_64.whl.metadata (1.3 kB)
Test (Python 3.13)	Install dependencies	2026-05-03T17:56:15.3279028Z Collecting iniconfig>=1.0.1 (from pytest>=7.0->lino-objects-codec==0.2.0)
Test (Python 3.13)	Install dependencies	2026-05-03T17:56:15.3349229Z   Downloading iniconfig-2.3.0-py3-none-any.whl.metadata (2.5 kB)
Test (Python 3.13)	Install dependencies	2026-05-03T17:56:15.3518350Z Collecting packaging>=22 (from pytest>=7.0->lino-objects-codec==0.2.0)
Test (Python 3.13)	Install dependencies	2026-05-03T17:56:15.3529807Z   Using cached packaging-26.2-py3-none-any.whl.metadata (3.5 kB)
Test (Python 3.13)	Install dependencies	2026-05-03T17:56:15.3663657Z Collecting pluggy<2,>=1.5 (from pytest>=7.0->lino-objects-codec==0.2.0)
Test (Python 3.13)	Install dependencies	2026-05-03T17:56:15.3733826Z   Downloading pluggy-1.6.0-py3-none-any.whl.metadata (4.8 kB)
Test (Python 3.13)	Install dependencies	2026-05-03T17:56:15.3947848Z Collecting pygments>=2.7.2 (from pytest>=7.0->lino-objects-codec==0.2.0)
Test (Python 3.13)	Install dependencies	2026-05-03T17:56:15.4018878Z   Downloading pygments-2.20.0-py3-none-any.whl.metadata (2.5 kB)
Test (Python 3.13)	Install dependencies	2026-05-03T17:56:15.7237525Z Collecting coverage>=7.10.6 (from coverage[toml]>=7.10.6->pytest-cov>=4.0->lino-objects-codec==0.2.0)
Test (Python 3.13)	Install dependencies	2026-05-03T17:56:15.7315765Z   Downloading coverage-7.13.5-cp313-cp313-manylinux1_x86_64.manylinux_2_28_x86_64.manylinux_2_5_x86_64.whl.metadata (8.5 kB)
Test (Python 3.13)	Install dependencies	2026-05-03T17:56:15.7519854Z Collecting attrs (from scriv>=1.7.0->scriv[toml]>=1.7.0; extra == "dev"->lino-objects-codec==0.2.0)
Test (Python 3.13)	Install dependencies	2026-05-03T17:56:15.7596342Z   Downloading attrs-26.1.0-py3-none-any.whl.metadata (8.8 kB)
Test (Python 3.13)	Install dependencies	2026-05-03T17:56:15.7804861Z Collecting click (from scriv>=1.7.0->scriv[toml]>=1.7.0; extra == "dev"->lino-objects-codec==0.2.0)
Test (Python 3.13)	Install dependencies	2026-05-03T17:56:15.7875500Z   Downloading click-8.3.3-py3-none-any.whl.metadata (2.6 kB)
Test (Python 3.13)	Install dependencies	2026-05-03T17:56:15.8051076Z Collecting click-log (from scriv>=1.7.0->scriv[toml]>=1.7.0; extra == "dev"->lino-objects-codec==0.2.0)
Test (Python 3.13)	Install dependencies	2026-05-03T17:56:15.8137303Z   Downloading click_log-0.4.0-py2.py3-none-any.whl.metadata (1.2 kB)
Test (Python 3.13)	Install dependencies	2026-05-03T17:56:15.8307824Z Collecting jinja2>=2.7 (from scriv>=1.7.0->scriv[toml]>=1.7.0; extra == "dev"->lino-objects-codec==0.2.0)
Test (Python 3.13)	Install dependencies	2026-05-03T17:56:15.8377069Z   Downloading jinja2-3.1.6-py3-none-any.whl.metadata (2.9 kB)
Test (Python 3.13)	Install dependencies	2026-05-03T17:56:15.8547244Z Collecting markdown-it-py (from scriv>=1.7.0->scriv[toml]>=1.7.0; extra == "dev"->lino-objects-codec==0.2.0)
Test (Python 3.13)	Install dependencies	2026-05-03T17:56:15.8616722Z   Downloading markdown_it_py-4.0.0-py3-none-any.whl.metadata (7.3 kB)
Test (Python 3.13)	Install dependencies	2026-05-03T17:56:15.8892523Z Collecting requests (from scriv>=1.7.0->scriv[toml]>=1.7.0; extra == "dev"->lino-objects-codec==0.2.0)
Test (Python 3.13)	Install dependencies	2026-05-03T17:56:15.8964350Z   Downloading requests-2.33.1-py3-none-any.whl.metadata (4.8 kB)
Test (Python 3.13)	Install dependencies	2026-05-03T17:56:15.9468907Z Collecting MarkupSafe>=2.0 (from jinja2>=2.7->scriv>=1.7.0->scriv[toml]>=1.7.0; extra == "dev"->lino-objects-codec==0.2.0)
Test (Python 3.13)	Install dependencies	2026-05-03T17:56:15.9539385Z   Downloading markupsafe-3.0.3-cp313-cp313-manylinux2014_x86_64.manylinux_2_17_x86_64.manylinux_2_28_x86_64.whl.metadata (2.7 kB)
Test (Python 3.13)	Install dependencies	2026-05-03T17:56:15.9723339Z Collecting mdurl~=0.1 (from markdown-it-py->scriv>=1.7.0->scriv[toml]>=1.7.0; extra == "dev"->lino-objects-codec==0.2.0)
Test (Python 3.13)	Install dependencies	2026-05-03T17:56:15.9793142Z   Downloading mdurl-0.1.2-py3-none-any.whl.metadata (1.6 kB)
Test (Python 3.13)	Install dependencies	2026-05-03T17:56:16.0654263Z Collecting charset_normalizer<4,>=2 (from requests->scriv>=1.7.0->scriv[toml]>=1.7.0; extra == "dev"->lino-objects-codec==0.2.0)
Test (Python 3.13)	Install dependencies	2026-05-03T17:56:16.0730068Z   Downloading charset_normalizer-3.4.7-cp313-cp313-manylinux2014_x86_64.manylinux_2_17_x86_64.manylinux_2_28_x86_64.whl.metadata (40 kB)
Test (Python 3.13)	Install dependencies	2026-05-03T17:56:16.0936617Z Collecting idna<4,>=2.5 (from requests->scriv>=1.7.0->scriv[toml]>=1.7.0; extra == "dev"->lino-objects-codec==0.2.0)
Test (Python 3.13)	Install dependencies	2026-05-03T17:56:16.1005926Z   Downloading idna-3.13-py3-none-any.whl.metadata (8.0 kB)
Test (Python 3.13)	Install dependencies	2026-05-03T17:56:16.1234040Z Collecting urllib3<3,>=1.26 (from requests->scriv>=1.7.0->scriv[toml]>=1.7.0; extra == "dev"->lino-objects-codec==0.2.0)
Test (Python 3.13)	Install dependencies	2026-05-03T17:56:16.1304782Z   Downloading urllib3-2.6.3-py3-none-any.whl.metadata (6.9 kB)
Test (Python 3.13)	Install dependencies	2026-05-03T17:56:16.1502809Z Collecting certifi>=2023.5.7 (from requests->scriv>=1.7.0->scriv[toml]>=1.7.0; extra == "dev"->lino-objects-codec==0.2.0)
Test (Python 3.13)	Install dependencies	2026-05-03T17:56:16.1572581Z   Downloading certifi-2026.4.22-py3-none-any.whl.metadata (2.5 kB)
Test (Python 3.13)	Install dependencies	2026-05-03T17:56:16.1722673Z Downloading links_notation-0.11.2-py3-none-any.whl (8.2 kB)
Test (Python 3.13)	Install dependencies	2026-05-03T17:56:16.1833926Z Downloading mypy-1.20.2-cp313-cp313-manylinux2014_x86_64.manylinux_2_17_x86_64.manylinux_2_28_x86_64.whl (14.7 MB)
Test (Python 3.13)	Install dependencies	2026-05-03T17:56:16.5361919Z    ━━━━━━━━━━━━━━━━━━━━━━━━━━━━━━━━━━━━━━━━ 14.7/14.7 MB 43.9 MB/s  0:00:00
Test (Python 3.13)	Install dependencies	2026-05-03T17:56:16.5434648Z Downloading librt-0.9.0-cp313-cp313-manylinux2014_x86_64.manylinux_2_17_x86_64.manylinux_2_28_x86_64.whl (230 kB)
Test (Python 3.13)	Install dependencies	2026-05-03T17:56:16.5538010Z Downloading mypy_extensions-1.1.0-py3-none-any.whl (5.0 kB)
Test (Python 3.13)	Install dependencies	2026-05-03T17:56:16.5627817Z Downloading pathspec-1.1.1-py3-none-any.whl (57 kB)
Test (Python 3.13)	Install dependencies	2026-05-03T17:56:16.5722369Z Downloading pytest-9.0.3-py3-none-any.whl (375 kB)
Test (Python 3.13)	Install dependencies	2026-05-03T17:56:16.5871607Z Downloading pluggy-1.6.0-py3-none-any.whl (20 kB)
Test (Python 3.13)	Install dependencies	2026-05-03T17:56:16.5966710Z Downloading iniconfig-2.3.0-py3-none-any.whl (7.5 kB)
Test (Python 3.13)	Install dependencies	2026-05-03T17:56:16.5998437Z Using cached packaging-26.2-py3-none-any.whl (100 kB)
Test (Python 3.13)	Install dependencies	2026-05-03T17:56:16.6067370Z Downloading pygments-2.20.0-py3-none-any.whl (1.2 MB)
Test (Python 3.13)	Install dependencies	2026-05-03T17:56:16.6194171Z    ━━━━━━━━━━━━━━━━━━━━━━━━━━━━━━━━━━━━━━━━ 1.2/1.2 MB 96.7 MB/s  0:00:00
Test (Python 3.13)	Install dependencies	2026-05-03T17:56:16.6265814Z Downloading pytest_cov-7.1.0-py3-none-any.whl (22 kB)
Test (Python 3.13)	Install dependencies	2026-05-03T17:56:16.6363520Z Downloading coverage-7.13.5-cp313-cp313-manylinux1_x86_64.manylinux_2_28_x86_64.manylinux_2_5_x86_64.whl (253 kB)
Test (Python 3.13)	Install dependencies	2026-05-03T17:56:16.6491981Z Downloading ruff-0.15.12-py3-none-manylinux_2_17_x86_64.manylinux2014_x86_64.whl (11.3 MB)
Test (Python 3.13)	Install dependencies	2026-05-03T17:56:16.7206464Z    ━━━━━━━━━━━━━━━━━━━━━━━━━━━━━━━━━━━━━━━━ 11.3/11.3 MB 161.6 MB/s  0:00:00
Test (Python 3.13)	Install dependencies	2026-05-03T17:56:16.7326324Z Downloading scriv-1.8.0-py3-none-any.whl (39 kB)
Test (Python 3.13)	Install dependencies	2026-05-03T17:56:16.7417812Z Downloading jinja2-3.1.6-py3-none-any.whl (134 kB)
Test (Python 3.13)	Install dependencies	2026-05-03T17:56:16.7510937Z Downloading markupsafe-3.0.3-cp313-cp313-manylinux2014_x86_64.manylinux_2_17_x86_64.manylinux_2_28_x86_64.whl (22 kB)
Test (Python 3.13)	Install dependencies	2026-05-03T17:56:16.7606083Z Downloading typing_extensions-4.15.0-py3-none-any.whl (44 kB)
Test (Python 3.13)	Install dependencies	2026-05-03T17:56:16.7697710Z Downloading attrs-26.1.0-py3-none-any.whl (67 kB)
Test (Python 3.13)	Install dependencies	2026-05-03T17:56:16.7788224Z Downloading click-8.3.3-py3-none-any.whl (110 kB)
Test (Python 3.13)	Install dependencies	2026-05-03T17:56:16.7893049Z Downloading click_log-0.4.0-py2.py3-none-any.whl (4.3 kB)
Test (Python 3.13)	Install dependencies	2026-05-03T17:56:16.7981904Z Downloading markdown_it_py-4.0.0-py3-none-any.whl (87 kB)
Test (Python 3.13)	Install dependencies	2026-05-03T17:56:16.8079791Z Downloading mdurl-0.1.2-py3-none-any.whl (10.0 kB)
Test (Python 3.13)	Install dependencies	2026-05-03T17:56:16.8176148Z Downloading requests-2.33.1-py3-none-any.whl (64 kB)
Test (Python 3.13)	Install dependencies	2026-05-03T17:56:16.8274670Z Downloading charset_normalizer-3.4.7-cp313-cp313-manylinux2014_x86_64.manylinux_2_17_x86_64.manylinux_2_28_x86_64.whl (215 kB)
Test (Python 3.13)	Install dependencies	2026-05-03T17:56:16.8370205Z Downloading idna-3.13-py3-none-any.whl (68 kB)
Test (Python 3.13)	Install dependencies	2026-05-03T17:56:16.8464148Z Downloading urllib3-2.6.3-py3-none-any.whl (131 kB)
Test (Python 3.13)	Install dependencies	2026-05-03T17:56:16.8555727Z Downloading certifi-2026.4.22-py3-none-any.whl (135 kB)
Test (Python 3.13)	Install dependencies	2026-05-03T17:56:16.9065098Z Building wheels for collected packages: lino-objects-codec
Test (Python 3.13)	Install dependencies	2026-05-03T17:56:16.9073520Z   Building editable for lino-objects-codec (pyproject.toml): started
Test (Python 3.13)	Install dependencies	2026-05-03T17:56:17.1366843Z   Building editable for lino-objects-codec (pyproject.toml): finished with status 'done'
Test (Python 3.13)	Install dependencies	2026-05-03T17:56:17.1372669Z   Created wheel for lino-objects-codec: filename=lino_objects_codec-0.2.0-0.editable-py3-none-any.whl size=4524 sha256=1b5b4ea28cdf64a18e5f33466621ec3a0f53fb155f92d5341bf2d14a24bf5cb4
Test (Python 3.13)	Install dependencies	2026-05-03T17:56:17.1374987Z   Stored in directory: /tmp/pip-ephem-wheel-cache-ar8c5n1z/wheels/93/2b/bb/ea4555c8a45a876054958fa7c004cb6e11962bbfce5149b0f0
Test (Python 3.13)	Install dependencies	2026-05-03T17:56:17.1396125Z Successfully built lino-objects-codec
Test (Python 3.13)	Install dependencies	2026-05-03T17:56:17.1896885Z Installing collected packages: urllib3, typing_extensions, ruff, pygments, pluggy, pathspec, packaging, mypy_extensions, mdurl, MarkupSafe, links-notation, librt, iniconfig, idna, coverage, click, charset_normalizer, certifi, attrs, requests, pytest, mypy, markdown-it-py, lino-objects-codec, jinja2, click-log, scriv, pytest-cov
Test (Python 3.13)	Install dependencies	2026-05-03T17:56:20.6650809Z 
Test (Python 3.13)	Install dependencies	2026-05-03T17:56:20.6685392Z Successfully installed MarkupSafe-3.0.3 attrs-26.1.0 certifi-2026.4.22 charset_normalizer-3.4.7 click-8.3.3 click-log-0.4.0 coverage-7.13.5 idna-3.13 iniconfig-2.3.0 jinja2-3.1.6 librt-0.9.0 links-notation-0.11.2 lino-objects-codec-0.2.0 markdown-it-py-4.0.0 mdurl-0.1.2 mypy-1.20.2 mypy_extensions-1.1.0 packaging-26.2 pathspec-1.1.1 pluggy-1.6.0 pygments-2.20.0 pytest-9.0.3 pytest-cov-7.1.0 requests-2.33.1 ruff-0.15.12 scriv-1.8.0 typing_extensions-4.15.0 urllib3-2.6.3
Test (Python 3.13)	Run tests	﻿2026-05-03T17:56:20.7676226Z ##[group]Run pytest tests/ -v --cov=src --cov-report=xml --cov-report=term
Test (Python 3.13)	Run tests	2026-05-03T17:56:20.7676822Z [36;1mpytest tests/ -v --cov=src --cov-report=xml --cov-report=term[0m
Test (Python 3.13)	Run tests	2026-05-03T17:56:20.7698844Z shell: /usr/bin/bash -e {0}
Test (Python 3.13)	Run tests	2026-05-03T17:56:20.7699329Z env:
Test (Python 3.13)	Run tests	2026-05-03T17:56:20.7699590Z   pythonLocation: /opt/hostedtoolcache/Python/3.13.13/x64
Test (Python 3.13)	Run tests	2026-05-03T17:56:20.7700023Z   PKG_CONFIG_PATH: /opt/hostedtoolcache/Python/3.13.13/x64/lib/pkgconfig
Test (Python 3.13)	Run tests	2026-05-03T17:56:20.7700439Z   Python_ROOT_DIR: /opt/hostedtoolcache/Python/3.13.13/x64
Test (Python 3.13)	Run tests	2026-05-03T17:56:20.7700797Z   Python2_ROOT_DIR: /opt/hostedtoolcache/Python/3.13.13/x64
Test (Python 3.13)	Run tests	2026-05-03T17:56:20.7701169Z   Python3_ROOT_DIR: /opt/hostedtoolcache/Python/3.13.13/x64
Test (Python 3.13)	Run tests	2026-05-03T17:56:20.7701538Z   LD_LIBRARY_PATH: /opt/hostedtoolcache/Python/3.13.13/x64/lib
Test (Python 3.13)	Run tests	2026-05-03T17:56:20.7701835Z ##[endgroup]
Test (Python 3.13)	Run tests	2026-05-03T17:56:21.5640636Z ============================= test session starts ==============================
Test (Python 3.13)	Run tests	2026-05-03T17:56:21.5641721Z platform linux -- Python 3.13.13, pytest-9.0.3, pluggy-1.6.0 -- /opt/hostedtoolcache/Python/3.13.13/x64/bin/python
Test (Python 3.13)	Run tests	2026-05-03T17:56:21.5642754Z cachedir: .pytest_cache
Test (Python 3.13)	Run tests	2026-05-03T17:56:21.5643355Z rootdir: /home/runner/work/lino-objects-codec/lino-objects-codec/python
Test (Python 3.13)	Run tests	2026-05-03T17:56:21.5644055Z configfile: pyproject.toml
Test (Python 3.13)	Run tests	2026-05-03T17:56:21.5644461Z plugins: cov-7.1.0
Test (Python 3.13)	Run tests	2026-05-03T17:56:21.7754044Z collecting ... collected 73 items
Test (Python 3.13)	Run tests	2026-05-03T17:56:21.7754445Z 
Test (Python 3.13)	Run tests	2026-05-03T17:56:21.7778543Z tests/test_basic_types.py::TestNoneType::test_encode_none PASSED         [  1%]
Test (Python 3.13)	Run tests	2026-05-03T17:56:21.7794743Z tests/test_basic_types.py::TestNoneType::test_decode_none PASSED         [  2%]
Test (Python 3.13)	Run tests	2026-05-03T17:56:21.7809516Z tests/test_basic_types.py::TestNoneType::test_roundtrip_none PASSED      [  4%]
Test (Python 3.13)	Run tests	2026-05-03T17:56:21.7823139Z tests/test_basic_types.py::TestBooleans::test_encode_true PASSED         [  5%]
Test (Python 3.13)	Run tests	2026-05-03T17:56:21.7836376Z tests/test_basic_types.py::TestBooleans::test_encode_false PASSED        [  6%]
Test (Python 3.13)	Run tests	2026-05-03T17:56:21.7849793Z tests/test_basic_types.py::TestBooleans::test_decode_true PASSED         [  8%]
Test (Python 3.13)	Run tests	2026-05-03T17:56:21.7864064Z tests/test_basic_types.py::TestBooleans::test_decode_false PASSED        [  9%]
Test (Python 3.13)	Run tests	2026-05-03T17:56:21.7878119Z tests/test_basic_types.py::TestBooleans::test_roundtrip_bool PASSED      [ 10%]
Test (Python 3.13)	Run tests	2026-05-03T17:56:21.7891487Z tests/test_basic_types.py::TestIntegers::test_encode_zero PASSED         [ 12%]
Test (Python 3.13)	Run tests	2026-05-03T17:56:21.7904567Z tests/test_basic_types.py::TestIntegers::test_encode_positive_int PASSED [ 13%]
Test (Python 3.13)	Run tests	2026-05-03T17:56:21.7917423Z tests/test_basic_types.py::TestIntegers::test_encode_negative_int PASSED [ 15%]
Test (Python 3.13)	Run tests	2026-05-03T17:56:21.7932723Z tests/test_basic_types.py::TestIntegers::test_decode_int PASSED          [ 16%]
Test (Python 3.13)	Run tests	2026-05-03T17:56:21.7949073Z tests/test_basic_types.py::TestIntegers::test_roundtrip_int PASSED       [ 17%]
Test (Python 3.13)	Run tests	2026-05-03T17:56:21.7962596Z tests/test_basic_types.py::TestFloats::test_encode_float PASSED          [ 19%]
Test (Python 3.13)	Run tests	2026-05-03T17:56:21.7979220Z tests/test_basic_types.py::TestFloats::test_decode_float PASSED          [ 20%]
Test (Python 3.13)	Run tests	2026-05-03T17:56:21.7996766Z tests/test_basic_types.py::TestFloats::test_roundtrip_float PASSED       [ 21%]
Test (Python 3.13)	Run tests	2026-05-03T17:56:21.8011514Z tests/test_basic_types.py::TestFloats::test_float_special_values PASSED  [ 23%]
Test (Python 3.13)	Run tests	2026-05-03T17:56:21.8025479Z tests/test_basic_types.py::TestStrings::test_encode_empty_string PASSED  [ 24%]
Test (Python 3.13)	Run tests	2026-05-03T17:56:21.8038338Z tests/test_basic_types.py::TestStrings::test_encode_simple_string PASSED [ 26%]
Test (Python 3.13)	Run tests	2026-05-03T17:56:21.8052107Z tests/test_basic_types.py::TestStrings::test_decode_string PASSED        [ 27%]
Test (Python 3.13)	Run tests	2026-05-03T17:56:21.8072105Z tests/test_basic_types.py::TestStrings::test_roundtrip_string PASSED     [ 28%]
Test (Python 3.13)	Run tests	2026-05-03T17:56:21.8088294Z tests/test_basic_types.py::TestStrings::test_string_with_quotes PASSED   [ 30%]
Test (Python 3.13)	Run tests	2026-05-03T17:56:21.8102483Z tests/test_circular_references.py::TestCircularReferences::test_self_referencing_list PASSED [ 31%]
Test (Python 3.13)	Run tests	2026-05-03T17:56:21.8117413Z tests/test_circular_references.py::TestCircularReferences::test_self_referencing_dict PASSED [ 32%]
Test (Python 3.13)	Run tests	2026-05-03T17:56:21.8134040Z tests/test_circular_references.py::TestCircularReferences::test_mutual_reference_lists PASSED [ 34%]
Test (Python 3.13)	Run tests	2026-05-03T17:56:21.8152055Z tests/test_circular_references.py::TestCircularReferences::test_mutual_reference_dicts PASSED [ 35%]
Test (Python 3.13)	Run tests	2026-05-03T17:56:21.8173244Z tests/test_circular_references.py::TestCircularReferences::test_complex_circular_structure PASSED [ 36%]
Test (Python 3.13)	Run tests	2026-05-03T17:56:21.8189445Z tests/test_circular_references.py::TestCircularReferences::test_list_with_multiple_references_to_same_object PASSED [ 38%]
Test (Python 3.13)	Run tests	2026-05-03T17:56:21.8206766Z tests/test_circular_references.py::TestCircularReferences::test_dict_with_multiple_references_to_same_object PASSED [ 39%]
Test (Python 3.13)	Run tests	2026-05-03T17:56:21.8231052Z tests/test_circular_references.py::TestCircularReferences::test_deeply_nested_circular_reference PASSED [ 41%]
Test (Python 3.13)	Run tests	2026-05-03T17:56:21.8245096Z tests/test_circular_references.py::TestCircularReferences::test_encoded_format_uses_builtin_references_not_ref_marker PASSED [ 42%]
Test (Python 3.13)	Run tests	2026-05-03T17:56:21.8264731Z tests/test_circular_references.py::TestCircularReferences::test_decoder_rejects_legacy_ref_marker PASSED [ 43%]
Test (Python 3.13)	Run tests	2026-05-03T17:56:21.8278035Z tests/test_collections.py::TestLists::test_encode_empty_list PASSED      [ 45%]
Test (Python 3.13)	Run tests	2026-05-03T17:56:21.8291945Z tests/test_collections.py::TestLists::test_encode_simple_list PASSED     [ 46%]
Test (Python 3.13)	Run tests	2026-05-03T17:56:21.8305140Z tests/test_collections.py::TestLists::test_decode_empty_list PASSED      [ 47%]
Test (Python 3.13)	Run tests	2026-05-03T17:56:21.8319692Z tests/test_collections.py::TestLists::test_decode_simple_list PASSED     [ 49%]
Test (Python 3.13)	Run tests	2026-05-03T17:56:21.8341905Z tests/test_collections.py::TestLists::test_roundtrip_list PASSED         [ 50%]
Test (Python 3.13)	Run tests	2026-05-03T17:56:21.8367550Z tests/test_collections.py::TestLists::test_nested_lists PASSED           [ 52%]
Test (Python 3.13)	Run tests	2026-05-03T17:56:21.8380958Z tests/test_collections.py::TestDicts::test_encode_empty_dict PASSED      [ 53%]
Test (Python 3.13)	Run tests	2026-05-03T17:56:21.8394968Z tests/test_collections.py::TestDicts::test_encode_simple_dict PASSED     [ 54%]
Test (Python 3.13)	Run tests	2026-05-03T17:56:21.8408166Z tests/test_collections.py::TestDicts::test_decode_empty_dict PASSED      [ 56%]
Test (Python 3.13)	Run tests	2026-05-03T17:56:21.8423846Z tests/test_collections.py::TestDicts::test_decode_simple_dict PASSED     [ 57%]
Test (Python 3.13)	Run tests	2026-05-03T17:56:21.8452200Z tests/test_collections.py::TestDicts::test_roundtrip_dict PASSED         [ 58%]
Test (Python 3.13)	Run tests	2026-05-03T17:56:21.8479566Z tests/test_collections.py::TestDicts::test_nested_dicts PASSED           [ 60%]
Test (Python 3.13)	Run tests	2026-05-03T17:56:21.8499409Z tests/test_collections.py::TestDicts::test_dict_with_various_key_types PASSED [ 61%]
Test (Python 3.13)	Run tests	2026-05-03T17:56:21.8518071Z tests/test_collections.py::TestComplexStructures::test_list_of_dicts PASSED [ 63%]
Test (Python 3.13)	Run tests	2026-05-03T17:56:21.8538645Z tests/test_collections.py::TestComplexStructures::test_dict_of_lists PASSED [ 64%]
Test (Python 3.13)	Run tests	2026-05-03T17:56:21.8580901Z tests/test_collections.py::TestComplexStructures::test_deeply_nested_structure PASSED [ 65%]
Test (Python 3.13)	Run tests	2026-05-03T17:56:21.8613154Z tests/test_collections.py::TestComplexStructures::test_json_like_object PASSED [ 67%]
Test (Python 3.13)	Run tests	2026-05-03T17:56:21.8627285Z tests/test_format.py::TestEscapeReference::test_simple_string PASSED     [ 68%]
Test (Python 3.13)	Run tests	2026-05-03T17:56:21.8639857Z tests/test_format.py::TestEscapeReference::test_numbers PASSED           [ 69%]
Test (Python 3.13)	Run tests	2026-05-03T17:56:21.8652537Z tests/test_format.py::TestEscapeReference::test_booleans PASSED          [ 71%]
Test (Python 3.13)	Run tests	2026-05-03T17:56:21.8665318Z tests/test_format.py::TestEscapeReference::test_string_with_spaces PASSED [ 72%]
Test (Python 3.13)	Run tests	2026-05-03T17:56:21.8677867Z tests/test_format.py::TestEscapeReference::test_string_with_single_quotes PASSED [ 73%]
Test (Python 3.13)	Run tests	2026-05-03T17:56:21.8690755Z tests/test_format.py::TestEscapeReference::test_string_with_double_quotes PASSED [ 75%]
Test (Python 3.13)	Run tests	2026-05-03T17:56:21.8703630Z tests/test_format.py::TestEscapeReference::test_string_with_both_quotes PASSED [ 76%]
Test (Python 3.13)	Run tests	2026-05-03T17:56:21.8716169Z tests/test_format.py::TestUnescapeReference::test_simple_string PASSED   [ 78%]
Test (Python 3.13)	Run tests	2026-05-03T17:56:21.8728613Z tests/test_format.py::TestUnescapeReference::test_doubled_double_quotes PASSED [ 79%]
Test (Python 3.13)	Run tests	2026-05-03T17:56:21.8741328Z tests/test_format.py::TestUnescapeReference::test_doubled_single_quotes PASSED [ 80%]
Test (Python 3.13)	Run tests	2026-05-03T17:56:21.8754412Z tests/test_format.py::TestUnescapeReference::test_none PASSED            [ 82%]
Test (Python 3.13)	Run tests	2026-05-03T17:56:21.8767296Z tests/test_format.py::TestFormatIndented::test_basic_object PASSED       [ 83%]
Test (Python 3.13)	Run tests	2026-05-03T17:56:21.8780462Z tests/test_format.py::TestFormatIndented::test_custom_indentation PASSED [ 84%]
Test (Python 3.13)	Run tests	2026-05-03T17:56:21.8793017Z tests/test_format.py::TestFormatIndented::test_value_with_double_quotes PASSED [ 86%]
Test (Python 3.13)	Run tests	2026-05-03T17:56:21.8805546Z tests/test_format.py::TestFormatIndented::test_key_with_space PASSED     [ 87%]
Test (Python 3.13)	Run tests	2026-05-03T17:56:21.8818091Z tests/test_format.py::TestFormatIndented::test_null_value PASSED         [ 89%]
Test (Python 3.13)	Run tests	2026-05-03T17:56:21.8832251Z tests/test_format.py::TestFormatIndented::test_requires_id PASSED        [ 90%]
Test (Python 3.13)	Run tests	2026-05-03T17:56:21.8846191Z tests/test_format.py::TestFormatIndented::test_requires_dict PASSED      [ 91%]
Test (Python 3.13)	Run tests	2026-05-03T17:56:21.8860469Z tests/test_format.py::TestParseIndented::test_basic_object PASSED        [ 93%]
Test (Python 3.13)	Run tests	2026-05-03T17:56:21.8873444Z tests/test_format.py::TestParseIndented::test_value_with_quotes PASSED   [ 94%]
Test (Python 3.13)	Run tests	2026-05-03T17:56:21.8886666Z tests/test_format.py::TestParseIndented::test_empty_lines_are_skipped PASSED [ 95%]
Test (Python 3.13)	Run tests	2026-05-03T17:56:21.8901931Z tests/test_format.py::TestParseIndented::test_requires_text PASSED       [ 97%]
Test (Python 3.13)	Run tests	2026-05-03T17:56:21.8916062Z tests/test_format.py::TestRoundtrip::test_basic_roundtrip PASSED         [ 98%]
Test (Python 3.13)	Run tests	2026-05-03T17:56:21.9986240Z tests/test_format.py::TestRoundtrip::test_roundtrip_with_quotes PASSED   [100%]
Test (Python 3.13)	Run tests	2026-05-03T17:56:21.9986841Z 
Test (Python 3.13)	Run tests	2026-05-03T17:56:21.9987056Z ================================ tests coverage ================================
Test (Python 3.13)	Run tests	2026-05-03T17:56:21.9987723Z _______________ coverage: platform linux, python 3.13.13-final-0 _______________
Test (Python 3.13)	Run tests	2026-05-03T17:56:21.9988170Z 
Test (Python 3.13)	Run tests	2026-05-03T17:56:21.9988378Z Name                                          Stmts   Miss  Cover   Missing
Test (Python 3.13)	Run tests	2026-05-03T17:56:21.9988940Z ---------------------------------------------------------------------------
Test (Python 3.13)	Run tests	2026-05-03T17:56:21.9990209Z src/link_notation_objects_codec/__init__.py       4      0   100%
Test (Python 3.13)	Run tests	2026-05-03T17:56:21.9991148Z src/link_notation_objects_codec/codec.py        230     18    92%   158, 181, 221-222, 307, 329, 340-346, 354, 360, 372, 379, 394, 405-407
Test (Python 3.13)	Run tests	2026-05-03T17:56:21.9992393Z src/link_notation_objects_codec/format.py        80      9    89%   56, 111, 115-116, 204, 211, 219, 225, 244
Test (Python 3.13)	Run tests	2026-05-03T17:56:21.9993295Z ---------------------------------------------------------------------------
Test (Python 3.13)	Run tests	2026-05-03T17:56:21.9993920Z TOTAL                                           314     27    91%
Test (Python 3.13)	Run tests	2026-05-03T17:56:21.9994458Z Coverage XML written to file coverage.xml
Test (Python 3.13)	Run tests	2026-05-03T17:56:21.9995001Z ============================== 73 passed in 0.42s ==============================
Test (Python 3.13)	Upload coverage to Codecov	﻿2026-05-03T17:56:22.0451105Z ##[group]Run codecov/codecov-action@v4
Test (Python 3.13)	Upload coverage to Codecov	2026-05-03T17:56:22.0451459Z with:
Test (Python 3.13)	Upload coverage to Codecov	2026-05-03T17:56:22.0451676Z   file: ./python/coverage.xml
Test (Python 3.13)	Upload coverage to Codecov	2026-05-03T17:56:22.0451918Z   fail_ci_if_error: false
Test (Python 3.13)	Upload coverage to Codecov	2026-05-03T17:56:22.0452138Z env:
Test (Python 3.13)	Upload coverage to Codecov	2026-05-03T17:56:22.0452386Z   pythonLocation: /opt/hostedtoolcache/Python/3.13.13/x64
Test (Python 3.13)	Upload coverage to Codecov	2026-05-03T17:56:22.0452809Z   PKG_CONFIG_PATH: /opt/hostedtoolcache/Python/3.13.13/x64/lib/pkgconfig
Test (Python 3.13)	Upload coverage to Codecov	2026-05-03T17:56:22.0453226Z   Python_ROOT_DIR: /opt/hostedtoolcache/Python/3.13.13/x64
Test (Python 3.13)	Upload coverage to Codecov	2026-05-03T17:56:22.0453606Z   Python2_ROOT_DIR: /opt/hostedtoolcache/Python/3.13.13/x64
Test (Python 3.13)	Upload coverage to Codecov	2026-05-03T17:56:22.0453983Z   Python3_ROOT_DIR: /opt/hostedtoolcache/Python/3.13.13/x64
Test (Python 3.13)	Upload coverage to Codecov	2026-05-03T17:56:22.0454353Z   LD_LIBRARY_PATH: /opt/hostedtoolcache/Python/3.13.13/x64/lib
Test (Python 3.13)	Upload coverage to Codecov	2026-05-03T17:56:22.0454668Z ##[endgroup]
Test (Python 3.13)	Upload coverage to Codecov	2026-05-03T17:56:22.1306473Z eventName: push
Test (Python 3.13)	Upload coverage to Codecov	2026-05-03T17:56:22.1315654Z ==> linux OS detected
Test (Python 3.13)	Upload coverage to Codecov	2026-05-03T17:56:22.3655139Z https://cli.codecov.io/latest/linux/codecov.SHA256SUM
Test (Python 3.13)	Upload coverage to Codecov	2026-05-03T17:56:22.4801411Z gpg: directory '/home/runner/.gnupg' created
Test (Python 3.13)	Upload coverage to Codecov	2026-05-03T17:56:22.4802821Z gpg: keybox '/home/runner/.gnupg/pubring.kbx' created
Test (Python 3.13)	Upload coverage to Codecov	2026-05-03T17:56:22.4816206Z gpg: /home/runner/.gnupg/trustdb.gpg: trustdb created
Test (Python 3.13)	Upload coverage to Codecov	2026-05-03T17:56:22.4817254Z gpg: key 806BB28AED779869: public key "Codecov Uploader (Codecov Uploader Verification Key) <security@codecov.io>" imported
Test (Python 3.13)	Upload coverage to Codecov	2026-05-03T17:56:22.5030449Z gpg: Total number processed: 1
Test (Python 3.13)	Upload coverage to Codecov	2026-05-03T17:56:22.5030807Z gpg:               imported: 1
Test (Python 3.13)	Upload coverage to Codecov	2026-05-03T17:56:22.5084118Z gpg: Signature made Tue Apr 21 19:28:03 2026 UTC
Test (Python 3.13)	Upload coverage to Codecov	2026-05-03T17:56:22.5084912Z gpg:                using RSA key 27034E7FDB850E0BBC2C62FF806BB28AED779869
Test (Python 3.13)	Upload coverage to Codecov	2026-05-03T17:56:22.5087867Z gpg: Good signature from "Codecov Uploader (Codecov Uploader Verification Key) <security@codecov.io>" [unknown]
Test (Python 3.13)	Upload coverage to Codecov	2026-05-03T17:56:22.5089222Z gpg: WARNING: This key is not certified with a trusted signature!
Test (Python 3.13)	Upload coverage to Codecov	2026-05-03T17:56:22.5090012Z gpg:          There is no indication that the signature belongs to the owner.
Test (Python 3.13)	Upload coverage to Codecov	2026-05-03T17:56:22.5090845Z Primary key fingerprint: 2703 4E7F DB85 0E0B BC2C  62FF 806B B28A ED77 9869
Test (Python 3.13)	Upload coverage to Codecov	2026-05-03T17:56:22.5336689Z ==> Uploader SHASUM verified (8930c4bb30254a42f3d8c340706b1be340885e20c0df5160a24efa2e030e662b  codecov)
Test (Python 3.13)	Upload coverage to Codecov	2026-05-03T17:56:22.5338329Z ==> Running version latest
Test (Python 3.13)	Upload coverage to Codecov	2026-05-03T17:56:22.6089247Z Could not pull latest version information: SyntaxError: Unexpected token '<', "<!DOCTYPE "... is not valid JSON
Test (Python 3.13)	Upload coverage to Codecov	2026-05-03T17:56:22.6091183Z ==> Running git config --global --add safe.directory /home/runner/work/lino-objects-codec/lino-objects-codec
Test (Python 3.13)	Upload coverage to Codecov	2026-05-03T17:56:22.6186362Z [command]/usr/bin/git config --global --add safe.directory /home/runner/work/lino-objects-codec/lino-objects-codec
Test (Python 3.13)	Upload coverage to Codecov	2026-05-03T17:56:22.6238654Z ==> Running command '/home/runner/work/_actions/codecov/codecov-action/v4/dist/codecov create-commit'
Test (Python 3.13)	Upload coverage to Codecov	2026-05-03T17:56:22.6241331Z [command]/home/runner/work/_actions/codecov/codecov-action/v4/dist/codecov create-commit --git-service github
Test (Python 3.13)	Upload coverage to Codecov	2026-05-03T17:56:22.9799220Z info - 2026-05-03 17:56:22,979 -- ci service found: github-actions
Test (Python 3.13)	Upload coverage to Codecov	2026-05-03T17:56:22.9914601Z warning - 2026-05-03 17:56:22,990 -- No config file could be found. Ignoring config.
Test (Python 3.13)	Upload coverage to Codecov	2026-05-03T17:56:23.0244065Z warning - 2026-05-03 17:56:23,024 -- Branch `main` is protected but no token was provided
Test (Python 3.13)	Upload coverage to Codecov	2026-05-03T17:56:23.0245866Z warning - 2026-05-03 17:56:23,024 -- For information on Codecov upload tokens, see https://docs.codecov.com/docs/codecov-tokens
Test (Python 3.13)	Upload coverage to Codecov	2026-05-03T17:56:23.1998372Z info - 2026-05-03 17:56:23,199 -- Commit creating complete
Test (Python 3.13)	Upload coverage to Codecov	2026-05-03T17:56:23.2000108Z error - 2026-05-03 17:56:23,199 -- Commit creating failed: {"message":"Token required - not valid tokenless upload"}
Test (Python 3.13)	Upload coverage to Codecov	2026-05-03T17:56:23.2862171Z ==> Running command '/home/runner/work/_actions/codecov/codecov-action/v4/dist/codecov create-report'
Test (Python 3.13)	Upload coverage to Codecov	2026-05-03T17:56:23.2864229Z [command]/home/runner/work/_actions/codecov/codecov-action/v4/dist/codecov create-report --git-service github
Test (Python 3.13)	Upload coverage to Codecov	2026-05-03T17:56:23.6330079Z info - 2026-05-03 17:56:23,632 -- ci service found: github-actions
Test (Python 3.13)	Upload coverage to Codecov	2026-05-03T17:56:23.6415890Z warning - 2026-05-03 17:56:23,641 -- No config file could be found. Ignoring config.
Test (Python 3.13)	Upload coverage to Codecov	2026-05-03T17:56:23.8461888Z info - 2026-05-03 17:56:23,845 -- Report creating complete
Test (Python 3.13)	Upload coverage to Codecov	2026-05-03T17:56:23.8467179Z error - 2026-05-03 17:56:23,846 -- Report creating failed: {"message":"Token required - not valid tokenless upload"}
Test (Python 3.13)	Upload coverage to Codecov	2026-05-03T17:56:23.9301569Z ==> Running command '/home/runner/work/_actions/codecov/codecov-action/v4/dist/codecov do-upload'
Test (Python 3.13)	Upload coverage to Codecov	2026-05-03T17:56:23.9303071Z [command]/home/runner/work/_actions/codecov/codecov-action/v4/dist/codecov do-upload -f ./python/coverage.xml --git-service github
Test (Python 3.13)	Upload coverage to Codecov	2026-05-03T17:56:24.2772999Z info - 2026-05-03 17:56:24,276 -- ci service found: github-actions
Test (Python 3.13)	Upload coverage to Codecov	2026-05-03T17:56:24.2860235Z warning - 2026-05-03 17:56:24,285 -- No config file could be found. Ignoring config.
Test (Python 3.13)	Upload coverage to Codecov	2026-05-03T17:56:24.3174092Z warning - 2026-05-03 17:56:24,317 -- xcrun is not installed or can't be found.
Test (Python 3.13)	Upload coverage to Codecov	2026-05-03T17:56:24.3221113Z warning - 2026-05-03 17:56:24,321 -- No gcov data found.
Test (Python 3.13)	Upload coverage to Codecov	2026-05-03T17:56:24.3232078Z info - 2026-05-03 17:56:24,322 -- Generating coverage.xml report in /home/runner/work/lino-objects-codec/lino-objects-codec/python
Test (Python 3.13)	Upload coverage to Codecov	2026-05-03T17:56:24.4485825Z info - 2026-05-03 17:56:24,448 -- Wrote XML report to coverage.xml
Test (Python 3.13)	Upload coverage to Codecov	2026-05-03T17:56:24.4727535Z info - 2026-05-03 17:56:24,472 -- Found 1 coverage files to report
Test (Python 3.13)	Upload coverage to Codecov	2026-05-03T17:56:24.4729416Z info - 2026-05-03 17:56:24,472 -- > /home/runner/work/lino-objects-codec/lino-objects-codec/python/coverage.xml
Test (Python 3.13)	Upload coverage to Codecov	2026-05-03T17:56:24.6514126Z info - 2026-05-03 17:56:24,650 -- Upload queued for processing complete
Test (Python 3.13)	Upload coverage to Codecov	2026-05-03T17:56:24.6515262Z error - 2026-05-03 17:56:24,651 -- Upload queued for processing failed: {"message":"Token required - not valid tokenless upload"}
Test (Python 3.13)	Post Setup Python	﻿2026-05-03T17:56:24.7594206Z Post job cleanup.
Test (Python 3.13)	Post Run actions/checkout@v4	﻿2026-05-03T17:56:24.9248408Z Post job cleanup.
Test (Python 3.13)	Post Run actions/checkout@v4	2026-05-03T17:56:25.0230523Z [command]/usr/bin/git version
Test (Python 3.13)	Post Run actions/checkout@v4	2026-05-03T17:56:25.0274957Z git version 2.53.0
Test (Python 3.13)	Post Run actions/checkout@v4	2026-05-03T17:56:25.0315168Z Copying '/home/runner/.gitconfig' to '/home/runner/work/_temp/424e51ca-1eb0-4956-bedb-2332cb31c540/.gitconfig'
Test (Python 3.13)	Post Run actions/checkout@v4	2026-05-03T17:56:25.0326879Z Temporarily overriding HOME='/home/runner/work/_temp/424e51ca-1eb0-4956-bedb-2332cb31c540' before making global git config changes
Test (Python 3.13)	Post Run actions/checkout@v4	2026-05-03T17:56:25.0328268Z Adding repository directory to the temporary git global config as a safe directory
Test (Python 3.13)	Post Run actions/checkout@v4	2026-05-03T17:56:25.0333970Z [command]/usr/bin/git config --global --add safe.directory /home/runner/work/lino-objects-codec/lino-objects-codec
Test (Python 3.13)	Post Run actions/checkout@v4	2026-05-03T17:56:25.0371057Z [command]/usr/bin/git config --local --name-only --get-regexp core\.sshCommand
Test (Python 3.13)	Post Run actions/checkout@v4	2026-05-03T17:56:25.0404651Z [command]/usr/bin/git submodule foreach --recursive sh -c "git config --local --name-only --get-regexp 'core\.sshCommand' && git config --local --unset-all 'core.sshCommand' || :"
Test (Python 3.13)	Post Run actions/checkout@v4	2026-05-03T17:56:25.0635425Z [command]/usr/bin/git config --local --name-only --get-regexp http\.https\:\/\/github\.com\/\.extraheader
Test (Python 3.13)	Post Run actions/checkout@v4	2026-05-03T17:56:25.0656302Z http.https://github.com/.extraheader
Test (Python 3.13)	Post Run actions/checkout@v4	2026-05-03T17:56:25.0670375Z [command]/usr/bin/git config --local --unset-all http.https://github.com/.extraheader
Test (Python 3.13)	Post Run actions/checkout@v4	2026-05-03T17:56:25.0700394Z [command]/usr/bin/git submodule foreach --recursive sh -c "git config --local --name-only --get-regexp 'http\.https\:\/\/github\.com\/\.extraheader' && git config --local --unset-all 'http.https://github.com/.extraheader' || :"
Test (Python 3.13)	Post Run actions/checkout@v4	2026-05-03T17:56:25.0918919Z [command]/usr/bin/git config --local --name-only --get-regexp ^includeIf\.gitdir:
Test (Python 3.13)	Post Run actions/checkout@v4	2026-05-03T17:56:25.0948200Z [command]/usr/bin/git submodule foreach --recursive git config --local --show-origin --name-only --get-regexp remote.origin.url
Test (Python 3.13)	Complete job	﻿2026-05-03T17:56:25.1274661Z Cleaning up orphan processes
Test (Python 3.13)	Complete job	2026-05-03T17:56:25.1653902Z ##[warning]Node.js 20 actions are deprecated. The following actions are running on Node.js 20 and may not work as expected: actions/checkout@v4, actions/setup-python@v5, codecov/codecov-action@v4. Actions will be forced to run with Node.js 24 by default starting June 2nd, 2026. Node.js 20 will be removed from the runner on September 16th, 2026. Please check if updated versions of these actions are available that support Node.js 24. To opt into Node.js 24 now, set the FORCE_JAVASCRIPT_ACTIONS_TO_NODE24=true environment variable on the runner or in your workflow file. Once Node.js 24 becomes the default, you can temporarily opt out by setting ACTIONS_ALLOW_USE_UNSECURE_NODE_VERSION=true. For more information see: https://github.blog/changelog/2025-09-19-deprecation-of-node-20-on-github-actions-runners/
Lint and Format Check	Set up job	﻿2026-05-03T17:55:59.1623003Z Current runner version: '2.334.0'
Lint and Format Check	Set up job	2026-05-03T17:55:59.1647223Z ##[group]Runner Image Provisioner
Lint and Format Check	Set up job	2026-05-03T17:55:59.1647954Z Hosted Compute Agent
Lint and Format Check	Set up job	2026-05-03T17:55:59.1648504Z Version: 20260213.493
Lint and Format Check	Set up job	2026-05-03T17:55:59.1649059Z Commit: 5c115507f6dd24b8de37d8bbe0bb4509d0cc0fa3
Lint and Format Check	Set up job	2026-05-03T17:55:59.1649690Z Build Date: 2026-02-13T00:28:41Z
Lint and Format Check	Set up job	2026-05-03T17:55:59.1650593Z Worker ID: {c9bd93ff-9b1a-474c-b4fb-1ba10437c376}
Lint and Format Check	Set up job	2026-05-03T17:55:59.1651196Z Azure Region: westus3
Lint and Format Check	Set up job	2026-05-03T17:55:59.1651696Z ##[endgroup]
Lint and Format Check	Set up job	2026-05-03T17:55:59.1652992Z ##[group]Operating System
Lint and Format Check	Set up job	2026-05-03T17:55:59.1653557Z Ubuntu
Lint and Format Check	Set up job	2026-05-03T17:55:59.1653978Z 24.04.4
Lint and Format Check	Set up job	2026-05-03T17:55:59.1654406Z LTS
Lint and Format Check	Set up job	2026-05-03T17:55:59.1654826Z ##[endgroup]
Lint and Format Check	Set up job	2026-05-03T17:55:59.1655478Z ##[group]Runner Image
Lint and Format Check	Set up job	2026-05-03T17:55:59.1656063Z Image: ubuntu-24.04
Lint and Format Check	Set up job	2026-05-03T17:55:59.1656513Z Version: 20260413.86.1
Lint and Format Check	Set up job	2026-05-03T17:55:59.1657434Z Included Software: https://github.com/actions/runner-images/blob/ubuntu24/20260413.86/images/ubuntu/Ubuntu2404-Readme.md
Lint and Format Check	Set up job	2026-05-03T17:55:59.1658913Z Image Release: https://github.com/actions/runner-images/releases/tag/ubuntu24%2F20260413.86
Lint and Format Check	Set up job	2026-05-03T17:55:59.1659712Z ##[endgroup]
Lint and Format Check	Set up job	2026-05-03T17:55:59.1662160Z ##[group]GITHUB_TOKEN Permissions
Lint and Format Check	Set up job	2026-05-03T17:55:59.1664433Z Actions: write
Lint and Format Check	Set up job	2026-05-03T17:55:59.1664915Z ArtifactMetadata: write
Lint and Format Check	Set up job	2026-05-03T17:55:59.1665694Z Attestations: write
Lint and Format Check	Set up job	2026-05-03T17:55:59.1666124Z Checks: write
Lint and Format Check	Set up job	2026-05-03T17:55:59.1666570Z Contents: write
Lint and Format Check	Set up job	2026-05-03T17:55:59.1667044Z Deployments: write
Lint and Format Check	Set up job	2026-05-03T17:55:59.1667547Z Discussions: write
Lint and Format Check	Set up job	2026-05-03T17:55:59.1667991Z Issues: write
Lint and Format Check	Set up job	2026-05-03T17:55:59.1668452Z Metadata: read
Lint and Format Check	Set up job	2026-05-03T17:55:59.1668900Z Models: read
Lint and Format Check	Set up job	2026-05-03T17:55:59.1669312Z Packages: write
Lint and Format Check	Set up job	2026-05-03T17:55:59.1669798Z Pages: write
Lint and Format Check	Set up job	2026-05-03T17:55:59.1670327Z PullRequests: write
Lint and Format Check	Set up job	2026-05-03T17:55:59.1670814Z RepositoryProjects: write
Lint and Format Check	Set up job	2026-05-03T17:55:59.1671313Z SecurityEvents: write
Lint and Format Check	Set up job	2026-05-03T17:55:59.1671807Z Statuses: write
Lint and Format Check	Set up job	2026-05-03T17:55:59.1672276Z VulnerabilityAlerts: read
Lint and Format Check	Set up job	2026-05-03T17:55:59.1672795Z ##[endgroup]
Lint and Format Check	Set up job	2026-05-03T17:55:59.1674842Z Secret source: Actions
Lint and Format Check	Set up job	2026-05-03T17:55:59.1675818Z Prepare workflow directory
Lint and Format Check	Set up job	2026-05-03T17:55:59.1989192Z Prepare all required actions
Lint and Format Check	Set up job	2026-05-03T17:55:59.2026726Z Getting action download info
Lint and Format Check	Set up job	2026-05-03T17:55:59.6868456Z Download action repository 'actions/checkout@v4' (SHA:34e114876b0b11c390a56381ad16ebd13914f8d5)
Lint and Format Check	Set up job	2026-05-03T17:55:59.8158308Z Download action repository 'actions/setup-python@v5' (SHA:a26af69be951a213d495a4c3e4e4022e16d87065)
Lint and Format Check	Set up job	2026-05-03T17:55:59.9628604Z Complete job name: Lint and Format Check
Lint and Format Check	Run actions/checkout@v4	﻿2026-05-03T17:56:00.0264817Z ##[group]Run actions/checkout@v4
Lint and Format Check	Run actions/checkout@v4	2026-05-03T17:56:00.0265816Z with:
Lint and Format Check	Run actions/checkout@v4	2026-05-03T17:56:00.0266348Z   repository: link-foundation/lino-objects-codec
Lint and Format Check	Run actions/checkout@v4	2026-05-03T17:56:00.0267173Z   token: ***
Lint and Format Check	Run actions/checkout@v4	2026-05-03T17:56:00.0267628Z   ssh-strict: true
Lint and Format Check	Run actions/checkout@v4	2026-05-03T17:56:00.0268042Z   ssh-user: git
Lint and Format Check	Run actions/checkout@v4	2026-05-03T17:56:00.0268505Z   persist-credentials: true
Lint and Format Check	Run actions/checkout@v4	2026-05-03T17:56:00.0268955Z   clean: true
Lint and Format Check	Run actions/checkout@v4	2026-05-03T17:56:00.0269405Z   sparse-checkout-cone-mode: true
Lint and Format Check	Run actions/checkout@v4	2026-05-03T17:56:00.0269919Z   fetch-depth: 1
Lint and Format Check	Run actions/checkout@v4	2026-05-03T17:56:00.0270368Z   fetch-tags: false
Lint and Format Check	Run actions/checkout@v4	2026-05-03T17:56:00.0270808Z   show-progress: true
Lint and Format Check	Run actions/checkout@v4	2026-05-03T17:56:00.0271228Z   lfs: false
Lint and Format Check	Run actions/checkout@v4	2026-05-03T17:56:00.0271639Z   submodules: false
Lint and Format Check	Run actions/checkout@v4	2026-05-03T17:56:00.0272038Z   set-safe-directory: true
Lint and Format Check	Run actions/checkout@v4	2026-05-03T17:56:00.0272754Z ##[endgroup]
Lint and Format Check	Run actions/checkout@v4	2026-05-03T17:56:00.1403011Z Syncing repository: link-foundation/lino-objects-codec
Lint and Format Check	Run actions/checkout@v4	2026-05-03T17:56:00.1406007Z ##[group]Getting Git version info
Lint and Format Check	Run actions/checkout@v4	2026-05-03T17:56:00.1407693Z Working directory is '/home/runner/work/lino-objects-codec/lino-objects-codec'
Lint and Format Check	Run actions/checkout@v4	2026-05-03T17:56:00.1526303Z [command]/usr/bin/git version
Lint and Format Check	Run actions/checkout@v4	2026-05-03T17:56:00.1527030Z git version 2.53.0
Lint and Format Check	Run actions/checkout@v4	2026-05-03T17:56:00.1529252Z ##[endgroup]
Lint and Format Check	Run actions/checkout@v4	2026-05-03T17:56:00.1535735Z Temporarily overriding HOME='/home/runner/work/_temp/e8fefa39-edea-4479-8943-9c2ee8b6c5aa' before making global git config changes
Lint and Format Check	Run actions/checkout@v4	2026-05-03T17:56:00.1537470Z Adding repository directory to the temporary git global config as a safe directory
Lint and Format Check	Run actions/checkout@v4	2026-05-03T17:56:00.1539390Z [command]/usr/bin/git config --global --add safe.directory /home/runner/work/lino-objects-codec/lino-objects-codec
Lint and Format Check	Run actions/checkout@v4	2026-05-03T17:56:00.1541817Z Deleting the contents of '/home/runner/work/lino-objects-codec/lino-objects-codec'
Lint and Format Check	Run actions/checkout@v4	2026-05-03T17:56:00.1543277Z ##[group]Initializing the repository
Lint and Format Check	Run actions/checkout@v4	2026-05-03T17:56:00.1544389Z [command]/usr/bin/git init /home/runner/work/lino-objects-codec/lino-objects-codec
Lint and Format Check	Run actions/checkout@v4	2026-05-03T17:56:00.1604306Z hint: Using 'master' as the name for the initial branch. This default branch name
Lint and Format Check	Run actions/checkout@v4	2026-05-03T17:56:00.1605921Z hint: will change to "main" in Git 3.0. To configure the initial branch name
Lint and Format Check	Run actions/checkout@v4	2026-05-03T17:56:00.1607302Z hint: to use in all of your new repositories, which will suppress this warning,
Lint and Format Check	Run actions/checkout@v4	2026-05-03T17:56:00.1608428Z hint: call:
Lint and Format Check	Run actions/checkout@v4	2026-05-03T17:56:00.1608929Z hint:
Lint and Format Check	Run actions/checkout@v4	2026-05-03T17:56:00.1609610Z hint: 	git config --global init.defaultBranch <name>
Lint and Format Check	Run actions/checkout@v4	2026-05-03T17:56:00.1610437Z hint:
Lint and Format Check	Run actions/checkout@v4	2026-05-03T17:56:00.1611235Z hint: Names commonly chosen instead of 'master' are 'main', 'trunk' and
Lint and Format Check	Run actions/checkout@v4	2026-05-03T17:56:00.1612498Z hint: 'development'. The just-created branch can be renamed via this command:
Lint and Format Check	Run actions/checkout@v4	2026-05-03T17:56:00.1613573Z hint:
Lint and Format Check	Run actions/checkout@v4	2026-05-03T17:56:00.1614134Z hint: 	git branch -m <name>
Lint and Format Check	Run actions/checkout@v4	2026-05-03T17:56:00.1614781Z hint:
Lint and Format Check	Run actions/checkout@v4	2026-05-03T17:56:00.1615865Z hint: Disable this message with "git config set advice.defaultBranchName false"
Lint and Format Check	Run actions/checkout@v4	2026-05-03T17:56:00.1617462Z Initialized empty Git repository in /home/runner/work/lino-objects-codec/lino-objects-codec/.git/
Lint and Format Check	Run actions/checkout@v4	2026-05-03T17:56:00.1620352Z [command]/usr/bin/git remote add origin https://github.com/link-foundation/lino-objects-codec
Lint and Format Check	Run actions/checkout@v4	2026-05-03T17:56:00.1647117Z ##[endgroup]
Lint and Format Check	Run actions/checkout@v4	2026-05-03T17:56:00.1648240Z ##[group]Disabling automatic garbage collection
Lint and Format Check	Run actions/checkout@v4	2026-05-03T17:56:00.1652255Z [command]/usr/bin/git config --local gc.auto 0
Lint and Format Check	Run actions/checkout@v4	2026-05-03T17:56:00.1676050Z ##[endgroup]
Lint and Format Check	Run actions/checkout@v4	2026-05-03T17:56:00.1677083Z ##[group]Setting up auth
Lint and Format Check	Run actions/checkout@v4	2026-05-03T17:56:00.1683603Z [command]/usr/bin/git config --local --name-only --get-regexp core\.sshCommand
Lint and Format Check	Run actions/checkout@v4	2026-05-03T17:56:00.1709058Z [command]/usr/bin/git submodule foreach --recursive sh -c "git config --local --name-only --get-regexp 'core\.sshCommand' && git config --local --unset-all 'core.sshCommand' || :"
Lint and Format Check	Run actions/checkout@v4	2026-05-03T17:56:00.1958286Z [command]/usr/bin/git config --local --name-only --get-regexp http\.https\:\/\/github\.com\/\.extraheader
Lint and Format Check	Run actions/checkout@v4	2026-05-03T17:56:00.1982157Z [command]/usr/bin/git submodule foreach --recursive sh -c "git config --local --name-only --get-regexp 'http\.https\:\/\/github\.com\/\.extraheader' && git config --local --unset-all 'http.https://github.com/.extraheader' || :"
Lint and Format Check	Run actions/checkout@v4	2026-05-03T17:56:00.2160132Z [command]/usr/bin/git config --local --name-only --get-regexp ^includeIf\.gitdir:
Lint and Format Check	Run actions/checkout@v4	2026-05-03T17:56:00.2187538Z [command]/usr/bin/git submodule foreach --recursive git config --local --show-origin --name-only --get-regexp remote.origin.url
Lint and Format Check	Run actions/checkout@v4	2026-05-03T17:56:00.2377802Z [command]/usr/bin/git config --local http.https://github.com/.extraheader AUTHORIZATION: basic ***
Lint and Format Check	Run actions/checkout@v4	2026-05-03T17:56:00.2408914Z ##[endgroup]
Lint and Format Check	Run actions/checkout@v4	2026-05-03T17:56:00.2410063Z ##[group]Fetching the repository
Lint and Format Check	Run actions/checkout@v4	2026-05-03T17:56:00.2418632Z [command]/usr/bin/git -c protocol.version=2 fetch --no-tags --prune --no-recurse-submodules --depth=1 origin +ddbf2556b5b0e91a05c053f321b85ce9eb02355a:refs/remotes/origin/main
Lint and Format Check	Run actions/checkout@v4	2026-05-03T17:56:01.0223907Z From https://github.com/link-foundation/lino-objects-codec
Lint and Format Check	Run actions/checkout@v4	2026-05-03T17:56:01.0225958Z  * [new ref]         ddbf2556b5b0e91a05c053f321b85ce9eb02355a -> origin/main
Lint and Format Check	Run actions/checkout@v4	2026-05-03T17:56:01.0247629Z ##[endgroup]
Lint and Format Check	Run actions/checkout@v4	2026-05-03T17:56:01.0248842Z ##[group]Determining the checkout info
Lint and Format Check	Run actions/checkout@v4	2026-05-03T17:56:01.0250266Z ##[endgroup]
Lint and Format Check	Run actions/checkout@v4	2026-05-03T17:56:01.0253577Z [command]/usr/bin/git sparse-checkout disable
Lint and Format Check	Run actions/checkout@v4	2026-05-03T17:56:01.0287754Z [command]/usr/bin/git config --local --unset-all extensions.worktreeConfig
Lint and Format Check	Run actions/checkout@v4	2026-05-03T17:56:01.0312769Z ##[group]Checking out the ref
Lint and Format Check	Run actions/checkout@v4	2026-05-03T17:56:01.0318370Z [command]/usr/bin/git checkout --progress --force -B main refs/remotes/origin/main
Lint and Format Check	Run actions/checkout@v4	2026-05-03T17:56:01.0455967Z Switched to a new branch 'main'
Lint and Format Check	Run actions/checkout@v4	2026-05-03T17:56:01.0457736Z branch 'main' set up to track 'origin/main'.
Lint and Format Check	Run actions/checkout@v4	2026-05-03T17:56:01.0462125Z ##[endgroup]
Lint and Format Check	Run actions/checkout@v4	2026-05-03T17:56:01.0493077Z [command]/usr/bin/git log -1 --format=%H
Lint and Format Check	Run actions/checkout@v4	2026-05-03T17:56:01.0511432Z ddbf2556b5b0e91a05c053f321b85ce9eb02355a
Lint and Format Check	Setup Python	﻿2026-05-03T17:56:01.0811014Z ##[group]Run actions/setup-python@v5
Lint and Format Check	Setup Python	2026-05-03T17:56:01.0812077Z with:
Lint and Format Check	Setup Python	2026-05-03T17:56:01.0812738Z   python-version: 3.13
Lint and Format Check	Setup Python	2026-05-03T17:56:01.0813540Z   check-latest: false
Lint and Format Check	Setup Python	2026-05-03T17:56:01.0814617Z   token: ***
Lint and Format Check	Setup Python	2026-05-03T17:56:01.0815467Z   update-environment: true
Lint and Format Check	Setup Python	2026-05-03T17:56:01.0816339Z   allow-prereleases: false
Lint and Format Check	Setup Python	2026-05-03T17:56:01.0817179Z   freethreaded: false
Lint and Format Check	Setup Python	2026-05-03T17:56:01.0817935Z ##[endgroup]
Lint and Format Check	Setup Python	2026-05-03T17:56:01.2448623Z ##[group]Installed versions
Lint and Format Check	Setup Python	2026-05-03T17:56:01.2549896Z Successfully set up CPython (3.13.13)
Lint and Format Check	Setup Python	2026-05-03T17:56:01.2552389Z ##[endgroup]
Lint and Format Check	Install dependencies	﻿2026-05-03T17:56:01.2685936Z ##[group]Run python -m pip install --upgrade pip
Lint and Format Check	Install dependencies	2026-05-03T17:56:01.2687322Z [36;1mpython -m pip install --upgrade pip[0m
Lint and Format Check	Install dependencies	2026-05-03T17:56:01.2688387Z [36;1mpip install -e ".[dev]"[0m
Lint and Format Check	Install dependencies	2026-05-03T17:56:01.2772355Z shell: /usr/bin/bash -e {0}
Lint and Format Check	Install dependencies	2026-05-03T17:56:01.2773281Z env:
Lint and Format Check	Install dependencies	2026-05-03T17:56:01.2774116Z   pythonLocation: /opt/hostedtoolcache/Python/3.13.13/x64
Lint and Format Check	Install dependencies	2026-05-03T17:56:01.2775935Z   PKG_CONFIG_PATH: /opt/hostedtoolcache/Python/3.13.13/x64/lib/pkgconfig
Lint and Format Check	Install dependencies	2026-05-03T17:56:01.2777442Z   Python_ROOT_DIR: /opt/hostedtoolcache/Python/3.13.13/x64
Lint and Format Check	Install dependencies	2026-05-03T17:56:01.2778801Z   Python2_ROOT_DIR: /opt/hostedtoolcache/Python/3.13.13/x64
Lint and Format Check	Install dependencies	2026-05-03T17:56:01.2780150Z   Python3_ROOT_DIR: /opt/hostedtoolcache/Python/3.13.13/x64
Lint and Format Check	Install dependencies	2026-05-03T17:56:01.2781521Z   LD_LIBRARY_PATH: /opt/hostedtoolcache/Python/3.13.13/x64/lib
Lint and Format Check	Install dependencies	2026-05-03T17:56:01.2782658Z ##[endgroup]
Lint and Format Check	Install dependencies	2026-05-03T17:56:03.3839958Z Requirement already satisfied: pip in /opt/hostedtoolcache/Python/3.13.13/x64/lib/python3.13/site-packages (26.0.1)
Lint and Format Check	Install dependencies	2026-05-03T17:56:03.5061711Z Collecting pip
Lint and Format Check	Install dependencies	2026-05-03T17:56:03.5912541Z   Downloading pip-26.1-py3-none-any.whl.metadata (4.6 kB)
Lint and Format Check	Install dependencies	2026-05-03T17:56:03.6085603Z Downloading pip-26.1-py3-none-any.whl (1.8 MB)
Lint and Format Check	Install dependencies	2026-05-03T17:56:03.8212982Z    ━━━━━━━━━━━━━━━━━━━━━━━━━━━━━━━━━━━━━━━━ 1.8/1.8 MB 9.6 MB/s  0:00:00
Lint and Format Check	Install dependencies	2026-05-03T17:56:03.8423386Z Installing collected packages: pip
Lint and Format Check	Install dependencies	2026-05-03T17:56:03.8424302Z   Attempting uninstall: pip
Lint and Format Check	Install dependencies	2026-05-03T17:56:03.8451304Z     Found existing installation: pip 26.0.1
Lint and Format Check	Install dependencies	2026-05-03T17:56:03.9126472Z     Uninstalling pip-26.0.1:
Lint and Format Check	Install dependencies	2026-05-03T17:56:03.9173566Z       Successfully uninstalled pip-26.0.1
Lint and Format Check	Install dependencies	2026-05-03T17:56:04.7011588Z Successfully installed pip-26.1
Lint and Format Check	Install dependencies	2026-05-03T17:56:05.1464126Z Obtaining file:///home/runner/work/lino-objects-codec/lino-objects-codec/python
Lint and Format Check	Install dependencies	2026-05-03T17:56:05.1482068Z   Installing build dependencies: started
Lint and Format Check	Install dependencies	2026-05-03T17:56:06.0978847Z   Installing build dependencies: finished with status 'done'
Lint and Format Check	Install dependencies	2026-05-03T17:56:06.0990100Z   Checking if build backend supports build_editable: started
Lint and Format Check	Install dependencies	2026-05-03T17:56:06.4441148Z   Checking if build backend supports build_editable: finished with status 'done'
Lint and Format Check	Install dependencies	2026-05-03T17:56:06.4450222Z   Getting requirements to build editable: started
Lint and Format Check	Install dependencies	2026-05-03T17:56:06.7488339Z   Getting requirements to build editable: finished with status 'done'
Lint and Format Check	Install dependencies	2026-05-03T17:56:06.7495762Z   Preparing editable metadata (pyproject.toml): started
Lint and Format Check	Install dependencies	2026-05-03T17:56:06.9263686Z   Preparing editable metadata (pyproject.toml): finished with status 'done'
Lint and Format Check	Install dependencies	2026-05-03T17:56:07.0198287Z Collecting links-notation<0.12.0,>=0.11.0 (from lino-objects-codec==0.2.0)
Lint and Format Check	Install dependencies	2026-05-03T17:56:07.0979336Z   Downloading links_notation-0.11.2-py3-none-any.whl.metadata (4.0 kB)
Lint and Format Check	Install dependencies	2026-05-03T17:56:07.1458542Z Collecting pytest>=7.0 (from lino-objects-codec==0.2.0)
Lint and Format Check	Install dependencies	2026-05-03T17:56:07.1576794Z   Downloading pytest-9.0.3-py3-none-any.whl.metadata (7.6 kB)
Lint and Format Check	Install dependencies	2026-05-03T17:56:07.1836979Z Collecting pytest-cov>=4.0 (from lino-objects-codec==0.2.0)
Lint and Format Check	Install dependencies	2026-05-03T17:56:07.1952651Z   Downloading pytest_cov-7.1.0-py3-none-any.whl.metadata (32 kB)
Lint and Format Check	Install dependencies	2026-05-03T17:56:07.5459755Z Collecting ruff>=0.1.0 (from lino-objects-codec==0.2.0)
Lint and Format Check	Install dependencies	2026-05-03T17:56:07.5588867Z   Downloading ruff-0.15.12-py3-none-manylinux_2_17_x86_64.manylinux2014_x86_64.whl.metadata (26 kB)
Lint and Format Check	Install dependencies	2026-05-03T17:56:07.6562466Z Collecting mypy>=1.0 (from lino-objects-codec==0.2.0)
Lint and Format Check	Install dependencies	2026-05-03T17:56:07.6690300Z   Downloading mypy-1.20.2-cp313-cp313-manylinux2014_x86_64.manylinux_2_17_x86_64.manylinux_2_28_x86_64.whl.metadata (2.4 kB)
Lint and Format Check	Install dependencies	2026-05-03T17:56:07.7494726Z Collecting scriv>=1.7.0 (from scriv[toml]>=1.7.0; extra == "dev"->lino-objects-codec==0.2.0)
Lint and Format Check	Install dependencies	2026-05-03T17:56:07.7622338Z   Downloading scriv-1.8.0-py3-none-any.whl.metadata (26 kB)
Lint and Format Check	Install dependencies	2026-05-03T17:56:07.7892630Z Collecting typing_extensions>=4.6.0 (from mypy>=1.0->lino-objects-codec==0.2.0)
Lint and Format Check	Install dependencies	2026-05-03T17:56:07.8012002Z   Downloading typing_extensions-4.15.0-py3-none-any.whl.metadata (3.3 kB)
Lint and Format Check	Install dependencies	2026-05-03T17:56:07.8226273Z Collecting mypy_extensions>=1.0.0 (from mypy>=1.0->lino-objects-codec==0.2.0)
Lint and Format Check	Install dependencies	2026-05-03T17:56:07.8340081Z   Downloading mypy_extensions-1.1.0-py3-none-any.whl.metadata (1.1 kB)
Lint and Format Check	Install dependencies	2026-05-03T17:56:07.8561360Z Collecting pathspec>=1.0.0 (from mypy>=1.0->lino-objects-codec==0.2.0)
Lint and Format Check	Install dependencies	2026-05-03T17:56:07.8674117Z   Downloading pathspec-1.1.1-py3-none-any.whl.metadata (14 kB)
Lint and Format Check	Install dependencies	2026-05-03T17:56:07.9657184Z Collecting librt>=0.8.0 (from mypy>=1.0->lino-objects-codec==0.2.0)
Lint and Format Check	Install dependencies	2026-05-03T17:56:07.9777517Z   Downloading librt-0.9.0-cp313-cp313-manylinux2014_x86_64.manylinux_2_17_x86_64.manylinux_2_28_x86_64.whl.metadata (1.3 kB)
Lint and Format Check	Install dependencies	2026-05-03T17:56:07.9982056Z Collecting iniconfig>=1.0.1 (from pytest>=7.0->lino-objects-codec==0.2.0)
Lint and Format Check	Install dependencies	2026-05-03T17:56:08.0096332Z   Downloading iniconfig-2.3.0-py3-none-any.whl.metadata (2.5 kB)
Lint and Format Check	Install dependencies	2026-05-03T17:56:08.0320797Z Collecting packaging>=22 (from pytest>=7.0->lino-objects-codec==0.2.0)
Lint and Format Check	Install dependencies	2026-05-03T17:56:08.0332256Z   Using cached packaging-26.2-py3-none-any.whl.metadata (3.5 kB)
Lint and Format Check	Install dependencies	2026-05-03T17:56:08.0516167Z Collecting pluggy<2,>=1.5 (from pytest>=7.0->lino-objects-codec==0.2.0)
Lint and Format Check	Install dependencies	2026-05-03T17:56:08.0631410Z   Downloading pluggy-1.6.0-py3-none-any.whl.metadata (4.8 kB)
Lint and Format Check	Install dependencies	2026-05-03T17:56:08.0891828Z Collecting pygments>=2.7.2 (from pytest>=7.0->lino-objects-codec==0.2.0)
Lint and Format Check	Install dependencies	2026-05-03T17:56:08.1006919Z   Downloading pygments-2.20.0-py3-none-any.whl.metadata (2.5 kB)
Lint and Format Check	Install dependencies	2026-05-03T17:56:08.4174496Z Collecting coverage>=7.10.6 (from coverage[toml]>=7.10.6->pytest-cov>=4.0->lino-objects-codec==0.2.0)
Lint and Format Check	Install dependencies	2026-05-03T17:56:08.4296415Z   Downloading coverage-7.13.5-cp313-cp313-manylinux1_x86_64.manylinux_2_28_x86_64.manylinux_2_5_x86_64.whl.metadata (8.5 kB)
Lint and Format Check	Install dependencies	2026-05-03T17:56:08.4540887Z Collecting attrs (from scriv>=1.7.0->scriv[toml]>=1.7.0; extra == "dev"->lino-objects-codec==0.2.0)
Lint and Format Check	Install dependencies	2026-05-03T17:56:08.4653362Z   Downloading attrs-26.1.0-py3-none-any.whl.metadata (8.8 kB)
Lint and Format Check	Install dependencies	2026-05-03T17:56:08.4911096Z Collecting click (from scriv>=1.7.0->scriv[toml]>=1.7.0; extra == "dev"->lino-objects-codec==0.2.0)
Lint and Format Check	Install dependencies	2026-05-03T17:56:08.5025625Z   Downloading click-8.3.3-py3-none-any.whl.metadata (2.6 kB)
Lint and Format Check	Install dependencies	2026-05-03T17:56:08.5243948Z Collecting click-log (from scriv>=1.7.0->scriv[toml]>=1.7.0; extra == "dev"->lino-objects-codec==0.2.0)
Lint and Format Check	Install dependencies	2026-05-03T17:56:08.5362715Z   Downloading click_log-0.4.0-py2.py3-none-any.whl.metadata (1.2 kB)
Lint and Format Check	Install dependencies	2026-05-03T17:56:08.5595010Z Collecting jinja2>=2.7 (from scriv>=1.7.0->scriv[toml]>=1.7.0; extra == "dev"->lino-objects-codec==0.2.0)
Lint and Format Check	Install dependencies	2026-05-03T17:56:08.5709205Z   Downloading jinja2-3.1.6-py3-none-any.whl.metadata (2.9 kB)
Lint and Format Check	Install dependencies	2026-05-03T17:56:08.5931971Z Collecting markdown-it-py (from scriv>=1.7.0->scriv[toml]>=1.7.0; extra == "dev"->lino-objects-codec==0.2.0)
Lint and Format Check	Install dependencies	2026-05-03T17:56:08.6044622Z   Downloading markdown_it_py-4.0.0-py3-none-any.whl.metadata (7.3 kB)
Lint and Format Check	Install dependencies	2026-05-03T17:56:08.6360553Z Collecting requests (from scriv>=1.7.0->scriv[toml]>=1.7.0; extra == "dev"->lino-objects-codec==0.2.0)
Lint and Format Check	Install dependencies	2026-05-03T17:56:08.6476025Z   Downloading requests-2.33.1-py3-none-any.whl.metadata (4.8 kB)
Lint and Format Check	Install dependencies	2026-05-03T17:56:08.7026674Z Collecting MarkupSafe>=2.0 (from jinja2>=2.7->scriv>=1.7.0->scriv[toml]>=1.7.0; extra == "dev"->lino-objects-codec==0.2.0)
Lint and Format Check	Install dependencies	2026-05-03T17:56:08.7142107Z   Downloading markupsafe-3.0.3-cp313-cp313-manylinux2014_x86_64.manylinux_2_17_x86_64.manylinux_2_28_x86_64.whl.metadata (2.7 kB)
Lint and Format Check	Install dependencies	2026-05-03T17:56:08.7366990Z Collecting mdurl~=0.1 (from markdown-it-py->scriv>=1.7.0->scriv[toml]>=1.7.0; extra == "dev"->lino-objects-codec==0.2.0)
Lint and Format Check	Install dependencies	2026-05-03T17:56:08.7514121Z   Downloading mdurl-0.1.2-py3-none-any.whl.metadata (1.6 kB)
Lint and Format Check	Install dependencies	2026-05-03T17:56:08.8443169Z Collecting charset_normalizer<4,>=2 (from requests->scriv>=1.7.0->scriv[toml]>=1.7.0; extra == "dev"->lino-objects-codec==0.2.0)
Lint and Format Check	Install dependencies	2026-05-03T17:56:08.8559237Z   Downloading charset_normalizer-3.4.7-cp313-cp313-manylinux2014_x86_64.manylinux_2_17_x86_64.manylinux_2_28_x86_64.whl.metadata (40 kB)
Lint and Format Check	Install dependencies	2026-05-03T17:56:08.8803080Z Collecting idna<4,>=2.5 (from requests->scriv>=1.7.0->scriv[toml]>=1.7.0; extra == "dev"->lino-objects-codec==0.2.0)
Lint and Format Check	Install dependencies	2026-05-03T17:56:08.8914957Z   Downloading idna-3.13-py3-none-any.whl.metadata (8.0 kB)
Lint and Format Check	Install dependencies	2026-05-03T17:56:08.9188928Z Collecting urllib3<3,>=1.26 (from requests->scriv>=1.7.0->scriv[toml]>=1.7.0; extra == "dev"->lino-objects-codec==0.2.0)
Lint and Format Check	Install dependencies	2026-05-03T17:56:08.9305524Z   Downloading urllib3-2.6.3-py3-none-any.whl.metadata (6.9 kB)
Lint and Format Check	Install dependencies	2026-05-03T17:56:08.9554823Z Collecting certifi>=2023.5.7 (from requests->scriv>=1.7.0->scriv[toml]>=1.7.0; extra == "dev"->lino-objects-codec==0.2.0)
Lint and Format Check	Install dependencies	2026-05-03T17:56:08.9668882Z   Downloading certifi-2026.4.22-py3-none-any.whl.metadata (2.5 kB)
Lint and Format Check	Install dependencies	2026-05-03T17:56:08.9849603Z Downloading links_notation-0.11.2-py3-none-any.whl (8.2 kB)
Lint and Format Check	Install dependencies	2026-05-03T17:56:08.9994945Z Downloading mypy-1.20.2-cp313-cp313-manylinux2014_x86_64.manylinux_2_17_x86_64.manylinux_2_28_x86_64.whl (14.7 MB)
Lint and Format Check	Install dependencies	2026-05-03T17:56:09.1383985Z    ━━━━━━━━━━━━━━━━━━━━━━━━━━━━━━━━━━━━━━━━ 14.7/14.7 MB 125.2 MB/s  0:00:00
Lint and Format Check	Install dependencies	2026-05-03T17:56:09.1521303Z Downloading librt-0.9.0-cp313-cp313-manylinux2014_x86_64.manylinux_2_17_x86_64.manylinux_2_28_x86_64.whl (230 kB)
Lint and Format Check	Install dependencies	2026-05-03T17:56:09.1670633Z Downloading mypy_extensions-1.1.0-py3-none-any.whl (5.0 kB)
Lint and Format Check	Install dependencies	2026-05-03T17:56:09.1820727Z Downloading pathspec-1.1.1-py3-none-any.whl (57 kB)
Lint and Format Check	Install dependencies	2026-05-03T17:56:09.1965679Z Downloading pytest-9.0.3-py3-none-any.whl (375 kB)
Lint and Format Check	Install dependencies	2026-05-03T17:56:09.2114476Z Downloading pluggy-1.6.0-py3-none-any.whl (20 kB)
Lint and Format Check	Install dependencies	2026-05-03T17:56:09.2253117Z Downloading iniconfig-2.3.0-py3-none-any.whl (7.5 kB)
Lint and Format Check	Install dependencies	2026-05-03T17:56:09.2286028Z Using cached packaging-26.2-py3-none-any.whl (100 kB)
Lint and Format Check	Install dependencies	2026-05-03T17:56:09.2400422Z Downloading pygments-2.20.0-py3-none-any.whl (1.2 MB)
Lint and Format Check	Install dependencies	2026-05-03T17:56:09.2470563Z    ━━━━━━━━━━━━━━━━━━━━━━━━━━━━━━━━━━━━━━━━ 1.2/1.2 MB 211.5 MB/s  0:00:00
Lint and Format Check	Install dependencies	2026-05-03T17:56:09.2586117Z Downloading pytest_cov-7.1.0-py3-none-any.whl (22 kB)
Lint and Format Check	Install dependencies	2026-05-03T17:56:09.2726744Z Downloading coverage-7.13.5-cp313-cp313-manylinux1_x86_64.manylinux_2_28_x86_64.manylinux_2_5_x86_64.whl (253 kB)
Lint and Format Check	Install dependencies	2026-05-03T17:56:09.2877303Z Downloading ruff-0.15.12-py3-none-manylinux_2_17_x86_64.manylinux2014_x86_64.whl (11.3 MB)
Lint and Format Check	Install dependencies	2026-05-03T17:56:09.3225386Z    ━━━━━━━━━━━━━━━━━━━━━━━━━━━━━━━━━━━━━━━━ 11.3/11.3 MB 340.0 MB/s  0:00:00
Lint and Format Check	Install dependencies	2026-05-03T17:56:09.3353397Z Downloading scriv-1.8.0-py3-none-any.whl (39 kB)
Lint and Format Check	Install dependencies	2026-05-03T17:56:09.3489803Z Downloading jinja2-3.1.6-py3-none-any.whl (134 kB)
Lint and Format Check	Install dependencies	2026-05-03T17:56:09.3629464Z Downloading markupsafe-3.0.3-cp313-cp313-manylinux2014_x86_64.manylinux_2_17_x86_64.manylinux_2_28_x86_64.whl (22 kB)
Lint and Format Check	Install dependencies	2026-05-03T17:56:09.3770186Z Downloading typing_extensions-4.15.0-py3-none-any.whl (44 kB)
Lint and Format Check	Install dependencies	2026-05-03T17:56:09.3908880Z Downloading attrs-26.1.0-py3-none-any.whl (67 kB)
Lint and Format Check	Install dependencies	2026-05-03T17:56:09.4047352Z Downloading click-8.3.3-py3-none-any.whl (110 kB)
Lint and Format Check	Install dependencies	2026-05-03T17:56:09.4206792Z Downloading click_log-0.4.0-py2.py3-none-any.whl (4.3 kB)
Lint and Format Check	Install dependencies	2026-05-03T17:56:09.4344737Z Downloading markdown_it_py-4.0.0-py3-none-any.whl (87 kB)
Lint and Format Check	Install dependencies	2026-05-03T17:56:09.4486468Z Downloading mdurl-0.1.2-py3-none-any.whl (10.0 kB)
Lint and Format Check	Install dependencies	2026-05-03T17:56:09.4625930Z Downloading requests-2.33.1-py3-none-any.whl (64 kB)
Lint and Format Check	Install dependencies	2026-05-03T17:56:09.4765547Z Downloading charset_normalizer-3.4.7-cp313-cp313-manylinux2014_x86_64.manylinux_2_17_x86_64.manylinux_2_28_x86_64.whl (215 kB)
Lint and Format Check	Install dependencies	2026-05-03T17:56:09.4921985Z Downloading idna-3.13-py3-none-any.whl (68 kB)
Lint and Format Check	Install dependencies	2026-05-03T17:56:09.5058036Z Downloading urllib3-2.6.3-py3-none-any.whl (131 kB)
Lint and Format Check	Install dependencies	2026-05-03T17:56:09.5199174Z Downloading certifi-2026.4.22-py3-none-any.whl (135 kB)
Lint and Format Check	Install dependencies	2026-05-03T17:56:09.5752157Z Building wheels for collected packages: lino-objects-codec
Lint and Format Check	Install dependencies	2026-05-03T17:56:09.5757331Z   Building editable for lino-objects-codec (pyproject.toml): started
Lint and Format Check	Install dependencies	2026-05-03T17:56:09.7704721Z   Building editable for lino-objects-codec (pyproject.toml): finished with status 'done'
Lint and Format Check	Install dependencies	2026-05-03T17:56:09.7710339Z   Created wheel for lino-objects-codec: filename=lino_objects_codec-0.2.0-0.editable-py3-none-any.whl size=4524 sha256=f4b34e7b32fa33124e0064c9db8c85b1865e8523676c00c5201d56164fe89536
Lint and Format Check	Install dependencies	2026-05-03T17:56:09.7711847Z   Stored in directory: /tmp/pip-ephem-wheel-cache-hqi5auh4/wheels/93/2b/bb/ea4555c8a45a876054958fa7c004cb6e11962bbfce5149b0f0
Lint and Format Check	Install dependencies	2026-05-03T17:56:09.7734225Z Successfully built lino-objects-codec
Lint and Format Check	Install dependencies	2026-05-03T17:56:09.8173615Z Installing collected packages: urllib3, typing_extensions, ruff, pygments, pluggy, pathspec, packaging, mypy_extensions, mdurl, MarkupSafe, links-notation, librt, iniconfig, idna, coverage, click, charset_normalizer, certifi, attrs, requests, pytest, mypy, markdown-it-py, lino-objects-codec, jinja2, click-log, scriv, pytest-cov
Lint and Format Check	Install dependencies	2026-05-03T17:56:12.9521977Z 
Lint and Format Check	Install dependencies	2026-05-03T17:56:12.9552947Z Successfully installed MarkupSafe-3.0.3 attrs-26.1.0 certifi-2026.4.22 charset_normalizer-3.4.7 click-8.3.3 click-log-0.4.0 coverage-7.13.5 idna-3.13 iniconfig-2.3.0 jinja2-3.1.6 librt-0.9.0 links-notation-0.11.2 lino-objects-codec-0.2.0 markdown-it-py-4.0.0 mdurl-0.1.2 mypy-1.20.2 mypy_extensions-1.1.0 packaging-26.2 pathspec-1.1.1 pluggy-1.6.0 pygments-2.20.0 pytest-9.0.3 pytest-cov-7.1.0 requests-2.33.1 ruff-0.15.12 scriv-1.8.0 typing_extensions-4.15.0 urllib3-2.6.3
Lint and Format Check	Run Ruff linting	﻿2026-05-03T17:56:13.0652719Z ##[group]Run ruff check src tests
Lint and Format Check	Run Ruff linting	2026-05-03T17:56:13.0653140Z [36;1mruff check src tests[0m
Lint and Format Check	Run Ruff linting	2026-05-03T17:56:13.0668227Z shell: /usr/bin/bash -e {0}
Lint and Format Check	Run Ruff linting	2026-05-03T17:56:13.0668621Z env:
Lint and Format Check	Run Ruff linting	2026-05-03T17:56:13.0668923Z   pythonLocation: /opt/hostedtoolcache/Python/3.13.13/x64
Lint and Format Check	Run Ruff linting	2026-05-03T17:56:13.0669383Z   PKG_CONFIG_PATH: /opt/hostedtoolcache/Python/3.13.13/x64/lib/pkgconfig
Lint and Format Check	Run Ruff linting	2026-05-03T17:56:13.0669865Z   Python_ROOT_DIR: /opt/hostedtoolcache/Python/3.13.13/x64
Lint and Format Check	Run Ruff linting	2026-05-03T17:56:13.0670279Z   Python2_ROOT_DIR: /opt/hostedtoolcache/Python/3.13.13/x64
Lint and Format Check	Run Ruff linting	2026-05-03T17:56:13.0670659Z   Python3_ROOT_DIR: /opt/hostedtoolcache/Python/3.13.13/x64
Lint and Format Check	Run Ruff linting	2026-05-03T17:56:13.0671088Z   LD_LIBRARY_PATH: /opt/hostedtoolcache/Python/3.13.13/x64/lib
Lint and Format Check	Run Ruff linting	2026-05-03T17:56:13.0671447Z ##[endgroup]
Lint and Format Check	Run Ruff linting	2026-05-03T17:56:13.0793247Z All checks passed!
Lint and Format Check	Check Ruff formatting	﻿2026-05-03T17:56:13.0827790Z ##[group]Run ruff format --check src tests
Lint and Format Check	Check Ruff formatting	2026-05-03T17:56:13.0828109Z [36;1mruff format --check src tests[0m
Lint and Format Check	Check Ruff formatting	2026-05-03T17:56:13.0842433Z shell: /usr/bin/bash -e {0}
Lint and Format Check	Check Ruff formatting	2026-05-03T17:56:13.0842658Z env:
Lint and Format Check	Check Ruff formatting	2026-05-03T17:56:13.0842901Z   pythonLocation: /opt/hostedtoolcache/Python/3.13.13/x64
Lint and Format Check	Check Ruff formatting	2026-05-03T17:56:13.0843280Z   PKG_CONFIG_PATH: /opt/hostedtoolcache/Python/3.13.13/x64/lib/pkgconfig
Lint and Format Check	Check Ruff formatting	2026-05-03T17:56:13.0843670Z   Python_ROOT_DIR: /opt/hostedtoolcache/Python/3.13.13/x64
Lint and Format Check	Check Ruff formatting	2026-05-03T17:56:13.0844008Z   Python2_ROOT_DIR: /opt/hostedtoolcache/Python/3.13.13/x64
Lint and Format Check	Check Ruff formatting	2026-05-03T17:56:13.0844334Z   Python3_ROOT_DIR: /opt/hostedtoolcache/Python/3.13.13/x64
Lint and Format Check	Check Ruff formatting	2026-05-03T17:56:13.0844676Z   LD_LIBRARY_PATH: /opt/hostedtoolcache/Python/3.13.13/x64/lib
Lint and Format Check	Check Ruff formatting	2026-05-03T17:56:13.0844950Z ##[endgroup]
Lint and Format Check	Check Ruff formatting	2026-05-03T17:56:13.0967264Z 8 files already formatted
Lint and Format Check	Run mypy	﻿2026-05-03T17:56:13.0999079Z ##[group]Run mypy src
Lint and Format Check	Run mypy	2026-05-03T17:56:13.0999321Z [36;1mmypy src[0m
Lint and Format Check	Run mypy	2026-05-03T17:56:13.1013378Z shell: /usr/bin/bash -e {0}
Lint and Format Check	Run mypy	2026-05-03T17:56:13.1013600Z env:
Lint and Format Check	Run mypy	2026-05-03T17:56:13.1013843Z   pythonLocation: /opt/hostedtoolcache/Python/3.13.13/x64
Lint and Format Check	Run mypy	2026-05-03T17:56:13.1014228Z   PKG_CONFIG_PATH: /opt/hostedtoolcache/Python/3.13.13/x64/lib/pkgconfig
Lint and Format Check	Run mypy	2026-05-03T17:56:13.1014607Z   Python_ROOT_DIR: /opt/hostedtoolcache/Python/3.13.13/x64
Lint and Format Check	Run mypy	2026-05-03T17:56:13.1014937Z   Python2_ROOT_DIR: /opt/hostedtoolcache/Python/3.13.13/x64
Lint and Format Check	Run mypy	2026-05-03T17:56:13.1015531Z   Python3_ROOT_DIR: /opt/hostedtoolcache/Python/3.13.13/x64
Lint and Format Check	Run mypy	2026-05-03T17:56:13.1015873Z   LD_LIBRARY_PATH: /opt/hostedtoolcache/Python/3.13.13/x64/lib
Lint and Format Check	Run mypy	2026-05-03T17:56:13.1016151Z ##[endgroup]
Lint and Format Check	Run mypy	2026-05-03T17:56:14.1398655Z Success: no issues found in 3 source files
Lint and Format Check	Check file size limit	﻿2026-05-03T17:56:14.1452666Z ##[group]Run python scripts/check_file_size.py
Lint and Format Check	Check file size limit	2026-05-03T17:56:14.1452988Z [36;1mpython scripts/check_file_size.py[0m
Lint and Format Check	Check file size limit	2026-05-03T17:56:14.1466758Z shell: /usr/bin/bash -e {0}
Lint and Format Check	Check file size limit	2026-05-03T17:56:14.1466992Z env:
Lint and Format Check	Check file size limit	2026-05-03T17:56:14.1467226Z   pythonLocation: /opt/hostedtoolcache/Python/3.13.13/x64
Lint and Format Check	Check file size limit	2026-05-03T17:56:14.1467615Z   PKG_CONFIG_PATH: /opt/hostedtoolcache/Python/3.13.13/x64/lib/pkgconfig
Lint and Format Check	Check file size limit	2026-05-03T17:56:14.1467979Z   Python_ROOT_DIR: /opt/hostedtoolcache/Python/3.13.13/x64
Lint and Format Check	Check file size limit	2026-05-03T17:56:14.1468539Z   Python2_ROOT_DIR: /opt/hostedtoolcache/Python/3.13.13/x64
Lint and Format Check	Check file size limit	2026-05-03T17:56:14.1469082Z   Python3_ROOT_DIR: /opt/hostedtoolcache/Python/3.13.13/x64
Lint and Format Check	Check file size limit	2026-05-03T17:56:14.1469555Z   LD_LIBRARY_PATH: /opt/hostedtoolcache/Python/3.13.13/x64/lib
Lint and Format Check	Check file size limit	2026-05-03T17:56:14.1469846Z ##[endgroup]
Lint and Format Check	Check file size limit	2026-05-03T17:56:14.1717958Z 
Lint and Format Check	Check file size limit	2026-05-03T17:56:14.1718547Z Checking Python files for maximum 1000 lines...
Lint and Format Check	Check file size limit	2026-05-03T17:56:14.1718944Z 
Lint and Format Check	Check file size limit	2026-05-03T17:56:14.1719271Z ✓ All files are within the line limit
Lint and Format Check	Check file size limit	2026-05-03T17:56:14.1719565Z 
Lint and Format Check	Post Setup Python	﻿2026-05-03T17:56:14.1813293Z Post job cleanup.
Lint and Format Check	Post Run actions/checkout@v4	﻿2026-05-03T17:56:14.3397812Z Post job cleanup.
Lint and Format Check	Post Run actions/checkout@v4	2026-05-03T17:56:14.4314331Z [command]/usr/bin/git version
Lint and Format Check	Post Run actions/checkout@v4	2026-05-03T17:56:14.4348187Z git version 2.53.0
Lint and Format Check	Post Run actions/checkout@v4	2026-05-03T17:56:14.4388320Z Temporarily overriding HOME='/home/runner/work/_temp/4fa2a50a-a2b7-4b3f-834b-226492d4e715' before making global git config changes
Lint and Format Check	Post Run actions/checkout@v4	2026-05-03T17:56:14.4389516Z Adding repository directory to the temporary git global config as a safe directory
Lint and Format Check	Post Run actions/checkout@v4	2026-05-03T17:56:14.4402075Z [command]/usr/bin/git config --global --add safe.directory /home/runner/work/lino-objects-codec/lino-objects-codec
Lint and Format Check	Post Run actions/checkout@v4	2026-05-03T17:56:14.4434667Z [command]/usr/bin/git config --local --name-only --get-regexp core\.sshCommand
Lint and Format Check	Post Run actions/checkout@v4	2026-05-03T17:56:14.4461728Z [command]/usr/bin/git submodule foreach --recursive sh -c "git config --local --name-only --get-regexp 'core\.sshCommand' && git config --local --unset-all 'core.sshCommand' || :"
Lint and Format Check	Post Run actions/checkout@v4	2026-05-03T17:56:14.4655052Z [command]/usr/bin/git config --local --name-only --get-regexp http\.https\:\/\/github\.com\/\.extraheader
Lint and Format Check	Post Run actions/checkout@v4	2026-05-03T17:56:14.4676263Z http.https://github.com/.extraheader
Lint and Format Check	Post Run actions/checkout@v4	2026-05-03T17:56:14.4687675Z [command]/usr/bin/git config --local --unset-all http.https://github.com/.extraheader
Lint and Format Check	Post Run actions/checkout@v4	2026-05-03T17:56:14.4715931Z [command]/usr/bin/git submodule foreach --recursive sh -c "git config --local --name-only --get-regexp 'http\.https\:\/\/github\.com\/\.extraheader' && git config --local --unset-all 'http.https://github.com/.extraheader' || :"
Lint and Format Check	Post Run actions/checkout@v4	2026-05-03T17:56:14.4903817Z [command]/usr/bin/git config --local --name-only --get-regexp ^includeIf\.gitdir:
Lint and Format Check	Post Run actions/checkout@v4	2026-05-03T17:56:14.4934091Z [command]/usr/bin/git submodule foreach --recursive git config --local --show-origin --name-only --get-regexp remote.origin.url
Lint and Format Check	Complete job	﻿2026-05-03T17:56:14.5218218Z Cleaning up orphan processes
Lint and Format Check	Complete job	2026-05-03T17:56:14.5507618Z ##[warning]Node.js 20 actions are deprecated. The following actions are running on Node.js 20 and may not work as expected: actions/checkout@v4, actions/setup-python@v5. Actions will be forced to run with Node.js 24 by default starting June 2nd, 2026. Node.js 20 will be removed from the runner on September 16th, 2026. Please check if updated versions of these actions are available that support Node.js 24. To opt into Node.js 24 now, set the FORCE_JAVASCRIPT_ACTIONS_TO_NODE24=true environment variable on the runner or in your workflow file. Once Node.js 24 becomes the default, you can temporarily opt out by setting ACTIONS_ALLOW_USE_UNSECURE_NODE_VERSION=true. For more information see: https://github.blog/changelog/2025-09-19-deprecation-of-node-20-on-github-actions-runners/
Build Package	Set up job	﻿2026-05-03T17:56:29.4173564Z Current runner version: '2.334.0'
Build Package	Set up job	2026-05-03T17:56:29.4199352Z ##[group]Runner Image Provisioner
Build Package	Set up job	2026-05-03T17:56:29.4200153Z Hosted Compute Agent
Build Package	Set up job	2026-05-03T17:56:29.4200638Z Version: 20260213.493
Build Package	Set up job	2026-05-03T17:56:29.4201342Z Commit: 5c115507f6dd24b8de37d8bbe0bb4509d0cc0fa3
Build Package	Set up job	2026-05-03T17:56:29.4202066Z Build Date: 2026-02-13T00:28:41Z
Build Package	Set up job	2026-05-03T17:56:29.4202692Z Worker ID: {76b1110e-a58e-41f5-a3a4-dc43379ecbd7}
Build Package	Set up job	2026-05-03T17:56:29.4203950Z Azure Region: westcentralus
Build Package	Set up job	2026-05-03T17:56:29.4204504Z ##[endgroup]
Build Package	Set up job	2026-05-03T17:56:29.4206195Z ##[group]Operating System
Build Package	Set up job	2026-05-03T17:56:29.4206885Z Ubuntu
Build Package	Set up job	2026-05-03T17:56:29.4207351Z 24.04.4
Build Package	Set up job	2026-05-03T17:56:29.4207771Z LTS
Build Package	Set up job	2026-05-03T17:56:29.4208306Z ##[endgroup]
Build Package	Set up job	2026-05-03T17:56:29.4208771Z ##[group]Runner Image
Build Package	Set up job	2026-05-03T17:56:29.4209319Z Image: ubuntu-24.04
Build Package	Set up job	2026-05-03T17:56:29.4209870Z Version: 20260413.86.1
Build Package	Set up job	2026-05-03T17:56:29.4210836Z Included Software: https://github.com/actions/runner-images/blob/ubuntu24/20260413.86/images/ubuntu/Ubuntu2404-Readme.md
Build Package	Set up job	2026-05-03T17:56:29.4212516Z Image Release: https://github.com/actions/runner-images/releases/tag/ubuntu24%2F20260413.86
Build Package	Set up job	2026-05-03T17:56:29.4213419Z ##[endgroup]
Build Package	Set up job	2026-05-03T17:56:29.4216505Z ##[group]GITHUB_TOKEN Permissions
Build Package	Set up job	2026-05-03T17:56:29.4218626Z Actions: write
Build Package	Set up job	2026-05-03T17:56:29.4219195Z ArtifactMetadata: write
Build Package	Set up job	2026-05-03T17:56:29.4219843Z Attestations: write
Build Package	Set up job	2026-05-03T17:56:29.4220377Z Checks: write
Build Package	Set up job	2026-05-03T17:56:29.4220831Z Contents: write
Build Package	Set up job	2026-05-03T17:56:29.4221360Z Deployments: write
Build Package	Set up job	2026-05-03T17:56:29.4221870Z Discussions: write
Build Package	Set up job	2026-05-03T17:56:29.4222369Z Issues: write
Build Package	Set up job	2026-05-03T17:56:29.4222826Z Metadata: read
Build Package	Set up job	2026-05-03T17:56:29.4223404Z Models: read
Build Package	Set up job	2026-05-03T17:56:29.4223856Z Packages: write
Build Package	Set up job	2026-05-03T17:56:29.4224341Z Pages: write
Build Package	Set up job	2026-05-03T17:56:29.4224970Z PullRequests: write
Build Package	Set up job	2026-05-03T17:56:29.4225465Z RepositoryProjects: write
Build Package	Set up job	2026-05-03T17:56:29.4226273Z SecurityEvents: write
Build Package	Set up job	2026-05-03T17:56:29.4226844Z Statuses: write
Build Package	Set up job	2026-05-03T17:56:29.4227350Z VulnerabilityAlerts: read
Build Package	Set up job	2026-05-03T17:56:29.4227877Z ##[endgroup]
Build Package	Set up job	2026-05-03T17:56:29.4229865Z Secret source: Actions
Build Package	Set up job	2026-05-03T17:56:29.4230525Z Prepare workflow directory
Build Package	Set up job	2026-05-03T17:56:29.4569343Z Prepare all required actions
Build Package	Set up job	2026-05-03T17:56:29.4606009Z Getting action download info
Build Package	Set up job	2026-05-03T17:56:29.9325283Z Download action repository 'actions/checkout@v4' (SHA:34e114876b0b11c390a56381ad16ebd13914f8d5)
Build Package	Set up job	2026-05-03T17:56:30.0536129Z Download action repository 'actions/setup-python@v5' (SHA:a26af69be951a213d495a4c3e4e4022e16d87065)
Build Package	Set up job	2026-05-03T17:56:30.1331913Z Download action repository 'actions/upload-artifact@v4' (SHA:ea165f8d65b6e75b540449e92b4886f43607fa02)
Build Package	Set up job	2026-05-03T17:56:30.3397679Z Complete job name: Build Package
Build Package	Run actions/checkout@v4	﻿2026-05-03T17:56:30.4097098Z ##[group]Run actions/checkout@v4
Build Package	Run actions/checkout@v4	2026-05-03T17:56:30.4097948Z with:
Build Package	Run actions/checkout@v4	2026-05-03T17:56:30.4098411Z   repository: link-foundation/lino-objects-codec
Build Package	Run actions/checkout@v4	2026-05-03T17:56:30.4099119Z   token: ***
Build Package	Run actions/checkout@v4	2026-05-03T17:56:30.4099512Z   ssh-strict: true
Build Package	Run actions/checkout@v4	2026-05-03T17:56:30.4099900Z   ssh-user: git
Build Package	Run actions/checkout@v4	2026-05-03T17:56:30.4100308Z   persist-credentials: true
Build Package	Run actions/checkout@v4	2026-05-03T17:56:30.4100755Z   clean: true
Build Package	Run actions/checkout@v4	2026-05-03T17:56:30.4101180Z   sparse-checkout-cone-mode: true
Build Package	Run actions/checkout@v4	2026-05-03T17:56:30.4101652Z   fetch-depth: 1
Build Package	Run actions/checkout@v4	2026-05-03T17:56:30.4102019Z   fetch-tags: false
Build Package	Run actions/checkout@v4	2026-05-03T17:56:30.4102411Z   show-progress: true
Build Package	Run actions/checkout@v4	2026-05-03T17:56:30.4102824Z   lfs: false
Build Package	Run actions/checkout@v4	2026-05-03T17:56:30.4103182Z   submodules: false
Build Package	Run actions/checkout@v4	2026-05-03T17:56:30.4103578Z   set-safe-directory: true
Build Package	Run actions/checkout@v4	2026-05-03T17:56:30.4104204Z ##[endgroup]
Build Package	Run actions/checkout@v4	2026-05-03T17:56:30.5271954Z Syncing repository: link-foundation/lino-objects-codec
Build Package	Run actions/checkout@v4	2026-05-03T17:56:30.5273831Z ##[group]Getting Git version info
Build Package	Run actions/checkout@v4	2026-05-03T17:56:30.5274821Z Working directory is '/home/runner/work/lino-objects-codec/lino-objects-codec'
Build Package	Run actions/checkout@v4	2026-05-03T17:56:30.5276264Z [command]/usr/bin/git version
Build Package	Run actions/checkout@v4	2026-05-03T17:56:30.5326134Z git version 2.53.0
Build Package	Run actions/checkout@v4	2026-05-03T17:56:30.5351901Z ##[endgroup]
Build Package	Run actions/checkout@v4	2026-05-03T17:56:30.5366774Z Temporarily overriding HOME='/home/runner/work/_temp/8e6d2d16-00e0-4f8f-b110-4b6911249609' before making global git config changes
Build Package	Run actions/checkout@v4	2026-05-03T17:56:30.5368459Z Adding repository directory to the temporary git global config as a safe directory
Build Package	Run actions/checkout@v4	2026-05-03T17:56:30.5372865Z [command]/usr/bin/git config --global --add safe.directory /home/runner/work/lino-objects-codec/lino-objects-codec
Build Package	Run actions/checkout@v4	2026-05-03T17:56:30.5404677Z Deleting the contents of '/home/runner/work/lino-objects-codec/lino-objects-codec'
Build Package	Run actions/checkout@v4	2026-05-03T17:56:30.5408328Z ##[group]Initializing the repository
Build Package	Run actions/checkout@v4	2026-05-03T17:56:30.5412213Z [command]/usr/bin/git init /home/runner/work/lino-objects-codec/lino-objects-codec
Build Package	Run actions/checkout@v4	2026-05-03T17:56:30.5494918Z hint: Using 'master' as the name for the initial branch. This default branch name
Build Package	Run actions/checkout@v4	2026-05-03T17:56:30.5496873Z hint: will change to "main" in Git 3.0. To configure the initial branch name
Build Package	Run actions/checkout@v4	2026-05-03T17:56:30.5498531Z hint: to use in all of your new repositories, which will suppress this warning,
Build Package	Run actions/checkout@v4	2026-05-03T17:56:30.5499857Z hint: call:
Build Package	Run actions/checkout@v4	2026-05-03T17:56:30.5500522Z hint:
Build Package	Run actions/checkout@v4	2026-05-03T17:56:30.5501334Z hint: 	git config --global init.defaultBranch <name>
Build Package	Run actions/checkout@v4	2026-05-03T17:56:30.5502399Z hint:
Build Package	Run actions/checkout@v4	2026-05-03T17:56:30.5503483Z hint: Names commonly chosen instead of 'master' are 'main', 'trunk' and
Build Package	Run actions/checkout@v4	2026-05-03T17:56:30.5505038Z hint: 'development'. The just-created branch can be renamed via this command:
Build Package	Run actions/checkout@v4	2026-05-03T17:56:30.5506545Z hint:
Build Package	Run actions/checkout@v4	2026-05-03T17:56:30.5507245Z hint: 	git branch -m <name>
Build Package	Run actions/checkout@v4	2026-05-03T17:56:30.5508041Z hint:
Build Package	Run actions/checkout@v4	2026-05-03T17:56:30.5509085Z hint: Disable this message with "git config set advice.defaultBranchName false"
Build Package	Run actions/checkout@v4	2026-05-03T17:56:30.5511074Z Initialized empty Git repository in /home/runner/work/lino-objects-codec/lino-objects-codec/.git/
Build Package	Run actions/checkout@v4	2026-05-03T17:56:30.5514028Z [command]/usr/bin/git remote add origin https://github.com/link-foundation/lino-objects-codec
Build Package	Run actions/checkout@v4	2026-05-03T17:56:30.5540886Z ##[endgroup]
Build Package	Run actions/checkout@v4	2026-05-03T17:56:30.5542508Z ##[group]Disabling automatic garbage collection
Build Package	Run actions/checkout@v4	2026-05-03T17:56:30.5544537Z [command]/usr/bin/git config --local gc.auto 0
Build Package	Run actions/checkout@v4	2026-05-03T17:56:30.5572997Z ##[endgroup]
Build Package	Run actions/checkout@v4	2026-05-03T17:56:30.5574286Z ##[group]Setting up auth
Build Package	Run actions/checkout@v4	2026-05-03T17:56:30.5580516Z [command]/usr/bin/git config --local --name-only --get-regexp core\.sshCommand
Build Package	Run actions/checkout@v4	2026-05-03T17:56:30.5611690Z [command]/usr/bin/git submodule foreach --recursive sh -c "git config --local --name-only --get-regexp 'core\.sshCommand' && git config --local --unset-all 'core.sshCommand' || :"
Build Package	Run actions/checkout@v4	2026-05-03T17:56:30.5879325Z [command]/usr/bin/git config --local --name-only --get-regexp http\.https\:\/\/github\.com\/\.extraheader
Build Package	Run actions/checkout@v4	2026-05-03T17:56:30.5910746Z [command]/usr/bin/git submodule foreach --recursive sh -c "git config --local --name-only --get-regexp 'http\.https\:\/\/github\.com\/\.extraheader' && git config --local --unset-all 'http.https://github.com/.extraheader' || :"
Build Package	Run actions/checkout@v4	2026-05-03T17:56:30.6122425Z [command]/usr/bin/git config --local --name-only --get-regexp ^includeIf\.gitdir:
Build Package	Run actions/checkout@v4	2026-05-03T17:56:30.6159835Z [command]/usr/bin/git submodule foreach --recursive git config --local --show-origin --name-only --get-regexp remote.origin.url
Build Package	Run actions/checkout@v4	2026-05-03T17:56:30.6374886Z [command]/usr/bin/git config --local http.https://github.com/.extraheader AUTHORIZATION: basic ***
Build Package	Run actions/checkout@v4	2026-05-03T17:56:30.6408553Z ##[endgroup]
Build Package	Run actions/checkout@v4	2026-05-03T17:56:30.6409853Z ##[group]Fetching the repository
Build Package	Run actions/checkout@v4	2026-05-03T17:56:30.6418473Z [command]/usr/bin/git -c protocol.version=2 fetch --no-tags --prune --no-recurse-submodules --depth=1 origin +ddbf2556b5b0e91a05c053f321b85ce9eb02355a:refs/remotes/origin/main
Build Package	Run actions/checkout@v4	2026-05-03T17:56:31.2664253Z From https://github.com/link-foundation/lino-objects-codec
Build Package	Run actions/checkout@v4	2026-05-03T17:56:31.2666232Z  * [new ref]         ddbf2556b5b0e91a05c053f321b85ce9eb02355a -> origin/main
Build Package	Run actions/checkout@v4	2026-05-03T17:56:31.2694242Z ##[endgroup]
Build Package	Run actions/checkout@v4	2026-05-03T17:56:31.2695443Z ##[group]Determining the checkout info
Build Package	Run actions/checkout@v4	2026-05-03T17:56:31.2697317Z ##[endgroup]
Build Package	Run actions/checkout@v4	2026-05-03T17:56:31.2702050Z [command]/usr/bin/git sparse-checkout disable
Build Package	Run actions/checkout@v4	2026-05-03T17:56:31.2742319Z [command]/usr/bin/git config --local --unset-all extensions.worktreeConfig
Build Package	Run actions/checkout@v4	2026-05-03T17:56:31.2770671Z ##[group]Checking out the ref
Build Package	Run actions/checkout@v4	2026-05-03T17:56:31.2774426Z [command]/usr/bin/git checkout --progress --force -B main refs/remotes/origin/main
Build Package	Run actions/checkout@v4	2026-05-03T17:56:31.2947057Z Switched to a new branch 'main'
Build Package	Run actions/checkout@v4	2026-05-03T17:56:31.2948882Z branch 'main' set up to track 'origin/main'.
Build Package	Run actions/checkout@v4	2026-05-03T17:56:31.2956217Z ##[endgroup]
Build Package	Run actions/checkout@v4	2026-05-03T17:56:31.2988481Z [command]/usr/bin/git log -1 --format=%H
Build Package	Run actions/checkout@v4	2026-05-03T17:56:31.3010628Z ddbf2556b5b0e91a05c053f321b85ce9eb02355a
Build Package	Setup Python	﻿2026-05-03T17:56:31.3329861Z ##[group]Run actions/setup-python@v5
Build Package	Setup Python	2026-05-03T17:56:31.3330988Z with:
Build Package	Setup Python	2026-05-03T17:56:31.3331702Z   python-version: 3.13
Build Package	Setup Python	2026-05-03T17:56:31.3332552Z   check-latest: false
Build Package	Setup Python	2026-05-03T17:56:31.3333645Z   token: ***
Build Package	Setup Python	2026-05-03T17:56:31.3334412Z   update-environment: true
Build Package	Setup Python	2026-05-03T17:56:31.3335357Z   allow-prereleases: false
Build Package	Setup Python	2026-05-03T17:56:31.3336463Z   freethreaded: false
Build Package	Setup Python	2026-05-03T17:56:31.3337299Z ##[endgroup]
Build Package	Setup Python	2026-05-03T17:56:31.5062746Z ##[group]Installed versions
Build Package	Setup Python	2026-05-03T17:56:31.5188346Z Successfully set up CPython (3.13.13)
Build Package	Setup Python	2026-05-03T17:56:31.5190947Z ##[endgroup]
Build Package	Install build dependencies	﻿2026-05-03T17:56:31.5342887Z ##[group]Run python -m pip install --upgrade pip
Build Package	Install build dependencies	2026-05-03T17:56:31.5344304Z [36;1mpython -m pip install --upgrade pip[0m
Build Package	Install build dependencies	2026-05-03T17:56:31.5345477Z [36;1mpip install build twine[0m
Build Package	Install build dependencies	2026-05-03T17:56:31.5441155Z shell: /usr/bin/bash -e {0}
Build Package	Install build dependencies	2026-05-03T17:56:31.5442168Z env:
Build Package	Install build dependencies	2026-05-03T17:56:31.5443172Z   pythonLocation: /opt/hostedtoolcache/Python/3.13.13/x64
Build Package	Install build dependencies	2026-05-03T17:56:31.5444793Z   PKG_CONFIG_PATH: /opt/hostedtoolcache/Python/3.13.13/x64/lib/pkgconfig
Build Package	Install build dependencies	2026-05-03T17:56:31.5446739Z   Python_ROOT_DIR: /opt/hostedtoolcache/Python/3.13.13/x64
Build Package	Install build dependencies	2026-05-03T17:56:31.5448190Z   Python2_ROOT_DIR: /opt/hostedtoolcache/Python/3.13.13/x64
Build Package	Install build dependencies	2026-05-03T17:56:31.5449622Z   Python3_ROOT_DIR: /opt/hostedtoolcache/Python/3.13.13/x64
Build Package	Install build dependencies	2026-05-03T17:56:31.5451051Z   LD_LIBRARY_PATH: /opt/hostedtoolcache/Python/3.13.13/x64/lib
Build Package	Install build dependencies	2026-05-03T17:56:31.5452232Z ##[endgroup]
Build Package	Install build dependencies	2026-05-03T17:56:34.1460718Z Requirement already satisfied: pip in /opt/hostedtoolcache/Python/3.13.13/x64/lib/python3.13/site-packages (26.0.1)
Build Package	Install build dependencies	2026-05-03T17:56:34.3000683Z Collecting pip
Build Package	Install build dependencies	2026-05-03T17:56:34.3990197Z   Downloading pip-26.1-py3-none-any.whl.metadata (4.6 kB)
Build Package	Install build dependencies	2026-05-03T17:56:34.4234341Z Downloading pip-26.1-py3-none-any.whl (1.8 MB)
Build Package	Install build dependencies	2026-05-03T17:56:34.5680756Z    ━━━━━━━━━━━━━━━━━━━━━━━━━━━━━━━━━━━━━━━━ 1.8/1.8 MB 18.1 MB/s  0:00:00
Build Package	Install build dependencies	2026-05-03T17:56:34.5990202Z Installing collected packages: pip
Build Package	Install build dependencies	2026-05-03T17:56:34.5991540Z   Attempting uninstall: pip
Build Package	Install build dependencies	2026-05-03T17:56:34.6019066Z     Found existing installation: pip 26.0.1
Build Package	Install build dependencies	2026-05-03T17:56:34.6664720Z     Uninstalling pip-26.0.1:
Build Package	Install build dependencies	2026-05-03T17:56:34.6721518Z       Successfully uninstalled pip-26.0.1
Build Package	Install build dependencies	2026-05-03T17:56:35.6286328Z Successfully installed pip-26.1
Build Package	Install build dependencies	2026-05-03T17:56:36.7221236Z Collecting build
Build Package	Install build dependencies	2026-05-03T17:56:36.8221938Z   Downloading build-1.5.0-py3-none-any.whl.metadata (5.7 kB)
Build Package	Install build dependencies	2026-05-03T17:56:36.8644978Z Collecting twine
Build Package	Install build dependencies	2026-05-03T17:56:36.8865697Z   Downloading twine-6.2.0-py3-none-any.whl.metadata (3.6 kB)
Build Package	Install build dependencies	2026-05-03T17:56:36.9202440Z Collecting packaging>=24.0 (from build)
Build Package	Install build dependencies	2026-05-03T17:56:36.9391067Z   Downloading packaging-26.2-py3-none-any.whl.metadata (3.5 kB)
Build Package	Install build dependencies	2026-05-03T17:56:36.9645565Z Collecting pyproject_hooks (from build)
Build Package	Install build dependencies	2026-05-03T17:56:36.9840194Z   Downloading pyproject_hooks-1.2.0-py3-none-any.whl.metadata (1.3 kB)
Build Package	Install build dependencies	2026-05-03T17:56:37.0156344Z Collecting readme-renderer>=35.0 (from twine)
Build Package	Install build dependencies	2026-05-03T17:56:37.0351126Z   Downloading readme_renderer-44.0-py3-none-any.whl.metadata (2.8 kB)
Build Package	Install build dependencies	2026-05-03T17:56:37.0761941Z Collecting requests>=2.20 (from twine)
Build Package	Install build dependencies	2026-05-03T17:56:37.0949826Z   Downloading requests-2.33.1-py3-none-any.whl.metadata (4.8 kB)
Build Package	Install build dependencies	2026-05-03T17:56:37.1226214Z Collecting requests-toolbelt!=0.9.0,>=0.8.0 (from twine)
Build Package	Install build dependencies	2026-05-03T17:56:37.1422471Z   Downloading requests_toolbelt-1.0.0-py2.py3-none-any.whl.metadata (14 kB)
Build Package	Install build dependencies	2026-05-03T17:56:37.1845168Z Collecting urllib3>=1.26.0 (from twine)
Build Package	Install build dependencies	2026-05-03T17:56:37.2035667Z   Downloading urllib3-2.6.3-py3-none-any.whl.metadata (6.9 kB)
Build Package	Install build dependencies	2026-05-03T17:56:37.2503268Z Collecting keyring>=21.2.0 (from twine)
Build Package	Install build dependencies	2026-05-03T17:56:37.2690975Z   Downloading keyring-25.7.0-py3-none-any.whl.metadata (21 kB)
Build Package	Install build dependencies	2026-05-03T17:56:37.3022688Z Collecting rfc3986>=1.4.0 (from twine)
Build Package	Install build dependencies	2026-05-03T17:56:37.3229882Z   Downloading rfc3986-2.0.0-py2.py3-none-any.whl.metadata (6.6 kB)
Build Package	Install build dependencies	2026-05-03T17:56:37.3780419Z Collecting rich>=12.0.0 (from twine)
Build Package	Install build dependencies	2026-05-03T17:56:37.3965432Z   Downloading rich-15.0.0-py3-none-any.whl.metadata (18 kB)
Build Package	Install build dependencies	2026-05-03T17:56:37.4265799Z Collecting id (from twine)
Build Package	Install build dependencies	2026-05-03T17:56:37.4474334Z   Downloading id-1.6.1-py3-none-any.whl.metadata (5.1 kB)
Build Package	Install build dependencies	2026-05-03T17:56:37.4754601Z Collecting SecretStorage>=3.2 (from keyring>=21.2.0->twine)
Build Package	Install build dependencies	2026-05-03T17:56:37.4954383Z   Downloading secretstorage-3.5.0-py3-none-any.whl.metadata (4.0 kB)
Build Package	Install build dependencies	2026-05-03T17:56:37.5220037Z Collecting jeepney>=0.4.2 (from keyring>=21.2.0->twine)
Build Package	Install build dependencies	2026-05-03T17:56:37.5408997Z   Downloading jeepney-0.9.0-py3-none-any.whl.metadata (1.2 kB)
Build Package	Install build dependencies	2026-05-03T17:56:37.5683494Z Collecting jaraco.classes (from keyring>=21.2.0->twine)
Build Package	Install build dependencies	2026-05-03T17:56:37.5873764Z   Downloading jaraco.classes-3.4.0-py3-none-any.whl.metadata (2.6 kB)
Build Package	Install build dependencies	2026-05-03T17:56:37.6182536Z Collecting jaraco.functools (from keyring>=21.2.0->twine)
Build Package	Install build dependencies	2026-05-03T17:56:37.6372882Z   Downloading jaraco_functools-4.4.0-py3-none-any.whl.metadata (3.0 kB)
Build Package	Install build dependencies	2026-05-03T17:56:37.6658774Z Collecting jaraco.context (from keyring>=21.2.0->twine)
Build Package	Install build dependencies	2026-05-03T17:56:37.6846553Z   Downloading jaraco_context-6.1.2-py3-none-any.whl.metadata (4.2 kB)
Build Package	Install build dependencies	2026-05-03T17:56:37.7410909Z Collecting nh3>=0.2.14 (from readme-renderer>=35.0->twine)
Build Package	Install build dependencies	2026-05-03T17:56:37.7615579Z   Downloading nh3-0.3.5-cp38-abi3-manylinux_2_17_x86_64.manylinux2014_x86_64.whl.metadata (2.0 kB)
Build Package	Install build dependencies	2026-05-03T17:56:37.7909270Z Collecting docutils>=0.21.2 (from readme-renderer>=35.0->twine)
Build Package	Install build dependencies	2026-05-03T17:56:37.8098880Z   Downloading docutils-0.22.4-py3-none-any.whl.metadata (15 kB)
Build Package	Install build dependencies	2026-05-03T17:56:37.8475061Z Collecting Pygments>=2.5.1 (from readme-renderer>=35.0->twine)
Build Package	Install build dependencies	2026-05-03T17:56:37.8665054Z   Downloading pygments-2.20.0-py3-none-any.whl.metadata (2.5 kB)
Build Package	Install build dependencies	2026-05-03T17:56:37.9916681Z Collecting charset_normalizer<4,>=2 (from requests>=2.20->twine)
Build Package	Install build dependencies	2026-05-03T17:56:38.0106709Z   Downloading charset_normalizer-3.4.7-cp313-cp313-manylinux2014_x86_64.manylinux_2_17_x86_64.manylinux_2_28_x86_64.whl.metadata (40 kB)
Build Package	Install build dependencies	2026-05-03T17:56:38.0513895Z Collecting idna<4,>=2.5 (from requests>=2.20->twine)
Build Package	Install build dependencies	2026-05-03T17:56:38.0707236Z   Downloading idna-3.13-py3-none-any.whl.metadata (8.0 kB)
Build Package	Install build dependencies	2026-05-03T17:56:38.1057140Z Collecting certifi>=2023.5.7 (from requests>=2.20->twine)
Build Package	Install build dependencies	2026-05-03T17:56:38.1256128Z   Downloading certifi-2026.4.22-py3-none-any.whl.metadata (2.5 kB)
Build Package	Install build dependencies	2026-05-03T17:56:38.1615643Z Collecting markdown-it-py>=2.2.0 (from rich>=12.0.0->twine)
Build Package	Install build dependencies	2026-05-03T17:56:38.1801405Z   Downloading markdown_it_py-4.0.0-py3-none-any.whl.metadata (7.3 kB)
Build Package	Install build dependencies	2026-05-03T17:56:38.2098897Z Collecting mdurl~=0.1 (from markdown-it-py>=2.2.0->rich>=12.0.0->twine)
Build Package	Install build dependencies	2026-05-03T17:56:38.2286630Z   Downloading mdurl-0.1.2-py3-none-any.whl.metadata (1.6 kB)
Build Package	Install build dependencies	2026-05-03T17:56:38.6988005Z Collecting cryptography>=2.0 (from SecretStorage>=3.2->keyring>=21.2.0->twine)
Build Package	Install build dependencies	2026-05-03T17:56:38.7181248Z   Downloading cryptography-47.0.0-cp311-abi3-manylinux_2_34_x86_64.whl.metadata (4.5 kB)
Build Package	Install build dependencies	2026-05-03T17:56:39.2225032Z Collecting cffi>=2.0.0 (from cryptography>=2.0->SecretStorage>=3.2->keyring>=21.2.0->twine)
Build Package	Install build dependencies	2026-05-03T17:56:39.2415694Z   Downloading cffi-2.0.0-cp313-cp313-manylinux2014_x86_64.manylinux_2_17_x86_64.whl.metadata (2.6 kB)
Build Package	Install build dependencies	2026-05-03T17:56:39.3089456Z Collecting pycparser (from cffi>=2.0.0->cryptography>=2.0->SecretStorage>=3.2->keyring>=21.2.0->twine)
Build Package	Install build dependencies	2026-05-03T17:56:39.3278390Z   Downloading pycparser-3.0-py3-none-any.whl.metadata (8.2 kB)
Build Package	Install build dependencies	2026-05-03T17:56:39.9599397Z Collecting more-itertools (from jaraco.classes->keyring>=21.2.0->twine)
Build Package	Install build dependencies	2026-05-03T17:56:39.9789374Z   Downloading more_itertools-11.0.2-py3-none-any.whl.metadata (41 kB)
Build Package	Install build dependencies	2026-05-03T17:56:40.0068020Z Downloading build-1.5.0-py3-none-any.whl (26 kB)
Build Package	Install build dependencies	2026-05-03T17:56:40.0288163Z Downloading twine-6.2.0-py3-none-any.whl (42 kB)
Build Package	Install build dependencies	2026-05-03T17:56:40.0527726Z Downloading keyring-25.7.0-py3-none-any.whl (39 kB)
Build Package	Install build dependencies	2026-05-03T17:56:40.0755285Z Downloading jeepney-0.9.0-py3-none-any.whl (49 kB)
Build Package	Install build dependencies	2026-05-03T17:56:40.0994008Z Downloading packaging-26.2-py3-none-any.whl (100 kB)
Build Package	Install build dependencies	2026-05-03T17:56:40.1380856Z Downloading readme_renderer-44.0-py3-none-any.whl (13 kB)
Build Package	Install build dependencies	2026-05-03T17:56:40.1591698Z Downloading docutils-0.22.4-py3-none-any.whl (633 kB)
Build Package	Install build dependencies	2026-05-03T17:56:40.2152901Z    ━━━━━━━━━━━━━━━━━━━━━━━━━━━━━━━━━━━━━━━━ 633.2/633.2 kB 11.3 MB/s  0:00:00
Build Package	Install build dependencies	2026-05-03T17:56:40.2346023Z Downloading nh3-0.3.5-cp38-abi3-manylinux_2_17_x86_64.manylinux2014_x86_64.whl (806 kB)
Build Package	Install build dependencies	2026-05-03T17:56:40.2592328Z    ━━━━━━━━━━━━━━━━━━━━━━━━━━━━━━━━━━━━━━━━ 807.0/807.0 kB 26.0 MB/s  0:00:00
Build Package	Install build dependencies	2026-05-03T17:56:40.2788117Z Downloading pygments-2.20.0-py3-none-any.whl (1.2 MB)
Build Package	Install build dependencies	2026-05-03T17:56:40.3031679Z    ━━━━━━━━━━━━━━━━━━━━━━━━━━━━━━━━━━━━━━━━ 1.2/1.2 MB 45.1 MB/s  0:00:00
Build Package	Install build dependencies	2026-05-03T17:56:40.3223858Z Downloading requests-2.33.1-py3-none-any.whl (64 kB)
Build Package	Install build dependencies	2026-05-03T17:56:40.3441971Z Downloading charset_normalizer-3.4.7-cp313-cp313-manylinux2014_x86_64.manylinux_2_17_x86_64.manylinux_2_28_x86_64.whl (215 kB)
Build Package	Install build dependencies	2026-05-03T17:56:40.3663077Z Downloading idna-3.13-py3-none-any.whl (68 kB)
Build Package	Install build dependencies	2026-05-03T17:56:40.3876346Z Downloading urllib3-2.6.3-py3-none-any.whl (131 kB)
Build Package	Install build dependencies	2026-05-03T17:56:40.4087710Z Downloading certifi-2026.4.22-py3-none-any.whl (135 kB)
Build Package	Install build dependencies	2026-05-03T17:56:40.4299856Z Downloading requests_toolbelt-1.0.0-py2.py3-none-any.whl (54 kB)
Build Package	Install build dependencies	2026-05-03T17:56:40.4511351Z Downloading rfc3986-2.0.0-py2.py3-none-any.whl (31 kB)
Build Package	Install build dependencies	2026-05-03T17:56:40.4731229Z Downloading rich-15.0.0-py3-none-any.whl (310 kB)
Build Package	Install build dependencies	2026-05-03T17:56:40.4948088Z Downloading markdown_it_py-4.0.0-py3-none-any.whl (87 kB)
Build Package	Install build dependencies	2026-05-03T17:56:40.5158063Z Downloading mdurl-0.1.2-py3-none-any.whl (10.0 kB)
Build Package	Install build dependencies	2026-05-03T17:56:40.5366171Z Downloading secretstorage-3.5.0-py3-none-any.whl (15 kB)
Build Package	Install build dependencies	2026-05-03T17:56:40.5579393Z Downloading cryptography-47.0.0-cp311-abi3-manylinux_2_34_x86_64.whl (4.7 MB)
Build Package	Install build dependencies	2026-05-03T17:56:40.6027615Z    ━━━━━━━━━━━━━━━━━━━━━━━━━━━━━━━━━━━━━━━━ 4.7/4.7 MB 105.2 MB/s  0:00:00
Build Package	Install build dependencies	2026-05-03T17:56:40.6218880Z Downloading cffi-2.0.0-cp313-cp313-manylinux2014_x86_64.manylinux_2_17_x86_64.whl (219 kB)
Build Package	Install build dependencies	2026-05-03T17:56:40.6432775Z Downloading id-1.6.1-py3-none-any.whl (14 kB)
Build Package	Install build dependencies	2026-05-03T17:56:40.6643330Z Downloading jaraco.classes-3.4.0-py3-none-any.whl (6.8 kB)
Build Package	Install build dependencies	2026-05-03T17:56:40.6855622Z Downloading jaraco_context-6.1.2-py3-none-any.whl (7.9 kB)
Build Package	Install build dependencies	2026-05-03T17:56:40.7067439Z Downloading jaraco_functools-4.4.0-py3-none-any.whl (10 kB)
Build Package	Install build dependencies	2026-05-03T17:56:40.7275728Z Downloading more_itertools-11.0.2-py3-none-any.whl (71 kB)
Build Package	Install build dependencies	2026-05-03T17:56:40.7485850Z Downloading pycparser-3.0-py3-none-any.whl (48 kB)
Build Package	Install build dependencies	2026-05-03T17:56:40.7697666Z Downloading pyproject_hooks-1.2.0-py3-none-any.whl (10 kB)
Build Package	Install build dependencies	2026-05-03T17:56:40.9180443Z Installing collected packages: urllib3, rfc3986, pyproject_hooks, Pygments, pycparser, packaging, nh3, more-itertools, mdurl, jeepney, jaraco.context, idna, docutils, charset_normalizer, certifi, requests, readme-renderer, markdown-it-py, jaraco.functools, jaraco.classes, id, cffi, build, rich, requests-toolbelt, cryptography, SecretStorage, keyring, twine
Build Package	Install build dependencies	2026-05-03T17:56:43.1327043Z 
Build Package	Install build dependencies	2026-05-03T17:56:43.1362048Z Successfully installed Pygments-2.20.0 SecretStorage-3.5.0 build-1.5.0 certifi-2026.4.22 cffi-2.0.0 charset_normalizer-3.4.7 cryptography-47.0.0 docutils-0.22.4 id-1.6.1 idna-3.13 jaraco.classes-3.4.0 jaraco.context-6.1.2 jaraco.functools-4.4.0 jeepney-0.9.0 keyring-25.7.0 markdown-it-py-4.0.0 mdurl-0.1.2 more-itertools-11.0.2 nh3-0.3.5 packaging-26.2 pycparser-3.0 pyproject_hooks-1.2.0 readme-renderer-44.0 requests-2.33.1 requests-toolbelt-1.0.0 rfc3986-2.0.0 rich-15.0.0 twine-6.2.0 urllib3-2.6.3
Build Package	Build package	﻿2026-05-03T17:56:43.2082963Z ##[group]Run python -m build
Build Package	Build package	2026-05-03T17:56:43.2083275Z [36;1mpython -m build[0m
Build Package	Build package	2026-05-03T17:56:43.2106174Z shell: /usr/bin/bash -e {0}
Build Package	Build package	2026-05-03T17:56:43.2106403Z env:
Build Package	Build package	2026-05-03T17:56:43.2106647Z   pythonLocation: /opt/hostedtoolcache/Python/3.13.13/x64
Build Package	Build package	2026-05-03T17:56:43.2107219Z   PKG_CONFIG_PATH: /opt/hostedtoolcache/Python/3.13.13/x64/lib/pkgconfig
Build Package	Build package	2026-05-03T17:56:43.2107633Z   Python_ROOT_DIR: /opt/hostedtoolcache/Python/3.13.13/x64
Build Package	Build package	2026-05-03T17:56:43.2108000Z   Python2_ROOT_DIR: /opt/hostedtoolcache/Python/3.13.13/x64
Build Package	Build package	2026-05-03T17:56:43.2108359Z   Python3_ROOT_DIR: /opt/hostedtoolcache/Python/3.13.13/x64
Build Package	Build package	2026-05-03T17:56:43.2108712Z   LD_LIBRARY_PATH: /opt/hostedtoolcache/Python/3.13.13/x64/lib
Build Package	Build package	2026-05-03T17:56:43.2109001Z ##[endgroup]
Build Package	Build package	2026-05-03T17:56:43.3383062Z * Creating isolated environment: venv+pip...
Build Package	Build package	2026-05-03T17:56:43.4053877Z * Installing packages in isolated environment:
Build Package	Build package	2026-05-03T17:56:43.4054612Z   - setuptools>=61.0
Build Package	Build package	2026-05-03T17:56:43.4054983Z   - wheel
Build Package	Build package	2026-05-03T17:56:45.1444851Z * Getting build dependencies for sdist...
Build Package	Build package	2026-05-03T17:56:45.5502449Z /tmp/build-env-qdaak0ad/lib/python3.13/site-packages/setuptools/config/_apply_pyprojecttoml.py:82: SetuptoolsDeprecationWarning: `project.license` as a TOML table is deprecated
Build Package	Build package	2026-05-03T17:56:45.5504019Z !!
Build Package	Build package	2026-05-03T17:56:45.5504195Z 
Build Package	Build package	2026-05-03T17:56:45.5504406Z         ********************************************************************************
Build Package	Build package	2026-05-03T17:56:45.5506098Z         Please use a simple string containing a SPDX expression for `project.license`. You can also use `project.license-files`. (Both options available on setuptools>=77.0.0).
Build Package	Build package	2026-05-03T17:56:45.5507251Z 
Build Package	Build package	2026-05-03T17:56:45.5507631Z         By 2027-Feb-18, you need to update your project and remove deprecated calls
Build Package	Build package	2026-05-03T17:56:45.5508462Z         or your builds will no longer be supported.
Build Package	Build package	2026-05-03T17:56:45.5508834Z 
Build Package	Build package	2026-05-03T17:56:45.5509378Z         See https://packaging.python.org/en/latest/guides/writing-pyproject-toml/#license for details.
Build Package	Build package	2026-05-03T17:56:45.5510300Z         ********************************************************************************
Build Package	Build package	2026-05-03T17:56:45.5510709Z 
Build Package	Build package	2026-05-03T17:56:45.5510819Z !!
Build Package	Build package	2026-05-03T17:56:45.5511108Z   corresp(dist, value, root_dir)
Build Package	Build package	2026-05-03T17:56:45.5512617Z /tmp/build-env-qdaak0ad/lib/python3.13/site-packages/setuptools/config/expand.py:128: SetuptoolsWarning: File '/home/runner/work/lino-objects-codec/lino-objects-codec/python/LICENSE' cannot be found
Build Package	Build package	2026-05-03T17:56:45.5514228Z   for path in _filter_existing_files(_filepaths)
Build Package	Build package	2026-05-03T17:56:45.6539847Z running egg_info
Build Package	Build package	2026-05-03T17:56:45.6556152Z creating src/lino_objects_codec.egg-info
Build Package	Build package	2026-05-03T17:56:45.6557167Z writing src/lino_objects_codec.egg-info/PKG-INFO
Build Package	Build package	2026-05-03T17:56:45.6565961Z writing dependency_links to src/lino_objects_codec.egg-info/dependency_links.txt
Build Package	Build package	2026-05-03T17:56:45.6570352Z writing requirements to src/lino_objects_codec.egg-info/requires.txt
Build Package	Build package	2026-05-03T17:56:45.6571578Z writing top-level names to src/lino_objects_codec.egg-info/top_level.txt
Build Package	Build package	2026-05-03T17:56:45.6573058Z writing manifest file 'src/lino_objects_codec.egg-info/SOURCES.txt'
Build Package	Build package	2026-05-03T17:56:45.6621493Z reading manifest file 'src/lino_objects_codec.egg-info/SOURCES.txt'
Build Package	Build package	2026-05-03T17:56:45.6630217Z writing manifest file 'src/lino_objects_codec.egg-info/SOURCES.txt'
Build Package	Build package	2026-05-03T17:56:45.6877654Z * Building sdist...
Build Package	Build package	2026-05-03T17:56:45.8223302Z /tmp/build-env-qdaak0ad/lib/python3.13/site-packages/setuptools/config/_apply_pyprojecttoml.py:82: SetuptoolsDeprecationWarning: `project.license` as a TOML table is deprecated
Build Package	Build package	2026-05-03T17:56:45.8225076Z !!
Build Package	Build package	2026-05-03T17:56:45.8225266Z 
Build Package	Build package	2026-05-03T17:56:45.8225437Z         ********************************************************************************
Build Package	Build package	2026-05-03T17:56:45.8226929Z         Please use a simple string containing a SPDX expression for `project.license`. You can also use `project.license-files`. (Both options available on setuptools>=77.0.0).
Build Package	Build package	2026-05-03T17:56:45.8227804Z 
Build Package	Build package	2026-05-03T17:56:45.8228071Z         By 2027-Feb-18, you need to update your project and remove deprecated calls
Build Package	Build package	2026-05-03T17:56:45.8229624Z         or your builds will no longer be supported.
Build Package	Build package	2026-05-03T17:56:45.8230094Z 
Build Package	Build package	2026-05-03T17:56:45.8231093Z         See https://packaging.python.org/en/latest/guides/writing-pyproject-toml/#license for details.
Build Package	Build package	2026-05-03T17:56:45.8232006Z         ********************************************************************************
Build Package	Build package	2026-05-03T17:56:45.8232319Z 
Build Package	Build package	2026-05-03T17:56:45.8232413Z !!
Build Package	Build package	2026-05-03T17:56:45.8232636Z   corresp(dist, value, root_dir)
Build Package	Build package	2026-05-03T17:56:45.8233792Z /tmp/build-env-qdaak0ad/lib/python3.13/site-packages/setuptools/config/expand.py:128: SetuptoolsWarning: File '/home/runner/work/lino-objects-codec/lino-objects-codec/python/LICENSE' cannot be found
Build Package	Build package	2026-05-03T17:56:45.8235006Z   for path in _filter_existing_files(_filepaths)
Build Package	Build package	2026-05-03T17:56:45.8421315Z running sdist
Build Package	Build package	2026-05-03T17:56:45.8422536Z running egg_info
Build Package	Build package	2026-05-03T17:56:45.8471655Z writing src/lino_objects_codec.egg-info/PKG-INFO
Build Package	Build package	2026-05-03T17:56:45.8481038Z writing dependency_links to src/lino_objects_codec.egg-info/dependency_links.txt
Build Package	Build package	2026-05-03T17:56:45.8485126Z writing requirements to src/lino_objects_codec.egg-info/requires.txt
Build Package	Build package	2026-05-03T17:56:45.8487005Z writing top-level names to src/lino_objects_codec.egg-info/top_level.txt
Build Package	Build package	2026-05-03T17:56:45.8533933Z reading manifest file 'src/lino_objects_codec.egg-info/SOURCES.txt'
Build Package	Build package	2026-05-03T17:56:45.8544576Z writing manifest file 'src/lino_objects_codec.egg-info/SOURCES.txt'
Build Package	Build package	2026-05-03T17:56:45.8546928Z running check
Build Package	Build package	2026-05-03T17:56:45.8577050Z creating lino_objects_codec-0.2.0
Build Package	Build package	2026-05-03T17:56:45.8579882Z creating lino_objects_codec-0.2.0/src/link_notation_objects_codec
Build Package	Build package	2026-05-03T17:56:45.8582178Z creating lino_objects_codec-0.2.0/src/lino_objects_codec.egg-info
Build Package	Build package	2026-05-03T17:56:45.8583457Z creating lino_objects_codec-0.2.0/tests
Build Package	Build package	2026-05-03T17:56:45.8584565Z copying files to lino_objects_codec-0.2.0...
Build Package	Build package	2026-05-03T17:56:45.8585801Z copying README.md -> lino_objects_codec-0.2.0
Build Package	Build package	2026-05-03T17:56:45.8588342Z copying pyproject.toml -> lino_objects_codec-0.2.0
Build Package	Build package	2026-05-03T17:56:45.8590347Z copying src/link_notation_objects_codec/__init__.py -> lino_objects_codec-0.2.0/src/link_notation_objects_codec
Build Package	Build package	2026-05-03T17:56:45.8592214Z copying src/link_notation_objects_codec/codec.py -> lino_objects_codec-0.2.0/src/link_notation_objects_codec
Build Package	Build package	2026-05-03T17:56:45.8594131Z copying src/link_notation_objects_codec/format.py -> lino_objects_codec-0.2.0/src/link_notation_objects_codec
Build Package	Build package	2026-05-03T17:56:45.8596075Z copying src/lino_objects_codec.egg-info/PKG-INFO -> lino_objects_codec-0.2.0/src/lino_objects_codec.egg-info
Build Package	Build package	2026-05-03T17:56:45.8597841Z copying src/lino_objects_codec.egg-info/SOURCES.txt -> lino_objects_codec-0.2.0/src/lino_objects_codec.egg-info
Build Package	Build package	2026-05-03T17:56:45.8599851Z copying src/lino_objects_codec.egg-info/dependency_links.txt -> lino_objects_codec-0.2.0/src/lino_objects_codec.egg-info
Build Package	Build package	2026-05-03T17:56:45.8601412Z copying src/lino_objects_codec.egg-info/requires.txt -> lino_objects_codec-0.2.0/src/lino_objects_codec.egg-info
Build Package	Build package	2026-05-03T17:56:45.8603347Z copying src/lino_objects_codec.egg-info/top_level.txt -> lino_objects_codec-0.2.0/src/lino_objects_codec.egg-info
Build Package	Build package	2026-05-03T17:56:45.8604741Z copying tests/test_basic_types.py -> lino_objects_codec-0.2.0/tests
Build Package	Build package	2026-05-03T17:56:45.8606858Z copying tests/test_circular_references.py -> lino_objects_codec-0.2.0/tests
Build Package	Build package	2026-05-03T17:56:45.8608650Z copying tests/test_collections.py -> lino_objects_codec-0.2.0/tests
Build Package	Build package	2026-05-03T17:56:45.8610427Z copying tests/test_format.py -> lino_objects_codec-0.2.0/tests
Build Package	Build package	2026-05-03T17:56:45.8612441Z copying src/lino_objects_codec.egg-info/SOURCES.txt -> lino_objects_codec-0.2.0/src/lino_objects_codec.egg-info
Build Package	Build package	2026-05-03T17:56:45.8621335Z Writing lino_objects_codec-0.2.0/setup.cfg
Build Package	Build package	2026-05-03T17:56:45.8623644Z Creating tar archive
Build Package	Build package	2026-05-03T17:56:45.8714867Z removing 'lino_objects_codec-0.2.0' (and everything under it)
Build Package	Build package	2026-05-03T17:56:45.9156455Z * Building wheel from sdist
Build Package	Build package	2026-05-03T17:56:45.9367213Z * Creating isolated environment: venv+pip...
Build Package	Build package	2026-05-03T17:56:45.9389752Z * Installing packages in isolated environment:
Build Package	Build package	2026-05-03T17:56:45.9390300Z   - setuptools>=61.0
Build Package	Build package	2026-05-03T17:56:45.9390642Z   - wheel
Build Package	Build package	2026-05-03T17:56:47.1567826Z * Getting build dependencies for wheel...
Build Package	Build package	2026-05-03T17:56:47.4973734Z /tmp/build-env-l5808_cv/lib/python3.13/site-packages/setuptools/config/_apply_pyprojecttoml.py:82: SetuptoolsDeprecationWarning: `project.license` as a TOML table is deprecated
Build Package	Build package	2026-05-03T17:56:47.4975149Z !!
Build Package	Build package	2026-05-03T17:56:47.4975300Z 
Build Package	Build package	2026-05-03T17:56:47.4975504Z         ********************************************************************************
Build Package	Build package	2026-05-03T17:56:47.4977086Z         Please use a simple string containing a SPDX expression for `project.license`. You can also use `project.license-files`. (Both options available on setuptools>=77.0.0).
Build Package	Build package	2026-05-03T17:56:47.4977794Z 
Build Package	Build package	2026-05-03T17:56:47.4978007Z         By 2027-Feb-18, you need to update your project and remove deprecated calls
Build Package	Build package	2026-05-03T17:56:47.4978483Z         or your builds will no longer be supported.
Build Package	Build package	2026-05-03T17:56:47.4978699Z 
Build Package	Build package	2026-05-03T17:56:47.4979040Z         See https://packaging.python.org/en/latest/guides/writing-pyproject-toml/#license for details.
Build Package	Build package	2026-05-03T17:56:47.4979715Z         ********************************************************************************
Build Package	Build package	2026-05-03T17:56:47.4979965Z 
Build Package	Build package	2026-05-03T17:56:47.4980037Z !!
Build Package	Build package	2026-05-03T17:56:47.4980221Z   corresp(dist, value, root_dir)
Build Package	Build package	2026-05-03T17:56:47.4981095Z /tmp/build-env-l5808_cv/lib/python3.13/site-packages/setuptools/config/expand.py:128: SetuptoolsWarning: File '/tmp/build-via-sdist-08an3ssk/lino_objects_codec-0.2.0/LICENSE' cannot be found
Build Package	Build package	2026-05-03T17:56:47.4982027Z   for path in _filter_existing_files(_filepaths)
Build Package	Build package	2026-05-03T17:56:47.5935472Z running egg_info
Build Package	Build package	2026-05-03T17:56:47.5952293Z writing src/lino_objects_codec.egg-info/PKG-INFO
Build Package	Build package	2026-05-03T17:56:47.5962219Z writing dependency_links to src/lino_objects_codec.egg-info/dependency_links.txt
Build Package	Build package	2026-05-03T17:56:47.5967648Z writing requirements to src/lino_objects_codec.egg-info/requires.txt
Build Package	Build package	2026-05-03T17:56:47.5968874Z writing top-level names to src/lino_objects_codec.egg-info/top_level.txt
Build Package	Build package	2026-05-03T17:56:47.6018587Z reading manifest file 'src/lino_objects_codec.egg-info/SOURCES.txt'
Build Package	Build package	2026-05-03T17:56:47.6029438Z writing manifest file 'src/lino_objects_codec.egg-info/SOURCES.txt'
Build Package	Build package	2026-05-03T17:56:47.6257340Z * Building wheel...
Build Package	Build package	2026-05-03T17:56:47.7586869Z /tmp/build-env-l5808_cv/lib/python3.13/site-packages/setuptools/config/_apply_pyprojecttoml.py:82: SetuptoolsDeprecationWarning: `project.license` as a TOML table is deprecated
Build Package	Build package	2026-05-03T17:56:47.7588141Z !!
Build Package	Build package	2026-05-03T17:56:47.7588258Z 
Build Package	Build package	2026-05-03T17:56:47.7588417Z         ********************************************************************************
Build Package	Build package	2026-05-03T17:56:47.7589428Z         Please use a simple string containing a SPDX expression for `project.license`. You can also use `project.license-files`. (Both options available on setuptools>=77.0.0).
Build Package	Build package	2026-05-03T17:56:47.7590267Z 
Build Package	Build package	2026-05-03T17:56:47.7590521Z         By 2027-Feb-18, you need to update your project and remove deprecated calls
Build Package	Build package	2026-05-03T17:56:47.7591044Z         or your builds will no longer be supported.
Build Package	Build package	2026-05-03T17:56:47.7591318Z 
Build Package	Build package	2026-05-03T17:56:47.7591717Z         See https://packaging.python.org/en/latest/guides/writing-pyproject-toml/#license for details.
Build Package	Build package	2026-05-03T17:56:47.7592464Z         ********************************************************************************
Build Package	Build package	2026-05-03T17:56:47.7592798Z 
Build Package	Build package	2026-05-03T17:56:47.7592889Z !!
Build Package	Build package	2026-05-03T17:56:47.7593135Z   corresp(dist, value, root_dir)
Build Package	Build package	2026-05-03T17:56:47.7594283Z /tmp/build-env-l5808_cv/lib/python3.13/site-packages/setuptools/config/expand.py:128: SetuptoolsWarning: File '/tmp/build-via-sdist-08an3ssk/lino_objects_codec-0.2.0/LICENSE' cannot be found
Build Package	Build package	2026-05-03T17:56:47.7595509Z   for path in _filter_existing_files(_filepaths)
Build Package	Build package	2026-05-03T17:56:47.7773713Z running bdist_wheel
Build Package	Build package	2026-05-03T17:56:47.7858327Z running build
Build Package	Build package	2026-05-03T17:56:47.7859100Z running build_py
Build Package	Build package	2026-05-03T17:56:47.7876592Z creating build/lib/link_notation_objects_codec
Build Package	Build package	2026-05-03T17:56:47.7879951Z copying src/link_notation_objects_codec/codec.py -> build/lib/link_notation_objects_codec
Build Package	Build package	2026-05-03T17:56:47.7882262Z copying src/link_notation_objects_codec/format.py -> build/lib/link_notation_objects_codec
Build Package	Build package	2026-05-03T17:56:47.7885007Z copying src/link_notation_objects_codec/__init__.py -> build/lib/link_notation_objects_codec
Build Package	Build package	2026-05-03T17:56:47.7886130Z running egg_info
Build Package	Build package	2026-05-03T17:56:47.7901027Z writing src/lino_objects_codec.egg-info/PKG-INFO
Build Package	Build package	2026-05-03T17:56:47.7910214Z writing dependency_links to src/lino_objects_codec.egg-info/dependency_links.txt
Build Package	Build package	2026-05-03T17:56:47.7915520Z writing requirements to src/lino_objects_codec.egg-info/requires.txt
Build Package	Build package	2026-05-03T17:56:47.7917170Z writing top-level names to src/lino_objects_codec.egg-info/top_level.txt
Build Package	Build package	2026-05-03T17:56:47.7939209Z reading manifest file 'src/lino_objects_codec.egg-info/SOURCES.txt'
Build Package	Build package	2026-05-03T17:56:47.7950561Z writing manifest file 'src/lino_objects_codec.egg-info/SOURCES.txt'
Build Package	Build package	2026-05-03T17:56:47.7980458Z installing to build/bdist.linux-x86_64/wheel
Build Package	Build package	2026-05-03T17:56:47.7980980Z running install
Build Package	Build package	2026-05-03T17:56:47.8052189Z running install_lib
Build Package	Build package	2026-05-03T17:56:47.8066769Z creating build/bdist.linux-x86_64/wheel
Build Package	Build package	2026-05-03T17:56:47.8069688Z creating build/bdist.linux-x86_64/wheel/link_notation_objects_codec
Build Package	Build package	2026-05-03T17:56:47.8071267Z copying build/lib/link_notation_objects_codec/codec.py -> build/bdist.linux-x86_64/wheel/./link_notation_objects_codec
Build Package	Build package	2026-05-03T17:56:47.8073359Z copying build/lib/link_notation_objects_codec/format.py -> build/bdist.linux-x86_64/wheel/./link_notation_objects_codec
Build Package	Build package	2026-05-03T17:56:47.8075199Z copying build/lib/link_notation_objects_codec/__init__.py -> build/bdist.linux-x86_64/wheel/./link_notation_objects_codec
Build Package	Build package	2026-05-03T17:56:47.8076630Z running install_egg_info
Build Package	Build package	2026-05-03T17:56:47.8091432Z Copying src/lino_objects_codec.egg-info to build/bdist.linux-x86_64/wheel/./lino_objects_codec-0.2.0-py3.13.egg-info
Build Package	Build package	2026-05-03T17:56:47.8099226Z running install_scripts
Build Package	Build package	2026-05-03T17:56:47.8107723Z creating build/bdist.linux-x86_64/wheel/lino_objects_codec-0.2.0.dist-info/WHEEL
Build Package	Build package	2026-05-03T17:56:47.8113062Z creating '/home/runner/work/lino-objects-codec/lino-objects-codec/python/dist/.tmp-ff7vgf3e/lino_objects_codec-0.2.0-py3-none-any.whl' and adding 'build/bdist.linux-x86_64/wheel' to it
Build Package	Build package	2026-05-03T17:56:47.8116238Z adding 'link_notation_objects_codec/__init__.py'
Build Package	Build package	2026-05-03T17:56:47.8123002Z adding 'link_notation_objects_codec/codec.py'
Build Package	Build package	2026-05-03T17:56:47.8127136Z adding 'link_notation_objects_codec/format.py'
Build Package	Build package	2026-05-03T17:56:47.8132086Z adding 'lino_objects_codec-0.2.0.dist-info/METADATA'
Build Package	Build package	2026-05-03T17:56:47.8133300Z adding 'lino_objects_codec-0.2.0.dist-info/WHEEL'
Build Package	Build package	2026-05-03T17:56:47.8135651Z adding 'lino_objects_codec-0.2.0.dist-info/top_level.txt'
Build Package	Build package	2026-05-03T17:56:47.8137812Z adding 'lino_objects_codec-0.2.0.dist-info/RECORD'
Build Package	Build package	2026-05-03T17:56:47.8138635Z removing build/bdist.linux-x86_64/wheel
Build Package	Build package	2026-05-03T17:56:47.8513929Z Successfully built lino_objects_codec-0.2.0.tar.gz and lino_objects_codec-0.2.0-py3-none-any.whl
Build Package	Check package	﻿2026-05-03T17:56:47.8700387Z ##[group]Run twine check dist/*
Build Package	Check package	2026-05-03T17:56:47.8700699Z [36;1mtwine check dist/*[0m
Build Package	Check package	2026-05-03T17:56:47.8722277Z shell: /usr/bin/bash -e {0}
Build Package	Check package	2026-05-03T17:56:47.8722505Z env:
Build Package	Check package	2026-05-03T17:56:47.8722755Z   pythonLocation: /opt/hostedtoolcache/Python/3.13.13/x64
Build Package	Check package	2026-05-03T17:56:47.8723166Z   PKG_CONFIG_PATH: /opt/hostedtoolcache/Python/3.13.13/x64/lib/pkgconfig
Build Package	Check package	2026-05-03T17:56:47.8723572Z   Python_ROOT_DIR: /opt/hostedtoolcache/Python/3.13.13/x64
Build Package	Check package	2026-05-03T17:56:47.8723924Z   Python2_ROOT_DIR: /opt/hostedtoolcache/Python/3.13.13/x64
Build Package	Check package	2026-05-03T17:56:47.8724266Z   Python3_ROOT_DIR: /opt/hostedtoolcache/Python/3.13.13/x64
Build Package	Check package	2026-05-03T17:56:47.8724624Z   LD_LIBRARY_PATH: /opt/hostedtoolcache/Python/3.13.13/x64/lib
Build Package	Check package	2026-05-03T17:56:47.8724915Z ##[endgroup]
Build Package	Check package	2026-05-03T17:56:49.4144681Z Checking dist/lino_objects_codec-0.2.0-py3-none-any.whl: [32mPASSED[0m
Build Package	Check package	2026-05-03T17:56:49.4182983Z Checking dist/lino_objects_codec-0.2.0.tar.gz: [32mPASSED[0m
Build Package	Upload artifacts	﻿2026-05-03T17:56:49.4542571Z ##[group]Run actions/upload-artifact@v4
Build Package	Upload artifacts	2026-05-03T17:56:49.4542859Z with:
Build Package	Upload artifacts	2026-05-03T17:56:49.4543185Z   name: dist
Build Package	Upload artifacts	2026-05-03T17:56:49.4543354Z   path: python/dist/
Build Package	Upload artifacts	2026-05-03T17:56:49.4543544Z   if-no-files-found: warn
Build Package	Upload artifacts	2026-05-03T17:56:49.4543751Z   compression-level: 6
Build Package	Upload artifacts	2026-05-03T17:56:49.4543932Z   overwrite: false
Build Package	Upload artifacts	2026-05-03T17:56:49.4544117Z   include-hidden-files: false
Build Package	Upload artifacts	2026-05-03T17:56:49.4544315Z env:
Build Package	Upload artifacts	2026-05-03T17:56:49.4544544Z   pythonLocation: /opt/hostedtoolcache/Python/3.13.13/x64
Build Package	Upload artifacts	2026-05-03T17:56:49.4544942Z   PKG_CONFIG_PATH: /opt/hostedtoolcache/Python/3.13.13/x64/lib/pkgconfig
Build Package	Upload artifacts	2026-05-03T17:56:49.4545357Z   Python_ROOT_DIR: /opt/hostedtoolcache/Python/3.13.13/x64
Build Package	Upload artifacts	2026-05-03T17:56:49.4546135Z   Python2_ROOT_DIR: /opt/hostedtoolcache/Python/3.13.13/x64
Build Package	Upload artifacts	2026-05-03T17:56:49.4546537Z   Python3_ROOT_DIR: /opt/hostedtoolcache/Python/3.13.13/x64
Build Package	Upload artifacts	2026-05-03T17:56:49.4546891Z   LD_LIBRARY_PATH: /opt/hostedtoolcache/Python/3.13.13/x64/lib
Build Package	Upload artifacts	2026-05-03T17:56:49.4547174Z ##[endgroup]
Build Package	Upload artifacts	2026-05-03T17:56:49.6726682Z With the provided path, there will be 2 files uploaded
Build Package	Upload artifacts	2026-05-03T17:56:49.6727494Z Artifact name is valid!
Build Package	Upload artifacts	2026-05-03T17:56:49.6727859Z Root directory input is valid!
Build Package	Upload artifacts	2026-05-03T17:56:49.9074666Z Beginning upload of artifact content to blob storage
Build Package	Upload artifacts	2026-05-03T17:56:50.1754015Z Uploaded bytes 29510
Build Package	Upload artifacts	2026-05-03T17:56:50.2330573Z Finished uploading artifact content to blob storage!
Build Package	Upload artifacts	2026-05-03T17:56:50.2334118Z SHA256 digest of uploaded artifact zip is 88612f4402ccee49406b1420eca4c7d83dda17cea00950d41c5dbec4e1c5639a
Build Package	Upload artifacts	2026-05-03T17:56:50.2335521Z Finalizing artifact upload
Build Package	Upload artifacts	2026-05-03T17:56:50.3836941Z Artifact dist.zip successfully finalized. Artifact ID 6772625043
Build Package	Upload artifacts	2026-05-03T17:56:50.3838070Z Artifact dist has been successfully uploaded! Final size is 29510 bytes. Artifact ID is 6772625043
Build Package	Upload artifacts	2026-05-03T17:56:50.3845013Z Artifact download URL: https://github.com/link-foundation/lino-objects-codec/actions/runs/25286485829/artifacts/6772625043
Build Package	Post Setup Python	﻿2026-05-03T17:56:50.3977862Z Post job cleanup.
Build Package	Post Run actions/checkout@v4	﻿2026-05-03T17:56:50.5624988Z Post job cleanup.
Build Package	Post Run actions/checkout@v4	2026-05-03T17:56:50.6594231Z [command]/usr/bin/git version
Build Package	Post Run actions/checkout@v4	2026-05-03T17:56:50.6631099Z git version 2.53.0
Build Package	Post Run actions/checkout@v4	2026-05-03T17:56:50.6681647Z Temporarily overriding HOME='/home/runner/work/_temp/4b61949a-8985-42ab-a5fb-a76b6f94d77a' before making global git config changes
Build Package	Post Run actions/checkout@v4	2026-05-03T17:56:50.6683070Z Adding repository directory to the temporary git global config as a safe directory
Build Package	Post Run actions/checkout@v4	2026-05-03T17:56:50.6688131Z [command]/usr/bin/git config --global --add safe.directory /home/runner/work/lino-objects-codec/lino-objects-codec
Build Package	Post Run actions/checkout@v4	2026-05-03T17:56:50.6722129Z [command]/usr/bin/git config --local --name-only --get-regexp core\.sshCommand
Build Package	Post Run actions/checkout@v4	2026-05-03T17:56:50.6754559Z [command]/usr/bin/git submodule foreach --recursive sh -c "git config --local --name-only --get-regexp 'core\.sshCommand' && git config --local --unset-all 'core.sshCommand' || :"
Build Package	Post Run actions/checkout@v4	2026-05-03T17:56:50.6981800Z [command]/usr/bin/git config --local --name-only --get-regexp http\.https\:\/\/github\.com\/\.extraheader
Build Package	Post Run actions/checkout@v4	2026-05-03T17:56:50.7008237Z http.https://github.com/.extraheader
Build Package	Post Run actions/checkout@v4	2026-05-03T17:56:50.7024361Z [command]/usr/bin/git config --local --unset-all http.https://github.com/.extraheader
Build Package	Post Run actions/checkout@v4	2026-05-03T17:56:50.7057097Z [command]/usr/bin/git submodule foreach --recursive sh -c "git config --local --name-only --get-regexp 'http\.https\:\/\/github\.com\/\.extraheader' && git config --local --unset-all 'http.https://github.com/.extraheader' || :"
Build Package	Post Run actions/checkout@v4	2026-05-03T17:56:50.7291013Z [command]/usr/bin/git config --local --name-only --get-regexp ^includeIf\.gitdir:
Build Package	Post Run actions/checkout@v4	2026-05-03T17:56:50.7324409Z [command]/usr/bin/git submodule foreach --recursive git config --local --show-origin --name-only --get-regexp remote.origin.url
Build Package	Complete job	﻿2026-05-03T17:56:50.7672507Z Cleaning up orphan processes
Build Package	Complete job	2026-05-03T17:56:50.7958960Z ##[warning]Node.js 20 actions are deprecated. The following actions are running on Node.js 20 and may not work as expected: actions/checkout@v4, actions/setup-python@v5, actions/upload-artifact@v4. Actions will be forced to run with Node.js 24 by default starting June 2nd, 2026. Node.js 20 will be removed from the runner on September 16th, 2026. Please check if updated versions of these actions are available that support Node.js 24. To opt into Node.js 24 now, set the FORCE_JAVASCRIPT_ACTIONS_TO_NODE24=true environment variable on the runner or in your workflow file. Once Node.js 24 becomes the default, you can temporarily opt out by setting ACTIONS_ALLOW_USE_UNSECURE_NODE_VERSION=true. For more information see: https://github.blog/changelog/2025-09-19-deprecation-of-node-20-on-github-actions-runners/
Auto Release	Set up job	﻿2026-05-03T17:56:56.0180394Z Current runner version: '2.334.0'
Auto Release	Set up job	2026-05-03T17:56:56.0218040Z ##[group]Runner Image Provisioner
Auto Release	Set up job	2026-05-03T17:56:56.0219287Z Hosted Compute Agent
Auto Release	Set up job	2026-05-03T17:56:56.0220109Z Version: 20260213.493
Auto Release	Set up job	2026-05-03T17:56:56.0221092Z Commit: 5c115507f6dd24b8de37d8bbe0bb4509d0cc0fa3
Auto Release	Set up job	2026-05-03T17:56:56.0222252Z Build Date: 2026-02-13T00:28:41Z
Auto Release	Set up job	2026-05-03T17:56:56.0223401Z Worker ID: {0ddf2134-afd6-4722-b68a-08aa0020955d}
Auto Release	Set up job	2026-05-03T17:56:56.0224714Z Azure Region: eastus2
Auto Release	Set up job	2026-05-03T17:56:56.0225659Z ##[endgroup]
Auto Release	Set up job	2026-05-03T17:56:56.0229363Z ##[group]Operating System
Auto Release	Set up job	2026-05-03T17:56:56.0230313Z Ubuntu
Auto Release	Set up job	2026-05-03T17:56:56.0231220Z 24.04.4
Auto Release	Set up job	2026-05-03T17:56:56.0231926Z LTS
Auto Release	Set up job	2026-05-03T17:56:56.0232700Z ##[endgroup]
Auto Release	Set up job	2026-05-03T17:56:56.0233672Z ##[group]Runner Image
Auto Release	Set up job	2026-05-03T17:56:56.0234716Z Image: ubuntu-24.04
Auto Release	Set up job	2026-05-03T17:56:56.0235595Z Version: 20260413.86.1
Auto Release	Set up job	2026-05-03T17:56:56.0237740Z Included Software: https://github.com/actions/runner-images/blob/ubuntu24/20260413.86/images/ubuntu/Ubuntu2404-Readme.md
Auto Release	Set up job	2026-05-03T17:56:56.0240670Z Image Release: https://github.com/actions/runner-images/releases/tag/ubuntu24%2F20260413.86
Auto Release	Set up job	2026-05-03T17:56:56.0242519Z ##[endgroup]
Auto Release	Set up job	2026-05-03T17:56:56.0244281Z ##[group]GITHUB_TOKEN Permissions
Auto Release	Set up job	2026-05-03T17:56:56.0247813Z Contents: write
Auto Release	Set up job	2026-05-03T17:56:56.0248736Z Metadata: read
Auto Release	Set up job	2026-05-03T17:56:56.0249547Z ##[endgroup]
Auto Release	Set up job	2026-05-03T17:56:56.0252432Z Secret source: Actions
Auto Release	Set up job	2026-05-03T17:56:56.0254025Z Prepare workflow directory
Auto Release	Set up job	2026-05-03T17:56:56.0737910Z Prepare all required actions
Auto Release	Set up job	2026-05-03T17:56:56.0793914Z Getting action download info
Auto Release	Set up job	2026-05-03T17:56:56.4190787Z Download action repository 'actions/checkout@v4' (SHA:34e114876b0b11c390a56381ad16ebd13914f8d5)
Auto Release	Set up job	2026-05-03T17:56:56.5598854Z Download action repository 'actions/setup-python@v5' (SHA:a26af69be951a213d495a4c3e4e4022e16d87065)
Auto Release	Set up job	2026-05-03T17:56:56.6391926Z Download action repository 'actions/download-artifact@v4' (SHA:d3f86a106a0bac45b974a628896c90dbdf5c8093)
Auto Release	Set up job	2026-05-03T17:56:56.8565660Z Download action repository 'pypa/gh-action-pypi-publish@release/v1' (SHA:cef221092ed1bacb1cc03d23a2d87d1d172e277b)
Auto Release	Set up job	2026-05-03T17:56:57.0814133Z Getting action download info
Auto Release	Set up job	2026-05-03T17:56:57.1853509Z Download action repository 'actions/setup-python@a26af69be951a213d495a4c3e4e4022e16d87065' (SHA:a26af69be951a213d495a4c3e4e4022e16d87065)
Auto Release	Set up job	2026-05-03T17:56:57.3171802Z Complete job name: Auto Release
Auto Release	Run actions/checkout@v4	﻿2026-05-03T17:56:57.4074276Z ##[group]Run actions/checkout@v4
Auto Release	Run actions/checkout@v4	2026-05-03T17:56:57.4075573Z with:
Auto Release	Run actions/checkout@v4	2026-05-03T17:56:57.4076256Z   fetch-depth: 0
Auto Release	Run actions/checkout@v4	2026-05-03T17:56:57.4077423Z   repository: link-foundation/lino-objects-codec
Auto Release	Run actions/checkout@v4	2026-05-03T17:56:57.4078819Z   token: ***
Auto Release	Run actions/checkout@v4	2026-05-03T17:56:57.4079524Z   ssh-strict: true
Auto Release	Run actions/checkout@v4	2026-05-03T17:56:57.4080281Z   ssh-user: git
Auto Release	Run actions/checkout@v4	2026-05-03T17:56:57.4081039Z   persist-credentials: true
Auto Release	Run actions/checkout@v4	2026-05-03T17:56:57.4081888Z   clean: true
Auto Release	Run actions/checkout@v4	2026-05-03T17:56:57.4082637Z   sparse-checkout-cone-mode: true
Auto Release	Run actions/checkout@v4	2026-05-03T17:56:57.4083549Z   fetch-tags: false
Auto Release	Run actions/checkout@v4	2026-05-03T17:56:57.4084348Z   show-progress: true
Auto Release	Run actions/checkout@v4	2026-05-03T17:56:57.4085096Z   lfs: false
Auto Release	Run actions/checkout@v4	2026-05-03T17:56:57.4085809Z   submodules: false
Auto Release	Run actions/checkout@v4	2026-05-03T17:56:57.4086731Z   set-safe-directory: true
Auto Release	Run actions/checkout@v4	2026-05-03T17:56:57.4087860Z ##[endgroup]
Auto Release	Run actions/checkout@v4	2026-05-03T17:56:57.5234013Z Syncing repository: link-foundation/lino-objects-codec
Auto Release	Run actions/checkout@v4	2026-05-03T17:56:57.5237248Z ##[group]Getting Git version info
Auto Release	Run actions/checkout@v4	2026-05-03T17:56:57.5238792Z Working directory is '/home/runner/work/lino-objects-codec/lino-objects-codec'
Auto Release	Run actions/checkout@v4	2026-05-03T17:56:57.5240916Z [command]/usr/bin/git version
Auto Release	Run actions/checkout@v4	2026-05-03T17:56:57.5278803Z git version 2.53.0
Auto Release	Run actions/checkout@v4	2026-05-03T17:56:57.5306130Z ##[endgroup]
Auto Release	Run actions/checkout@v4	2026-05-03T17:56:57.5322048Z Temporarily overriding HOME='/home/runner/work/_temp/b5a7dd0c-7fc0-46a4-880c-0c2586b15b46' before making global git config changes
Auto Release	Run actions/checkout@v4	2026-05-03T17:56:57.5327662Z Adding repository directory to the temporary git global config as a safe directory
Auto Release	Run actions/checkout@v4	2026-05-03T17:56:57.5330106Z [command]/usr/bin/git config --global --add safe.directory /home/runner/work/lino-objects-codec/lino-objects-codec
Auto Release	Run actions/checkout@v4	2026-05-03T17:56:57.5364151Z Deleting the contents of '/home/runner/work/lino-objects-codec/lino-objects-codec'
Auto Release	Run actions/checkout@v4	2026-05-03T17:56:57.5367809Z ##[group]Initializing the repository
Auto Release	Run actions/checkout@v4	2026-05-03T17:56:57.5372452Z [command]/usr/bin/git init /home/runner/work/lino-objects-codec/lino-objects-codec
Auto Release	Run actions/checkout@v4	2026-05-03T17:56:57.5446906Z hint: Using 'master' as the name for the initial branch. This default branch name
Auto Release	Run actions/checkout@v4	2026-05-03T17:56:57.5449369Z hint: will change to "main" in Git 3.0. To configure the initial branch name
Auto Release	Run actions/checkout@v4	2026-05-03T17:56:57.5451188Z hint: to use in all of your new repositories, which will suppress this warning,
Auto Release	Run actions/checkout@v4	2026-05-03T17:56:57.5452574Z hint: call:
Auto Release	Run actions/checkout@v4	2026-05-03T17:56:57.5453455Z hint:
Auto Release	Run actions/checkout@v4	2026-05-03T17:56:57.5454336Z hint: 	git config --global init.defaultBranch <name>
Auto Release	Run actions/checkout@v4	2026-05-03T17:56:57.5455431Z hint:
Auto Release	Run actions/checkout@v4	2026-05-03T17:56:57.5456747Z hint: Names commonly chosen instead of 'master' are 'main', 'trunk' and
Auto Release	Run actions/checkout@v4	2026-05-03T17:56:57.5458595Z hint: 'development'. The just-created branch can be renamed via this command:
Auto Release	Run actions/checkout@v4	2026-05-03T17:56:57.5460136Z hint:
Auto Release	Run actions/checkout@v4	2026-05-03T17:56:57.5461198Z hint: 	git branch -m <name>
Auto Release	Run actions/checkout@v4	2026-05-03T17:56:57.5462634Z hint:
Auto Release	Run actions/checkout@v4	2026-05-03T17:56:57.5464511Z hint: Disable this message with "git config set advice.defaultBranchName false"
Auto Release	Run actions/checkout@v4	2026-05-03T17:56:57.5468442Z Initialized empty Git repository in /home/runner/work/lino-objects-codec/lino-objects-codec/.git/
Auto Release	Run actions/checkout@v4	2026-05-03T17:56:57.5471861Z [command]/usr/bin/git remote add origin https://github.com/link-foundation/lino-objects-codec
Auto Release	Run actions/checkout@v4	2026-05-03T17:56:57.5495350Z ##[endgroup]
Auto Release	Run actions/checkout@v4	2026-05-03T17:56:57.5497806Z ##[group]Disabling automatic garbage collection
Auto Release	Run actions/checkout@v4	2026-05-03T17:56:57.5499947Z [command]/usr/bin/git config --local gc.auto 0
Auto Release	Run actions/checkout@v4	2026-05-03T17:56:57.5531642Z ##[endgroup]
Auto Release	Run actions/checkout@v4	2026-05-03T17:56:57.5534028Z ##[group]Setting up auth
Auto Release	Run actions/checkout@v4	2026-05-03T17:56:57.5540242Z [command]/usr/bin/git config --local --name-only --get-regexp core\.sshCommand
Auto Release	Run actions/checkout@v4	2026-05-03T17:56:57.5576142Z [command]/usr/bin/git submodule foreach --recursive sh -c "git config --local --name-only --get-regexp 'core\.sshCommand' && git config --local --unset-all 'core.sshCommand' || :"
Auto Release	Run actions/checkout@v4	2026-05-03T17:56:57.5883274Z [command]/usr/bin/git config --local --name-only --get-regexp http\.https\:\/\/github\.com\/\.extraheader
Auto Release	Run actions/checkout@v4	2026-05-03T17:56:57.5914689Z [command]/usr/bin/git submodule foreach --recursive sh -c "git config --local --name-only --get-regexp 'http\.https\:\/\/github\.com\/\.extraheader' && git config --local --unset-all 'http.https://github.com/.extraheader' || :"
Auto Release	Run actions/checkout@v4	2026-05-03T17:56:57.6150930Z [command]/usr/bin/git config --local --name-only --get-regexp ^includeIf\.gitdir:
Auto Release	Run actions/checkout@v4	2026-05-03T17:56:57.6183580Z [command]/usr/bin/git submodule foreach --recursive git config --local --show-origin --name-only --get-regexp remote.origin.url
Auto Release	Run actions/checkout@v4	2026-05-03T17:56:57.6417346Z [command]/usr/bin/git config --local http.https://github.com/.extraheader AUTHORIZATION: basic ***
Auto Release	Run actions/checkout@v4	2026-05-03T17:56:57.6454328Z ##[endgroup]
Auto Release	Run actions/checkout@v4	2026-05-03T17:56:57.6455715Z ##[group]Fetching the repository
Auto Release	Run actions/checkout@v4	2026-05-03T17:56:57.6464060Z [command]/usr/bin/git -c protocol.version=2 fetch --prune --no-recurse-submodules origin +refs/heads/*:refs/remotes/origin/* +refs/tags/*:refs/tags/*
Auto Release	Run actions/checkout@v4	2026-05-03T17:56:57.9771443Z From https://github.com/link-foundation/lino-objects-codec
Auto Release	Run actions/checkout@v4	2026-05-03T17:56:57.9776873Z  * [new branch]      issue-1-843d779c4cdb  -> origin/issue-1-843d779c4cdb
Auto Release	Run actions/checkout@v4	2026-05-03T17:56:57.9779876Z  * [new branch]      issue-11-c74c0836aeba -> origin/issue-11-c74c0836aeba
Auto Release	Run actions/checkout@v4	2026-05-03T17:56:57.9782807Z  * [new branch]      issue-15-b28422959bc5 -> origin/issue-15-b28422959bc5
Auto Release	Run actions/checkout@v4	2026-05-03T17:56:57.9785729Z  * [new branch]      issue-17-ace5a094a724 -> origin/issue-17-ace5a094a724
Auto Release	Run actions/checkout@v4	2026-05-03T17:56:57.9788934Z  * [new branch]      issue-19-d88ab983ff7d -> origin/issue-19-d88ab983ff7d
Auto Release	Run actions/checkout@v4	2026-05-03T17:56:57.9791722Z  * [new branch]      issue-20-d21ab54e8ff1 -> origin/issue-20-d21ab54e8ff1
Auto Release	Run actions/checkout@v4	2026-05-03T17:56:57.9794523Z  * [new branch]      issue-22-e5ea3b44ef6b -> origin/issue-22-e5ea3b44ef6b
Auto Release	Run actions/checkout@v4	2026-05-03T17:56:57.9797317Z  * [new branch]      issue-25-76b0e5ea19d6 -> origin/issue-25-76b0e5ea19d6
Auto Release	Run actions/checkout@v4	2026-05-03T17:56:57.9798938Z  * [new branch]      issue-27-eb86cc75f92a -> origin/issue-27-eb86cc75f92a
Auto Release	Run actions/checkout@v4	2026-05-03T17:56:57.9800843Z  * [new branch]      issue-29-7f70f0d87db9 -> origin/issue-29-7f70f0d87db9
Auto Release	Run actions/checkout@v4	2026-05-03T17:56:57.9803158Z  * [new branch]      issue-3-397c5eeac29f  -> origin/issue-3-397c5eeac29f
Auto Release	Run actions/checkout@v4	2026-05-03T17:56:57.9805921Z  * [new branch]      issue-5-9641b6fb00d3  -> origin/issue-5-9641b6fb00d3
Auto Release	Run actions/checkout@v4	2026-05-03T17:56:57.9808664Z  * [new branch]      issue-7-7a98520cd689  -> origin/issue-7-7a98520cd689
Auto Release	Run actions/checkout@v4	2026-05-03T17:56:57.9811676Z  * [new branch]      issue-8-8f8d9acce5f1  -> origin/issue-8-8f8d9acce5f1
Auto Release	Run actions/checkout@v4	2026-05-03T17:56:57.9891773Z  * [new branch]      issue-9-bef9e95e65ef  -> origin/issue-9-bef9e95e65ef
Auto Release	Run actions/checkout@v4	2026-05-03T17:56:57.9894446Z  * [new branch]      main                  -> origin/main
Auto Release	Run actions/checkout@v4	2026-05-03T17:56:57.9896742Z  * [new tag]         csharp-v0.2.0         -> csharp-v0.2.0
Auto Release	Run actions/checkout@v4	2026-05-03T17:56:57.9898788Z  * [new tag]         rust-v0.2.0           -> rust-v0.2.0
Auto Release	Run actions/checkout@v4	2026-05-03T17:56:57.9900786Z  * [new tag]         v0.1.1                -> v0.1.1
Auto Release	Run actions/checkout@v4	2026-05-03T17:56:57.9902663Z  * [new tag]         v0.3.0                -> v0.3.0
Auto Release	Run actions/checkout@v4	2026-05-03T17:56:57.9904502Z  * [new tag]         v0.3.1                -> v0.3.1
Auto Release	Run actions/checkout@v4	2026-05-03T17:56:57.9906925Z  * [new tag]         v0.3.2                -> v0.3.2
Auto Release	Run actions/checkout@v4	2026-05-03T17:56:57.9908922Z  * [new tag]         v0.3.3                -> v0.3.3
Auto Release	Run actions/checkout@v4	2026-05-03T17:56:57.9915238Z [command]/usr/bin/git branch --list --remote origin/main
Auto Release	Run actions/checkout@v4	2026-05-03T17:56:57.9917921Z   origin/main
Auto Release	Run actions/checkout@v4	2026-05-03T17:56:57.9930420Z [command]/usr/bin/git rev-parse refs/remotes/origin/main
Auto Release	Run actions/checkout@v4	2026-05-03T17:56:57.9932927Z ddbf2556b5b0e91a05c053f321b85ce9eb02355a
Auto Release	Run actions/checkout@v4	2026-05-03T17:56:57.9938475Z ##[endgroup]
Auto Release	Run actions/checkout@v4	2026-05-03T17:56:57.9941170Z ##[group]Determining the checkout info
Auto Release	Run actions/checkout@v4	2026-05-03T17:56:57.9944022Z ##[endgroup]
Auto Release	Run actions/checkout@v4	2026-05-03T17:56:57.9945853Z [command]/usr/bin/git sparse-checkout disable
Auto Release	Run actions/checkout@v4	2026-05-03T17:56:57.9956308Z [command]/usr/bin/git config --local --unset-all extensions.worktreeConfig
Auto Release	Run actions/checkout@v4	2026-05-03T17:56:57.9989407Z ##[group]Checking out the ref
Auto Release	Run actions/checkout@v4	2026-05-03T17:56:57.9993620Z [command]/usr/bin/git checkout --progress --force -B main refs/remotes/origin/main
Auto Release	Run actions/checkout@v4	2026-05-03T17:56:58.0224996Z Switched to a new branch 'main'
Auto Release	Run actions/checkout@v4	2026-05-03T17:56:58.0227800Z branch 'main' set up to track 'origin/main'.
Auto Release	Run actions/checkout@v4	2026-05-03T17:56:58.0237480Z ##[endgroup]
Auto Release	Run actions/checkout@v4	2026-05-03T17:56:58.0279782Z [command]/usr/bin/git log -1 --format=%H
Auto Release	Run actions/checkout@v4	2026-05-03T17:56:58.0305556Z ddbf2556b5b0e91a05c053f321b85ce9eb02355a
Auto Release	Setup Python	﻿2026-05-03T17:56:58.0626114Z ##[group]Run actions/setup-python@v5
Auto Release	Setup Python	2026-05-03T17:56:58.0627499Z with:
Auto Release	Setup Python	2026-05-03T17:56:58.0628169Z   python-version: 3.13
Auto Release	Setup Python	2026-05-03T17:56:58.0628943Z   check-latest: false
Auto Release	Setup Python	2026-05-03T17:56:58.0629983Z   token: ***
Auto Release	Setup Python	2026-05-03T17:56:58.0630691Z   update-environment: true
Auto Release	Setup Python	2026-05-03T17:56:58.0631534Z   allow-prereleases: false
Auto Release	Setup Python	2026-05-03T17:56:58.0632353Z   freethreaded: false
Auto Release	Setup Python	2026-05-03T17:56:58.0633098Z ##[endgroup]
Auto Release	Setup Python	2026-05-03T17:56:58.2412946Z ##[group]Installed versions
Auto Release	Setup Python	2026-05-03T17:56:58.2510397Z Successfully set up CPython (3.13.13)
Auto Release	Setup Python	2026-05-03T17:56:58.2512773Z ##[endgroup]
Auto Release	Install dependencies	﻿2026-05-03T17:56:58.2663767Z ##[group]Run python -m pip install --upgrade pip
Auto Release	Install dependencies	2026-05-03T17:56:58.2665173Z [36;1mpython -m pip install --upgrade pip[0m
Auto Release	Install dependencies	2026-05-03T17:56:58.2666301Z [36;1mpip install build twine[0m
Auto Release	Install dependencies	2026-05-03T17:56:58.2753341Z shell: /usr/bin/bash -e {0}
Auto Release	Install dependencies	2026-05-03T17:56:58.2754254Z env:
Auto Release	Install dependencies	2026-05-03T17:56:58.2755125Z   pythonLocation: /opt/hostedtoolcache/Python/3.13.13/x64
Auto Release	Install dependencies	2026-05-03T17:56:58.2756988Z   PKG_CONFIG_PATH: /opt/hostedtoolcache/Python/3.13.13/x64/lib/pkgconfig
Auto Release	Install dependencies	2026-05-03T17:56:58.2758600Z   Python_ROOT_DIR: /opt/hostedtoolcache/Python/3.13.13/x64
Auto Release	Install dependencies	2026-05-03T17:56:58.2760012Z   Python2_ROOT_DIR: /opt/hostedtoolcache/Python/3.13.13/x64
Auto Release	Install dependencies	2026-05-03T17:56:58.2761450Z   Python3_ROOT_DIR: /opt/hostedtoolcache/Python/3.13.13/x64
Auto Release	Install dependencies	2026-05-03T17:56:58.2762904Z   LD_LIBRARY_PATH: /opt/hostedtoolcache/Python/3.13.13/x64/lib
Auto Release	Install dependencies	2026-05-03T17:56:58.2764140Z ##[endgroup]
Auto Release	Install dependencies	2026-05-03T17:57:00.7977268Z Requirement already satisfied: pip in /opt/hostedtoolcache/Python/3.13.13/x64/lib/python3.13/site-packages (26.0.1)
Auto Release	Install dependencies	2026-05-03T17:57:00.9065169Z Collecting pip
Auto Release	Install dependencies	2026-05-03T17:57:00.9773906Z   Downloading pip-26.1-py3-none-any.whl.metadata (4.6 kB)
Auto Release	Install dependencies	2026-05-03T17:57:00.9901279Z Downloading pip-26.1-py3-none-any.whl (1.8 MB)
Auto Release	Install dependencies	2026-05-03T17:57:01.1184851Z    ━━━━━━━━━━━━━━━━━━━━━━━━━━━━━━━━━━━━━━━━ 1.8/1.8 MB 17.1 MB/s  0:00:00
Auto Release	Install dependencies	2026-05-03T17:57:01.1780265Z Installing collected packages: pip
Auto Release	Install dependencies	2026-05-03T17:57:01.1781276Z   Attempting uninstall: pip
Auto Release	Install dependencies	2026-05-03T17:57:01.1812842Z     Found existing installation: pip 26.0.1
Auto Release	Install dependencies	2026-05-03T17:57:01.2545198Z     Uninstalling pip-26.0.1:
Auto Release	Install dependencies	2026-05-03T17:57:01.2605752Z       Successfully uninstalled pip-26.0.1
Auto Release	Install dependencies	2026-05-03T17:57:02.2008287Z Successfully installed pip-26.1
Auto Release	Install dependencies	2026-05-03T17:57:03.2757761Z Collecting build
Auto Release	Install dependencies	2026-05-03T17:57:03.3404030Z   Downloading build-1.5.0-py3-none-any.whl.metadata (5.7 kB)
Auto Release	Install dependencies	2026-05-03T17:57:03.3672407Z Collecting twine
Auto Release	Install dependencies	2026-05-03T17:57:03.3756244Z   Downloading twine-6.2.0-py3-none-any.whl.metadata (3.6 kB)
Auto Release	Install dependencies	2026-05-03T17:57:03.3957435Z Collecting packaging>=24.0 (from build)
Auto Release	Install dependencies	2026-05-03T17:57:03.4032638Z   Downloading packaging-26.2-py3-none-any.whl.metadata (3.5 kB)
Auto Release	Install dependencies	2026-05-03T17:57:03.4190770Z Collecting pyproject_hooks (from build)
Auto Release	Install dependencies	2026-05-03T17:57:03.4261259Z   Downloading pyproject_hooks-1.2.0-py3-none-any.whl.metadata (1.3 kB)
Auto Release	Install dependencies	2026-05-03T17:57:03.4439428Z Collecting readme-renderer>=35.0 (from twine)
Auto Release	Install dependencies	2026-05-03T17:57:03.4510955Z   Downloading readme_renderer-44.0-py3-none-any.whl.metadata (2.8 kB)
Auto Release	Install dependencies	2026-05-03T17:57:03.4770105Z Collecting requests>=2.20 (from twine)
Auto Release	Install dependencies	2026-05-03T17:57:03.4845229Z   Downloading requests-2.33.1-py3-none-any.whl.metadata (4.8 kB)
Auto Release	Install dependencies	2026-05-03T17:57:03.5026201Z Collecting requests-toolbelt!=0.9.0,>=0.8.0 (from twine)
Auto Release	Install dependencies	2026-05-03T17:57:03.5109602Z   Downloading requests_toolbelt-1.0.0-py2.py3-none-any.whl.metadata (14 kB)
Auto Release	Install dependencies	2026-05-03T17:57:03.5366797Z Collecting urllib3>=1.26.0 (from twine)
Auto Release	Install dependencies	2026-05-03T17:57:03.5437360Z   Downloading urllib3-2.6.3-py3-none-any.whl.metadata (6.9 kB)
Auto Release	Install dependencies	2026-05-03T17:57:03.5737175Z Collecting keyring>=21.2.0 (from twine)
Auto Release	Install dependencies	2026-05-03T17:57:03.5806906Z   Downloading keyring-25.7.0-py3-none-any.whl.metadata (21 kB)
Auto Release	Install dependencies	2026-05-03T17:57:03.6008758Z Collecting rfc3986>=1.4.0 (from twine)
Auto Release	Install dependencies	2026-05-03T17:57:03.6078454Z   Downloading rfc3986-2.0.0-py2.py3-none-any.whl.metadata (6.6 kB)
Auto Release	Install dependencies	2026-05-03T17:57:03.6432616Z Collecting rich>=12.0.0 (from twine)
Auto Release	Install dependencies	2026-05-03T17:57:03.6521965Z   Downloading rich-15.0.0-py3-none-any.whl.metadata (18 kB)
Auto Release	Install dependencies	2026-05-03T17:57:03.6720294Z Collecting id (from twine)
Auto Release	Install dependencies	2026-05-03T17:57:03.6789170Z   Downloading id-1.6.1-py3-none-any.whl.metadata (5.1 kB)
Auto Release	Install dependencies	2026-05-03T17:57:03.6961317Z Collecting SecretStorage>=3.2 (from keyring>=21.2.0->twine)
Auto Release	Install dependencies	2026-05-03T17:57:03.7032045Z   Downloading secretstorage-3.5.0-py3-none-any.whl.metadata (4.0 kB)
Auto Release	Install dependencies	2026-05-03T17:57:03.7181723Z Collecting jeepney>=0.4.2 (from keyring>=21.2.0->twine)
Auto Release	Install dependencies	2026-05-03T17:57:03.7261629Z   Downloading jeepney-0.9.0-py3-none-any.whl.metadata (1.2 kB)
Auto Release	Install dependencies	2026-05-03T17:57:03.7427888Z Collecting jaraco.classes (from keyring>=21.2.0->twine)
Auto Release	Install dependencies	2026-05-03T17:57:03.7501441Z   Downloading jaraco.classes-3.4.0-py3-none-any.whl.metadata (2.6 kB)
Auto Release	Install dependencies	2026-05-03T17:57:03.7698008Z Collecting jaraco.functools (from keyring>=21.2.0->twine)
Auto Release	Install dependencies	2026-05-03T17:57:03.7770823Z   Downloading jaraco_functools-4.4.0-py3-none-any.whl.metadata (3.0 kB)
Auto Release	Install dependencies	2026-05-03T17:57:03.7940225Z Collecting jaraco.context (from keyring>=21.2.0->twine)
Auto Release	Install dependencies	2026-05-03T17:57:03.8011787Z   Downloading jaraco_context-6.1.2-py3-none-any.whl.metadata (4.2 kB)
Auto Release	Install dependencies	2026-05-03T17:57:03.8449345Z Collecting nh3>=0.2.14 (from readme-renderer>=35.0->twine)
Auto Release	Install dependencies	2026-05-03T17:57:03.8526228Z   Downloading nh3-0.3.5-cp38-abi3-manylinux_2_17_x86_64.manylinux2014_x86_64.whl.metadata (2.0 kB)
Auto Release	Install dependencies	2026-05-03T17:57:03.8732017Z Collecting docutils>=0.21.2 (from readme-renderer>=35.0->twine)
Auto Release	Install dependencies	2026-05-03T17:57:03.8802750Z   Downloading docutils-0.22.4-py3-none-any.whl.metadata (15 kB)
Auto Release	Install dependencies	2026-05-03T17:57:03.9032008Z Collecting Pygments>=2.5.1 (from readme-renderer>=35.0->twine)
Auto Release	Install dependencies	2026-05-03T17:57:03.9102947Z   Downloading pygments-2.20.0-py3-none-any.whl.metadata (2.5 kB)
Auto Release	Install dependencies	2026-05-03T17:57:04.0125390Z Collecting charset_normalizer<4,>=2 (from requests>=2.20->twine)
Auto Release	Install dependencies	2026-05-03T17:57:04.0213491Z   Downloading charset_normalizer-3.4.7-cp313-cp313-manylinux2014_x86_64.manylinux_2_17_x86_64.manylinux_2_28_x86_64.whl.metadata (40 kB)
Auto Release	Install dependencies	2026-05-03T17:57:04.0411806Z Collecting idna<4,>=2.5 (from requests>=2.20->twine)
Auto Release	Install dependencies	2026-05-03T17:57:04.0487002Z   Downloading idna-3.13-py3-none-any.whl.metadata (8.0 kB)
Auto Release	Install dependencies	2026-05-03T17:57:04.0722103Z Collecting certifi>=2023.5.7 (from requests>=2.20->twine)
Auto Release	Install dependencies	2026-05-03T17:57:04.0802447Z   Downloading certifi-2026.4.22-py3-none-any.whl.metadata (2.5 kB)
Auto Release	Install dependencies	2026-05-03T17:57:04.1029026Z Collecting markdown-it-py>=2.2.0 (from rich>=12.0.0->twine)
Auto Release	Install dependencies	2026-05-03T17:57:04.1101874Z   Downloading markdown_it_py-4.0.0-py3-none-any.whl.metadata (7.3 kB)
Auto Release	Install dependencies	2026-05-03T17:57:04.1299505Z Collecting mdurl~=0.1 (from markdown-it-py>=2.2.0->rich>=12.0.0->twine)
Auto Release	Install dependencies	2026-05-03T17:57:04.1374159Z   Downloading mdurl-0.1.2-py3-none-any.whl.metadata (1.6 kB)
Auto Release	Install dependencies	2026-05-03T17:57:04.3150273Z Collecting cryptography>=2.0 (from SecretStorage>=3.2->keyring>=21.2.0->twine)
Auto Release	Install dependencies	2026-05-03T17:57:04.3224358Z   Downloading cryptography-47.0.0-cp311-abi3-manylinux_2_34_x86_64.whl.metadata (4.5 kB)
Auto Release	Install dependencies	2026-05-03T17:57:04.4160253Z Collecting cffi>=2.0.0 (from cryptography>=2.0->SecretStorage>=3.2->keyring>=21.2.0->twine)
Auto Release	Install dependencies	2026-05-03T17:57:04.4231839Z   Downloading cffi-2.0.0-cp313-cp313-manylinux2014_x86_64.manylinux_2_17_x86_64.whl.metadata (2.6 kB)
Auto Release	Install dependencies	2026-05-03T17:57:04.4414200Z Collecting pycparser (from cffi>=2.0.0->cryptography>=2.0->SecretStorage>=3.2->keyring>=21.2.0->twine)
Auto Release	Install dependencies	2026-05-03T17:57:04.4482139Z   Downloading pycparser-3.0-py3-none-any.whl.metadata (8.2 kB)
Auto Release	Install dependencies	2026-05-03T17:57:04.4702902Z Collecting more-itertools (from jaraco.classes->keyring>=21.2.0->twine)
Auto Release	Install dependencies	2026-05-03T17:57:04.4778805Z   Downloading more_itertools-11.0.2-py3-none-any.whl.metadata (41 kB)
Auto Release	Install dependencies	2026-05-03T17:57:04.4919052Z Downloading build-1.5.0-py3-none-any.whl (26 kB)
Auto Release	Install dependencies	2026-05-03T17:57:04.5012157Z Downloading twine-6.2.0-py3-none-any.whl (42 kB)
Auto Release	Install dependencies	2026-05-03T17:57:04.5113787Z Downloading keyring-25.7.0-py3-none-any.whl (39 kB)
Auto Release	Install dependencies	2026-05-03T17:57:04.5215292Z Downloading jeepney-0.9.0-py3-none-any.whl (49 kB)
Auto Release	Install dependencies	2026-05-03T17:57:04.5313879Z Downloading packaging-26.2-py3-none-any.whl (100 kB)
Auto Release	Install dependencies	2026-05-03T17:57:04.5465954Z Downloading readme_renderer-44.0-py3-none-any.whl (13 kB)
Auto Release	Install dependencies	2026-05-03T17:57:04.5558679Z Downloading docutils-0.22.4-py3-none-any.whl (633 kB)
Auto Release	Install dependencies	2026-05-03T17:57:04.5761389Z    ━━━━━━━━━━━━━━━━━━━━━━━━━━━━━━━━━━━━━━━━ 633.2/633.2 kB 30.8 MB/s  0:00:00
Auto Release	Install dependencies	2026-05-03T17:57:04.5833114Z Downloading nh3-0.3.5-cp38-abi3-manylinux_2_17_x86_64.manylinux2014_x86_64.whl (806 kB)
Auto Release	Install dependencies	2026-05-03T17:57:04.5969690Z    ━━━━━━━━━━━━━━━━━━━━━━━━━━━━━━━━━━━━━━━━ 807.0/807.0 kB 48.1 MB/s  0:00:00
Auto Release	Install dependencies	2026-05-03T17:57:04.6045403Z Downloading pygments-2.20.0-py3-none-any.whl (1.2 MB)
Auto Release	Install dependencies	2026-05-03T17:57:04.6163451Z    ━━━━━━━━━━━━━━━━━━━━━━━━━━━━━━━━━━━━━━━━ 1.2/1.2 MB 107.4 MB/s  0:00:00
Auto Release	Install dependencies	2026-05-03T17:57:04.6234393Z Downloading requests-2.33.1-py3-none-any.whl (64 kB)
Auto Release	Install dependencies	2026-05-03T17:57:04.6353148Z Downloading charset_normalizer-3.4.7-cp313-cp313-manylinux2014_x86_64.manylinux_2_17_x86_64.manylinux_2_28_x86_64.whl (215 kB)
Auto Release	Install dependencies	2026-05-03T17:57:04.6461036Z Downloading idna-3.13-py3-none-any.whl (68 kB)
Auto Release	Install dependencies	2026-05-03T17:57:04.6557586Z Downloading urllib3-2.6.3-py3-none-any.whl (131 kB)
Auto Release	Install dependencies	2026-05-03T17:57:04.6654542Z Downloading certifi-2026.4.22-py3-none-any.whl (135 kB)
Auto Release	Install dependencies	2026-05-03T17:57:04.6752016Z Downloading requests_toolbelt-1.0.0-py2.py3-none-any.whl (54 kB)
Auto Release	Install dependencies	2026-05-03T17:57:04.6842811Z Downloading rfc3986-2.0.0-py2.py3-none-any.whl (31 kB)
Auto Release	Install dependencies	2026-05-03T17:57:04.6936074Z Downloading rich-15.0.0-py3-none-any.whl (310 kB)
Auto Release	Install dependencies	2026-05-03T17:57:04.7034752Z Downloading markdown_it_py-4.0.0-py3-none-any.whl (87 kB)
Auto Release	Install dependencies	2026-05-03T17:57:04.7129223Z Downloading mdurl-0.1.2-py3-none-any.whl (10.0 kB)
Auto Release	Install dependencies	2026-05-03T17:57:04.7222536Z Downloading secretstorage-3.5.0-py3-none-any.whl (15 kB)
Auto Release	Install dependencies	2026-05-03T17:57:04.7326065Z Downloading cryptography-47.0.0-cp311-abi3-manylinux_2_34_x86_64.whl (4.7 MB)
Auto Release	Install dependencies	2026-05-03T17:57:04.7539289Z    ━━━━━━━━━━━━━━━━━━━━━━━━━━━━━━━━━━━━━━━━ 4.7/4.7 MB 239.2 MB/s  0:00:00
Auto Release	Install dependencies	2026-05-03T17:57:04.7615148Z Downloading cffi-2.0.0-cp313-cp313-manylinux2014_x86_64.manylinux_2_17_x86_64.whl (219 kB)
Auto Release	Install dependencies	2026-05-03T17:57:04.7715963Z Downloading id-1.6.1-py3-none-any.whl (14 kB)
Auto Release	Install dependencies	2026-05-03T17:57:04.7808857Z Downloading jaraco.classes-3.4.0-py3-none-any.whl (6.8 kB)
Auto Release	Install dependencies	2026-05-03T17:57:04.7901484Z Downloading jaraco_context-6.1.2-py3-none-any.whl (7.9 kB)
Auto Release	Install dependencies	2026-05-03T17:57:04.7990398Z Downloading jaraco_functools-4.4.0-py3-none-any.whl (10 kB)
Auto Release	Install dependencies	2026-05-03T17:57:04.8081942Z Downloading more_itertools-11.0.2-py3-none-any.whl (71 kB)
Auto Release	Install dependencies	2026-05-03T17:57:04.8173911Z Downloading pycparser-3.0-py3-none-any.whl (48 kB)
Auto Release	Install dependencies	2026-05-03T17:57:04.8269174Z Downloading pyproject_hooks-1.2.0-py3-none-any.whl (10 kB)
Auto Release	Install dependencies	2026-05-03T17:57:04.9472963Z Installing collected packages: urllib3, rfc3986, pyproject_hooks, Pygments, pycparser, packaging, nh3, more-itertools, mdurl, jeepney, jaraco.context, idna, docutils, charset_normalizer, certifi, requests, readme-renderer, markdown-it-py, jaraco.functools, jaraco.classes, id, cffi, build, rich, requests-toolbelt, cryptography, SecretStorage, keyring, twine
Auto Release	Install dependencies	2026-05-03T17:57:07.2132889Z 
Auto Release	Install dependencies	2026-05-03T17:57:07.2169488Z Successfully installed Pygments-2.20.0 SecretStorage-3.5.0 build-1.5.0 certifi-2026.4.22 cffi-2.0.0 charset_normalizer-3.4.7 cryptography-47.0.0 docutils-0.22.4 id-1.6.1 idna-3.13 jaraco.classes-3.4.0 jaraco.context-6.1.2 jaraco.functools-4.4.0 jeepney-0.9.0 keyring-25.7.0 markdown-it-py-4.0.0 mdurl-0.1.2 more-itertools-11.0.2 nh3-0.3.5 packaging-26.2 pycparser-3.0 pyproject_hooks-1.2.0 readme-renderer-44.0 requests-2.33.1 requests-toolbelt-1.0.0 rfc3986-2.0.0 rich-15.0.0 twine-6.2.0 urllib3-2.6.3
Auto Release	Check if version changed	﻿2026-05-03T17:57:07.3017705Z ##[group]Run # Get current version from pyproject.toml
Auto Release	Check if version changed	2026-05-03T17:57:07.3018147Z [36;1m# Get current version from pyproject.toml[0m
Auto Release	Check if version changed	2026-05-03T17:57:07.3018551Z [36;1mCURRENT_VERSION=$(grep -Po '(?<=^version = ")[^"]*' pyproject.toml)[0m
Auto Release	Check if version changed	2026-05-03T17:57:07.3019028Z [36;1mPACKAGE_NAME=$(grep -Po '(?<=^name = ")[^"]*' pyproject.toml | head -1)[0m
Auto Release	Check if version changed	2026-05-03T17:57:07.3019466Z [36;1mecho "current_version=$CURRENT_VERSION" >> $GITHUB_OUTPUT[0m
Auto Release	Check if version changed	2026-05-03T17:57:07.3019849Z [36;1mecho "package_name=$PACKAGE_NAME" >> $GITHUB_OUTPUT[0m
Auto Release	Check if version changed	2026-05-03T17:57:07.3020143Z [36;1m[0m
Auto Release	Check if version changed	2026-05-03T17:57:07.3020463Z [36;1m# Decide based on the registry, not on the local git tag. PyPI returns 200 for an[0m
Auto Release	Check if version changed	2026-05-03T17:57:07.3020944Z [36;1m# existing version's JSON metadata and 404 otherwise. See[0m
Auto Release	Check if version changed	2026-05-03T17:57:07.3021410Z [36;1m# docs/case-studies/issue-25/README.md for why the tag is not a reliable proxy.[0m
Auto Release	Check if version changed	2026-05-03T17:57:07.3022082Z [36;1mSTATUS=$(curl -sS -o /dev/null -w '%{http_code}' "https://pypi.org/pypi/${PACKAGE_NAME}/${CURRENT_VERSION}/json")[0m
Auto Release	Check if version changed	2026-05-03T17:57:07.3022724Z [36;1mecho "PyPI HTTP status for ${PACKAGE_NAME}@${CURRENT_VERSION}: ${STATUS}"[0m
Auto Release	Check if version changed	2026-05-03T17:57:07.3023098Z [36;1mif [ "$STATUS" = "200" ]; then[0m
Auto Release	Check if version changed	2026-05-03T17:57:07.3023492Z [36;1m  echo "Version ${PACKAGE_NAME}@${CURRENT_VERSION} already on PyPI, skipping publish"[0m
Auto Release	Check if version changed	2026-05-03T17:57:07.3023941Z [36;1m  echo "should_release=false" >> $GITHUB_OUTPUT[0m
Auto Release	Check if version changed	2026-05-03T17:57:07.3024207Z [36;1melse[0m
Auto Release	Check if version changed	2026-05-03T17:57:07.3024520Z [36;1m  echo "Version ${PACKAGE_NAME}@${CURRENT_VERSION} is NOT on PyPI, will publish"[0m
Auto Release	Check if version changed	2026-05-03T17:57:07.3024936Z [36;1m  echo "should_release=true" >> $GITHUB_OUTPUT[0m
Auto Release	Check if version changed	2026-05-03T17:57:07.3025203Z [36;1mfi[0m
Auto Release	Check if version changed	2026-05-03T17:57:07.3047464Z shell: /usr/bin/bash -e {0}
Auto Release	Check if version changed	2026-05-03T17:57:07.3047701Z env:
Auto Release	Check if version changed	2026-05-03T17:57:07.3047939Z   pythonLocation: /opt/hostedtoolcache/Python/3.13.13/x64
Auto Release	Check if version changed	2026-05-03T17:57:07.3048356Z   PKG_CONFIG_PATH: /opt/hostedtoolcache/Python/3.13.13/x64/lib/pkgconfig
Auto Release	Check if version changed	2026-05-03T17:57:07.3048779Z   Python_ROOT_DIR: /opt/hostedtoolcache/Python/3.13.13/x64
Auto Release	Check if version changed	2026-05-03T17:57:07.3049139Z   Python2_ROOT_DIR: /opt/hostedtoolcache/Python/3.13.13/x64
Auto Release	Check if version changed	2026-05-03T17:57:07.3049510Z   Python3_ROOT_DIR: /opt/hostedtoolcache/Python/3.13.13/x64
Auto Release	Check if version changed	2026-05-03T17:57:07.3050052Z   LD_LIBRARY_PATH: /opt/hostedtoolcache/Python/3.13.13/x64/lib
Auto Release	Check if version changed	2026-05-03T17:57:07.3050356Z ##[endgroup]
Auto Release	Check if version changed	2026-05-03T17:57:07.4422776Z PyPI HTTP status for lino-objects-codec@0.2.0: 404
Auto Release	Check if version changed	2026-05-03T17:57:07.4423487Z Version lino-objects-codec@0.2.0 is NOT on PyPI, will publish
Auto Release	Download artifacts	﻿2026-05-03T17:57:07.4513268Z ##[group]Run actions/download-artifact@v4
Auto Release	Download artifacts	2026-05-03T17:57:07.4513553Z with:
Auto Release	Download artifacts	2026-05-03T17:57:07.4513715Z   name: dist
Auto Release	Download artifacts	2026-05-03T17:57:07.4513892Z   path: python/dist/
Auto Release	Download artifacts	2026-05-03T17:57:07.4514087Z   merge-multiple: false
Auto Release	Download artifacts	2026-05-03T17:57:07.4514329Z   repository: link-foundation/lino-objects-codec
Auto Release	Download artifacts	2026-05-03T17:57:07.4514598Z   run-id: 25286485829
Auto Release	Download artifacts	2026-05-03T17:57:07.4514780Z env:
Auto Release	Download artifacts	2026-05-03T17:57:07.4515013Z   pythonLocation: /opt/hostedtoolcache/Python/3.13.13/x64
Auto Release	Download artifacts	2026-05-03T17:57:07.4515410Z   PKG_CONFIG_PATH: /opt/hostedtoolcache/Python/3.13.13/x64/lib/pkgconfig
Auto Release	Download artifacts	2026-05-03T17:57:07.4515806Z   Python_ROOT_DIR: /opt/hostedtoolcache/Python/3.13.13/x64
Auto Release	Download artifacts	2026-05-03T17:57:07.4516181Z   Python2_ROOT_DIR: /opt/hostedtoolcache/Python/3.13.13/x64
Auto Release	Download artifacts	2026-05-03T17:57:07.4516871Z   Python3_ROOT_DIR: /opt/hostedtoolcache/Python/3.13.13/x64
Auto Release	Download artifacts	2026-05-03T17:57:07.4517239Z   LD_LIBRARY_PATH: /opt/hostedtoolcache/Python/3.13.13/x64/lib
Auto Release	Download artifacts	2026-05-03T17:57:07.4517539Z ##[endgroup]
Auto Release	Download artifacts	2026-05-03T17:57:07.6803097Z Downloading single artifact
Auto Release	Download artifacts	2026-05-03T17:57:07.8037559Z Preparing to download the following artifacts:
Auto Release	Download artifacts	2026-05-03T17:57:07.8038672Z - dist (ID: 6772625043, Size: 29510, Expected Digest: sha256:88612f4402ccee49406b1420eca4c7d83dda17cea00950d41c5dbec4e1c5639a)
Auto Release	Download artifacts	2026-05-03T17:57:07.8702812Z Redirecting to blob download url: https://productionresultssa13.blob.core.windows.net/actions-results/85755d14-cb20-49ab-a7fd-b4dbe0dd365f/workflow-job-run-e8cb4096-f2ee-51df-9eee-b44ebe9fc819/artifacts/bcae0416621b3db43d8cba1e4454a792c7af9e4b7287e51056efc5a215d95839.zip
Auto Release	Download artifacts	2026-05-03T17:57:07.8705236Z Starting download of artifact to: /home/runner/work/lino-objects-codec/lino-objects-codec/python/dist
Auto Release	Download artifacts	2026-05-03T17:57:07.9153259Z (node:2433) [DEP0005] DeprecationWarning: Buffer() is deprecated due to security and usability issues. Please use the Buffer.alloc(), Buffer.allocUnsafe(), or Buffer.from() methods instead.
Auto Release	Download artifacts	2026-05-03T17:57:07.9155025Z (Use `node --trace-deprecation ...` to show where the warning was created)
Auto Release	Download artifacts	2026-05-03T17:57:07.9221751Z SHA256 digest of downloaded artifact is 88612f4402ccee49406b1420eca4c7d83dda17cea00950d41c5dbec4e1c5639a
Auto Release	Download artifacts	2026-05-03T17:57:07.9222815Z Artifact download completed successfully.
Auto Release	Download artifacts	2026-05-03T17:57:07.9223344Z Total of 1 artifact(s) downloaded
Auto Release	Download artifacts	2026-05-03T17:57:07.9229774Z Download artifact has finished successfully
Auto Release	Publish to PyPI	﻿2026-05-03T17:57:07.9445442Z ##[group]Run pypa/gh-action-pypi-publish@release/v1
Auto Release	Publish to PyPI	2026-05-03T17:57:07.9445796Z with:
Auto Release	Publish to PyPI	2026-05-03T17:57:07.9445996Z   packages-dir: python/dist/
Auto Release	Publish to PyPI	2026-05-03T17:57:07.9446227Z   verbose: true
Auto Release	Publish to PyPI	2026-05-03T17:57:07.9446638Z   skip-existing: true
Auto Release	Publish to PyPI	2026-05-03T17:57:07.9447043Z   user: __token__
Auto Release	Publish to PyPI	2026-05-03T17:57:07.9447315Z   repository_url: https://upload.pypi.org/legacy/
Auto Release	Publish to PyPI	2026-05-03T17:57:07.9447623Z   packages_dir: dist
Auto Release	Publish to PyPI	2026-05-03T17:57:07.9447821Z   verify_metadata: true
Auto Release	Publish to PyPI	2026-05-03T17:57:07.9448030Z   skip_existing: false
Auto Release	Publish to PyPI	2026-05-03T17:57:07.9448232Z   print_hash: true
Auto Release	Publish to PyPI	2026-05-03T17:57:07.9448418Z   attestations: true
Auto Release	Publish to PyPI	2026-05-03T17:57:07.9448605Z env:
Auto Release	Publish to PyPI	2026-05-03T17:57:07.9448851Z   pythonLocation: /opt/hostedtoolcache/Python/3.13.13/x64
Auto Release	Publish to PyPI	2026-05-03T17:57:07.9449266Z   PKG_CONFIG_PATH: /opt/hostedtoolcache/Python/3.13.13/x64/lib/pkgconfig
Auto Release	Publish to PyPI	2026-05-03T17:57:07.9449670Z   Python_ROOT_DIR: /opt/hostedtoolcache/Python/3.13.13/x64
Auto Release	Publish to PyPI	2026-05-03T17:57:07.9450025Z   Python2_ROOT_DIR: /opt/hostedtoolcache/Python/3.13.13/x64
Auto Release	Publish to PyPI	2026-05-03T17:57:07.9450415Z   Python3_ROOT_DIR: /opt/hostedtoolcache/Python/3.13.13/x64
Auto Release	Publish to PyPI	2026-05-03T17:57:07.9450778Z   LD_LIBRARY_PATH: /opt/hostedtoolcache/Python/3.13.13/x64/lib
Auto Release	Publish to PyPI	2026-05-03T17:57:07.9451080Z ##[endgroup]
Auto Release	Publish to PyPI	2026-05-03T17:57:07.9538577Z ##[group]Run # Reset path if needed
Auto Release	Publish to PyPI	2026-05-03T17:57:07.9539056Z [36;1m# Reset path if needed[0m
Auto Release	Publish to PyPI	2026-05-03T17:57:07.9539426Z [36;1m# https://github.com/pypa/gh-action-pypi-publish/issues/112[0m
Auto Release	Publish to PyPI	2026-05-03T17:57:07.9539810Z [36;1mif [[ $PATH != *"/usr/bin"* ]]; then[0m
Auto Release	Publish to PyPI	2026-05-03T17:57:07.9540151Z [36;1m  echo "\$PATH=$PATH. Resetting \$PATH for GitHub Actions."[0m
Auto Release	Publish to PyPI	2026-05-03T17:57:07.9540573Z [36;1m  PATH="/usr/local/sbin:/usr/local/bin:/usr/sbin:/usr/bin:/sbin:/bin"[0m
Auto Release	Publish to PyPI	2026-05-03T17:57:07.9540949Z [36;1m  echo "PATH=$PATH" >>"$GITHUB_ENV"[0m
Auto Release	Publish to PyPI	2026-05-03T17:57:07.9541222Z [36;1m  echo "$PATH" >>"$GITHUB_PATH"[0m
Auto Release	Publish to PyPI	2026-05-03T17:57:07.9541485Z [36;1m  echo "\$PATH reset. \$PATH=$PATH"[0m
Auto Release	Publish to PyPI	2026-05-03T17:57:07.9541734Z [36;1mfi[0m
Auto Release	Publish to PyPI	2026-05-03T17:57:07.9564905Z shell: /usr/bin/bash --noprofile --norc -e -o pipefail {0}
Auto Release	Publish to PyPI	2026-05-03T17:57:07.9565236Z env:
Auto Release	Publish to PyPI	2026-05-03T17:57:07.9565488Z   pythonLocation: /opt/hostedtoolcache/Python/3.13.13/x64
Auto Release	Publish to PyPI	2026-05-03T17:57:07.9565899Z   PKG_CONFIG_PATH: /opt/hostedtoolcache/Python/3.13.13/x64/lib/pkgconfig
Auto Release	Publish to PyPI	2026-05-03T17:57:07.9566319Z   Python_ROOT_DIR: /opt/hostedtoolcache/Python/3.13.13/x64
Auto Release	Publish to PyPI	2026-05-03T17:57:07.9567040Z   Python2_ROOT_DIR: /opt/hostedtoolcache/Python/3.13.13/x64
Auto Release	Publish to PyPI	2026-05-03T17:57:07.9567421Z   Python3_ROOT_DIR: /opt/hostedtoolcache/Python/3.13.13/x64
Auto Release	Publish to PyPI	2026-05-03T17:57:07.9567806Z   LD_LIBRARY_PATH: /opt/hostedtoolcache/Python/3.13.13/x64/lib
Auto Release	Publish to PyPI	2026-05-03T17:57:07.9568126Z ##[endgroup]
Auto Release	Publish to PyPI	2026-05-03T17:57:07.9639926Z ##[group]Run # 🔎 Discover pre-installed Python
Auto Release	Publish to PyPI	2026-05-03T17:57:07.9640283Z [36;1m# 🔎 Discover pre-installed Python[0m
Auto Release	Publish to PyPI	2026-05-03T17:57:07.9640697Z [36;1mecho "python-path=$(command -v python3 || :)" | tee -a "${GITHUB_OUTPUT}"[0m
Auto Release	Publish to PyPI	2026-05-03T17:57:07.9662368Z shell: /usr/bin/bash --noprofile --norc -e -o pipefail {0}
Auto Release	Publish to PyPI	2026-05-03T17:57:07.9662725Z env:
Auto Release	Publish to PyPI	2026-05-03T17:57:07.9662980Z   pythonLocation: /opt/hostedtoolcache/Python/3.13.13/x64
Auto Release	Publish to PyPI	2026-05-03T17:57:07.9663396Z   PKG_CONFIG_PATH: /opt/hostedtoolcache/Python/3.13.13/x64/lib/pkgconfig
Auto Release	Publish to PyPI	2026-05-03T17:57:07.9663804Z   Python_ROOT_DIR: /opt/hostedtoolcache/Python/3.13.13/x64
Auto Release	Publish to PyPI	2026-05-03T17:57:07.9664183Z   Python2_ROOT_DIR: /opt/hostedtoolcache/Python/3.13.13/x64
Auto Release	Publish to PyPI	2026-05-03T17:57:07.9664547Z   Python3_ROOT_DIR: /opt/hostedtoolcache/Python/3.13.13/x64
Auto Release	Publish to PyPI	2026-05-03T17:57:07.9664909Z   LD_LIBRARY_PATH: /opt/hostedtoolcache/Python/3.13.13/x64/lib
Auto Release	Publish to PyPI	2026-05-03T17:57:07.9665218Z ##[endgroup]
Auto Release	Publish to PyPI	2026-05-03T17:57:07.9723062Z python-path=/opt/hostedtoolcache/Python/3.13.13/x64/bin/python3
Auto Release	Publish to PyPI	2026-05-03T17:57:07.9778056Z ##[group]Run # Create Docker container action
Auto Release	Publish to PyPI	2026-05-03T17:57:07.9778393Z [36;1m# Create Docker container action[0m
Auto Release	Publish to PyPI	2026-05-03T17:57:07.9779061Z [36;1m/opt/hostedtoolcache/Python/3.13.13/x64/bin/python3 '/home/runner/work/_actions/pypa/gh-action-pypi-publish/release/v1/create-docker-action.py'[0m
Auto Release	Publish to PyPI	2026-05-03T17:57:07.9801476Z shell: /usr/bin/bash --noprofile --norc -e -o pipefail {0}
Auto Release	Publish to PyPI	2026-05-03T17:57:07.9801855Z env:
Auto Release	Publish to PyPI	2026-05-03T17:57:07.9802107Z   pythonLocation: /opt/hostedtoolcache/Python/3.13.13/x64
Auto Release	Publish to PyPI	2026-05-03T17:57:07.9802538Z   PKG_CONFIG_PATH: /opt/hostedtoolcache/Python/3.13.13/x64/lib/pkgconfig
Auto Release	Publish to PyPI	2026-05-03T17:57:07.9802973Z   Python_ROOT_DIR: /opt/hostedtoolcache/Python/3.13.13/x64
Auto Release	Publish to PyPI	2026-05-03T17:57:07.9803332Z   Python2_ROOT_DIR: /opt/hostedtoolcache/Python/3.13.13/x64
Auto Release	Publish to PyPI	2026-05-03T17:57:07.9803698Z   Python3_ROOT_DIR: /opt/hostedtoolcache/Python/3.13.13/x64
Auto Release	Publish to PyPI	2026-05-03T17:57:07.9804069Z   LD_LIBRARY_PATH: /opt/hostedtoolcache/Python/3.13.13/x64/lib
Auto Release	Publish to PyPI	2026-05-03T17:57:07.9804379Z   REF: release/v1
Auto Release	Publish to PyPI	2026-05-03T17:57:07.9804588Z   REPO: pypa/gh-action-pypi-publish
Auto Release	Publish to PyPI	2026-05-03T17:57:07.9804845Z   REPO_ID: 1097519769
Auto Release	Publish to PyPI	2026-05-03T17:57:07.9805065Z ##[endgroup]
Auto Release	Publish to PyPI	2026-05-03T17:57:08.0212539Z ##[group]Run ./.github/.tmp/.generated-actions/run-pypi-publish-in-docker-container
Auto Release	Publish to PyPI	2026-05-03T17:57:08.0212972Z with:
Auto Release	Publish to PyPI	2026-05-03T17:57:08.0213145Z   user: __token__
Auto Release	Publish to PyPI	2026-05-03T17:57:08.0213389Z   repository-url: https://upload.pypi.org/legacy/
Auto Release	Publish to PyPI	2026-05-03T17:57:08.0213704Z   packages-dir: python/dist/
Auto Release	Publish to PyPI	2026-05-03T17:57:08.0213943Z   verify-metadata: true
Auto Release	Publish to PyPI	2026-05-03T17:57:08.0214149Z   skip-existing: true
Auto Release	Publish to PyPI	2026-05-03T17:57:08.0214513Z   verbose: true
Auto Release	Publish to PyPI	2026-05-03T17:57:08.0214694Z   print-hash: true
Auto Release	Publish to PyPI	2026-05-03T17:57:08.0214880Z   attestations: true
Auto Release	Publish to PyPI	2026-05-03T17:57:08.0215060Z env:
Auto Release	Publish to PyPI	2026-05-03T17:57:08.0215294Z   pythonLocation: /opt/hostedtoolcache/Python/3.13.13/x64
Auto Release	Publish to PyPI	2026-05-03T17:57:08.0215702Z   PKG_CONFIG_PATH: /opt/hostedtoolcache/Python/3.13.13/x64/lib/pkgconfig
Auto Release	Publish to PyPI	2026-05-03T17:57:08.0216109Z   Python_ROOT_DIR: /opt/hostedtoolcache/Python/3.13.13/x64
Auto Release	Publish to PyPI	2026-05-03T17:57:08.0216813Z   Python2_ROOT_DIR: /opt/hostedtoolcache/Python/3.13.13/x64
Auto Release	Publish to PyPI	2026-05-03T17:57:08.0217190Z   Python3_ROOT_DIR: /opt/hostedtoolcache/Python/3.13.13/x64
Auto Release	Publish to PyPI	2026-05-03T17:57:08.0217554Z   LD_LIBRARY_PATH: /opt/hostedtoolcache/Python/3.13.13/x64/lib
Auto Release	Publish to PyPI	2026-05-03T17:57:08.0217860Z ##[endgroup]
Auto Release	Publish to PyPI	2026-05-03T17:57:08.0346950Z ##[command]/usr/bin/docker run --name ghcriopypaghactionpypipublishreleasev1_06a5af --label 19a4d9 --workdir /github/workspace --rm -e "pythonLocation" -e "PKG_CONFIG_PATH" -e "Python_ROOT_DIR" -e "Python2_ROOT_DIR" -e "Python3_ROOT_DIR" -e "LD_LIBRARY_PATH" -e "INPUT_USER" -e "INPUT_PASSWORD" -e "INPUT_REPOSITORY-URL" -e "INPUT_PACKAGES-DIR" -e "INPUT_VERIFY-METADATA" -e "INPUT_SKIP-EXISTING" -e "INPUT_VERBOSE" -e "INPUT_PRINT-HASH" -e "INPUT_ATTESTATIONS" -e "HOME" -e "GITHUB_JOB" -e "GITHUB_REF" -e "GITHUB_SHA" -e "GITHUB_REPOSITORY" -e "GITHUB_REPOSITORY_OWNER" -e "GITHUB_REPOSITORY_OWNER_ID" -e "GITHUB_RUN_ID" -e "GITHUB_RUN_NUMBER" -e "GITHUB_RETENTION_DAYS" -e "GITHUB_RUN_ATTEMPT" -e "GITHUB_ACTOR_ID" -e "GITHUB_ACTOR" -e "GITHUB_WORKFLOW" -e "GITHUB_HEAD_REF" -e "GITHUB_BASE_REF" -e "GITHUB_EVENT_NAME" -e "GITHUB_SERVER_URL" -e "GITHUB_API_URL" -e "GITHUB_GRAPHQL_URL" -e "GITHUB_REF_NAME" -e "GITHUB_REF_PROTECTED" -e "GITHUB_REF_TYPE" -e "GITHUB_WORKFLOW_REF" -e "GITHUB_WORKFLOW_SHA" -e "GITHUB_REPOSITORY_ID" -e "GITHUB_TRIGGERING_ACTOR" -e "GITHUB_WORKSPACE" -e "GITHUB_ACTION" -e "GITHUB_EVENT_PATH" -e "GITHUB_ACTION_REPOSITORY" -e "GITHUB_ACTION_REF" -e "GITHUB_PATH" -e "GITHUB_ENV" -e "GITHUB_STEP_SUMMARY" -e "GITHUB_STATE" -e "GITHUB_OUTPUT" -e "GITHUB_ACTION_PATH" -e "RUNNER_OS" -e "RUNNER_ARCH" -e "RUNNER_NAME" -e "RUNNER_ENVIRONMENT" -e "RUNNER_TOOL_CACHE" -e "RUNNER_TEMP" -e "RUNNER_WORKSPACE" -e "ACTIONS_RUNTIME_URL" -e "ACTIONS_RUNTIME_TOKEN" -e "ACTIONS_CACHE_URL" -e "ACTIONS_ID_TOKEN_REQUEST_URL" -e "ACTIONS_ID_TOKEN_REQUEST_TOKEN" -e "ACTIONS_RESULTS_URL" -e "ACTIONS_ORCHESTRATION_ID" -e GITHUB_ACTIONS=true -e CI=true -v "/var/run/docker.sock":"/var/run/docker.sock" -v "/home/runner/work/_temp":"/github/runner_temp" -v "/home/runner/work/_temp/_github_home":"/github/home" -v "/home/runner/work/_temp/_github_workflow":"/github/workflow" -v "/home/runner/work/_temp/_runner_file_commands":"/github/file_commands" -v "/home/runner/work/lino-objects-codec/lino-objects-codec":"/github/workspace" ghcr.io/pypa/gh-action-pypi-publish:release-v1
Auto Release	Publish to PyPI	2026-05-03T17:57:08.0666981Z Unable to find image 'ghcr.io/pypa/gh-action-pypi-publish:release-v1' locally
Auto Release	Publish to PyPI	2026-05-03T17:57:08.2858196Z release-v1: Pulling from pypa/gh-action-pypi-publish
Auto Release	Publish to PyPI	2026-05-03T17:57:08.2870318Z 9d11882d4b58: Pulling fs layer
Auto Release	Publish to PyPI	2026-05-03T17:57:08.2870758Z 4eeb9a554e5a: Pulling fs layer
Auto Release	Publish to PyPI	2026-05-03T17:57:08.2871119Z 559c2b59f78d: Pulling fs layer
Auto Release	Publish to PyPI	2026-05-03T17:57:08.2871365Z 02b5ccdcca95: Pulling fs layer
Auto Release	Publish to PyPI	2026-05-03T17:57:08.2871603Z a3051f342870: Pulling fs layer
Auto Release	Publish to PyPI	2026-05-03T17:57:08.2871817Z b0c54e5184e0: Pulling fs layer
Auto Release	Publish to PyPI	2026-05-03T17:57:08.2872196Z 736d1ace839c: Pulling fs layer
Auto Release	Publish to PyPI	2026-05-03T17:57:08.2872456Z f49adb0f2ede: Pulling fs layer
Auto Release	Publish to PyPI	2026-05-03T17:57:08.2872699Z 77c4c4ac7b62: Pulling fs layer
Auto Release	Publish to PyPI	2026-05-03T17:57:08.2872921Z b9db235c841b: Pulling fs layer
Auto Release	Publish to PyPI	2026-05-03T17:57:08.2873152Z 0501f1b4799b: Pulling fs layer
Auto Release	Publish to PyPI	2026-05-03T17:57:08.2873540Z 191533a2d4ee: Pulling fs layer
Auto Release	Publish to PyPI	2026-05-03T17:57:08.2873781Z b003759e3ef8: Pulling fs layer
Auto Release	Publish to PyPI	2026-05-03T17:57:08.2874001Z 4f4fb700ef54: Pulling fs layer
Auto Release	Publish to PyPI	2026-05-03T17:57:08.2874217Z 02b5ccdcca95: Waiting
Auto Release	Publish to PyPI	2026-05-03T17:57:08.2874494Z a3051f342870: Waiting
Auto Release	Publish to PyPI	2026-05-03T17:57:08.2874800Z 77c4c4ac7b62: Waiting
Auto Release	Publish to PyPI	2026-05-03T17:57:08.2875458Z b0c54e5184e0: Waiting
Auto Release	Publish to PyPI	2026-05-03T17:57:08.2875738Z b9db235c841b: Waiting
Auto Release	Publish to PyPI	2026-05-03T17:57:08.2876152Z 736d1ace839c: Waiting
Auto Release	Publish to PyPI	2026-05-03T17:57:08.2876729Z f49adb0f2ede: Waiting
Auto Release	Publish to PyPI	2026-05-03T17:57:08.2877059Z 0501f1b4799b: Waiting
Auto Release	Publish to PyPI	2026-05-03T17:57:08.2877409Z 191533a2d4ee: Waiting
Auto Release	Publish to PyPI	2026-05-03T17:57:08.2877745Z 4f4fb700ef54: Waiting
Auto Release	Publish to PyPI	2026-05-03T17:57:08.4026851Z 4eeb9a554e5a: Verifying Checksum
Auto Release	Publish to PyPI	2026-05-03T17:57:08.4027785Z 4eeb9a554e5a: Download complete
Auto Release	Publish to PyPI	2026-05-03T17:57:08.4494814Z 559c2b59f78d: Verifying Checksum
Auto Release	Publish to PyPI	2026-05-03T17:57:08.4518321Z 559c2b59f78d: Download complete
Auto Release	Publish to PyPI	2026-05-03T17:57:08.4665653Z 02b5ccdcca95: Verifying Checksum
Auto Release	Publish to PyPI	2026-05-03T17:57:08.4666738Z 02b5ccdcca95: Download complete
Auto Release	Publish to PyPI	2026-05-03T17:57:08.5100206Z 9d11882d4b58: Verifying Checksum
Auto Release	Publish to PyPI	2026-05-03T17:57:08.5102063Z 9d11882d4b58: Download complete
Auto Release	Publish to PyPI	2026-05-03T17:57:08.5201812Z a3051f342870: Download complete
Auto Release	Publish to PyPI	2026-05-03T17:57:08.5923702Z f49adb0f2ede: Verifying Checksum
Auto Release	Publish to PyPI	2026-05-03T17:57:08.5928600Z f49adb0f2ede: Download complete
Auto Release	Publish to PyPI	2026-05-03T17:57:08.5933473Z 736d1ace839c: Verifying Checksum
Auto Release	Publish to PyPI	2026-05-03T17:57:08.5935011Z 736d1ace839c: Download complete
Auto Release	Publish to PyPI	2026-05-03T17:57:08.6662045Z b9db235c841b: Verifying Checksum
Auto Release	Publish to PyPI	2026-05-03T17:57:08.6662673Z b9db235c841b: Download complete
Auto Release	Publish to PyPI	2026-05-03T17:57:08.6723416Z 77c4c4ac7b62: Verifying Checksum
Auto Release	Publish to PyPI	2026-05-03T17:57:08.6725083Z 77c4c4ac7b62: Download complete
Auto Release	Publish to PyPI	2026-05-03T17:57:08.6956861Z b0c54e5184e0: Verifying Checksum
Auto Release	Publish to PyPI	2026-05-03T17:57:08.6958363Z b0c54e5184e0: Download complete
Auto Release	Publish to PyPI	2026-05-03T17:57:08.7413676Z 0501f1b4799b: Download complete
Auto Release	Publish to PyPI	2026-05-03T17:57:08.7432860Z 191533a2d4ee: Verifying Checksum
Auto Release	Publish to PyPI	2026-05-03T17:57:08.7433778Z 191533a2d4ee: Download complete
Auto Release	Publish to PyPI	2026-05-03T17:57:08.7580871Z b003759e3ef8: Verifying Checksum
Auto Release	Publish to PyPI	2026-05-03T17:57:08.7581549Z b003759e3ef8: Download complete
Auto Release	Publish to PyPI	2026-05-03T17:57:08.8127835Z 4f4fb700ef54: Verifying Checksum
Auto Release	Publish to PyPI	2026-05-03T17:57:08.8128404Z 4f4fb700ef54: Download complete
Auto Release	Publish to PyPI	2026-05-03T17:57:09.5824442Z 9d11882d4b58: Pull complete
Auto Release	Publish to PyPI	2026-05-03T17:57:09.9629281Z 4eeb9a554e5a: Pull complete
Auto Release	Publish to PyPI	2026-05-03T17:57:10.5604041Z 559c2b59f78d: Pull complete
Auto Release	Publish to PyPI	2026-05-03T17:57:10.5706437Z 02b5ccdcca95: Pull complete
Auto Release	Publish to PyPI	2026-05-03T17:57:10.5832639Z a3051f342870: Pull complete
Auto Release	Publish to PyPI	2026-05-03T17:57:12.0032638Z b0c54e5184e0: Pull complete
Auto Release	Publish to PyPI	2026-05-03T17:57:12.0124537Z 736d1ace839c: Pull complete
Auto Release	Publish to PyPI	2026-05-03T17:57:12.0248547Z f49adb0f2ede: Pull complete
Auto Release	Publish to PyPI	2026-05-03T17:57:12.0334915Z 77c4c4ac7b62: Pull complete
Auto Release	Publish to PyPI	2026-05-03T17:57:12.0413142Z b9db235c841b: Pull complete
Auto Release	Publish to PyPI	2026-05-03T17:57:12.0489645Z 0501f1b4799b: Pull complete
Auto Release	Publish to PyPI	2026-05-03T17:57:12.0594572Z 191533a2d4ee: Pull complete
Auto Release	Publish to PyPI	2026-05-03T17:57:12.0673989Z b003759e3ef8: Pull complete
Auto Release	Publish to PyPI	2026-05-03T17:57:12.0743487Z 4f4fb700ef54: Pull complete
Auto Release	Publish to PyPI	2026-05-03T17:57:12.0782229Z Digest: sha256:6d88f308559d95bdafd10ac3d0b6ed95df4e2daaf7f97f6d4588d8c14ca1fbdd
Auto Release	Publish to PyPI	2026-05-03T17:57:12.0795850Z Status: Downloaded newer image for ghcr.io/pypa/gh-action-pypi-publish:release-v1
Auto Release	Publish to PyPI	2026-05-03T17:57:13.3606892Z ##[error]Trusted publishing exchange failure: 
Auto Release	Publish to PyPI	Token request failed: the server refused the request for the following reasons:
Auto Release	Publish to PyPI	
Auto Release	Publish to PyPI	* `invalid-publisher`: valid token, but no corresponding publisher (Publisher with matching claims was not found)
Auto Release	Publish to PyPI	
Auto Release	Publish to PyPI	This generally indicates a trusted publisher configuration error, but could
Auto Release	Publish to PyPI	also indicate an internal error on GitHub or PyPI's part.
Auto Release	Publish to PyPI	
Auto Release	Publish to PyPI	
Auto Release	Publish to PyPI	The claims rendered below are **for debugging purposes only**. You should **not**
Auto Release	Publish to PyPI	use them to configure a trusted publisher unless they already match your expectations.
Auto Release	Publish to PyPI	
Auto Release	Publish to PyPI	If a claim is not present in the claim set, then it is rendered as `MISSING`.
Auto Release	Publish to PyPI	
Auto Release	Publish to PyPI	* `sub`: `repo:link-foundation/lino-objects-codec:ref:refs/heads/main`
Auto Release	Publish to PyPI	* `repository`: `link-foundation/lino-objects-codec`
Auto Release	Publish to PyPI	* `repository_owner`: `link-foundation`
Auto Release	Publish to PyPI	* `repository_owner_id`: `176174013`
Auto Release	Publish to PyPI	* `workflow_ref`: `link-foundation/lino-objects-codec/.github/workflows/python.yml@refs/heads/main`
Auto Release	Publish to PyPI	* `job_workflow_ref`: `link-foundation/lino-objects-codec/.github/workflows/python.yml@refs/heads/main`
Auto Release	Publish to PyPI	* `ref`: `refs/heads/main`
Auto Release	Publish to PyPI	* `environment`: `MISSING`
Auto Release	Publish to PyPI	
Auto Release	Publish to PyPI	See https://docs.pypi.org/trusted-publishers/troubleshooting/ for more help.
Auto Release	Publish to PyPI	
Auto Release	Publish to PyPI	
Auto Release	Diagnose PyPI publish failure	﻿2026-05-03T17:57:13.4609231Z ##[group]Run echo "::error title=PyPI publish failed::pypa/gh-action-pypi-publish exited with an error."
Auto Release	Diagnose PyPI publish failure	2026-05-03T17:57:13.4610009Z [36;1mecho "::error title=PyPI publish failed::pypa/gh-action-pypi-publish exited with an error."[0m
Auto Release	Diagnose PyPI publish failure	2026-05-03T17:57:13.4610472Z [36;1mecho ""[0m
Auto Release	Diagnose PyPI publish failure	2026-05-03T17:57:13.4610690Z [36;1mecho "Most common causes & fixes:"[0m
Auto Release	Diagnose PyPI publish failure	2026-05-03T17:57:13.4611085Z [36;1mecho "  1. 'Trusted publisher … not configured' / 'invalid-publisher':"[0m
Auto Release	Diagnose PyPI publish failure	2026-05-03T17:57:13.4611615Z [36;1mecho "     PyPI does not yet trust this repository+workflow. Configure it at:"[0m
Auto Release	Diagnose PyPI publish failure	2026-05-03T17:57:13.4612202Z [36;1mecho "       https://pypi.org/manage/project/lino-objects-codec/settings/publishing/"[0m
Auto Release	Diagnose PyPI publish failure	2026-05-03T17:57:13.4612857Z [36;1mecho "     Match: owner=link-foundation, repo=$(basename link-foundation/lino-objects-codec),"[0m
Auto Release	Diagnose PyPI publish failure	2026-05-03T17:57:13.4613444Z [36;1mecho "            workflow=python.yml, environment=(blank unless you set one)."[0m
Auto Release	Diagnose PyPI publish failure	2026-05-03T17:57:13.4613858Z [36;1mecho ""[0m
Auto Release	Diagnose PyPI publish failure	2026-05-03T17:57:13.4614228Z [36;1mecho "  2. Token-based auth in use but PYPI_API_TOKEN missing/expired:"[0m
Auto Release	Diagnose PyPI publish failure	2026-05-03T17:57:13.4614787Z [36;1mecho "     Generate at https://pypi.org/manage/account/token/ and store as a repo secret."[0m
Auto Release	Diagnose PyPI publish failure	2026-05-03T17:57:13.4615219Z [36;1mecho ""[0m
Auto Release	Diagnose PyPI publish failure	2026-05-03T17:57:13.4615542Z [36;1mecho "  3. id-token: write missing on the job (this workflow already has it)."[0m
Auto Release	Diagnose PyPI publish failure	2026-05-03T17:57:13.4615918Z [36;1mecho ""[0m
Auto Release	Diagnose PyPI publish failure	2026-05-03T17:57:13.4616301Z [36;1mecho "  4. Version already published: skip-existing is true so PyPI conflicts are tolerated;"[0m
Auto Release	Diagnose PyPI publish failure	2026-05-03T17:57:13.4617170Z [36;1mecho "     a hard failure here means something else is wrong."[0m
Auto Release	Diagnose PyPI publish failure	2026-05-03T17:57:13.4617500Z [36;1mecho ""[0m
Auto Release	Diagnose PyPI publish failure	2026-05-03T17:57:13.4617770Z [36;1mecho "Docs: https://docs.pypi.org/trusted-publishers/"[0m
Auto Release	Diagnose PyPI publish failure	2026-05-03T17:57:13.4618152Z [36;1mecho "      docs/case-studies/issue-29/README.md"[0m
Auto Release	Diagnose PyPI publish failure	2026-05-03T17:57:13.4618451Z [36;1mexit 1[0m
Auto Release	Diagnose PyPI publish failure	2026-05-03T17:57:13.4639866Z shell: /usr/bin/bash -e {0}
Auto Release	Diagnose PyPI publish failure	2026-05-03T17:57:13.4640114Z env:
Auto Release	Diagnose PyPI publish failure	2026-05-03T17:57:13.4640363Z   pythonLocation: /opt/hostedtoolcache/Python/3.13.13/x64
Auto Release	Diagnose PyPI publish failure	2026-05-03T17:57:13.4640795Z   PKG_CONFIG_PATH: /opt/hostedtoolcache/Python/3.13.13/x64/lib/pkgconfig
Auto Release	Diagnose PyPI publish failure	2026-05-03T17:57:13.4641219Z   Python_ROOT_DIR: /opt/hostedtoolcache/Python/3.13.13/x64
Auto Release	Diagnose PyPI publish failure	2026-05-03T17:57:13.4641580Z   Python2_ROOT_DIR: /opt/hostedtoolcache/Python/3.13.13/x64
Auto Release	Diagnose PyPI publish failure	2026-05-03T17:57:13.4641949Z   Python3_ROOT_DIR: /opt/hostedtoolcache/Python/3.13.13/x64
Auto Release	Diagnose PyPI publish failure	2026-05-03T17:57:13.4642321Z   LD_LIBRARY_PATH: /opt/hostedtoolcache/Python/3.13.13/x64/lib
Auto Release	Diagnose PyPI publish failure	2026-05-03T17:57:13.4642627Z ##[endgroup]
Auto Release	Diagnose PyPI publish failure	2026-05-03T17:57:13.4686286Z ##[error]pypa/gh-action-pypi-publish exited with an error.
Auto Release	Diagnose PyPI publish failure	2026-05-03T17:57:13.4687355Z 
Auto Release	Diagnose PyPI publish failure	2026-05-03T17:57:13.4687479Z Most common causes & fixes:
Auto Release	Diagnose PyPI publish failure	2026-05-03T17:57:13.4688048Z   1. 'Trusted publisher … not configured' / 'invalid-publisher':
Auto Release	Diagnose PyPI publish failure	2026-05-03T17:57:13.4688491Z      PyPI does not yet trust this repository+workflow. Configure it at:
Auto Release	Diagnose PyPI publish failure	2026-05-03T17:57:13.4689006Z        https://pypi.org/manage/project/lino-objects-codec/settings/publishing/
Auto Release	Diagnose PyPI publish failure	2026-05-03T17:57:13.4698292Z      Match: owner=link-foundation, repo=lino-objects-codec,
Auto Release	Diagnose PyPI publish failure	2026-05-03T17:57:13.4699078Z             workflow=python.yml, environment=(blank unless you set one).
Auto Release	Diagnose PyPI publish failure	2026-05-03T17:57:13.4699441Z 
Auto Release	Diagnose PyPI publish failure	2026-05-03T17:57:13.4699633Z   2. Token-based auth in use but PYPI_API_TOKEN missing/expired:
Auto Release	Diagnose PyPI publish failure	2026-05-03T17:57:13.4700140Z      Generate at https://pypi.org/manage/account/token/ and store as a repo secret.
Auto Release	Diagnose PyPI publish failure	2026-05-03T17:57:13.4700468Z 
Auto Release	Diagnose PyPI publish failure	2026-05-03T17:57:13.4700649Z   3. id-token: write missing on the job (this workflow already has it).
Auto Release	Diagnose PyPI publish failure	2026-05-03T17:57:13.4700921Z 
Auto Release	Diagnose PyPI publish failure	2026-05-03T17:57:13.4701516Z   4. Version already published: skip-existing is true so PyPI conflicts are tolerated;
Auto Release	Diagnose PyPI publish failure	2026-05-03T17:57:13.4702328Z      a hard failure here means something else is wrong.
Auto Release	Diagnose PyPI publish failure	2026-05-03T17:57:13.4702702Z 
Auto Release	Diagnose PyPI publish failure	2026-05-03T17:57:13.4703148Z Docs: https://docs.pypi.org/trusted-publishers/
Auto Release	Diagnose PyPI publish failure	2026-05-03T17:57:13.4703681Z       docs/case-studies/issue-29/README.md
Auto Release	Diagnose PyPI publish failure	2026-05-03T17:57:13.4706012Z ##[error]Process completed with exit code 1.
Auto Release	Post Publish to PyPI	﻿2026-05-03T17:57:13.4831851Z Post job cleanup.
Auto Release	Post Run actions/checkout@v4	﻿2026-05-03T17:57:13.4891864Z Post job cleanup.
Auto Release	Post Run actions/checkout@v4	2026-05-03T17:57:13.5867121Z [command]/usr/bin/git version
Auto Release	Post Run actions/checkout@v4	2026-05-03T17:57:13.5909741Z git version 2.53.0
Auto Release	Post Run actions/checkout@v4	2026-05-03T17:57:13.5960526Z Temporarily overriding HOME='/home/runner/work/_temp/99467d3d-d29b-41e1-aed8-3087539575f6' before making global git config changes
Auto Release	Post Run actions/checkout@v4	2026-05-03T17:57:13.5961757Z Adding repository directory to the temporary git global config as a safe directory
Auto Release	Post Run actions/checkout@v4	2026-05-03T17:57:13.5966069Z [command]/usr/bin/git config --global --add safe.directory /home/runner/work/lino-objects-codec/lino-objects-codec
Auto Release	Post Run actions/checkout@v4	2026-05-03T17:57:13.6001925Z [command]/usr/bin/git config --local --name-only --get-regexp core\.sshCommand
Auto Release	Post Run actions/checkout@v4	2026-05-03T17:57:13.6040335Z [command]/usr/bin/git submodule foreach --recursive sh -c "git config --local --name-only --get-regexp 'core\.sshCommand' && git config --local --unset-all 'core.sshCommand' || :"
Auto Release	Post Run actions/checkout@v4	2026-05-03T17:57:13.6275057Z [command]/usr/bin/git config --local --name-only --get-regexp http\.https\:\/\/github\.com\/\.extraheader
Auto Release	Post Run actions/checkout@v4	2026-05-03T17:57:13.6296293Z http.https://github.com/.extraheader
Auto Release	Post Run actions/checkout@v4	2026-05-03T17:57:13.6309839Z [command]/usr/bin/git config --local --unset-all http.https://github.com/.extraheader
Auto Release	Post Run actions/checkout@v4	2026-05-03T17:57:13.6341908Z [command]/usr/bin/git submodule foreach --recursive sh -c "git config --local --name-only --get-regexp 'http\.https\:\/\/github\.com\/\.extraheader' && git config --local --unset-all 'http.https://github.com/.extraheader' || :"
Auto Release	Post Run actions/checkout@v4	2026-05-03T17:57:13.6568816Z [command]/usr/bin/git config --local --name-only --get-regexp ^includeIf\.gitdir:
Auto Release	Post Run actions/checkout@v4	2026-05-03T17:57:13.6599766Z [command]/usr/bin/git submodule foreach --recursive git config --local --show-origin --name-only --get-regexp remote.origin.url
Auto Release	Complete job	﻿2026-05-03T17:57:13.6945368Z Cleaning up orphan processes
Auto Release	Complete job	2026-05-03T17:57:13.7311264Z ##[warning]Node.js 20 actions are deprecated. The following actions are running on Node.js 20 and may not work as expected: actions/checkout@v4, actions/download-artifact@v4, actions/setup-python@v5. Actions will be forced to run with Node.js 24 by default starting June 2nd, 2026. Node.js 20 will be removed from the runner on September 16th, 2026. Please check if updated versions of these actions are available that support Node.js 24. To opt into Node.js 24 now, set the FORCE_JAVASCRIPT_ACTIONS_TO_NODE24=true environment variable on the runner or in your workflow file. Once Node.js 24 becomes the default, you can temporarily opt out by setting ACTIONS_ALLOW_USE_UNSECURE_NODE_VERSION=true. For more information see: https://github.blog/changelog/2025-09-19-deprecation-of-node-20-on-github-actions-runners/
