Detect Changes	Set up job	﻿2026-05-03T17:55:58.9594487Z Current runner version: '2.334.0'
Detect Changes	Set up job	2026-05-03T17:55:58.9613765Z ##[group]Runner Image Provisioner
Detect Changes	Set up job	2026-05-03T17:55:58.9614530Z Hosted Compute Agent
Detect Changes	Set up job	2026-05-03T17:55:58.9614989Z Version: 20260213.493
Detect Changes	Set up job	2026-05-03T17:55:58.9615434Z Commit: 5c115507f6dd24b8de37d8bbe0bb4509d0cc0fa3
Detect Changes	Set up job	2026-05-03T17:55:58.9616336Z Build Date: 2026-02-13T00:28:41Z
Detect Changes	Set up job	2026-05-03T17:55:58.9616887Z Worker ID: {ac7d867a-c532-4e2f-8595-aaa7eed85572}
Detect Changes	Set up job	2026-05-03T17:55:58.9617421Z Azure Region: westus
Detect Changes	Set up job	2026-05-03T17:55:58.9618015Z ##[endgroup]
Detect Changes	Set up job	2026-05-03T17:55:58.9619107Z ##[group]Operating System
Detect Changes	Set up job	2026-05-03T17:55:58.9619555Z Ubuntu
Detect Changes	Set up job	2026-05-03T17:55:58.9619996Z 24.04.4
Detect Changes	Set up job	2026-05-03T17:55:58.9620341Z LTS
Detect Changes	Set up job	2026-05-03T17:55:58.9620752Z ##[endgroup]
Detect Changes	Set up job	2026-05-03T17:55:58.9621137Z ##[group]Runner Image
Detect Changes	Set up job	2026-05-03T17:55:58.9621596Z Image: ubuntu-24.04
Detect Changes	Set up job	2026-05-03T17:55:58.9621990Z Version: 20260413.86.1
Detect Changes	Set up job	2026-05-03T17:55:58.9622798Z Included Software: https://github.com/actions/runner-images/blob/ubuntu24/20260413.86/images/ubuntu/Ubuntu2404-Readme.md
Detect Changes	Set up job	2026-05-03T17:55:58.9624119Z Image Release: https://github.com/actions/runner-images/releases/tag/ubuntu24%2F20260413.86
Detect Changes	Set up job	2026-05-03T17:55:58.9624893Z ##[endgroup]
Detect Changes	Set up job	2026-05-03T17:55:58.9627033Z ##[group]GITHUB_TOKEN Permissions
Detect Changes	Set up job	2026-05-03T17:55:58.9628809Z Actions: write
Detect Changes	Set up job	2026-05-03T17:55:58.9629253Z ArtifactMetadata: write
Detect Changes	Set up job	2026-05-03T17:55:58.9629732Z Attestations: write
Detect Changes	Set up job	2026-05-03T17:55:58.9630206Z Checks: write
Detect Changes	Set up job	2026-05-03T17:55:58.9630587Z Contents: write
Detect Changes	Set up job	2026-05-03T17:55:58.9631000Z Deployments: write
Detect Changes	Set up job	2026-05-03T17:55:58.9631367Z Discussions: write
Detect Changes	Set up job	2026-05-03T17:55:58.9631823Z Issues: write
Detect Changes	Set up job	2026-05-03T17:55:58.9632217Z Metadata: read
Detect Changes	Set up job	2026-05-03T17:55:58.9632603Z Models: read
Detect Changes	Set up job	2026-05-03T17:55:58.9633015Z Packages: write
Detect Changes	Set up job	2026-05-03T17:55:58.9633428Z Pages: write
Detect Changes	Set up job	2026-05-03T17:55:58.9633869Z PullRequests: write
Detect Changes	Set up job	2026-05-03T17:55:58.9634314Z RepositoryProjects: write
Detect Changes	Set up job	2026-05-03T17:55:58.9634805Z SecurityEvents: write
Detect Changes	Set up job	2026-05-03T17:55:58.9635199Z Statuses: write
Detect Changes	Set up job	2026-05-03T17:55:58.9635661Z VulnerabilityAlerts: read
Detect Changes	Set up job	2026-05-03T17:55:58.9636093Z ##[endgroup]
Detect Changes	Set up job	2026-05-03T17:55:58.9637895Z Secret source: Actions
Detect Changes	Set up job	2026-05-03T17:55:58.9638482Z Prepare workflow directory
Detect Changes	Set up job	2026-05-03T17:55:58.9893661Z Prepare all required actions
Detect Changes	Set up job	2026-05-03T17:55:58.9923507Z Getting action download info
Detect Changes	Set up job	2026-05-03T17:55:59.4042996Z Download action repository 'actions/checkout@v4' (SHA:34e114876b0b11c390a56381ad16ebd13914f8d5)
Detect Changes	Set up job	2026-05-03T17:55:59.7470886Z Complete job name: Detect Changes
Detect Changes	Run actions/checkout@v4	﻿2026-05-03T17:55:59.8016402Z ##[group]Run actions/checkout@v4
Detect Changes	Run actions/checkout@v4	2026-05-03T17:55:59.8017034Z with:
Detect Changes	Run actions/checkout@v4	2026-05-03T17:55:59.8017326Z   fetch-depth: 0
Detect Changes	Run actions/checkout@v4	2026-05-03T17:55:59.8017840Z   repository: link-foundation/lino-objects-codec
Detect Changes	Run actions/checkout@v4	2026-05-03T17:55:59.8018408Z   token: ***
Detect Changes	Run actions/checkout@v4	2026-05-03T17:55:59.8018706Z   ssh-strict: true
Detect Changes	Run actions/checkout@v4	2026-05-03T17:55:59.8019010Z   ssh-user: git
Detect Changes	Run actions/checkout@v4	2026-05-03T17:55:59.8019314Z   persist-credentials: true
Detect Changes	Run actions/checkout@v4	2026-05-03T17:55:59.8019660Z   clean: true
Detect Changes	Run actions/checkout@v4	2026-05-03T17:55:59.8019963Z   sparse-checkout-cone-mode: true
Detect Changes	Run actions/checkout@v4	2026-05-03T17:55:59.8020331Z   fetch-tags: false
Detect Changes	Run actions/checkout@v4	2026-05-03T17:55:59.8020652Z   show-progress: true
Detect Changes	Run actions/checkout@v4	2026-05-03T17:55:59.8020969Z   lfs: false
Detect Changes	Run actions/checkout@v4	2026-05-03T17:55:59.8021381Z   submodules: false
Detect Changes	Run actions/checkout@v4	2026-05-03T17:55:59.8021828Z   set-safe-directory: true
Detect Changes	Run actions/checkout@v4	2026-05-03T17:55:59.8022452Z ##[endgroup]
Detect Changes	Run actions/checkout@v4	2026-05-03T17:55:59.8886612Z Syncing repository: link-foundation/lino-objects-codec
Detect Changes	Run actions/checkout@v4	2026-05-03T17:55:59.8888232Z ##[group]Getting Git version info
Detect Changes	Run actions/checkout@v4	2026-05-03T17:55:59.8888836Z Working directory is '/home/runner/work/lino-objects-codec/lino-objects-codec'
Detect Changes	Run actions/checkout@v4	2026-05-03T17:55:59.8889762Z [command]/usr/bin/git version
Detect Changes	Run actions/checkout@v4	2026-05-03T17:55:59.9439195Z git version 2.53.0
Detect Changes	Run actions/checkout@v4	2026-05-03T17:55:59.9458583Z ##[endgroup]
Detect Changes	Run actions/checkout@v4	2026-05-03T17:55:59.9470034Z Temporarily overriding HOME='/home/runner/work/_temp/1ff2d990-42de-418c-baa7-ecb6751d7fc3' before making global git config changes
Detect Changes	Run actions/checkout@v4	2026-05-03T17:55:59.9471149Z Adding repository directory to the temporary git global config as a safe directory
Detect Changes	Run actions/checkout@v4	2026-05-03T17:55:59.9474440Z [command]/usr/bin/git config --global --add safe.directory /home/runner/work/lino-objects-codec/lino-objects-codec
Detect Changes	Run actions/checkout@v4	2026-05-03T17:55:59.9501474Z Deleting the contents of '/home/runner/work/lino-objects-codec/lino-objects-codec'
Detect Changes	Run actions/checkout@v4	2026-05-03T17:55:59.9504147Z ##[group]Initializing the repository
Detect Changes	Run actions/checkout@v4	2026-05-03T17:55:59.9507257Z [command]/usr/bin/git init /home/runner/work/lino-objects-codec/lino-objects-codec
Detect Changes	Run actions/checkout@v4	2026-05-03T17:55:59.9566165Z hint: Using 'master' as the name for the initial branch. This default branch name
Detect Changes	Run actions/checkout@v4	2026-05-03T17:55:59.9567333Z hint: will change to "main" in Git 3.0. To configure the initial branch name
Detect Changes	Run actions/checkout@v4	2026-05-03T17:55:59.9568607Z hint: to use in all of your new repositories, which will suppress this warning,
Detect Changes	Run actions/checkout@v4	2026-05-03T17:55:59.9569458Z hint: call:
Detect Changes	Run actions/checkout@v4	2026-05-03T17:55:59.9569879Z hint:
Detect Changes	Run actions/checkout@v4	2026-05-03T17:55:59.9570426Z hint: 	git config --global init.defaultBranch <name>
Detect Changes	Run actions/checkout@v4	2026-05-03T17:55:59.9571117Z hint:
Detect Changes	Run actions/checkout@v4	2026-05-03T17:55:59.9571759Z hint: Names commonly chosen instead of 'master' are 'main', 'trunk' and
Detect Changes	Run actions/checkout@v4	2026-05-03T17:55:59.9572931Z hint: 'development'. The just-created branch can be renamed via this command:
Detect Changes	Run actions/checkout@v4	2026-05-03T17:55:59.9573797Z hint:
Detect Changes	Run actions/checkout@v4	2026-05-03T17:55:59.9574245Z hint: 	git branch -m <name>
Detect Changes	Run actions/checkout@v4	2026-05-03T17:55:59.9574754Z hint:
Detect Changes	Run actions/checkout@v4	2026-05-03T17:55:59.9575436Z hint: Disable this message with "git config set advice.defaultBranchName false"
Detect Changes	Run actions/checkout@v4	2026-05-03T17:55:59.9576756Z Initialized empty Git repository in /home/runner/work/lino-objects-codec/lino-objects-codec/.git/
Detect Changes	Run actions/checkout@v4	2026-05-03T17:55:59.9579056Z [command]/usr/bin/git remote add origin https://github.com/link-foundation/lino-objects-codec
Detect Changes	Run actions/checkout@v4	2026-05-03T17:55:59.9602605Z ##[endgroup]
Detect Changes	Run actions/checkout@v4	2026-05-03T17:55:59.9603463Z ##[group]Disabling automatic garbage collection
Detect Changes	Run actions/checkout@v4	2026-05-03T17:55:59.9606481Z [command]/usr/bin/git config --local gc.auto 0
Detect Changes	Run actions/checkout@v4	2026-05-03T17:55:59.9629109Z ##[endgroup]
Detect Changes	Run actions/checkout@v4	2026-05-03T17:55:59.9629904Z ##[group]Setting up auth
Detect Changes	Run actions/checkout@v4	2026-05-03T17:55:59.9635044Z [command]/usr/bin/git config --local --name-only --get-regexp core\.sshCommand
Detect Changes	Run actions/checkout@v4	2026-05-03T17:55:59.9659723Z [command]/usr/bin/git submodule foreach --recursive sh -c "git config --local --name-only --get-regexp 'core\.sshCommand' && git config --local --unset-all 'core.sshCommand' || :"
Detect Changes	Run actions/checkout@v4	2026-05-03T17:55:59.9898210Z [command]/usr/bin/git config --local --name-only --get-regexp http\.https\:\/\/github\.com\/\.extraheader
Detect Changes	Run actions/checkout@v4	2026-05-03T17:55:59.9923098Z [command]/usr/bin/git submodule foreach --recursive sh -c "git config --local --name-only --get-regexp 'http\.https\:\/\/github\.com\/\.extraheader' && git config --local --unset-all 'http.https://github.com/.extraheader' || :"
Detect Changes	Run actions/checkout@v4	2026-05-03T17:56:00.0105439Z [command]/usr/bin/git config --local --name-only --get-regexp ^includeIf\.gitdir:
Detect Changes	Run actions/checkout@v4	2026-05-03T17:56:00.0138210Z [command]/usr/bin/git submodule foreach --recursive git config --local --show-origin --name-only --get-regexp remote.origin.url
Detect Changes	Run actions/checkout@v4	2026-05-03T17:56:00.0339879Z [command]/usr/bin/git config --local http.https://github.com/.extraheader AUTHORIZATION: basic ***
Detect Changes	Run actions/checkout@v4	2026-05-03T17:56:00.0371108Z ##[endgroup]
Detect Changes	Run actions/checkout@v4	2026-05-03T17:56:00.0380052Z ##[group]Fetching the repository
Detect Changes	Run actions/checkout@v4	2026-05-03T17:56:00.0380974Z [command]/usr/bin/git -c protocol.version=2 fetch --prune --no-recurse-submodules origin +refs/heads/*:refs/remotes/origin/* +refs/tags/*:refs/tags/*
Detect Changes	Run actions/checkout@v4	2026-05-03T17:56:00.8028001Z From https://github.com/link-foundation/lino-objects-codec
Detect Changes	Run actions/checkout@v4	2026-05-03T17:56:00.8029494Z  * [new branch]      issue-1-843d779c4cdb  -> origin/issue-1-843d779c4cdb
Detect Changes	Run actions/checkout@v4	2026-05-03T17:56:00.8030654Z  * [new branch]      issue-11-c74c0836aeba -> origin/issue-11-c74c0836aeba
Detect Changes	Run actions/checkout@v4	2026-05-03T17:56:00.8031776Z  * [new branch]      issue-15-b28422959bc5 -> origin/issue-15-b28422959bc5
Detect Changes	Run actions/checkout@v4	2026-05-03T17:56:00.8032911Z  * [new branch]      issue-17-ace5a094a724 -> origin/issue-17-ace5a094a724
Detect Changes	Run actions/checkout@v4	2026-05-03T17:56:00.8033890Z  * [new branch]      issue-19-d88ab983ff7d -> origin/issue-19-d88ab983ff7d
Detect Changes	Run actions/checkout@v4	2026-05-03T17:56:00.8034858Z  * [new branch]      issue-20-d21ab54e8ff1 -> origin/issue-20-d21ab54e8ff1
Detect Changes	Run actions/checkout@v4	2026-05-03T17:56:00.8035961Z  * [new branch]      issue-22-e5ea3b44ef6b -> origin/issue-22-e5ea3b44ef6b
Detect Changes	Run actions/checkout@v4	2026-05-03T17:56:00.8036957Z  * [new branch]      issue-25-76b0e5ea19d6 -> origin/issue-25-76b0e5ea19d6
Detect Changes	Run actions/checkout@v4	2026-05-03T17:56:00.8038534Z  * [new branch]      issue-27-eb86cc75f92a -> origin/issue-27-eb86cc75f92a
Detect Changes	Run actions/checkout@v4	2026-05-03T17:56:00.8039552Z  * [new branch]      issue-29-7f70f0d87db9 -> origin/issue-29-7f70f0d87db9
Detect Changes	Run actions/checkout@v4	2026-05-03T17:56:00.8040550Z  * [new branch]      issue-3-397c5eeac29f  -> origin/issue-3-397c5eeac29f
Detect Changes	Run actions/checkout@v4	2026-05-03T17:56:00.8041541Z  * [new branch]      issue-5-9641b6fb00d3  -> origin/issue-5-9641b6fb00d3
Detect Changes	Run actions/checkout@v4	2026-05-03T17:56:00.8042501Z  * [new branch]      issue-7-7a98520cd689  -> origin/issue-7-7a98520cd689
Detect Changes	Run actions/checkout@v4	2026-05-03T17:56:00.8043581Z  * [new branch]      issue-8-8f8d9acce5f1  -> origin/issue-8-8f8d9acce5f1
Detect Changes	Run actions/checkout@v4	2026-05-03T17:56:00.8044945Z  * [new branch]      issue-9-bef9e95e65ef  -> origin/issue-9-bef9e95e65ef
Detect Changes	Run actions/checkout@v4	2026-05-03T17:56:00.8046065Z  * [new branch]      main                  -> origin/main
Detect Changes	Run actions/checkout@v4	2026-05-03T17:56:00.8047009Z  * [new tag]         csharp-v0.2.0         -> csharp-v0.2.0
Detect Changes	Run actions/checkout@v4	2026-05-03T17:56:00.8048094Z  * [new tag]         rust-v0.2.0           -> rust-v0.2.0
Detect Changes	Run actions/checkout@v4	2026-05-03T17:56:00.8048987Z  * [new tag]         v0.1.1                -> v0.1.1
Detect Changes	Run actions/checkout@v4	2026-05-03T17:56:00.8049802Z  * [new tag]         v0.3.0                -> v0.3.0
Detect Changes	Run actions/checkout@v4	2026-05-03T17:56:00.8050619Z  * [new tag]         v0.3.1                -> v0.3.1
Detect Changes	Run actions/checkout@v4	2026-05-03T17:56:00.8051536Z  * [new tag]         v0.3.2                -> v0.3.2
Detect Changes	Run actions/checkout@v4	2026-05-03T17:56:00.8052443Z  * [new tag]         v0.3.3                -> v0.3.3
Detect Changes	Run actions/checkout@v4	2026-05-03T17:56:00.8081273Z [command]/usr/bin/git branch --list --remote origin/main
Detect Changes	Run actions/checkout@v4	2026-05-03T17:56:00.8103521Z   origin/main
Detect Changes	Run actions/checkout@v4	2026-05-03T17:56:00.8111773Z [command]/usr/bin/git rev-parse refs/remotes/origin/main
Detect Changes	Run actions/checkout@v4	2026-05-03T17:56:00.8129063Z ddbf2556b5b0e91a05c053f321b85ce9eb02355a
Detect Changes	Run actions/checkout@v4	2026-05-03T17:56:00.8133456Z ##[endgroup]
Detect Changes	Run actions/checkout@v4	2026-05-03T17:56:00.8134624Z ##[group]Determining the checkout info
Detect Changes	Run actions/checkout@v4	2026-05-03T17:56:00.8135953Z ##[endgroup]
Detect Changes	Run actions/checkout@v4	2026-05-03T17:56:00.8138113Z [command]/usr/bin/git sparse-checkout disable
Detect Changes	Run actions/checkout@v4	2026-05-03T17:56:00.8168979Z [command]/usr/bin/git config --local --unset-all extensions.worktreeConfig
Detect Changes	Run actions/checkout@v4	2026-05-03T17:56:00.8192767Z ##[group]Checking out the ref
Detect Changes	Run actions/checkout@v4	2026-05-03T17:56:00.8196700Z [command]/usr/bin/git checkout --progress --force -B main refs/remotes/origin/main
Detect Changes	Run actions/checkout@v4	2026-05-03T17:56:00.8604719Z Switched to a new branch 'main'
Detect Changes	Run actions/checkout@v4	2026-05-03T17:56:00.8605684Z branch 'main' set up to track 'origin/main'.
Detect Changes	Run actions/checkout@v4	2026-05-03T17:56:00.8611500Z ##[endgroup]
Detect Changes	Run actions/checkout@v4	2026-05-03T17:56:00.8640724Z [command]/usr/bin/git log -1 --format=%H
Detect Changes	Run actions/checkout@v4	2026-05-03T17:56:00.8659001Z ddbf2556b5b0e91a05c053f321b85ce9eb02355a
Detect Changes	Detect changes	﻿2026-05-03T17:56:00.8834167Z ##[group]Run node scripts/detect-code-changes.mjs
Detect Changes	Detect changes	2026-05-03T17:56:00.8835274Z [36;1mnode scripts/detect-code-changes.mjs[0m
Detect Changes	Detect changes	2026-05-03T17:56:00.8856725Z shell: /usr/bin/bash -e {0}
Detect Changes	Detect changes	2026-05-03T17:56:00.8857408Z env:
Detect Changes	Detect changes	2026-05-03T17:56:00.8858126Z   GITHUB_EVENT_NAME: push
Detect Changes	Detect changes	2026-05-03T17:56:00.8858781Z   GITHUB_BASE_SHA: 
Detect Changes	Detect changes	2026-05-03T17:56:00.8859355Z   GITHUB_HEAD_SHA: 
Detect Changes	Detect changes	2026-05-03T17:56:00.8859917Z ##[endgroup]
Detect Changes	Detect changes	2026-05-03T17:56:01.7914172Z Detecting file changes for CI/CD...
Detect Changes	Detect changes	2026-05-03T17:56:01.7914563Z 
Detect Changes	Detect changes	2026-05-03T17:56:01.7918313Z Comparing HEAD^ to HEAD
Detect Changes	Detect changes	2026-05-03T17:56:01.7957937Z Changed files:
Detect Changes	Detect changes	2026-05-03T17:56:01.7958305Z   .github/workflows/csharp.yml
Detect Changes	Detect changes	2026-05-03T17:56:01.7958651Z   .github/workflows/js.yml
Detect Changes	Detect changes	2026-05-03T17:56:01.7958975Z   .github/workflows/python.yml
Detect Changes	Detect changes	2026-05-03T17:56:01.7959396Z   .github/workflows/rust.yml
Detect Changes	Detect changes	2026-05-03T17:56:01.7959743Z   docs/case-studies/issue-29/README.md
Detect Changes	Detect changes	2026-05-03T17:56:01.7960118Z   docs/case-studies/issue-29/registry-npm.txt
Detect Changes	Detect changes	2026-05-03T17:56:01.7960550Z   docs/case-studies/issue-29/registry-presence.txt
Detect Changes	Detect changes	2026-05-03T17:56:01.7963060Z   docs/case-studies/issue-29/run-25279435356-csharp-failure.json
Detect Changes	Detect changes	2026-05-03T17:56:01.7963982Z   docs/case-studies/issue-29/run-25279435356-csharp.log
Detect Changes	Detect changes	2026-05-03T17:56:01.7964925Z   docs/case-studies/issue-29/run-25280681545-python-failure.json
Detect Changes	Detect changes	2026-05-03T17:56:01.7965491Z   docs/case-studies/issue-29/run-25280681545-python.log
Detect Changes	Detect changes	2026-05-03T17:56:01.7966100Z   docs/case-studies/issue-29/run-25280681547-js-falsepositive.json
Detect Changes	Detect changes	2026-05-03T17:56:01.7966969Z   docs/case-studies/issue-29/run-25280681547-js.log
Detect Changes	Detect changes	2026-05-03T17:56:01.7967435Z   experiments/issue-29/test-failure-detection.mjs
Detect Changes	Detect changes	2026-05-03T17:56:01.7968164Z   js/.changeset/issue-29-publish-detection.md
Detect Changes	Detect changes	2026-05-03T17:56:01.7968609Z   js/scripts/create-github-release.mjs
Detect Changes	Detect changes	2026-05-03T17:56:01.7968998Z   js/scripts/create-manual-changeset.mjs
Detect Changes	Detect changes	2026-05-03T17:56:01.7969399Z   js/scripts/format-github-release.mjs
Detect Changes	Detect changes	2026-05-03T17:56:01.7969805Z   js/scripts/format-release-notes.mjs
Detect Changes	Detect changes	2026-05-03T17:56:01.7970218Z   js/scripts/publish-to-npm.mjs
Detect Changes	Detect changes	2026-05-03T17:56:01.7970489Z 
Detect Changes	Detect changes	2026-05-03T17:56:01.7970627Z mjs-changed=true
Detect Changes	Detect changes	2026-05-03T17:56:01.7970907Z js-changed=false
Detect Changes	Detect changes	2026-05-03T17:56:01.7971196Z package-changed=false
Detect Changes	Detect changes	2026-05-03T17:56:01.7971499Z docs-changed=true
Detect Changes	Detect changes	2026-05-03T17:56:01.7971873Z workflow-changed=true
Detect Changes	Detect changes	2026-05-03T17:56:01.7972117Z 
Detect Changes	Detect changes	2026-05-03T17:56:01.7972273Z Files considered as code changes:
Detect Changes	Detect changes	2026-05-03T17:56:01.7972640Z   .github/workflows/csharp.yml
Detect Changes	Detect changes	2026-05-03T17:56:01.7972896Z   .github/workflows/js.yml
Detect Changes	Detect changes	2026-05-03T17:56:01.7973128Z   .github/workflows/python.yml
Detect Changes	Detect changes	2026-05-03T17:56:01.7973347Z   .github/workflows/rust.yml
Detect Changes	Detect changes	2026-05-03T17:56:01.7973569Z   js/scripts/create-github-release.mjs
Detect Changes	Detect changes	2026-05-03T17:56:01.7973922Z   js/scripts/create-manual-changeset.mjs
Detect Changes	Detect changes	2026-05-03T17:56:01.7974173Z   js/scripts/format-github-release.mjs
Detect Changes	Detect changes	2026-05-03T17:56:01.7974413Z   js/scripts/format-release-notes.mjs
Detect Changes	Detect changes	2026-05-03T17:56:01.7974643Z   js/scripts/publish-to-npm.mjs
Detect Changes	Detect changes	2026-05-03T17:56:01.7974786Z 
Detect Changes	Detect changes	2026-05-03T17:56:01.7974874Z any-code-changed=true
Detect Changes	Detect changes	2026-05-03T17:56:01.7974989Z 
Detect Changes	Detect changes	2026-05-03T17:56:01.7975077Z Change detection completed.
Detect Changes	Post Run actions/checkout@v4	﻿2026-05-03T17:56:01.8098602Z Post job cleanup.
Detect Changes	Post Run actions/checkout@v4	2026-05-03T17:56:01.8862851Z [command]/usr/bin/git version
Detect Changes	Post Run actions/checkout@v4	2026-05-03T17:56:01.8891444Z git version 2.53.0
Detect Changes	Post Run actions/checkout@v4	2026-05-03T17:56:01.8923148Z Temporarily overriding HOME='/home/runner/work/_temp/b91882a4-3287-43e4-aca0-a83cba7a9482' before making global git config changes
Detect Changes	Post Run actions/checkout@v4	2026-05-03T17:56:01.8923876Z Adding repository directory to the temporary git global config as a safe directory
Detect Changes	Post Run actions/checkout@v4	2026-05-03T17:56:01.8934195Z [command]/usr/bin/git config --global --add safe.directory /home/runner/work/lino-objects-codec/lino-objects-codec
Detect Changes	Post Run actions/checkout@v4	2026-05-03T17:56:01.9396614Z [command]/usr/bin/git config --local --name-only --get-regexp core\.sshCommand
Detect Changes	Post Run actions/checkout@v4	2026-05-03T17:56:01.9424030Z [command]/usr/bin/git submodule foreach --recursive sh -c "git config --local --name-only --get-regexp 'core\.sshCommand' && git config --local --unset-all 'core.sshCommand' || :"
Detect Changes	Post Run actions/checkout@v4	2026-05-03T17:56:01.9608175Z [command]/usr/bin/git config --local --name-only --get-regexp http\.https\:\/\/github\.com\/\.extraheader
Detect Changes	Post Run actions/checkout@v4	2026-05-03T17:56:01.9624997Z http.https://github.com/.extraheader
Detect Changes	Post Run actions/checkout@v4	2026-05-03T17:56:01.9634973Z [command]/usr/bin/git config --local --unset-all http.https://github.com/.extraheader
Detect Changes	Post Run actions/checkout@v4	2026-05-03T17:56:01.9660447Z [command]/usr/bin/git submodule foreach --recursive sh -c "git config --local --name-only --get-regexp 'http\.https\:\/\/github\.com\/\.extraheader' && git config --local --unset-all 'http.https://github.com/.extraheader' || :"
Detect Changes	Post Run actions/checkout@v4	2026-05-03T17:56:01.9841488Z [command]/usr/bin/git config --local --name-only --get-regexp ^includeIf\.gitdir:
Detect Changes	Post Run actions/checkout@v4	2026-05-03T17:56:01.9866455Z [command]/usr/bin/git submodule foreach --recursive git config --local --show-origin --name-only --get-regexp remote.origin.url
Detect Changes	Complete job	﻿2026-05-03T17:56:02.0139671Z Evaluate and set job outputs
Detect Changes	Complete job	2026-05-03T17:56:02.0146202Z Set output 'mjs-changed'
Detect Changes	Complete job	2026-05-03T17:56:02.0147704Z Set output 'js-changed'
Detect Changes	Complete job	2026-05-03T17:56:02.0148314Z Set output 'package-changed'
Detect Changes	Complete job	2026-05-03T17:56:02.0148606Z Set output 'docs-changed'
Detect Changes	Complete job	2026-05-03T17:56:02.0148889Z Set output 'workflow-changed'
Detect Changes	Complete job	2026-05-03T17:56:02.0149173Z Set output 'any-code-changed'
Detect Changes	Complete job	2026-05-03T17:56:02.0149942Z Cleaning up orphan processes
Detect Changes	Complete job	2026-05-03T17:56:02.0452813Z ##[warning]Node.js 20 actions are deprecated. The following actions are running on Node.js 20 and may not work as expected: actions/checkout@v4. Actions will be forced to run with Node.js 24 by default starting June 2nd, 2026. Node.js 20 will be removed from the runner on September 16th, 2026. Please check if updated versions of these actions are available that support Node.js 24. To opt into Node.js 24 now, set the FORCE_JAVASCRIPT_ACTIONS_TO_NODE24=true environment variable on the runner or in your workflow file. Once Node.js 24 becomes the default, you can temporarily opt out by setting ACTIONS_ALLOW_USE_UNSECURE_NODE_VERSION=true. For more information see: https://github.blog/changelog/2025-09-19-deprecation-of-node-20-on-github-actions-runners/
Lint and Format Check	Set up job	﻿2026-05-03T17:56:07.3376490Z Current runner version: '2.334.0'
Lint and Format Check	Set up job	2026-05-03T17:56:07.3400464Z ##[group]Runner Image Provisioner
Lint and Format Check	Set up job	2026-05-03T17:56:07.3401247Z Hosted Compute Agent
Lint and Format Check	Set up job	2026-05-03T17:56:07.3401858Z Version: 20260213.493
Lint and Format Check	Set up job	2026-05-03T17:56:07.3402521Z Commit: 5c115507f6dd24b8de37d8bbe0bb4509d0cc0fa3
Lint and Format Check	Set up job	2026-05-03T17:56:07.3403128Z Build Date: 2026-02-13T00:28:41Z
Lint and Format Check	Set up job	2026-05-03T17:56:07.3404076Z Worker ID: {706d81cd-9fb4-4cbf-bd14-9cb4c2b1411b}
Lint and Format Check	Set up job	2026-05-03T17:56:07.3404718Z Azure Region: westus3
Lint and Format Check	Set up job	2026-05-03T17:56:07.3405191Z ##[endgroup]
Lint and Format Check	Set up job	2026-05-03T17:56:07.3406570Z ##[group]Operating System
Lint and Format Check	Set up job	2026-05-03T17:56:07.3407087Z Ubuntu
Lint and Format Check	Set up job	2026-05-03T17:56:07.3407516Z 24.04.4
Lint and Format Check	Set up job	2026-05-03T17:56:07.3407965Z LTS
Lint and Format Check	Set up job	2026-05-03T17:56:07.3408327Z ##[endgroup]
Lint and Format Check	Set up job	2026-05-03T17:56:07.3408901Z ##[group]Runner Image
Lint and Format Check	Set up job	2026-05-03T17:56:07.3409397Z Image: ubuntu-24.04
Lint and Format Check	Set up job	2026-05-03T17:56:07.3409860Z Version: 20260413.86.1
Lint and Format Check	Set up job	2026-05-03T17:56:07.3410727Z Included Software: https://github.com/actions/runner-images/blob/ubuntu24/20260413.86/images/ubuntu/Ubuntu2404-Readme.md
Lint and Format Check	Set up job	2026-05-03T17:56:07.3412306Z Image Release: https://github.com/actions/runner-images/releases/tag/ubuntu24%2F20260413.86
Lint and Format Check	Set up job	2026-05-03T17:56:07.3413087Z ##[endgroup]
Lint and Format Check	Set up job	2026-05-03T17:56:07.3415592Z ##[group]GITHUB_TOKEN Permissions
Lint and Format Check	Set up job	2026-05-03T17:56:07.3417464Z Actions: write
Lint and Format Check	Set up job	2026-05-03T17:56:07.3418007Z ArtifactMetadata: write
Lint and Format Check	Set up job	2026-05-03T17:56:07.3418461Z Attestations: write
Lint and Format Check	Set up job	2026-05-03T17:56:07.3418917Z Checks: write
Lint and Format Check	Set up job	2026-05-03T17:56:07.3419341Z Contents: write
Lint and Format Check	Set up job	2026-05-03T17:56:07.3419817Z Deployments: write
Lint and Format Check	Set up job	2026-05-03T17:56:07.3420251Z Discussions: write
Lint and Format Check	Set up job	2026-05-03T17:56:07.3420701Z Issues: write
Lint and Format Check	Set up job	2026-05-03T17:56:07.3421230Z Metadata: read
Lint and Format Check	Set up job	2026-05-03T17:56:07.3421632Z Models: read
Lint and Format Check	Set up job	2026-05-03T17:56:07.3422088Z Packages: write
Lint and Format Check	Set up job	2026-05-03T17:56:07.3422879Z Pages: write
Lint and Format Check	Set up job	2026-05-03T17:56:07.3423428Z PullRequests: write
Lint and Format Check	Set up job	2026-05-03T17:56:07.3423882Z RepositoryProjects: write
Lint and Format Check	Set up job	2026-05-03T17:56:07.3424421Z SecurityEvents: write
Lint and Format Check	Set up job	2026-05-03T17:56:07.3424901Z Statuses: write
Lint and Format Check	Set up job	2026-05-03T17:56:07.3425365Z VulnerabilityAlerts: read
Lint and Format Check	Set up job	2026-05-03T17:56:07.3425925Z ##[endgroup]
Lint and Format Check	Set up job	2026-05-03T17:56:07.3427877Z Secret source: Actions
Lint and Format Check	Set up job	2026-05-03T17:56:07.3428506Z Prepare workflow directory
Lint and Format Check	Set up job	2026-05-03T17:56:07.3735141Z Prepare all required actions
Lint and Format Check	Set up job	2026-05-03T17:56:07.3774566Z Getting action download info
Lint and Format Check	Set up job	2026-05-03T17:56:07.7851100Z Download action repository 'actions/checkout@v4' (SHA:34e114876b0b11c390a56381ad16ebd13914f8d5)
Lint and Format Check	Set up job	2026-05-03T17:56:07.8812739Z Download action repository 'actions/setup-node@v4' (SHA:49933ea5288caeca8642d1e84afbd3f7d6820020)
Lint and Format Check	Set up job	2026-05-03T17:56:08.0364768Z Complete job name: Lint and Format Check
Lint and Format Check	Run actions/checkout@v4	﻿2026-05-03T17:56:08.0985113Z ##[group]Run actions/checkout@v4
Lint and Format Check	Run actions/checkout@v4	2026-05-03T17:56:08.0985973Z with:
Lint and Format Check	Run actions/checkout@v4	2026-05-03T17:56:08.0986460Z   repository: link-foundation/lino-objects-codec
Lint and Format Check	Run actions/checkout@v4	2026-05-03T17:56:08.0987237Z   token: ***
Lint and Format Check	Run actions/checkout@v4	2026-05-03T17:56:08.0987697Z   ssh-strict: true
Lint and Format Check	Run actions/checkout@v4	2026-05-03T17:56:08.0988096Z   ssh-user: git
Lint and Format Check	Run actions/checkout@v4	2026-05-03T17:56:08.0988539Z   persist-credentials: true
Lint and Format Check	Run actions/checkout@v4	2026-05-03T17:56:08.0988976Z   clean: true
Lint and Format Check	Run actions/checkout@v4	2026-05-03T17:56:08.0989643Z   sparse-checkout-cone-mode: true
Lint and Format Check	Run actions/checkout@v4	2026-05-03T17:56:08.0990131Z   fetch-depth: 1
Lint and Format Check	Run actions/checkout@v4	2026-05-03T17:56:08.0990568Z   fetch-tags: false
Lint and Format Check	Run actions/checkout@v4	2026-05-03T17:56:08.0991044Z   show-progress: true
Lint and Format Check	Run actions/checkout@v4	2026-05-03T17:56:08.0991435Z   lfs: false
Lint and Format Check	Run actions/checkout@v4	2026-05-03T17:56:08.0991836Z   submodules: false
Lint and Format Check	Run actions/checkout@v4	2026-05-03T17:56:08.0992463Z   set-safe-directory: true
Lint and Format Check	Run actions/checkout@v4	2026-05-03T17:56:08.0993224Z ##[endgroup]
Lint and Format Check	Run actions/checkout@v4	2026-05-03T17:56:08.2056489Z Syncing repository: link-foundation/lino-objects-codec
Lint and Format Check	Run actions/checkout@v4	2026-05-03T17:56:08.2058287Z ##[group]Getting Git version info
Lint and Format Check	Run actions/checkout@v4	2026-05-03T17:56:08.2059263Z Working directory is '/home/runner/work/lino-objects-codec/lino-objects-codec'
Lint and Format Check	Run actions/checkout@v4	2026-05-03T17:56:08.2060528Z [command]/usr/bin/git version
Lint and Format Check	Run actions/checkout@v4	2026-05-03T17:56:08.2088864Z git version 2.53.0
Lint and Format Check	Run actions/checkout@v4	2026-05-03T17:56:08.2217863Z ##[endgroup]
Lint and Format Check	Run actions/checkout@v4	2026-05-03T17:56:08.2225966Z Temporarily overriding HOME='/home/runner/work/_temp/bb32b781-f39b-4ab1-9f26-52dddc61c096' before making global git config changes
Lint and Format Check	Run actions/checkout@v4	2026-05-03T17:56:08.2227940Z Adding repository directory to the temporary git global config as a safe directory
Lint and Format Check	Run actions/checkout@v4	2026-05-03T17:56:08.2230145Z [command]/usr/bin/git config --global --add safe.directory /home/runner/work/lino-objects-codec/lino-objects-codec
Lint and Format Check	Run actions/checkout@v4	2026-05-03T17:56:08.2233078Z Deleting the contents of '/home/runner/work/lino-objects-codec/lino-objects-codec'
Lint and Format Check	Run actions/checkout@v4	2026-05-03T17:56:08.2234865Z ##[group]Initializing the repository
Lint and Format Check	Run actions/checkout@v4	2026-05-03T17:56:08.2236014Z [command]/usr/bin/git init /home/runner/work/lino-objects-codec/lino-objects-codec
Lint and Format Check	Run actions/checkout@v4	2026-05-03T17:56:08.2243968Z hint: Using 'master' as the name for the initial branch. This default branch name
Lint and Format Check	Run actions/checkout@v4	2026-05-03T17:56:08.2245526Z hint: will change to "main" in Git 3.0. To configure the initial branch name
Lint and Format Check	Run actions/checkout@v4	2026-05-03T17:56:08.2246998Z hint: to use in all of your new repositories, which will suppress this warning,
Lint and Format Check	Run actions/checkout@v4	2026-05-03T17:56:08.2248132Z hint: call:
Lint and Format Check	Run actions/checkout@v4	2026-05-03T17:56:08.2248717Z hint:
Lint and Format Check	Run actions/checkout@v4	2026-05-03T17:56:08.2249565Z hint: 	git config --global init.defaultBranch <name>
Lint and Format Check	Run actions/checkout@v4	2026-05-03T17:56:08.2250455Z hint:
Lint and Format Check	Run actions/checkout@v4	2026-05-03T17:56:08.2251248Z hint: Names commonly chosen instead of 'master' are 'main', 'trunk' and
Lint and Format Check	Run actions/checkout@v4	2026-05-03T17:56:08.2252769Z hint: 'development'. The just-created branch can be renamed via this command:
Lint and Format Check	Run actions/checkout@v4	2026-05-03T17:56:08.2253877Z hint:
Lint and Format Check	Run actions/checkout@v4	2026-05-03T17:56:08.2254464Z hint: 	git branch -m <name>
Lint and Format Check	Run actions/checkout@v4	2026-05-03T17:56:08.2255137Z hint:
Lint and Format Check	Run actions/checkout@v4	2026-05-03T17:56:08.2256003Z hint: Disable this message with "git config set advice.defaultBranchName false"
Lint and Format Check	Run actions/checkout@v4	2026-05-03T17:56:08.2257040Z Initialized empty Git repository in /home/runner/work/lino-objects-codec/lino-objects-codec/.git/
Lint and Format Check	Run actions/checkout@v4	2026-05-03T17:56:08.2258631Z [command]/usr/bin/git remote add origin https://github.com/link-foundation/lino-objects-codec
Lint and Format Check	Run actions/checkout@v4	2026-05-03T17:56:08.2274149Z ##[endgroup]
Lint and Format Check	Run actions/checkout@v4	2026-05-03T17:56:08.2274820Z ##[group]Disabling automatic garbage collection
Lint and Format Check	Run actions/checkout@v4	2026-05-03T17:56:08.2277890Z [command]/usr/bin/git config --local gc.auto 0
Lint and Format Check	Run actions/checkout@v4	2026-05-03T17:56:08.2300587Z ##[endgroup]
Lint and Format Check	Run actions/checkout@v4	2026-05-03T17:56:08.2301209Z ##[group]Setting up auth
Lint and Format Check	Run actions/checkout@v4	2026-05-03T17:56:08.2307638Z [command]/usr/bin/git config --local --name-only --get-regexp core\.sshCommand
Lint and Format Check	Run actions/checkout@v4	2026-05-03T17:56:08.2330413Z [command]/usr/bin/git submodule foreach --recursive sh -c "git config --local --name-only --get-regexp 'core\.sshCommand' && git config --local --unset-all 'core.sshCommand' || :"
Lint and Format Check	Run actions/checkout@v4	2026-05-03T17:56:08.2553162Z [command]/usr/bin/git config --local --name-only --get-regexp http\.https\:\/\/github\.com\/\.extraheader
Lint and Format Check	Run actions/checkout@v4	2026-05-03T17:56:08.2577034Z [command]/usr/bin/git submodule foreach --recursive sh -c "git config --local --name-only --get-regexp 'http\.https\:\/\/github\.com\/\.extraheader' && git config --local --unset-all 'http.https://github.com/.extraheader' || :"
Lint and Format Check	Run actions/checkout@v4	2026-05-03T17:56:08.2748378Z [command]/usr/bin/git config --local --name-only --get-regexp ^includeIf\.gitdir:
Lint and Format Check	Run actions/checkout@v4	2026-05-03T17:56:08.2771110Z [command]/usr/bin/git submodule foreach --recursive git config --local --show-origin --name-only --get-regexp remote.origin.url
Lint and Format Check	Run actions/checkout@v4	2026-05-03T17:56:08.2936588Z [command]/usr/bin/git config --local http.https://github.com/.extraheader AUTHORIZATION: basic ***
Lint and Format Check	Run actions/checkout@v4	2026-05-03T17:56:08.2964673Z ##[endgroup]
Lint and Format Check	Run actions/checkout@v4	2026-05-03T17:56:08.2965358Z ##[group]Fetching the repository
Lint and Format Check	Run actions/checkout@v4	2026-05-03T17:56:08.2972035Z [command]/usr/bin/git -c protocol.version=2 fetch --no-tags --prune --no-recurse-submodules --depth=1 origin +ddbf2556b5b0e91a05c053f321b85ce9eb02355a:refs/remotes/origin/main
Lint and Format Check	Run actions/checkout@v4	2026-05-03T17:56:08.9664276Z From https://github.com/link-foundation/lino-objects-codec
Lint and Format Check	Run actions/checkout@v4	2026-05-03T17:56:08.9666187Z  * [new ref]         ddbf2556b5b0e91a05c053f321b85ce9eb02355a -> origin/main
Lint and Format Check	Run actions/checkout@v4	2026-05-03T17:56:08.9688333Z ##[endgroup]
Lint and Format Check	Run actions/checkout@v4	2026-05-03T17:56:08.9689717Z ##[group]Determining the checkout info
Lint and Format Check	Run actions/checkout@v4	2026-05-03T17:56:08.9691358Z ##[endgroup]
Lint and Format Check	Run actions/checkout@v4	2026-05-03T17:56:08.9694239Z [command]/usr/bin/git sparse-checkout disable
Lint and Format Check	Run actions/checkout@v4	2026-05-03T17:56:08.9728118Z [command]/usr/bin/git config --local --unset-all extensions.worktreeConfig
Lint and Format Check	Run actions/checkout@v4	2026-05-03T17:56:08.9748920Z ##[group]Checking out the ref
Lint and Format Check	Run actions/checkout@v4	2026-05-03T17:56:08.9753241Z [command]/usr/bin/git checkout --progress --force -B main refs/remotes/origin/main
Lint and Format Check	Run actions/checkout@v4	2026-05-03T17:56:08.9882778Z Switched to a new branch 'main'
Lint and Format Check	Run actions/checkout@v4	2026-05-03T17:56:08.9885480Z branch 'main' set up to track 'origin/main'.
Lint and Format Check	Run actions/checkout@v4	2026-05-03T17:56:08.9888752Z ##[endgroup]
Lint and Format Check	Run actions/checkout@v4	2026-05-03T17:56:08.9916027Z [command]/usr/bin/git log -1 --format=%H
Lint and Format Check	Run actions/checkout@v4	2026-05-03T17:56:08.9933616Z ddbf2556b5b0e91a05c053f321b85ce9eb02355a
Lint and Format Check	Setup Node.js	﻿2026-05-03T17:56:09.0222016Z ##[group]Run actions/setup-node@v4
Lint and Format Check	Setup Node.js	2026-05-03T17:56:09.0223052Z with:
Lint and Format Check	Setup Node.js	2026-05-03T17:56:09.0223663Z   node-version: 22
Lint and Format Check	Setup Node.js	2026-05-03T17:56:09.0224351Z   always-auth: false
Lint and Format Check	Setup Node.js	2026-05-03T17:56:09.0225066Z   check-latest: false
Lint and Format Check	Setup Node.js	2026-05-03T17:56:09.0226073Z   token: ***
Lint and Format Check	Setup Node.js	2026-05-03T17:56:09.0226682Z ##[endgroup]
Lint and Format Check	Setup Node.js	2026-05-03T17:56:09.1940218Z Found in cache @ /opt/hostedtoolcache/node/22.22.2/x64
Lint and Format Check	Setup Node.js	2026-05-03T17:56:09.1945881Z ##[group]Environment details
Lint and Format Check	Setup Node.js	2026-05-03T17:56:09.5355617Z node: v22.22.2
Lint and Format Check	Setup Node.js	2026-05-03T17:56:09.5356638Z npm: 10.9.7
Lint and Format Check	Setup Node.js	2026-05-03T17:56:09.5357395Z yarn: 1.22.22
Lint and Format Check	Setup Node.js	2026-05-03T17:56:09.5358932Z ##[endgroup]
Lint and Format Check	Install dependencies	﻿2026-05-03T17:56:09.5460274Z ##[group]Run npm install
Lint and Format Check	Install dependencies	2026-05-03T17:56:09.5461026Z [36;1mnpm install[0m
Lint and Format Check	Install dependencies	2026-05-03T17:56:09.5486416Z shell: /usr/bin/bash -e {0}
Lint and Format Check	Install dependencies	2026-05-03T17:56:09.5487103Z ##[endgroup]
Lint and Format Check	Install dependencies	2026-05-03T17:56:12.6805880Z 
Lint and Format Check	Install dependencies	2026-05-03T17:56:12.6810768Z > lino-objects-codec@0.3.3 prepare
Lint and Format Check	Install dependencies	2026-05-03T17:56:12.6811193Z > husky || true
Lint and Format Check	Install dependencies	2026-05-03T17:56:12.6811520Z 
Lint and Format Check	Install dependencies	2026-05-03T17:56:12.7210727Z .git can't be found
Lint and Format Check	Install dependencies	2026-05-03T17:56:12.7211268Z added 321 packages, and audited 322 packages in 3s
Lint and Format Check	Install dependencies	2026-05-03T17:56:12.7211684Z 
Lint and Format Check	Install dependencies	2026-05-03T17:56:12.7211884Z 74 packages are looking for funding
Lint and Format Check	Install dependencies	2026-05-03T17:56:12.7212317Z   run `npm fund` for details
Lint and Format Check	Install dependencies	2026-05-03T17:56:12.7267900Z 
Lint and Format Check	Install dependencies	2026-05-03T17:56:12.7268387Z 6 vulnerabilities (3 moderate, 3 high)
Lint and Format Check	Install dependencies	2026-05-03T17:56:12.7268739Z 
Lint and Format Check	Install dependencies	2026-05-03T17:56:12.7268982Z To address all issues, run:
Lint and Format Check	Install dependencies	2026-05-03T17:56:12.7269404Z   npm audit fix
Lint and Format Check	Install dependencies	2026-05-03T17:56:12.7269610Z 
Lint and Format Check	Install dependencies	2026-05-03T17:56:12.7269859Z Run `npm audit` for details.
Lint and Format Check	Run ESLint	﻿2026-05-03T17:56:12.7573196Z ##[group]Run npm run lint
Lint and Format Check	Run ESLint	2026-05-03T17:56:12.7573484Z [36;1mnpm run lint[0m
Lint and Format Check	Run ESLint	2026-05-03T17:56:12.7587338Z shell: /usr/bin/bash -e {0}
Lint and Format Check	Run ESLint	2026-05-03T17:56:12.7587618Z ##[endgroup]
Lint and Format Check	Run ESLint	2026-05-03T17:56:12.8448832Z 
Lint and Format Check	Run ESLint	2026-05-03T17:56:12.8449424Z > lino-objects-codec@0.3.3 lint
Lint and Format Check	Run ESLint	2026-05-03T17:56:12.8449916Z > eslint .
Lint and Format Check	Run ESLint	2026-05-03T17:56:12.8450110Z 
Lint and Format Check	Run ESLint	2026-05-03T17:56:14.1120786Z 
Lint and Format Check	Run ESLint	2026-05-03T17:56:14.1122094Z /home/runner/work/lino-objects-codec/lino-objects-codec/js/examples/basic_usage.js
Lint and Format Check	Run ESLint	2026-05-03T17:56:14.1158069Z ##[warning]  7:1  warning  Function 'main' has too many statements (71). Maximum allowed is 60  max-statements
Lint and Format Check	Run ESLint	2026-05-03T17:56:14.1169031Z 
Lint and Format Check	Run ESLint	2026-05-03T17:56:14.1170498Z /home/runner/work/lino-objects-codec/lino-objects-codec/js/src/codec.js
Lint and Format Check	Run ESLint	2026-05-03T17:56:14.1172722Z ##[warning]  148:3   warning  Method '_encodeValue' has a complexity of 23. Maximum allowed is 15       complexity
Lint and Format Check	Run ESLint	2026-05-03T17:56:14.1175492Z ##[warning]  273:3   warning  Method '_decodeLink' has a complexity of 55. Maximum allowed is 15        complexity
Lint and Format Check	Run ESLint	2026-05-03T17:56:14.1177956Z ##[warning]  273:14  warning  Method '_decodeLink' has too many statements (95). Maximum allowed is 60  max-statements
Lint and Format Check	Run ESLint	2026-05-03T17:56:14.1179327Z 
Lint and Format Check	Run ESLint	2026-05-03T17:56:14.1179874Z /home/runner/work/lino-objects-codec/lino-objects-codec/js/src/format.js
Lint and Format Check	Run ESLint	2026-05-03T17:56:14.1181933Z ##[warning]  449:8  warning  Function 'parseIndented' has a complexity of 16. Maximum allowed is 15  complexity
Lint and Format Check	Run ESLint	2026-05-03T17:56:14.1183465Z 
Lint and Format Check	Run ESLint	2026-05-03T17:56:14.1184013Z ✖ 5 problems (0 errors, 5 warnings)
Lint and Format Check	Run ESLint	2026-05-03T17:56:14.1184320Z 
Lint and Format Check	Check formatting	﻿2026-05-03T17:56:14.1560488Z ##[group]Run npm run format:check
Lint and Format Check	Check formatting	2026-05-03T17:56:14.1560816Z [36;1mnpm run format:check[0m
Lint and Format Check	Check formatting	2026-05-03T17:56:14.1574448Z shell: /usr/bin/bash -e {0}
Lint and Format Check	Check formatting	2026-05-03T17:56:14.1574698Z ##[endgroup]
Lint and Format Check	Check formatting	2026-05-03T17:56:14.2421843Z 
Lint and Format Check	Check formatting	2026-05-03T17:56:14.2422743Z > lino-objects-codec@0.3.3 format:check
Lint and Format Check	Check formatting	2026-05-03T17:56:14.2423389Z > prettier --check .
Lint and Format Check	Check formatting	2026-05-03T17:56:14.2423626Z 
Lint and Format Check	Check formatting	2026-05-03T17:56:14.3224941Z Checking formatting...
Lint and Format Check	Check formatting	2026-05-03T17:56:15.0080896Z All matched files use Prettier code style!
Lint and Format Check	Check code duplication	﻿2026-05-03T17:56:15.0425361Z ##[group]Run npm run check:duplication
Lint and Format Check	Check code duplication	2026-05-03T17:56:15.0425950Z [36;1mnpm run check:duplication[0m
Lint and Format Check	Check code duplication	2026-05-03T17:56:15.0439600Z shell: /usr/bin/bash -e {0}
Lint and Format Check	Check code duplication	2026-05-03T17:56:15.0439840Z ##[endgroup]
Lint and Format Check	Check code duplication	2026-05-03T17:56:15.1335706Z 
Lint and Format Check	Check code duplication	2026-05-03T17:56:15.1336433Z > lino-objects-codec@0.3.3 check:duplication
Lint and Format Check	Check code duplication	2026-05-03T17:56:15.1336957Z > jscpd .
Lint and Format Check	Check code duplication	2026-05-03T17:56:15.1337123Z 
Lint and Format Check	Check code duplication	2026-05-03T17:56:15.4749362Z Detection time:: 0.13ms
Lint and Format Check	Post Setup Node.js	﻿2026-05-03T17:56:15.4900126Z Post job cleanup.
Lint and Format Check	Post Run actions/checkout@v4	﻿2026-05-03T17:56:15.6508770Z Post job cleanup.
Lint and Format Check	Post Run actions/checkout@v4	2026-05-03T17:56:15.7412583Z [command]/usr/bin/git version
Lint and Format Check	Post Run actions/checkout@v4	2026-05-03T17:56:15.7444877Z git version 2.53.0
Lint and Format Check	Post Run actions/checkout@v4	2026-05-03T17:56:15.7489665Z Temporarily overriding HOME='/home/runner/work/_temp/5bb56a3d-e0e0-4fae-9268-928848109f15' before making global git config changes
Lint and Format Check	Post Run actions/checkout@v4	2026-05-03T17:56:15.7490468Z Adding repository directory to the temporary git global config as a safe directory
Lint and Format Check	Post Run actions/checkout@v4	2026-05-03T17:56:15.7494852Z [command]/usr/bin/git config --global --add safe.directory /home/runner/work/lino-objects-codec/lino-objects-codec
Lint and Format Check	Post Run actions/checkout@v4	2026-05-03T17:56:15.7524964Z [command]/usr/bin/git config --local --name-only --get-regexp core\.sshCommand
Lint and Format Check	Post Run actions/checkout@v4	2026-05-03T17:56:15.7551813Z [command]/usr/bin/git submodule foreach --recursive sh -c "git config --local --name-only --get-regexp 'core\.sshCommand' && git config --local --unset-all 'core.sshCommand' || :"
Lint and Format Check	Post Run actions/checkout@v4	2026-05-03T17:56:15.7723630Z [command]/usr/bin/git config --local --name-only --get-regexp http\.https\:\/\/github\.com\/\.extraheader
Lint and Format Check	Post Run actions/checkout@v4	2026-05-03T17:56:15.7739969Z http.https://github.com/.extraheader
Lint and Format Check	Post Run actions/checkout@v4	2026-05-03T17:56:15.7750246Z [command]/usr/bin/git config --local --unset-all http.https://github.com/.extraheader
Lint and Format Check	Post Run actions/checkout@v4	2026-05-03T17:56:15.7773830Z [command]/usr/bin/git submodule foreach --recursive sh -c "git config --local --name-only --get-regexp 'http\.https\:\/\/github\.com\/\.extraheader' && git config --local --unset-all 'http.https://github.com/.extraheader' || :"
Lint and Format Check	Post Run actions/checkout@v4	2026-05-03T17:56:15.7934604Z [command]/usr/bin/git config --local --name-only --get-regexp ^includeIf\.gitdir:
Lint and Format Check	Post Run actions/checkout@v4	2026-05-03T17:56:15.7958661Z [command]/usr/bin/git submodule foreach --recursive git config --local --show-origin --name-only --get-regexp remote.origin.url
Lint and Format Check	Complete job	﻿2026-05-03T17:56:15.8212705Z Cleaning up orphan processes
Lint and Format Check	Complete job	2026-05-03T17:56:15.8432726Z ##[warning]Node.js 20 actions are deprecated. The following actions are running on Node.js 20 and may not work as expected: actions/checkout@v4, actions/setup-node@v4. Actions will be forced to run with Node.js 24 by default starting June 2nd, 2026. Node.js 20 will be removed from the runner on September 16th, 2026. Please check if updated versions of these actions are available that support Node.js 24. To opt into Node.js 24 now, set the FORCE_JAVASCRIPT_ACTIONS_TO_NODE24=true environment variable on the runner or in your workflow file. Once Node.js 24 becomes the default, you can temporarily opt out by setting ACTIONS_ALLOW_USE_UNSECURE_NODE_VERSION=true. For more information see: https://github.blog/changelog/2025-09-19-deprecation-of-node-20-on-github-actions-runners/
Test (Node.js on windows-latest)	Set up job	﻿2026-05-03T17:56:07.5082710Z Current runner version: '2.334.0'
Test (Node.js on windows-latest)	Set up job	2026-05-03T17:56:07.5128714Z ##[group]Runner Image Provisioner
Test (Node.js on windows-latest)	Set up job	2026-05-03T17:56:07.5129983Z Hosted Compute Agent
Test (Node.js on windows-latest)	Set up job	2026-05-03T17:56:07.5130547Z Version: 20260213.493
Test (Node.js on windows-latest)	Set up job	2026-05-03T17:56:07.5131082Z Commit: 5c115507f6dd24b8de37d8bbe0bb4509d0cc0fa3
Test (Node.js on windows-latest)	Set up job	2026-05-03T17:56:07.5131775Z Build Date: 2026-02-13T00:28:41Z
Test (Node.js on windows-latest)	Set up job	2026-05-03T17:56:07.5132342Z Worker ID: {69c1bd67-f7d6-4ca0-82f8-72d3eb046b8a}
Test (Node.js on windows-latest)	Set up job	2026-05-03T17:56:07.5133187Z Azure Region: westus
Test (Node.js on windows-latest)	Set up job	2026-05-03T17:56:07.5133650Z ##[endgroup]
Test (Node.js on windows-latest)	Set up job	2026-05-03T17:56:07.5134974Z ##[group]Operating System
Test (Node.js on windows-latest)	Set up job	2026-05-03T17:56:07.5135558Z Microsoft Windows Server 2025
Test (Node.js on windows-latest)	Set up job	2026-05-03T17:56:07.5136043Z 10.0.26100
Test (Node.js on windows-latest)	Set up job	2026-05-03T17:56:07.5136439Z Datacenter
Test (Node.js on windows-latest)	Set up job	2026-05-03T17:56:07.5136799Z ##[endgroup]
Test (Node.js on windows-latest)	Set up job	2026-05-03T17:56:07.5137232Z ##[group]Runner Image
Test (Node.js on windows-latest)	Set up job	2026-05-03T17:56:07.5137658Z Image: windows-2025
Test (Node.js on windows-latest)	Set up job	2026-05-03T17:56:07.5138087Z Version: 20260413.84.1
Test (Node.js on windows-latest)	Set up job	2026-05-03T17:56:07.5139001Z Included Software: https://github.com/actions/runner-images/blob/win25/20260413.84/images/windows/Windows2025-Readme.md
Test (Node.js on windows-latest)	Set up job	2026-05-03T17:56:07.5140635Z Image Release: https://github.com/actions/runner-images/releases/tag/win25%2F20260413.84
Test (Node.js on windows-latest)	Set up job	2026-05-03T17:56:07.5141430Z ##[endgroup]
Test (Node.js on windows-latest)	Set up job	2026-05-03T17:56:07.5144091Z ##[group]GITHUB_TOKEN Permissions
Test (Node.js on windows-latest)	Set up job	2026-05-03T17:56:07.5146073Z Actions: write
Test (Node.js on windows-latest)	Set up job	2026-05-03T17:56:07.5146624Z ArtifactMetadata: write
Test (Node.js on windows-latest)	Set up job	2026-05-03T17:56:07.5147092Z Attestations: write
Test (Node.js on windows-latest)	Set up job	2026-05-03T17:56:07.5147572Z Checks: write
Test (Node.js on windows-latest)	Set up job	2026-05-03T17:56:07.5147965Z Contents: write
Test (Node.js on windows-latest)	Set up job	2026-05-03T17:56:07.5148407Z Deployments: write
Test (Node.js on windows-latest)	Set up job	2026-05-03T17:56:07.5148861Z Discussions: write
Test (Node.js on windows-latest)	Set up job	2026-05-03T17:56:07.5149731Z Issues: write
Test (Node.js on windows-latest)	Set up job	2026-05-03T17:56:07.5150174Z Metadata: read
Test (Node.js on windows-latest)	Set up job	2026-05-03T17:56:07.5150569Z Models: read
Test (Node.js on windows-latest)	Set up job	2026-05-03T17:56:07.5150994Z Packages: write
Test (Node.js on windows-latest)	Set up job	2026-05-03T17:56:07.5151394Z Pages: write
Test (Node.js on windows-latest)	Set up job	2026-05-03T17:56:07.5151876Z PullRequests: write
Test (Node.js on windows-latest)	Set up job	2026-05-03T17:56:07.5152380Z RepositoryProjects: write
Test (Node.js on windows-latest)	Set up job	2026-05-03T17:56:07.5152864Z SecurityEvents: write
Test (Node.js on windows-latest)	Set up job	2026-05-03T17:56:07.5153324Z Statuses: write
Test (Node.js on windows-latest)	Set up job	2026-05-03T17:56:07.5153778Z VulnerabilityAlerts: read
Test (Node.js on windows-latest)	Set up job	2026-05-03T17:56:07.5154272Z ##[endgroup]
Test (Node.js on windows-latest)	Set up job	2026-05-03T17:56:07.5156126Z Secret source: Actions
Test (Node.js on windows-latest)	Set up job	2026-05-03T17:56:07.5156798Z Prepare workflow directory
Test (Node.js on windows-latest)	Set up job	2026-05-03T17:56:07.5489748Z Prepare all required actions
Test (Node.js on windows-latest)	Set up job	2026-05-03T17:56:07.5526611Z Getting action download info
Test (Node.js on windows-latest)	Set up job	2026-05-03T17:56:07.9378285Z Download action repository 'actions/checkout@v4' (SHA:34e114876b0b11c390a56381ad16ebd13914f8d5)
Test (Node.js on windows-latest)	Set up job	2026-05-03T17:56:08.0585454Z Download action repository 'actions/setup-node@v4' (SHA:49933ea5288caeca8642d1e84afbd3f7d6820020)
Test (Node.js on windows-latest)	Set up job	2026-05-03T17:56:08.3480523Z Complete job name: Test (Node.js on windows-latest)
Test (Node.js on windows-latest)	Run actions/checkout@v4	﻿2026-05-03T17:56:08.4822478Z ##[group]Run actions/checkout@v4
Test (Node.js on windows-latest)	Run actions/checkout@v4	2026-05-03T17:56:08.4823762Z with:
Test (Node.js on windows-latest)	Run actions/checkout@v4	2026-05-03T17:56:08.4824322Z   repository: link-foundation/lino-objects-codec
Test (Node.js on windows-latest)	Run actions/checkout@v4	2026-05-03T17:56:08.4825231Z   token: ***
Test (Node.js on windows-latest)	Run actions/checkout@v4	2026-05-03T17:56:08.4825685Z   ssh-strict: true
Test (Node.js on windows-latest)	Run actions/checkout@v4	2026-05-03T17:56:08.4826149Z   ssh-user: git
Test (Node.js on windows-latest)	Run actions/checkout@v4	2026-05-03T17:56:08.4826630Z   persist-credentials: true
Test (Node.js on windows-latest)	Run actions/checkout@v4	2026-05-03T17:56:08.4827194Z   clean: true
Test (Node.js on windows-latest)	Run actions/checkout@v4	2026-05-03T17:56:08.4827663Z   sparse-checkout-cone-mode: true
Test (Node.js on windows-latest)	Run actions/checkout@v4	2026-05-03T17:56:08.4828261Z   fetch-depth: 1
Test (Node.js on windows-latest)	Run actions/checkout@v4	2026-05-03T17:56:08.4829218Z   fetch-tags: false
Test (Node.js on windows-latest)	Run actions/checkout@v4	2026-05-03T17:56:08.4829694Z   show-progress: true
Test (Node.js on windows-latest)	Run actions/checkout@v4	2026-05-03T17:56:08.4830096Z   lfs: false
Test (Node.js on windows-latest)	Run actions/checkout@v4	2026-05-03T17:56:08.4830452Z   submodules: false
Test (Node.js on windows-latest)	Run actions/checkout@v4	2026-05-03T17:56:08.4830836Z   set-safe-directory: true
Test (Node.js on windows-latest)	Run actions/checkout@v4	2026-05-03T17:56:08.4831518Z ##[endgroup]
Test (Node.js on windows-latest)	Run actions/checkout@v4	2026-05-03T17:56:08.6683255Z Syncing repository: link-foundation/lino-objects-codec
Test (Node.js on windows-latest)	Run actions/checkout@v4	2026-05-03T17:56:08.6685128Z ##[group]Getting Git version info
Test (Node.js on windows-latest)	Run actions/checkout@v4	2026-05-03T17:56:08.6685880Z Working directory is 'D:\a\lino-objects-codec\lino-objects-codec'
Test (Node.js on windows-latest)	Run actions/checkout@v4	2026-05-03T17:56:08.7581196Z [command]"C:\Program Files\Git\bin\git.exe" version
Test (Node.js on windows-latest)	Run actions/checkout@v4	2026-05-03T17:56:08.9195306Z git version 2.53.0.windows.2
Test (Node.js on windows-latest)	Run actions/checkout@v4	2026-05-03T17:56:08.9249174Z ##[endgroup]
Test (Node.js on windows-latest)	Run actions/checkout@v4	2026-05-03T17:56:08.9270405Z Temporarily overriding HOME='D:\a\_temp\46e7c3dc-becc-433f-bf1d-ef79c5ee26f0' before making global git config changes
Test (Node.js on windows-latest)	Run actions/checkout@v4	2026-05-03T17:56:08.9273831Z Adding repository directory to the temporary git global config as a safe directory
Test (Node.js on windows-latest)	Run actions/checkout@v4	2026-05-03T17:56:08.9283288Z [command]"C:\Program Files\Git\bin\git.exe" config --global --add safe.directory D:\a\lino-objects-codec\lino-objects-codec
Test (Node.js on windows-latest)	Run actions/checkout@v4	2026-05-03T17:56:08.9567441Z Deleting the contents of 'D:\a\lino-objects-codec\lino-objects-codec'
Test (Node.js on windows-latest)	Run actions/checkout@v4	2026-05-03T17:56:08.9574188Z ##[group]Initializing the repository
Test (Node.js on windows-latest)	Run actions/checkout@v4	2026-05-03T17:56:08.9584375Z [command]"C:\Program Files\Git\bin\git.exe" init D:\a\lino-objects-codec\lino-objects-codec
Test (Node.js on windows-latest)	Run actions/checkout@v4	2026-05-03T17:56:09.0002203Z Initialized empty Git repository in D:/a/lino-objects-codec/lino-objects-codec/.git/
Test (Node.js on windows-latest)	Run actions/checkout@v4	2026-05-03T17:56:09.0047142Z [command]"C:\Program Files\Git\bin\git.exe" remote add origin https://github.com/link-foundation/lino-objects-codec
Test (Node.js on windows-latest)	Run actions/checkout@v4	2026-05-03T17:56:09.0348009Z ##[endgroup]
Test (Node.js on windows-latest)	Run actions/checkout@v4	2026-05-03T17:56:09.0348756Z ##[group]Disabling automatic garbage collection
Test (Node.js on windows-latest)	Run actions/checkout@v4	2026-05-03T17:56:09.0357380Z [command]"C:\Program Files\Git\bin\git.exe" config --local gc.auto 0
Test (Node.js on windows-latest)	Run actions/checkout@v4	2026-05-03T17:56:09.0635223Z ##[endgroup]
Test (Node.js on windows-latest)	Run actions/checkout@v4	2026-05-03T17:56:09.0635910Z ##[group]Setting up auth
Test (Node.js on windows-latest)	Run actions/checkout@v4	2026-05-03T17:56:09.0654924Z [command]"C:\Program Files\Git\bin\git.exe" config --local --name-only --get-regexp core\.sshCommand
Test (Node.js on windows-latest)	Run actions/checkout@v4	2026-05-03T17:56:09.0941161Z [command]"C:\Program Files\Git\bin\git.exe" submodule foreach --recursive "sh -c \"git config --local --name-only --get-regexp 'core\.sshCommand' && git config --local --unset-all 'core.sshCommand' || :\""
Test (Node.js on windows-latest)	Run actions/checkout@v4	2026-05-03T17:56:10.0060066Z [command]"C:\Program Files\Git\bin\git.exe" config --local --name-only --get-regexp http\.https\:\/\/github\.com\/\.extraheader
Test (Node.js on windows-latest)	Run actions/checkout@v4	2026-05-03T17:56:10.0351411Z [command]"C:\Program Files\Git\bin\git.exe" submodule foreach --recursive "sh -c \"git config --local --name-only --get-regexp 'http\.https\:\/\/github\.com\/\.extraheader' && git config --local --unset-all 'http.https://github.com/.extraheader' || :\""
Test (Node.js on windows-latest)	Run actions/checkout@v4	2026-05-03T17:56:10.5488816Z [command]"C:\Program Files\Git\bin\git.exe" config --local --name-only --get-regexp ^includeIf\.gitdir:
Test (Node.js on windows-latest)	Run actions/checkout@v4	2026-05-03T17:56:10.5790915Z [command]"C:\Program Files\Git\bin\git.exe" submodule foreach --recursive "git config --local --show-origin --name-only --get-regexp remote.origin.url"
Test (Node.js on windows-latest)	Run actions/checkout@v4	2026-05-03T17:56:11.0808750Z [command]"C:\Program Files\Git\bin\git.exe" config --local http.https://github.com/.extraheader "AUTHORIZATION: basic ***"
Test (Node.js on windows-latest)	Run actions/checkout@v4	2026-05-03T17:56:11.1113697Z ##[endgroup]
Test (Node.js on windows-latest)	Run actions/checkout@v4	2026-05-03T17:56:11.1114489Z ##[group]Fetching the repository
Test (Node.js on windows-latest)	Run actions/checkout@v4	2026-05-03T17:56:11.1127685Z [command]"C:\Program Files\Git\bin\git.exe" -c protocol.version=2 fetch --no-tags --prune --no-recurse-submodules --depth=1 origin +ddbf2556b5b0e91a05c053f321b85ce9eb02355a:refs/remotes/origin/main
Test (Node.js on windows-latest)	Run actions/checkout@v4	2026-05-03T17:56:11.9221863Z From https://github.com/link-foundation/lino-objects-codec
Test (Node.js on windows-latest)	Run actions/checkout@v4	2026-05-03T17:56:11.9223080Z  * [new ref]         ddbf2556b5b0e91a05c053f321b85ce9eb02355a -> origin/main
Test (Node.js on windows-latest)	Run actions/checkout@v4	2026-05-03T17:56:11.9444631Z ##[endgroup]
Test (Node.js on windows-latest)	Run actions/checkout@v4	2026-05-03T17:56:11.9445050Z ##[group]Determining the checkout info
Test (Node.js on windows-latest)	Run actions/checkout@v4	2026-05-03T17:56:11.9449068Z ##[endgroup]
Test (Node.js on windows-latest)	Run actions/checkout@v4	2026-05-03T17:56:11.9465123Z [command]"C:\Program Files\Git\bin\git.exe" sparse-checkout disable
Test (Node.js on windows-latest)	Run actions/checkout@v4	2026-05-03T17:56:11.9802102Z [command]"C:\Program Files\Git\bin\git.exe" config --local --unset-all extensions.worktreeConfig
Test (Node.js on windows-latest)	Run actions/checkout@v4	2026-05-03T17:56:12.0097473Z ##[group]Checking out the ref
Test (Node.js on windows-latest)	Run actions/checkout@v4	2026-05-03T17:56:12.0108011Z [command]"C:\Program Files\Git\bin\git.exe" checkout --progress --force -B main refs/remotes/origin/main
Test (Node.js on windows-latest)	Run actions/checkout@v4	2026-05-03T17:56:12.0972256Z Switched to a new branch 'main'
Test (Node.js on windows-latest)	Run actions/checkout@v4	2026-05-03T17:56:12.0987830Z branch 'main' set up to track 'origin/main'.
Test (Node.js on windows-latest)	Run actions/checkout@v4	2026-05-03T17:56:12.1034903Z ##[endgroup]
Test (Node.js on windows-latest)	Run actions/checkout@v4	2026-05-03T17:56:12.1347126Z [command]"C:\Program Files\Git\bin\git.exe" log -1 --format=%H
Test (Node.js on windows-latest)	Run actions/checkout@v4	2026-05-03T17:56:12.1604795Z ddbf2556b5b0e91a05c053f321b85ce9eb02355a
Test (Node.js on windows-latest)	Setup Node.js	﻿2026-05-03T17:56:12.2032375Z ##[group]Run actions/setup-node@v4
Test (Node.js on windows-latest)	Setup Node.js	2026-05-03T17:56:12.2032919Z with:
Test (Node.js on windows-latest)	Setup Node.js	2026-05-03T17:56:12.2033129Z   node-version: 22
Test (Node.js on windows-latest)	Setup Node.js	2026-05-03T17:56:12.2033351Z   always-auth: false
Test (Node.js on windows-latest)	Setup Node.js	2026-05-03T17:56:12.2034259Z   check-latest: false
Test (Node.js on windows-latest)	Setup Node.js	2026-05-03T17:56:12.2034608Z   token: ***
Test (Node.js on windows-latest)	Setup Node.js	2026-05-03T17:56:12.2034787Z ##[endgroup]
Test (Node.js on windows-latest)	Setup Node.js	2026-05-03T17:56:12.4390657Z Found in cache @ C:\hostedtoolcache\windows\node\22.22.2\x64
Test (Node.js on windows-latest)	Setup Node.js	2026-05-03T17:56:12.4401602Z ##[group]Environment details
Test (Node.js on windows-latest)	Setup Node.js	2026-05-03T17:56:17.2633197Z node: v22.22.2
Test (Node.js on windows-latest)	Setup Node.js	2026-05-03T17:56:17.2633469Z npm: 10.9.7
Test (Node.js on windows-latest)	Setup Node.js	2026-05-03T17:56:17.2633630Z yarn: 1.22.22
Test (Node.js on windows-latest)	Setup Node.js	2026-05-03T17:56:17.2634927Z ##[endgroup]
Test (Node.js on windows-latest)	Install dependencies	﻿2026-05-03T17:56:17.2897835Z ##[group]Run npm install
Test (Node.js on windows-latest)	Install dependencies	2026-05-03T17:56:17.2898162Z [36;1mnpm install[0m
Test (Node.js on windows-latest)	Install dependencies	2026-05-03T17:56:17.3033231Z shell: C:\Program Files\PowerShell\7\pwsh.EXE -command ". '{0}'"
Test (Node.js on windows-latest)	Install dependencies	2026-05-03T17:56:17.3033587Z ##[endgroup]
Test (Node.js on windows-latest)	Install dependencies	2026-05-03T17:56:30.4226678Z 
Test (Node.js on windows-latest)	Install dependencies	2026-05-03T17:56:30.4232376Z > lino-objects-codec@0.3.3 prepare
Test (Node.js on windows-latest)	Install dependencies	2026-05-03T17:56:30.4232765Z > husky || true
Test (Node.js on windows-latest)	Install dependencies	2026-05-03T17:56:30.4233324Z 
Test (Node.js on windows-latest)	Install dependencies	2026-05-03T17:56:30.5342339Z .git can't be found
Test (Node.js on windows-latest)	Install dependencies	2026-05-03T17:56:30.5343059Z added 321 packages, and audited 322 packages in 7s
Test (Node.js on windows-latest)	Install dependencies	2026-05-03T17:56:30.5343638Z 
Test (Node.js on windows-latest)	Install dependencies	2026-05-03T17:56:30.5344710Z 74 packages are looking for funding
Test (Node.js on windows-latest)	Install dependencies	2026-05-03T17:56:30.5346601Z   run `npm fund` for details
Test (Node.js on windows-latest)	Install dependencies	2026-05-03T17:56:30.5411325Z 
Test (Node.js on windows-latest)	Install dependencies	2026-05-03T17:56:30.5411740Z 6 vulnerabilities (3 moderate, 3 high)
Test (Node.js on windows-latest)	Install dependencies	2026-05-03T17:56:30.5412118Z 
Test (Node.js on windows-latest)	Install dependencies	2026-05-03T17:56:30.5412320Z To address all issues, run:
Test (Node.js on windows-latest)	Install dependencies	2026-05-03T17:56:30.5412730Z   npm audit fix
Test (Node.js on windows-latest)	Install dependencies	2026-05-03T17:56:30.5412937Z 
Test (Node.js on windows-latest)	Install dependencies	2026-05-03T17:56:30.5413129Z Run `npm audit` for details.
Test (Node.js on windows-latest)	Run tests	﻿2026-05-03T17:56:32.0061520Z ##[group]Run npm test
Test (Node.js on windows-latest)	Run tests	2026-05-03T17:56:32.0061826Z [36;1mnpm test[0m
Test (Node.js on windows-latest)	Run tests	2026-05-03T17:56:32.0119391Z shell: C:\Program Files\PowerShell\7\pwsh.EXE -command ". '{0}'"
Test (Node.js on windows-latest)	Run tests	2026-05-03T17:56:32.0119725Z ##[endgroup]
Test (Node.js on windows-latest)	Run tests	2026-05-03T17:56:32.6604544Z 
Test (Node.js on windows-latest)	Run tests	2026-05-03T17:56:32.6605272Z > lino-objects-codec@0.3.3 test
Test (Node.js on windows-latest)	Run tests	2026-05-03T17:56:32.6605797Z > node --test tests/*.test.js
Test (Node.js on windows-latest)	Run tests	2026-05-03T17:56:32.6606085Z 
Test (Node.js on windows-latest)	Run tests	2026-05-03T17:56:32.8111086Z TAP version 13
Test (Node.js on windows-latest)	Run tests	2026-05-03T17:56:32.9280080Z # Subtest: encode null
Test (Node.js on windows-latest)	Run tests	2026-05-03T17:56:32.9287213Z ok 1 - encode null
Test (Node.js on windows-latest)	Run tests	2026-05-03T17:56:32.9349125Z   ---
Test (Node.js on windows-latest)	Run tests	2026-05-03T17:56:32.9369170Z   duration_ms: 3.146
Test (Node.js on windows-latest)	Run tests	2026-05-03T17:56:32.9378883Z   type: 'test'
Test (Node.js on windows-latest)	Run tests	2026-05-03T17:56:32.9387405Z   ...
Test (Node.js on windows-latest)	Run tests	2026-05-03T17:56:32.9419304Z # Subtest: decode null
Test (Node.js on windows-latest)	Run tests	2026-05-03T17:56:32.9423567Z ok 2 - decode null
Test (Node.js on windows-latest)	Run tests	2026-05-03T17:56:32.9426865Z   ---
Test (Node.js on windows-latest)	Run tests	2026-05-03T17:56:32.9427501Z   duration_ms: 4.0363
Test (Node.js on windows-latest)	Run tests	2026-05-03T17:56:32.9429441Z   type: 'test'
Test (Node.js on windows-latest)	Run tests	2026-05-03T17:56:32.9431977Z   ...
Test (Node.js on windows-latest)	Run tests	2026-05-03T17:56:32.9444791Z # Subtest: roundtrip null
Test (Node.js on windows-latest)	Run tests	2026-05-03T17:56:32.9469979Z ok 3 - roundtrip null
Test (Node.js on windows-latest)	Run tests	2026-05-03T17:56:32.9470371Z   ---
Test (Node.js on windows-latest)	Run tests	2026-05-03T17:56:32.9487780Z   duration_ms: 0.5677
Test (Node.js on windows-latest)	Run tests	2026-05-03T17:56:32.9491284Z   type: 'test'
Test (Node.js on windows-latest)	Run tests	2026-05-03T17:56:32.9491996Z   ...
Test (Node.js on windows-latest)	Run tests	2026-05-03T17:56:32.9492492Z # Subtest: encode undefined
Test (Node.js on windows-latest)	Run tests	2026-05-03T17:56:32.9493165Z ok 4 - encode undefined
Test (Node.js on windows-latest)	Run tests	2026-05-03T17:56:32.9493498Z   ---
Test (Node.js on windows-latest)	Run tests	2026-05-03T17:56:32.9493754Z   duration_ms: 0.2571
Test (Node.js on windows-latest)	Run tests	2026-05-03T17:56:32.9494059Z   type: 'test'
Test (Node.js on windows-latest)	Run tests	2026-05-03T17:56:32.9494330Z   ...
Test (Node.js on windows-latest)	Run tests	2026-05-03T17:56:32.9494942Z # Subtest: decode undefined
Test (Node.js on windows-latest)	Run tests	2026-05-03T17:56:32.9495764Z ok 5 - decode undefined
Test (Node.js on windows-latest)	Run tests	2026-05-03T17:56:32.9496401Z   ---
Test (Node.js on windows-latest)	Run tests	2026-05-03T17:56:32.9496712Z   duration_ms: 1.3839
Test (Node.js on windows-latest)	Run tests	2026-05-03T17:56:32.9497035Z   type: 'test'
Test (Node.js on windows-latest)	Run tests	2026-05-03T17:56:32.9497309Z   ...
Test (Node.js on windows-latest)	Run tests	2026-05-03T17:56:32.9497956Z # Subtest: roundtrip undefined
Test (Node.js on windows-latest)	Run tests	2026-05-03T17:56:32.9498230Z ok 6 - roundtrip undefined
Test (Node.js on windows-latest)	Run tests	2026-05-03T17:56:32.9498431Z   ---
Test (Node.js on windows-latest)	Run tests	2026-05-03T17:56:32.9498594Z   duration_ms: 0.3498
Test (Node.js on windows-latest)	Run tests	2026-05-03T17:56:32.9498785Z   type: 'test'
Test (Node.js on windows-latest)	Run tests	2026-05-03T17:56:32.9498945Z   ...
Test (Node.js on windows-latest)	Run tests	2026-05-03T17:56:32.9499107Z # Subtest: encode true
Test (Node.js on windows-latest)	Run tests	2026-05-03T17:56:32.9499304Z ok 7 - encode true
Test (Node.js on windows-latest)	Run tests	2026-05-03T17:56:32.9499469Z   ---
Test (Node.js on windows-latest)	Run tests	2026-05-03T17:56:32.9499612Z   duration_ms: 0.355
Test (Node.js on windows-latest)	Run tests	2026-05-03T17:56:32.9499790Z   type: 'test'
Test (Node.js on windows-latest)	Run tests	2026-05-03T17:56:32.9499938Z   ...
Test (Node.js on windows-latest)	Run tests	2026-05-03T17:56:32.9500115Z # Subtest: encode false
Test (Node.js on windows-latest)	Run tests	2026-05-03T17:56:32.9500317Z ok 8 - encode false
Test (Node.js on windows-latest)	Run tests	2026-05-03T17:56:32.9500482Z   ---
Test (Node.js on windows-latest)	Run tests	2026-05-03T17:56:32.9500633Z   duration_ms: 0.2427
Test (Node.js on windows-latest)	Run tests	2026-05-03T17:56:32.9501113Z   type: 'test'
Test (Node.js on windows-latest)	Run tests	2026-05-03T17:56:32.9501269Z   ...
Test (Node.js on windows-latest)	Run tests	2026-05-03T17:56:32.9501468Z # Subtest: decode true
Test (Node.js on windows-latest)	Run tests	2026-05-03T17:56:32.9501665Z ok 9 - decode true
Test (Node.js on windows-latest)	Run tests	2026-05-03T17:56:32.9501823Z   ---
Test (Node.js on windows-latest)	Run tests	2026-05-03T17:56:32.9501976Z   duration_ms: 1.0088
Test (Node.js on windows-latest)	Run tests	2026-05-03T17:56:32.9502157Z   type: 'test'
Test (Node.js on windows-latest)	Run tests	2026-05-03T17:56:32.9502316Z   ...
Test (Node.js on windows-latest)	Run tests	2026-05-03T17:56:32.9502481Z # Subtest: decode false
Test (Node.js on windows-latest)	Run tests	2026-05-03T17:56:32.9502675Z ok 10 - decode false
Test (Node.js on windows-latest)	Run tests	2026-05-03T17:56:32.9502850Z   ---
Test (Node.js on windows-latest)	Run tests	2026-05-03T17:56:32.9503009Z   duration_ms: 0.846
Test (Node.js on windows-latest)	Run tests	2026-05-03T17:56:32.9503182Z   type: 'test'
Test (Node.js on windows-latest)	Run tests	2026-05-03T17:56:32.9503332Z   ...
Test (Node.js on windows-latest)	Run tests	2026-05-03T17:56:32.9503492Z # Subtest: roundtrip bool
Test (Node.js on windows-latest)	Run tests	2026-05-03T17:56:32.9503704Z ok 11 - roundtrip bool
Test (Node.js on windows-latest)	Run tests	2026-05-03T17:56:32.9503873Z   ---
Test (Node.js on windows-latest)	Run tests	2026-05-03T17:56:32.9504018Z   duration_ms: 0.5848
Test (Node.js on windows-latest)	Run tests	2026-05-03T17:56:32.9504229Z   type: 'test'
Test (Node.js on windows-latest)	Run tests	2026-05-03T17:56:32.9504397Z   ...
Test (Node.js on windows-latest)	Run tests	2026-05-03T17:56:32.9504561Z # Subtest: encode zero
Test (Node.js on windows-latest)	Run tests	2026-05-03T17:56:32.9504748Z ok 12 - encode zero
Test (Node.js on windows-latest)	Run tests	2026-05-03T17:56:32.9504903Z   ---
Test (Node.js on windows-latest)	Run tests	2026-05-03T17:56:32.9505052Z   duration_ms: 0.1902
Test (Node.js on windows-latest)	Run tests	2026-05-03T17:56:32.9505221Z   type: 'test'
Test (Node.js on windows-latest)	Run tests	2026-05-03T17:56:32.9505364Z   ...
Test (Node.js on windows-latest)	Run tests	2026-05-03T17:56:32.9505551Z # Subtest: encode positive int
Test (Node.js on windows-latest)	Run tests	2026-05-03T17:56:32.9505778Z ok 13 - encode positive int
Test (Node.js on windows-latest)	Run tests	2026-05-03T17:56:32.9505965Z   ---
Test (Node.js on windows-latest)	Run tests	2026-05-03T17:56:32.9506112Z   duration_ms: 0.1711
Test (Node.js on windows-latest)	Run tests	2026-05-03T17:56:32.9506276Z   type: 'test'
Test (Node.js on windows-latest)	Run tests	2026-05-03T17:56:32.9506425Z   ...
Test (Node.js on windows-latest)	Run tests	2026-05-03T17:56:32.9506600Z # Subtest: encode negative int
Test (Node.js on windows-latest)	Run tests	2026-05-03T17:56:32.9509670Z ok 14 - encode negative int
Test (Node.js on windows-latest)	Run tests	2026-05-03T17:56:32.9509989Z   ---
Test (Node.js on windows-latest)	Run tests	2026-05-03T17:56:32.9510226Z   duration_ms: 0.1931
Test (Node.js on windows-latest)	Run tests	2026-05-03T17:56:32.9510519Z   type: 'test'
Test (Node.js on windows-latest)	Run tests	2026-05-03T17:56:32.9510759Z   ...
Test (Node.js on windows-latest)	Run tests	2026-05-03T17:56:32.9511008Z # Subtest: decode int
Test (Node.js on windows-latest)	Run tests	2026-05-03T17:56:32.9511300Z ok 15 - decode int
Test (Node.js on windows-latest)	Run tests	2026-05-03T17:56:32.9511547Z   ---
Test (Node.js on windows-latest)	Run tests	2026-05-03T17:56:32.9511784Z   duration_ms: 1.137
Test (Node.js on windows-latest)	Run tests	2026-05-03T17:56:32.9512054Z   type: 'test'
Test (Node.js on windows-latest)	Run tests	2026-05-03T17:56:32.9512294Z   ...
Test (Node.js on windows-latest)	Run tests	2026-05-03T17:56:32.9512559Z # Subtest: roundtrip int
Test (Node.js on windows-latest)	Run tests	2026-05-03T17:56:32.9512883Z ok 16 - roundtrip int
Test (Node.js on windows-latest)	Run tests	2026-05-03T17:56:32.9513150Z   ---
Test (Node.js on windows-latest)	Run tests	2026-05-03T17:56:32.9513377Z   duration_ms: 0.8314
Test (Node.js on windows-latest)	Run tests	2026-05-03T17:56:32.9513653Z   type: 'test'
Test (Node.js on windows-latest)	Run tests	2026-05-03T17:56:32.9513890Z   ...
Test (Node.js on windows-latest)	Run tests	2026-05-03T17:56:32.9514139Z # Subtest: encode float
Test (Node.js on windows-latest)	Run tests	2026-05-03T17:56:32.9514456Z ok 17 - encode float
Test (Node.js on windows-latest)	Run tests	2026-05-03T17:56:32.9514716Z   ---
Test (Node.js on windows-latest)	Run tests	2026-05-03T17:56:32.9515201Z   duration_ms: 0.1962
Test (Node.js on windows-latest)	Run tests	2026-05-03T17:56:32.9515478Z   type: 'test'
Test (Node.js on windows-latest)	Run tests	2026-05-03T17:56:32.9515717Z   ...
Test (Node.js on windows-latest)	Run tests	2026-05-03T17:56:32.9515969Z # Subtest: decode float
Test (Node.js on windows-latest)	Run tests	2026-05-03T17:56:32.9516272Z ok 18 - decode float
Test (Node.js on windows-latest)	Run tests	2026-05-03T17:56:32.9516536Z   ---
Test (Node.js on windows-latest)	Run tests	2026-05-03T17:56:32.9516766Z   duration_ms: 0.288
Test (Node.js on windows-latest)	Run tests	2026-05-03T17:56:32.9517025Z   type: 'test'
Test (Node.js on windows-latest)	Run tests	2026-05-03T17:56:32.9517261Z   ...
Test (Node.js on windows-latest)	Run tests	2026-05-03T17:56:32.9517520Z # Subtest: roundtrip float
Test (Node.js on windows-latest)	Run tests	2026-05-03T17:56:32.9517869Z ok 19 - roundtrip float
Test (Node.js on windows-latest)	Run tests	2026-05-03T17:56:32.9518157Z   ---
Test (Node.js on windows-latest)	Run tests	2026-05-03T17:56:32.9518396Z   duration_ms: 0.9696
Test (Node.js on windows-latest)	Run tests	2026-05-03T17:56:32.9518678Z   type: 'test'
Test (Node.js on windows-latest)	Run tests	2026-05-03T17:56:32.9518932Z   ...
Test (Node.js on windows-latest)	Run tests	2026-05-03T17:56:32.9519242Z # Subtest: float special values
Test (Node.js on windows-latest)	Run tests	2026-05-03T17:56:32.9519638Z ok 20 - float special values
Test (Node.js on windows-latest)	Run tests	2026-05-03T17:56:32.9519961Z   ---
Test (Node.js on windows-latest)	Run tests	2026-05-03T17:56:32.9520208Z   duration_ms: 0.581
Test (Node.js on windows-latest)	Run tests	2026-05-03T17:56:32.9520505Z   type: 'test'
Test (Node.js on windows-latest)	Run tests	2026-05-03T17:56:32.9520757Z   ...
Test (Node.js on windows-latest)	Run tests	2026-05-03T17:56:32.9521078Z # Subtest: encode empty string
Test (Node.js on windows-latest)	Run tests	2026-05-03T17:56:32.9521467Z ok 21 - encode empty string
Test (Node.js on windows-latest)	Run tests	2026-05-03T17:56:32.9521810Z   ---
Test (Node.js on windows-latest)	Run tests	2026-05-03T17:56:32.9522073Z   duration_ms: 0.21
Test (Node.js on windows-latest)	Run tests	2026-05-03T17:56:32.9522359Z   type: 'test'
Test (Node.js on windows-latest)	Run tests	2026-05-03T17:56:32.9522621Z   ...
Test (Node.js on windows-latest)	Run tests	2026-05-03T17:56:32.9522928Z # Subtest: encode simple string
Test (Node.js on windows-latest)	Run tests	2026-05-03T17:56:32.9523325Z ok 22 - encode simple string
Test (Node.js on windows-latest)	Run tests	2026-05-03T17:56:32.9523652Z   ---
Test (Node.js on windows-latest)	Run tests	2026-05-03T17:56:32.9523896Z   duration_ms: 0.2119
Test (Node.js on windows-latest)	Run tests	2026-05-03T17:56:32.9524196Z   type: 'test'
Test (Node.js on windows-latest)	Run tests	2026-05-03T17:56:32.9524448Z   ...
Test (Node.js on windows-latest)	Run tests	2026-05-03T17:56:32.9525179Z # Subtest: decode string
Test (Node.js on windows-latest)	Run tests	2026-05-03T17:56:32.9525628Z ok 23 - decode string
Test (Node.js on windows-latest)	Run tests	2026-05-03T17:56:32.9526206Z   ---
Test (Node.js on windows-latest)	Run tests	2026-05-03T17:56:32.9526487Z   duration_ms: 1.1794
Test (Node.js on windows-latest)	Run tests	2026-05-03T17:56:32.9526788Z   type: 'test'
Test (Node.js on windows-latest)	Run tests	2026-05-03T17:56:32.9527052Z   ...
Test (Node.js on windows-latest)	Run tests	2026-05-03T17:56:32.9527343Z # Subtest: roundtrip string
Test (Node.js on windows-latest)	Run tests	2026-05-03T17:56:32.9527723Z ok 24 - roundtrip string
Test (Node.js on windows-latest)	Run tests	2026-05-03T17:56:32.9528049Z   ---
Test (Node.js on windows-latest)	Run tests	2026-05-03T17:56:32.9528303Z   duration_ms: 1.0722
Test (Node.js on windows-latest)	Run tests	2026-05-03T17:56:32.9528635Z   type: 'test'
Test (Node.js on windows-latest)	Run tests	2026-05-03T17:56:32.9528930Z   ...
Test (Node.js on windows-latest)	Run tests	2026-05-03T17:56:32.9529244Z # Subtest: string with quotes
Test (Node.js on windows-latest)	Run tests	2026-05-03T17:56:32.9529673Z ok 25 - string with quotes
Test (Node.js on windows-latest)	Run tests	2026-05-03T17:56:32.9530017Z   ---
Test (Node.js on windows-latest)	Run tests	2026-05-03T17:56:32.9530290Z   duration_ms: 0.5316
Test (Node.js on windows-latest)	Run tests	2026-05-03T17:56:32.9530620Z   type: 'test'
Test (Node.js on windows-latest)	Run tests	2026-05-03T17:56:32.9530902Z   ...
Test (Node.js on windows-latest)	Run tests	2026-05-03T17:56:32.9621706Z # Subtest: self-referencing array
Test (Node.js on windows-latest)	Run tests	2026-05-03T17:56:32.9650336Z ok 26 - self-referencing array
Test (Node.js on windows-latest)	Run tests	2026-05-03T17:56:32.9653071Z   ---
Test (Node.js on windows-latest)	Run tests	2026-05-03T17:56:32.9654378Z   duration_ms: 7.6483
Test (Node.js on windows-latest)	Run tests	2026-05-03T17:56:32.9655272Z   type: 'test'
Test (Node.js on windows-latest)	Run tests	2026-05-03T17:56:32.9655775Z   ...
Test (Node.js on windows-latest)	Run tests	2026-05-03T17:56:32.9656396Z # Subtest: array with self in middle
Test (Node.js on windows-latest)	Run tests	2026-05-03T17:56:32.9657110Z ok 27 - array with self in middle
Test (Node.js on windows-latest)	Run tests	2026-05-03T17:56:32.9660309Z   ---
Test (Node.js on windows-latest)	Run tests	2026-05-03T17:56:32.9660773Z   duration_ms: 0.7109
Test (Node.js on windows-latest)	Run tests	2026-05-03T17:56:32.9661302Z   type: 'test'
Test (Node.js on windows-latest)	Run tests	2026-05-03T17:56:32.9661772Z   ...
Test (Node.js on windows-latest)	Run tests	2026-05-03T17:56:32.9662803Z # Subtest: nested array with circular reference
Test (Node.js on windows-latest)	Run tests	2026-05-03T17:56:32.9663587Z ok 28 - nested array with circular reference
Test (Node.js on windows-latest)	Run tests	2026-05-03T17:56:32.9664183Z   ---
Test (Node.js on windows-latest)	Run tests	2026-05-03T17:56:32.9665687Z   duration_ms: 0.7604
Test (Node.js on windows-latest)	Run tests	2026-05-03T17:56:32.9666197Z   type: 'test'
Test (Node.js on windows-latest)	Run tests	2026-05-03T17:56:32.9666634Z   ...
Test (Node.js on windows-latest)	Run tests	2026-05-03T17:56:32.9667182Z # Subtest: self-referencing object
Test (Node.js on windows-latest)	Run tests	2026-05-03T17:56:32.9667856Z ok 29 - self-referencing object
Test (Node.js on windows-latest)	Run tests	2026-05-03T17:56:32.9668375Z   ---
Test (Node.js on windows-latest)	Run tests	2026-05-03T17:56:32.9668809Z   duration_ms: 1.689
Test (Node.js on windows-latest)	Run tests	2026-05-03T17:56:32.9669275Z   type: 'test'
Test (Node.js on windows-latest)	Run tests	2026-05-03T17:56:32.9669763Z   ...
Test (Node.js on windows-latest)	Run tests	2026-05-03T17:56:32.9670394Z # Subtest: object with multiple self-references
Test (Node.js on windows-latest)	Run tests	2026-05-03T17:56:32.9671278Z ok 30 - object with multiple self-references
Test (Node.js on windows-latest)	Run tests	2026-05-03T17:56:32.9671916Z   ---
Test (Node.js on windows-latest)	Run tests	2026-05-03T17:56:32.9672435Z   duration_ms: 1.3214
Test (Node.js on windows-latest)	Run tests	2026-05-03T17:56:32.9673019Z   type: 'test'
Test (Node.js on windows-latest)	Run tests	2026-05-03T17:56:32.9673523Z   ...
Test (Node.js on windows-latest)	Run tests	2026-05-03T17:56:32.9674511Z # Subtest: nested object with circular reference
Test (Node.js on windows-latest)	Run tests	2026-05-03T17:56:32.9675355Z ok 31 - nested object with circular reference
Test (Node.js on windows-latest)	Run tests	2026-05-03T17:56:32.9676013Z   ---
Test (Node.js on windows-latest)	Run tests	2026-05-03T17:56:32.9676430Z   duration_ms: 0.8214
Test (Node.js on windows-latest)	Run tests	2026-05-03T17:56:32.9676929Z   type: 'test'
Test (Node.js on windows-latest)	Run tests	2026-05-03T17:56:32.9677405Z   ...
Test (Node.js on windows-latest)	Run tests	2026-05-03T17:56:32.9678130Z # Subtest: complex circular structure (tree with back-references)
Test (Node.js on windows-latest)	Run tests	2026-05-03T17:56:32.9679147Z ok 32 - complex circular structure (tree with back-references)
Test (Node.js on windows-latest)	Run tests	2026-05-03T17:56:32.9679903Z   ---
Test (Node.js on windows-latest)	Run tests	2026-05-03T17:56:32.9680535Z   duration_ms: 0.9219
Test (Node.js on windows-latest)	Run tests	2026-05-03T17:56:32.9681032Z   type: 'test'
Test (Node.js on windows-latest)	Run tests	2026-05-03T17:56:32.9681490Z   ...
Test (Node.js on windows-latest)	Run tests	2026-05-03T17:56:32.9682066Z # Subtest: shared object reference
Test (Node.js on windows-latest)	Run tests	2026-05-03T17:56:32.9682732Z ok 33 - shared object reference
Test (Node.js on windows-latest)	Run tests	2026-05-03T17:56:32.9683378Z   ---
Test (Node.js on windows-latest)	Run tests	2026-05-03T17:56:32.9733509Z   duration_ms: 0.6045
Test (Node.js on windows-latest)	Run tests	2026-05-03T17:56:32.9762550Z   type: 'test'
Test (Node.js on windows-latest)	Run tests	2026-05-03T17:56:32.9764150Z   ...
Test (Node.js on windows-latest)	Run tests	2026-05-03T17:56:32.9764999Z # Subtest: shared object reference - modification
Test (Node.js on windows-latest)	Run tests	2026-05-03T17:56:32.9768392Z ok 34 - shared object reference - modification
Test (Node.js on windows-latest)	Run tests	2026-05-03T17:56:32.9770141Z   ---
Test (Node.js on windows-latest)	Run tests	2026-05-03T17:56:32.9774536Z   duration_ms: 1.4212
Test (Node.js on windows-latest)	Run tests	2026-05-03T17:56:32.9785466Z   type: 'test'
Test (Node.js on windows-latest)	Run tests	2026-05-03T17:56:32.9787116Z   ...
Test (Node.js on windows-latest)	Run tests	2026-05-03T17:56:32.9787531Z # Subtest: multiple shared objects
Test (Node.js on windows-latest)	Run tests	2026-05-03T17:56:32.9788015Z ok 35 - multiple shared objects
Test (Node.js on windows-latest)	Run tests	2026-05-03T17:56:32.9788909Z   ---
Test (Node.js on windows-latest)	Run tests	2026-05-03T17:56:32.9789230Z   duration_ms: 0.8777
Test (Node.js on windows-latest)	Run tests	2026-05-03T17:56:32.9789556Z   type: 'test'
Test (Node.js on windows-latest)	Run tests	2026-05-03T17:56:32.9789826Z   ...
Test (Node.js on windows-latest)	Run tests	2026-05-03T17:56:32.9790203Z # Subtest: shared array reference
Test (Node.js on windows-latest)	Run tests	2026-05-03T17:56:32.9790676Z ok 36 - shared array reference
Test (Node.js on windows-latest)	Run tests	2026-05-03T17:56:32.9791021Z   ---
Test (Node.js on windows-latest)	Run tests	2026-05-03T17:56:32.9791270Z   duration_ms: 1.6037
Test (Node.js on windows-latest)	Run tests	2026-05-03T17:56:32.9791587Z   type: 'test'
Test (Node.js on windows-latest)	Run tests	2026-05-03T17:56:32.9793386Z   ...
Test (Node.js on windows-latest)	Run tests	2026-05-03T17:56:32.9793831Z # Subtest: circular and shared references combined
Test (Node.js on windows-latest)	Run tests	2026-05-03T17:56:32.9794475Z ok 37 - circular and shared references combined
Test (Node.js on windows-latest)	Run tests	2026-05-03T17:56:32.9794913Z   ---
Test (Node.js on windows-latest)	Run tests	2026-05-03T17:56:32.9795173Z   duration_ms: 0.9564
Test (Node.js on windows-latest)	Run tests	2026-05-03T17:56:32.9795478Z   type: 'test'
Test (Node.js on windows-latest)	Run tests	2026-05-03T17:56:32.9795732Z   ...
Test (Node.js on windows-latest)	Run tests	2026-05-03T17:56:32.9796088Z # Subtest: deeply nested circular structure
Test (Node.js on windows-latest)	Run tests	2026-05-03T17:56:32.9796598Z ok 38 - deeply nested circular structure
Test (Node.js on windows-latest)	Run tests	2026-05-03T17:56:32.9797005Z   ---
Test (Node.js on windows-latest)	Run tests	2026-05-03T17:56:32.9797259Z   duration_ms: 1.1788
Test (Node.js on windows-latest)	Run tests	2026-05-03T17:56:32.9797548Z   type: 'test'
Test (Node.js on windows-latest)	Run tests	2026-05-03T17:56:32.9797812Z   ...
Test (Node.js on windows-latest)	Run tests	2026-05-03T17:56:32.9798185Z # Subtest: array and object circular reference
Test (Node.js on windows-latest)	Run tests	2026-05-03T17:56:32.9798781Z ok 39 - array and object circular reference
Test (Node.js on windows-latest)	Run tests	2026-05-03T17:56:32.9799195Z   ---
Test (Node.js on windows-latest)	Run tests	2026-05-03T17:56:32.9799471Z   duration_ms: 0.3246
Test (Node.js on windows-latest)	Run tests	2026-05-03T17:56:32.9799798Z   type: 'test'
Test (Node.js on windows-latest)	Run tests	2026-05-03T17:56:32.9800074Z   ...
Test (Node.js on windows-latest)	Run tests	2026-05-03T17:56:32.9800652Z # Subtest: encoded format uses built-in references, not (ref X) marker
Test (Node.js on windows-latest)	Run tests	2026-05-03T17:56:32.9801541Z ok 40 - encoded format uses built-in references, not (ref X) marker
Test (Node.js on windows-latest)	Run tests	2026-05-03T17:56:32.9802579Z   ---
Test (Node.js on windows-latest)	Run tests	2026-05-03T17:56:32.9803096Z   duration_ms: 0.8752
Test (Node.js on windows-latest)	Run tests	2026-05-03T17:56:32.9803426Z   type: 'test'
Test (Node.js on windows-latest)	Run tests	2026-05-03T17:56:32.9803690Z   ...
Test (Node.js on windows-latest)	Run tests	2026-05-03T17:56:32.9804196Z # Subtest: decoder rejects legacy (ref X) marker as unknown type
Test (Node.js on windows-latest)	Run tests	2026-05-03T17:56:32.9804957Z ok 41 - decoder rejects legacy (ref X) marker as unknown type
Test (Node.js on windows-latest)	Run tests	2026-05-03T17:56:32.9805670Z   ---
Test (Node.js on windows-latest)	Run tests	2026-05-03T17:56:32.9805925Z   duration_ms: 0.8755
Test (Node.js on windows-latest)	Run tests	2026-05-03T17:56:32.9806218Z   type: 'test'
Test (Node.js on windows-latest)	Run tests	2026-05-03T17:56:32.9806468Z   ...
Test (Node.js on windows-latest)	Run tests	2026-05-03T17:56:32.9806759Z # Subtest: encode empty array
Test (Node.js on windows-latest)	Run tests	2026-05-03T17:56:32.9807132Z ok 42 - encode empty array
Test (Node.js on windows-latest)	Run tests	2026-05-03T17:56:32.9807443Z   ---
Test (Node.js on windows-latest)	Run tests	2026-05-03T17:56:32.9807694Z   duration_ms: 1.8686
Test (Node.js on windows-latest)	Run tests	2026-05-03T17:56:32.9807978Z   type: 'test'
Test (Node.js on windows-latest)	Run tests	2026-05-03T17:56:32.9808230Z   ...
Test (Node.js on windows-latest)	Run tests	2026-05-03T17:56:32.9808528Z # Subtest: decode empty array
Test (Node.js on windows-latest)	Run tests	2026-05-03T17:56:32.9808899Z ok 43 - decode empty array
Test (Node.js on windows-latest)	Run tests	2026-05-03T17:56:32.9809213Z   ---
Test (Node.js on windows-latest)	Run tests	2026-05-03T17:56:32.9809450Z   duration_ms: 2.565
Test (Node.js on windows-latest)	Run tests	2026-05-03T17:56:32.9809741Z   type: 'test'
Test (Node.js on windows-latest)	Run tests	2026-05-03T17:56:32.9809994Z   ...
Test (Node.js on windows-latest)	Run tests	2026-05-03T17:56:32.9810307Z # Subtest: roundtrip empty array
Test (Node.js on windows-latest)	Run tests	2026-05-03T17:56:32.9810710Z ok 44 - roundtrip empty array
Test (Node.js on windows-latest)	Run tests	2026-05-03T17:56:32.9811036Z   ---
Test (Node.js on windows-latest)	Run tests	2026-05-03T17:56:32.9811285Z   duration_ms: 2.2737
Test (Node.js on windows-latest)	Run tests	2026-05-03T17:56:32.9811585Z   type: 'test'
Test (Node.js on windows-latest)	Run tests	2026-05-03T17:56:32.9811847Z   ...
Test (Node.js on windows-latest)	Run tests	2026-05-03T17:56:32.9812216Z # Subtest: encode array with basic types
Test (Node.js on windows-latest)	Run tests	2026-05-03T17:56:32.9812732Z ok 45 - encode array with basic types
Test (Node.js on windows-latest)	Run tests	2026-05-03T17:56:32.9813510Z   ---
Test (Node.js on windows-latest)	Run tests	2026-05-03T17:56:32.9813802Z   duration_ms: 0.4208
Test (Node.js on windows-latest)	Run tests	2026-05-03T17:56:32.9814134Z   type: 'test'
Test (Node.js on windows-latest)	Run tests	2026-05-03T17:56:32.9814428Z   ...
Test (Node.js on windows-latest)	Run tests	2026-05-03T17:56:32.9814807Z # Subtest: decode array with basic types
Test (Node.js on windows-latest)	Run tests	2026-05-03T17:56:32.9815331Z ok 46 - decode array with basic types
Test (Node.js on windows-latest)	Run tests	2026-05-03T17:56:32.9815721Z   ---
Test (Node.js on windows-latest)	Run tests	2026-05-03T17:56:32.9815962Z   duration_ms: 0.613
Test (Node.js on windows-latest)	Run tests	2026-05-03T17:56:32.9816269Z   type: 'test'
Test (Node.js on windows-latest)	Run tests	2026-05-03T17:56:32.9816535Z   ...
Test (Node.js on windows-latest)	Run tests	2026-05-03T17:56:32.9816921Z # Subtest: roundtrip array with mixed types
Test (Node.js on windows-latest)	Run tests	2026-05-03T17:56:32.9817493Z ok 47 - roundtrip array with mixed types
Test (Node.js on windows-latest)	Run tests	2026-05-03T17:56:32.9817906Z   ---
Test (Node.js on windows-latest)	Run tests	2026-05-03T17:56:32.9818188Z   duration_ms: 2.2599
Test (Node.js on windows-latest)	Run tests	2026-05-03T17:56:32.9818515Z   type: 'test'
Test (Node.js on windows-latest)	Run tests	2026-05-03T17:56:32.9818855Z   ...
Test (Node.js on windows-latest)	Run tests	2026-05-03T17:56:32.9819159Z # Subtest: nested arrays
Test (Node.js on windows-latest)	Run tests	2026-05-03T17:56:32.9819531Z ok 48 - nested arrays
Test (Node.js on windows-latest)	Run tests	2026-05-03T17:56:32.9819841Z   ---
Test (Node.js on windows-latest)	Run tests	2026-05-03T17:56:32.9820110Z   duration_ms: 1.3804
Test (Node.js on windows-latest)	Run tests	2026-05-03T17:56:32.9820469Z   type: 'test'
Test (Node.js on windows-latest)	Run tests	2026-05-03T17:56:32.9820737Z   ...
Test (Node.js on windows-latest)	Run tests	2026-05-03T17:56:32.9821685Z # Subtest: encode empty object
Test (Node.js on windows-latest)	Run tests	2026-05-03T17:56:32.9822154Z ok 49 - encode empty object
Test (Node.js on windows-latest)	Run tests	2026-05-03T17:56:32.9822490Z   ---
Test (Node.js on windows-latest)	Run tests	2026-05-03T17:56:32.9822739Z   duration_ms: 0.1753
Test (Node.js on windows-latest)	Run tests	2026-05-03T17:56:32.9823038Z   type: 'test'
Test (Node.js on windows-latest)	Run tests	2026-05-03T17:56:32.9823270Z   ...
Test (Node.js on windows-latest)	Run tests	2026-05-03T17:56:32.9823693Z # Subtest: decode empty object
Test (Node.js on windows-latest)	Run tests	2026-05-03T17:56:32.9823962Z ok 50 - decode empty object
Test (Node.js on windows-latest)	Run tests	2026-05-03T17:56:32.9824168Z   ---
Test (Node.js on windows-latest)	Run tests	2026-05-03T17:56:32.9824359Z   duration_ms: 0.4791
Test (Node.js on windows-latest)	Run tests	2026-05-03T17:56:32.9824546Z   type: 'test'
Test (Node.js on windows-latest)	Run tests	2026-05-03T17:56:32.9824706Z   ...
Test (Node.js on windows-latest)	Run tests	2026-05-03T17:56:32.9824901Z # Subtest: roundtrip empty object
Test (Node.js on windows-latest)	Run tests	2026-05-03T17:56:32.9825164Z ok 51 - roundtrip empty object
Test (Node.js on windows-latest)	Run tests	2026-05-03T17:56:32.9825364Z   ---
Test (Node.js on windows-latest)	Run tests	2026-05-03T17:56:32.9825508Z   duration_ms: 0.5764
Test (Node.js on windows-latest)	Run tests	2026-05-03T17:56:32.9825691Z   type: 'test'
Test (Node.js on windows-latest)	Run tests	2026-05-03T17:56:32.9825845Z   ...
Test (Node.js on windows-latest)	Run tests	2026-05-03T17:56:32.9826045Z # Subtest: encode object with basic types
Test (Node.js on windows-latest)	Run tests	2026-05-03T17:56:32.9826335Z ok 52 - encode object with basic types
Test (Node.js on windows-latest)	Run tests	2026-05-03T17:56:32.9826550Z   ---
Test (Node.js on windows-latest)	Run tests	2026-05-03T17:56:32.9826705Z   duration_ms: 0.3145
Test (Node.js on windows-latest)	Run tests	2026-05-03T17:56:32.9826885Z   type: 'test'
Test (Node.js on windows-latest)	Run tests	2026-05-03T17:56:32.9827032Z   ...
Test (Node.js on windows-latest)	Run tests	2026-05-03T17:56:32.9827230Z # Subtest: decode object with basic types
Test (Node.js on windows-latest)	Run tests	2026-05-03T17:56:32.9827517Z ok 53 - decode object with basic types
Test (Node.js on windows-latest)	Run tests	2026-05-03T17:56:32.9827735Z   ---
Test (Node.js on windows-latest)	Run tests	2026-05-03T17:56:32.9827884Z   duration_ms: 0.317
Test (Node.js on windows-latest)	Run tests	2026-05-03T17:56:32.9828071Z   type: 'test'
Test (Node.js on windows-latest)	Run tests	2026-05-03T17:56:32.9828225Z   ...
Test (Node.js on windows-latest)	Run tests	2026-05-03T17:56:32.9828438Z # Subtest: roundtrip object with mixed types
Test (Node.js on windows-latest)	Run tests	2026-05-03T17:56:32.9828733Z ok 54 - roundtrip object with mixed types
Test (Node.js on windows-latest)	Run tests	2026-05-03T17:56:32.9828959Z   ---
Test (Node.js on windows-latest)	Run tests	2026-05-03T17:56:32.9829101Z   duration_ms: 1.1059
Test (Node.js on windows-latest)	Run tests	2026-05-03T17:56:32.9829273Z   type: 'test'
Test (Node.js on windows-latest)	Run tests	2026-05-03T17:56:32.9829425Z   ...
Test (Node.js on windows-latest)	Run tests	2026-05-03T17:56:32.9829677Z # Subtest: nested objects
Test (Node.js on windows-latest)	Run tests	2026-05-03T17:56:32.9829884Z ok 55 - nested objects
Test (Node.js on windows-latest)	Run tests	2026-05-03T17:56:32.9830054Z   ---
Test (Node.js on windows-latest)	Run tests	2026-05-03T17:56:32.9830206Z   duration_ms: 1.7157
Test (Node.js on windows-latest)	Run tests	2026-05-03T17:56:32.9830381Z   type: 'test'
Test (Node.js on windows-latest)	Run tests	2026-05-03T17:56:32.9830523Z   ...
Test (Node.js on windows-latest)	Run tests	2026-05-03T17:56:32.9830710Z # Subtest: mixed nested structures
Test (Node.js on windows-latest)	Run tests	2026-05-03T17:56:32.9830963Z ok 56 - mixed nested structures
Test (Node.js on windows-latest)	Run tests	2026-05-03T17:56:32.9831160Z   ---
Test (Node.js on windows-latest)	Run tests	2026-05-03T17:56:32.9831310Z   duration_ms: 1.2213
Test (Node.js on windows-latest)	Run tests	2026-05-03T17:56:32.9831477Z   type: 'test'
Test (Node.js on windows-latest)	Run tests	2026-05-03T17:56:32.9831628Z   ...
Test (Node.js on windows-latest)	Run tests	2026-05-03T17:56:32.9831786Z # Subtest: array of objects
Test (Node.js on windows-latest)	Run tests	2026-05-03T17:56:32.9831995Z ok 57 - array of objects
Test (Node.js on windows-latest)	Run tests	2026-05-03T17:56:32.9832182Z   ---
Test (Node.js on windows-latest)	Run tests	2026-05-03T17:56:32.9832327Z   duration_ms: 1.025
Test (Node.js on windows-latest)	Run tests	2026-05-03T17:56:32.9832502Z   type: 'test'
Test (Node.js on windows-latest)	Run tests	2026-05-03T17:56:32.9832648Z   ...
Test (Node.js on windows-latest)	Run tests	2026-05-03T17:56:32.9832838Z # Subtest: object with array values
Test (Node.js on windows-latest)	Run tests	2026-05-03T17:56:32.9833461Z ok 58 - object with array values
Test (Node.js on windows-latest)	Run tests	2026-05-03T17:56:32.9833702Z   ---
Test (Node.js on windows-latest)	Run tests	2026-05-03T17:56:32.9833865Z   duration_ms: 0.7489
Test (Node.js on windows-latest)	Run tests	2026-05-03T17:56:32.9834037Z   type: 'test'
Test (Node.js on windows-latest)	Run tests	2026-05-03T17:56:32.9834180Z   ...
Test (Node.js on windows-latest)	Run tests	2026-05-03T17:56:32.9834378Z # Subtest: deeply nested structure
Test (Node.js on windows-latest)	Run tests	2026-05-03T17:56:32.9834646Z ok 59 - deeply nested structure
Test (Node.js on windows-latest)	Run tests	2026-05-03T17:56:32.9834847Z   ---
Test (Node.js on windows-latest)	Run tests	2026-05-03T17:56:32.9835000Z   duration_ms: 0.9042
Test (Node.js on windows-latest)	Run tests	2026-05-03T17:56:32.9835170Z   type: 'test'
Test (Node.js on windows-latest)	Run tests	2026-05-03T17:56:32.9835320Z   ...
Test (Node.js on windows-latest)	Run tests	2026-05-03T17:56:33.0836342Z # Subtest: escapeReference - simple string
Test (Node.js on windows-latest)	Run tests	2026-05-03T17:56:33.0837370Z ok 60 - escapeReference - simple string
Test (Node.js on windows-latest)	Run tests	2026-05-03T17:56:33.0838094Z   ---
Test (Node.js on windows-latest)	Run tests	2026-05-03T17:56:33.0838609Z   duration_ms: 2.5857
Test (Node.js on windows-latest)	Run tests	2026-05-03T17:56:33.0839182Z   type: 'test'
Test (Node.js on windows-latest)	Run tests	2026-05-03T17:56:33.0839685Z   ...
Test (Node.js on windows-latest)	Run tests	2026-05-03T17:56:33.0840267Z # Subtest: escapeReference - numbers
Test (Node.js on windows-latest)	Run tests	2026-05-03T17:56:33.0841069Z ok 61 - escapeReference - numbers
Test (Node.js on windows-latest)	Run tests	2026-05-03T17:56:33.0841668Z   ---
Test (Node.js on windows-latest)	Run tests	2026-05-03T17:56:33.0842156Z   duration_ms: 0.2162
Test (Node.js on windows-latest)	Run tests	2026-05-03T17:56:33.0842699Z   type: 'test'
Test (Node.js on windows-latest)	Run tests	2026-05-03T17:56:33.0847565Z   ...
Test (Node.js on windows-latest)	Run tests	2026-05-03T17:56:33.0848689Z # Subtest: escapeReference - booleans
Test (Node.js on windows-latest)	Run tests	2026-05-03T17:56:33.0849483Z ok 62 - escapeReference - booleans
Test (Node.js on windows-latest)	Run tests	2026-05-03T17:56:33.0850133Z   ---
Test (Node.js on windows-latest)	Run tests	2026-05-03T17:56:33.0850634Z   duration_ms: 0.1512
Test (Node.js on windows-latest)	Run tests	2026-05-03T17:56:33.0851212Z   type: 'test'
Test (Node.js on windows-latest)	Run tests	2026-05-03T17:56:33.0851729Z   ...
Test (Node.js on windows-latest)	Run tests	2026-05-03T17:56:33.0852387Z # Subtest: escapeReference - string with spaces
Test (Node.js on windows-latest)	Run tests	2026-05-03T17:56:33.0853291Z ok 63 - escapeReference - string with spaces
Test (Node.js on windows-latest)	Run tests	2026-05-03T17:56:33.0856899Z   ---
Test (Node.js on windows-latest)	Run tests	2026-05-03T17:56:33.0857450Z   duration_ms: 0.2303
Test (Node.js on windows-latest)	Run tests	2026-05-03T17:56:33.0860639Z   type: 'test'
Test (Node.js on windows-latest)	Run tests	2026-05-03T17:56:33.0861172Z   ...
Test (Node.js on windows-latest)	Run tests	2026-05-03T17:56:33.0861935Z # Subtest: escapeReference - string with single quotes
Test (Node.js on windows-latest)	Run tests	2026-05-03T17:56:33.0862906Z ok 64 - escapeReference - string with single quotes
Test (Node.js on windows-latest)	Run tests	2026-05-03T17:56:33.0864188Z   ---
Test (Node.js on windows-latest)	Run tests	2026-05-03T17:56:33.0864522Z   duration_ms: 0.2452
Test (Node.js on windows-latest)	Run tests	2026-05-03T17:56:33.1027101Z   type: 'test'
Test (Node.js on windows-latest)	Run tests	2026-05-03T17:56:33.1135085Z   ...
Test (Node.js on windows-latest)	Run tests	2026-05-03T17:56:33.1135908Z # Subtest: escapeReference - string with double quotes
Test (Node.js on windows-latest)	Run tests	2026-05-03T17:56:33.1136762Z ok 65 - escapeReference - string with double quotes
Test (Node.js on windows-latest)	Run tests	2026-05-03T17:56:33.1137371Z   ---
Test (Node.js on windows-latest)	Run tests	2026-05-03T17:56:33.1137806Z   duration_ms: 0.1459
Test (Node.js on windows-latest)	Run tests	2026-05-03T17:56:33.1138260Z   type: 'test'
Test (Node.js on windows-latest)	Run tests	2026-05-03T17:56:33.1138667Z   ...
Test (Node.js on windows-latest)	Run tests	2026-05-03T17:56:33.1158776Z # Subtest: escapeReference - string with both quotes
Test (Node.js on windows-latest)	Run tests	2026-05-03T17:56:33.1223072Z ok 66 - escapeReference - string with both quotes
Test (Node.js on windows-latest)	Run tests	2026-05-03T17:56:33.1225873Z   ---
Test (Node.js on windows-latest)	Run tests	2026-05-03T17:56:33.1226361Z   duration_ms: 0.2472
Test (Node.js on windows-latest)	Run tests	2026-05-03T17:56:33.1226841Z   type: 'test'
Test (Node.js on windows-latest)	Run tests	2026-05-03T17:56:33.1227266Z   ...
Test (Node.js on windows-latest)	Run tests	2026-05-03T17:56:33.1228354Z # Subtest: escapeReference - string with parentheses
Test (Node.js on windows-latest)	Run tests	2026-05-03T17:56:33.1229077Z ok 67 - escapeReference - string with parentheses
Test (Node.js on windows-latest)	Run tests	2026-05-03T17:56:33.1229980Z   ---
Test (Node.js on windows-latest)	Run tests	2026-05-03T17:56:33.1230282Z   duration_ms: 0.16
Test (Node.js on windows-latest)	Run tests	2026-05-03T17:56:33.1230595Z   type: 'test'
Test (Node.js on windows-latest)	Run tests	2026-05-03T17:56:33.1231077Z   ...
Test (Node.js on windows-latest)	Run tests	2026-05-03T17:56:33.1231515Z # Subtest: escapeReference - string with colon
Test (Node.js on windows-latest)	Run tests	2026-05-03T17:56:33.1236082Z ok 68 - escapeReference - string with colon
Test (Node.js on windows-latest)	Run tests	2026-05-03T17:56:33.1236523Z   ---
Test (Node.js on windows-latest)	Run tests	2026-05-03T17:56:33.1236790Z   duration_ms: 0.6098
Test (Node.js on windows-latest)	Run tests	2026-05-03T17:56:33.1237082Z   type: 'test'
Test (Node.js on windows-latest)	Run tests	2026-05-03T17:56:33.1237322Z   ...
Test (Node.js on windows-latest)	Run tests	2026-05-03T17:56:33.1237718Z # Subtest: escapeReference - string with newline
Test (Node.js on windows-latest)	Run tests	2026-05-03T17:56:33.1238277Z ok 69 - escapeReference - string with newline
Test (Node.js on windows-latest)	Run tests	2026-05-03T17:56:33.1238677Z   ---
Test (Node.js on windows-latest)	Run tests	2026-05-03T17:56:33.1238980Z   duration_ms: 0.4939
Test (Node.js on windows-latest)	Run tests	2026-05-03T17:56:33.1239264Z   type: 'test'
Test (Node.js on windows-latest)	Run tests	2026-05-03T17:56:33.1239510Z   ...
Test (Node.js on windows-latest)	Run tests	2026-05-03T17:56:33.1239848Z # Subtest: unescapeReference - simple string
Test (Node.js on windows-latest)	Run tests	2026-05-03T17:56:33.1240344Z ok 70 - unescapeReference - simple string
Test (Node.js on windows-latest)	Run tests	2026-05-03T17:56:33.1240707Z   ---
Test (Node.js on windows-latest)	Run tests	2026-05-03T17:56:33.1240935Z   duration_ms: 0.311
Test (Node.js on windows-latest)	Run tests	2026-05-03T17:56:33.1241203Z   type: 'test'
Test (Node.js on windows-latest)	Run tests	2026-05-03T17:56:33.1241432Z   ...
Test (Node.js on windows-latest)	Run tests	2026-05-03T17:56:33.1241813Z # Subtest: unescapeReference - doubled double quotes
Test (Node.js on windows-latest)	Run tests	2026-05-03T17:56:33.1242385Z ok 71 - unescapeReference - doubled double quotes
Test (Node.js on windows-latest)	Run tests	2026-05-03T17:56:33.1242800Z   ---
Test (Node.js on windows-latest)	Run tests	2026-05-03T17:56:33.1243043Z   duration_ms: 0.1988
Test (Node.js on windows-latest)	Run tests	2026-05-03T17:56:33.1243353Z   type: 'test'
Test (Node.js on windows-latest)	Run tests	2026-05-03T17:56:33.1243608Z   ...
Test (Node.js on windows-latest)	Run tests	2026-05-03T17:56:33.1244000Z # Subtest: unescapeReference - doubled single quotes
Test (Node.js on windows-latest)	Run tests	2026-05-03T17:56:33.1244832Z ok 72 - unescapeReference - doubled single quotes
Test (Node.js on windows-latest)	Run tests	2026-05-03T17:56:33.1245266Z   ---
Test (Node.js on windows-latest)	Run tests	2026-05-03T17:56:33.1245518Z   duration_ms: 0.1305
Test (Node.js on windows-latest)	Run tests	2026-05-03T17:56:33.1245801Z   type: 'test'
Test (Node.js on windows-latest)	Run tests	2026-05-03T17:56:33.1246053Z   ...
Test (Node.js on windows-latest)	Run tests	2026-05-03T17:56:33.1246420Z # Subtest: unescapeReference - null/undefined
Test (Node.js on windows-latest)	Run tests	2026-05-03T17:56:33.1246958Z ok 73 - unescapeReference - null/undefined
Test (Node.js on windows-latest)	Run tests	2026-05-03T17:56:33.1247351Z   ---
Test (Node.js on windows-latest)	Run tests	2026-05-03T17:56:33.1247590Z   duration_ms: 0.1045
Test (Node.js on windows-latest)	Run tests	2026-05-03T17:56:33.1247874Z   type: 'test'
Test (Node.js on windows-latest)	Run tests	2026-05-03T17:56:33.1248112Z   ...
Test (Node.js on windows-latest)	Run tests	2026-05-03T17:56:33.1248400Z # Subtest: jsonToLino - null
Test (Node.js on windows-latest)	Run tests	2026-05-03T17:56:33.1248781Z ok 74 - jsonToLino - null
Test (Node.js on windows-latest)	Run tests	2026-05-03T17:56:33.1249083Z   ---
Test (Node.js on windows-latest)	Run tests	2026-05-03T17:56:33.1249328Z   duration_ms: 0.1916
Test (Node.js on windows-latest)	Run tests	2026-05-03T17:56:33.1249623Z   type: 'test'
Test (Node.js on windows-latest)	Run tests	2026-05-03T17:56:33.1249861Z   ...
Test (Node.js on windows-latest)	Run tests	2026-05-03T17:56:33.1250178Z # Subtest: jsonToLino - undefined
Test (Node.js on windows-latest)	Run tests	2026-05-03T17:56:33.1250601Z ok 75 - jsonToLino - undefined
Test (Node.js on windows-latest)	Run tests	2026-05-03T17:56:33.1250928Z   ---
Test (Node.js on windows-latest)	Run tests	2026-05-03T17:56:33.1251172Z   duration_ms: 0.1024
Test (Node.js on windows-latest)	Run tests	2026-05-03T17:56:33.1251452Z   type: 'test'
Test (Node.js on windows-latest)	Run tests	2026-05-03T17:56:33.1251709Z   ...
Test (Node.js on windows-latest)	Run tests	2026-05-03T17:56:33.1252014Z # Subtest: jsonToLino - number
Test (Node.js on windows-latest)	Run tests	2026-05-03T17:56:33.1252405Z ok 76 - jsonToLino - number
Test (Node.js on windows-latest)	Run tests	2026-05-03T17:56:33.1252997Z   ---
Test (Node.js on windows-latest)	Run tests	2026-05-03T17:56:33.1253250Z   duration_ms: 0.1063
Test (Node.js on windows-latest)	Run tests	2026-05-03T17:56:33.1253545Z   type: 'test'
Test (Node.js on windows-latest)	Run tests	2026-05-03T17:56:33.1253800Z   ...
Test (Node.js on windows-latest)	Run tests	2026-05-03T17:56:33.1254134Z # Subtest: jsonToLino - boolean
Test (Node.js on windows-latest)	Run tests	2026-05-03T17:56:33.1254642Z ok 77 - jsonToLino - boolean
Test (Node.js on windows-latest)	Run tests	2026-05-03T17:56:33.1254986Z   ---
Test (Node.js on windows-latest)	Run tests	2026-05-03T17:56:33.1255249Z   duration_ms: 0.0992
Test (Node.js on windows-latest)	Run tests	2026-05-03T17:56:33.1255558Z   type: 'test'
Test (Node.js on windows-latest)	Run tests	2026-05-03T17:56:33.1255831Z   ...
Test (Node.js on windows-latest)	Run tests	2026-05-03T17:56:33.1256186Z # Subtest: jsonToLino - simple string
Test (Node.js on windows-latest)	Run tests	2026-05-03T17:56:33.1256686Z ok 78 - jsonToLino - simple string
Test (Node.js on windows-latest)	Run tests	2026-05-03T17:56:33.1257072Z   ---
Test (Node.js on windows-latest)	Run tests	2026-05-03T17:56:33.1257327Z   duration_ms: 0.1644
Test (Node.js on windows-latest)	Run tests	2026-05-03T17:56:33.1257632Z   type: 'test'
Test (Node.js on windows-latest)	Run tests	2026-05-03T17:56:33.1257903Z   ...
Test (Node.js on windows-latest)	Run tests	2026-05-03T17:56:33.1258263Z # Subtest: jsonToLino - string with spaces
Test (Node.js on windows-latest)	Run tests	2026-05-03T17:56:33.1258795Z ok 79 - jsonToLino - string with spaces
Test (Node.js on windows-latest)	Run tests	2026-05-03T17:56:33.1259192Z   ---
Test (Node.js on windows-latest)	Run tests	2026-05-03T17:56:33.1263400Z   duration_ms: 0.1236
Test (Node.js on windows-latest)	Run tests	2026-05-03T17:56:33.1263811Z   type: 'test'
Test (Node.js on windows-latest)	Run tests	2026-05-03T17:56:33.1264109Z   ...
Test (Node.js on windows-latest)	Run tests	2026-05-03T17:56:33.1264476Z # Subtest: jsonToLino - empty array
Test (Node.js on windows-latest)	Run tests	2026-05-03T17:56:33.1265529Z ok 80 - jsonToLino - empty array
Test (Node.js on windows-latest)	Run tests	2026-05-03T17:56:33.1265920Z   ---
Test (Node.js on windows-latest)	Run tests	2026-05-03T17:56:33.1266204Z   duration_ms: 0.0965
Test (Node.js on windows-latest)	Run tests	2026-05-03T17:56:33.1266828Z   type: 'test'
Test (Node.js on windows-latest)	Run tests	2026-05-03T17:56:33.1267116Z   ...
Test (Node.js on windows-latest)	Run tests	2026-05-03T17:56:33.1267494Z # Subtest: jsonToLino - array of numbers
Test (Node.js on windows-latest)	Run tests	2026-05-03T17:56:33.1268013Z ok 81 - jsonToLino - array of numbers
Test (Node.js on windows-latest)	Run tests	2026-05-03T17:56:33.1268667Z   ---
Test (Node.js on windows-latest)	Run tests	2026-05-03T17:56:33.1268931Z   duration_ms: 0.1243
Test (Node.js on windows-latest)	Run tests	2026-05-03T17:56:33.1269254Z   type: 'test'
Test (Node.js on windows-latest)	Run tests	2026-05-03T17:56:33.1269532Z   ...
Test (Node.js on windows-latest)	Run tests	2026-05-03T17:56:33.1269894Z # Subtest: jsonToLino - array of strings
Test (Node.js on windows-latest)	Run tests	2026-05-03T17:56:33.1270403Z ok 82 - jsonToLino - array of strings
Test (Node.js on windows-latest)	Run tests	2026-05-03T17:56:33.1270782Z   ---
Test (Node.js on windows-latest)	Run tests	2026-05-03T17:56:33.1271036Z   duration_ms: 0.1243
Test (Node.js on windows-latest)	Run tests	2026-05-03T17:56:33.1271340Z   type: 'test'
Test (Node.js on windows-latest)	Run tests	2026-05-03T17:56:33.1271596Z   ...
Test (Node.js on windows-latest)	Run tests	2026-05-03T17:56:33.1271943Z # Subtest: jsonToLino - nested array
Test (Node.js on windows-latest)	Run tests	2026-05-03T17:56:33.1272441Z ok 83 - jsonToLino - nested array
Test (Node.js on windows-latest)	Run tests	2026-05-03T17:56:33.1272797Z   ---
Test (Node.js on windows-latest)	Run tests	2026-05-03T17:56:33.1273066Z   duration_ms: 0.1121
Test (Node.js on windows-latest)	Run tests	2026-05-03T17:56:33.1273367Z   type: 'test'
Test (Node.js on windows-latest)	Run tests	2026-05-03T17:56:33.1273622Z   ...
Test (Node.js on windows-latest)	Run tests	2026-05-03T17:56:33.1273949Z # Subtest: jsonToLino - empty object
Test (Node.js on windows-latest)	Run tests	2026-05-03T17:56:33.1274400Z ok 84 - jsonToLino - empty object
Test (Node.js on windows-latest)	Run tests	2026-05-03T17:56:33.1274746Z   ---
Test (Node.js on windows-latest)	Run tests	2026-05-03T17:56:33.1274980Z   duration_ms: 0.0951
Test (Node.js on windows-latest)	Run tests	2026-05-03T17:56:33.1275285Z   type: 'test'
Test (Node.js on windows-latest)	Run tests	2026-05-03T17:56:33.1275549Z   ...
Test (Node.js on windows-latest)	Run tests	2026-05-03T17:56:33.1275875Z # Subtest: jsonToLino - simple object
Test (Node.js on windows-latest)	Run tests	2026-05-03T17:56:33.1276329Z ok 85 - jsonToLino - simple object
Test (Node.js on windows-latest)	Run tests	2026-05-03T17:56:33.1276680Z   ---
Test (Node.js on windows-latest)	Run tests	2026-05-03T17:56:33.1276919Z   duration_ms: 0.2961
Test (Node.js on windows-latest)	Run tests	2026-05-03T17:56:33.1277206Z   type: 'test'
Test (Node.js on windows-latest)	Run tests	2026-05-03T17:56:33.1277458Z   ...
Test (Node.js on windows-latest)	Run tests	2026-05-03T17:56:33.1277833Z # Subtest: jsonToLino - object with nested object
Test (Node.js on windows-latest)	Run tests	2026-05-03T17:56:33.1278406Z ok 86 - jsonToLino - object with nested object
Test (Node.js on windows-latest)	Run tests	2026-05-03T17:56:33.1278810Z   ---
Test (Node.js on windows-latest)	Run tests	2026-05-03T17:56:33.1279062Z   duration_ms: 0.1335
Test (Node.js on windows-latest)	Run tests	2026-05-03T17:56:33.1279354Z   type: 'test'
Test (Node.js on windows-latest)	Run tests	2026-05-03T17:56:33.1279598Z   ...
Test (Node.js on windows-latest)	Run tests	2026-05-03T17:56:33.1279943Z # Subtest: jsonToLino - object with array
Test (Node.js on windows-latest)	Run tests	2026-05-03T17:56:33.1280441Z ok 87 - jsonToLino - object with array
Test (Node.js on windows-latest)	Run tests	2026-05-03T17:56:33.1280806Z   ---
Test (Node.js on windows-latest)	Run tests	2026-05-03T17:56:33.1281052Z   duration_ms: 0.1553
Test (Node.js on windows-latest)	Run tests	2026-05-03T17:56:33.1281337Z   type: 'test'
Test (Node.js on windows-latest)	Run tests	2026-05-03T17:56:33.1281588Z   ...
Test (Node.js on windows-latest)	Run tests	2026-05-03T17:56:33.1281914Z # Subtest: linoToJson - null input
Test (Node.js on windows-latest)	Run tests	2026-05-03T17:56:33.1282357Z ok 88 - linoToJson - null input
Test (Node.js on windows-latest)	Run tests	2026-05-03T17:56:33.1282696Z   ---
Test (Node.js on windows-latest)	Run tests	2026-05-03T17:56:33.1282941Z   duration_ms: 0.1599
Test (Node.js on windows-latest)	Run tests	2026-05-03T17:56:33.1283246Z   type: 'test'
Test (Node.js on windows-latest)	Run tests	2026-05-03T17:56:33.1283501Z   ...
Test (Node.js on windows-latest)	Run tests	2026-05-03T17:56:33.1283846Z # Subtest: linoToJson - primitives
Test (Node.js on windows-latest)	Run tests	2026-05-03T17:56:33.1284304Z ok 89 - linoToJson - primitives
Test (Node.js on windows-latest)	Run tests	2026-05-03T17:56:33.1284641Z   ---
Test (Node.js on windows-latest)	Run tests	2026-05-03T17:56:33.1285147Z   duration_ms: 3.5635
Test (Node.js on windows-latest)	Run tests	2026-05-03T17:56:33.1285448Z   type: 'test'
Test (Node.js on windows-latest)	Run tests	2026-05-03T17:56:33.1285697Z   ...
Test (Node.js on windows-latest)	Run tests	2026-05-03T17:56:33.1287072Z # Subtest: linoToJson - simple string
Test (Node.js on windows-latest)	Run tests	2026-05-03T17:56:33.1287551Z ok 90 - linoToJson - simple string
Test (Node.js on windows-latest)	Run tests	2026-05-03T17:56:33.1287918Z   ---
Test (Node.js on windows-latest)	Run tests	2026-05-03T17:56:33.1288178Z   duration_ms: 0.2826
Test (Node.js on windows-latest)	Run tests	2026-05-03T17:56:33.1288477Z   type: 'test'
Test (Node.js on windows-latest)	Run tests	2026-05-03T17:56:33.1288738Z   ...
Test (Node.js on windows-latest)	Run tests	2026-05-03T17:56:33.1289063Z # Subtest: linoToJson - empty link
Test (Node.js on windows-latest)	Run tests	2026-05-03T17:56:33.1289509Z ok 91 - linoToJson - empty link
Test (Node.js on windows-latest)	Run tests	2026-05-03T17:56:33.1289853Z   ---
Test (Node.js on windows-latest)	Run tests	2026-05-03T17:56:33.1290106Z   duration_ms: 0.8751
Test (Node.js on windows-latest)	Run tests	2026-05-03T17:56:33.1290400Z   type: 'test'
Test (Node.js on windows-latest)	Run tests	2026-05-03T17:56:33.1290658Z   ...
Test (Node.js on windows-latest)	Run tests	2026-05-03T17:56:33.1290996Z # Subtest: linoToJson - array of numbers
Test (Node.js on windows-latest)	Run tests	2026-05-03T17:56:33.1291487Z ok 92 - linoToJson - array of numbers
Test (Node.js on windows-latest)	Run tests	2026-05-03T17:56:33.1291855Z   ---
Test (Node.js on windows-latest)	Run tests	2026-05-03T17:56:33.1292123Z   duration_ms: 0.3164
Test (Node.js on windows-latest)	Run tests	2026-05-03T17:56:33.1292413Z   type: 'test'
Test (Node.js on windows-latest)	Run tests	2026-05-03T17:56:33.1292659Z   ...
Test (Node.js on windows-latest)	Run tests	2026-05-03T17:56:33.1292989Z # Subtest: linoToJson - simple object
Test (Node.js on windows-latest)	Run tests	2026-05-03T17:56:33.1293449Z ok 93 - linoToJson - simple object
Test (Node.js on windows-latest)	Run tests	2026-05-03T17:56:33.1293817Z   ---
Test (Node.js on windows-latest)	Run tests	2026-05-03T17:56:33.1294063Z   duration_ms: 0.3909
Test (Node.js on windows-latest)	Run tests	2026-05-03T17:56:33.1294350Z   type: 'test'
Test (Node.js on windows-latest)	Run tests	2026-05-03T17:56:33.1294604Z   ...
Test (Node.js on windows-latest)	Run tests	2026-05-03T17:56:33.1294926Z # Subtest: linoToJson - nested object
Test (Node.js on windows-latest)	Run tests	2026-05-03T17:56:33.1295383Z ok 94 - linoToJson - nested object
Test (Node.js on windows-latest)	Run tests	2026-05-03T17:56:33.1295740Z   ---
Test (Node.js on windows-latest)	Run tests	2026-05-03T17:56:33.1295983Z   duration_ms: 0.6488
Test (Node.js on windows-latest)	Run tests	2026-05-03T17:56:33.1296279Z   type: 'test'
Test (Node.js on windows-latest)	Run tests	2026-05-03T17:56:33.1296529Z   ...
Test (Node.js on windows-latest)	Run tests	2026-05-03T17:56:33.1297062Z # Subtest: linoToJson - object with array value
Test (Node.js on windows-latest)	Run tests	2026-05-03T17:56:33.1297619Z ok 95 - linoToJson - object with array value
Test (Node.js on windows-latest)	Run tests	2026-05-03T17:56:33.1298021Z   ---
Test (Node.js on windows-latest)	Run tests	2026-05-03T17:56:33.1298268Z   duration_ms: 0.3006
Test (Node.js on windows-latest)	Run tests	2026-05-03T17:56:33.1298561Z   type: 'test'
Test (Node.js on windows-latest)	Run tests	2026-05-03T17:56:33.1298816Z   ...
Test (Node.js on windows-latest)	Run tests	2026-05-03T17:56:33.1299148Z # Subtest: roundtrip - simple object
Test (Node.js on windows-latest)	Run tests	2026-05-03T17:56:33.1299607Z ok 96 - roundtrip - simple object
Test (Node.js on windows-latest)	Run tests	2026-05-03T17:56:33.1300004Z   ---
Test (Node.js on windows-latest)	Run tests	2026-05-03T17:56:33.1300253Z   duration_ms: 0.2205
Test (Node.js on windows-latest)	Run tests	2026-05-03T17:56:33.1300552Z   type: 'test'
Test (Node.js on windows-latest)	Run tests	2026-05-03T17:56:33.1300808Z   ...
Test (Node.js on windows-latest)	Run tests	2026-05-03T17:56:33.1301150Z # Subtest: roundtrip - nested object
Test (Node.js on windows-latest)	Run tests	2026-05-03T17:56:33.1301636Z ok 97 - roundtrip - nested object
Test (Node.js on windows-latest)	Run tests	2026-05-03T17:56:33.1302023Z   ---
Test (Node.js on windows-latest)	Run tests	2026-05-03T17:56:33.1302283Z   duration_ms: 0.2854
Test (Node.js on windows-latest)	Run tests	2026-05-03T17:56:33.1302591Z   type: 'test'
Test (Node.js on windows-latest)	Run tests	2026-05-03T17:56:33.1302857Z   ...
Test (Node.js on windows-latest)	Run tests	2026-05-03T17:56:33.1303221Z # Subtest: roundtrip - object with array
Test (Node.js on windows-latest)	Run tests	2026-05-03T17:56:33.1303752Z ok 98 - roundtrip - object with array
Test (Node.js on windows-latest)	Run tests	2026-05-03T17:56:33.1304183Z   ---
Test (Node.js on windows-latest)	Run tests	2026-05-03T17:56:33.1304456Z   duration_ms: 0.2472
Test (Node.js on windows-latest)	Run tests	2026-05-03T17:56:33.1304781Z   type: 'test'
Test (Node.js on windows-latest)	Run tests	2026-05-03T17:56:33.1305357Z   ...
Test (Node.js on windows-latest)	Run tests	2026-05-03T17:56:33.1305724Z # Subtest: roundtrip - complex object
Test (Node.js on windows-latest)	Run tests	2026-05-03T17:56:33.1306224Z ok 99 - roundtrip - complex object
Test (Node.js on windows-latest)	Run tests	2026-05-03T17:56:33.1306584Z   ---
Test (Node.js on windows-latest)	Run tests	2026-05-03T17:56:33.1306837Z   duration_ms: 0.2847
Test (Node.js on windows-latest)	Run tests	2026-05-03T17:56:33.1307134Z   type: 'test'
Test (Node.js on windows-latest)	Run tests	2026-05-03T17:56:33.1307388Z   ...
Test (Node.js on windows-latest)	Run tests	2026-05-03T17:56:33.1307722Z # Subtest: formatAsLino - empty array
Test (Node.js on windows-latest)	Run tests	2026-05-03T17:56:33.1308204Z ok 100 - formatAsLino - empty array
Test (Node.js on windows-latest)	Run tests	2026-05-03T17:56:33.1308567Z   ---
Test (Node.js on windows-latest)	Run tests	2026-05-03T17:56:33.1308812Z   duration_ms: 0.1521
Test (Node.js on windows-latest)	Run tests	2026-05-03T17:56:33.1309115Z   type: 'test'
Test (Node.js on windows-latest)	Run tests	2026-05-03T17:56:33.1309370Z   ...
Test (Node.js on windows-latest)	Run tests	2026-05-03T17:56:33.1309716Z # Subtest: formatAsLino - array of values
Test (Node.js on windows-latest)	Run tests	2026-05-03T17:56:33.1310218Z ok 101 - formatAsLino - array of values
Test (Node.js on windows-latest)	Run tests	2026-05-03T17:56:33.1310607Z   ---
Test (Node.js on windows-latest)	Run tests	2026-05-03T17:56:33.1310847Z   duration_ms: 0.1307
Test (Node.js on windows-latest)	Run tests	2026-05-03T17:56:33.1311151Z   type: 'test'
Test (Node.js on windows-latest)	Run tests	2026-05-03T17:56:33.1311399Z   ...
Test (Node.js on windows-latest)	Run tests	2026-05-03T17:56:33.1311738Z # Subtest: formatIndented - basic object
Test (Node.js on windows-latest)	Run tests	2026-05-03T17:56:33.1312232Z ok 102 - formatIndented - basic object
Test (Node.js on windows-latest)	Run tests	2026-05-03T17:56:33.1312602Z   ---
Test (Node.js on windows-latest)	Run tests	2026-05-03T17:56:33.1312855Z   duration_ms: 0.2706
Test (Node.js on windows-latest)	Run tests	2026-05-03T17:56:33.1313138Z   type: 'test'
Test (Node.js on windows-latest)	Run tests	2026-05-03T17:56:33.1313445Z   ...
Test (Node.js on windows-latest)	Run tests	2026-05-03T17:56:33.1313818Z # Subtest: formatIndented - custom indentation
Test (Node.js on windows-latest)	Run tests	2026-05-03T17:56:33.1314360Z ok 103 - formatIndented - custom indentation
Test (Node.js on windows-latest)	Run tests	2026-05-03T17:56:33.1315066Z   ---
Test (Node.js on windows-latest)	Run tests	2026-05-03T17:56:33.1315312Z   duration_ms: 0.1351
Test (Node.js on windows-latest)	Run tests	2026-05-03T17:56:33.1315600Z   type: 'test'
Test (Node.js on windows-latest)	Run tests	2026-05-03T17:56:33.1315851Z   ...
Test (Node.js on windows-latest)	Run tests	2026-05-03T17:56:33.1316248Z # Subtest: formatIndented - value with double quotes
Test (Node.js on windows-latest)	Run tests	2026-05-03T17:56:33.1316845Z ok 104 - formatIndented - value with double quotes
Test (Node.js on windows-latest)	Run tests	2026-05-03T17:56:33.1317275Z   ---
Test (Node.js on windows-latest)	Run tests	2026-05-03T17:56:33.1317513Z   duration_ms: 0.1274
Test (Node.js on windows-latest)	Run tests	2026-05-03T17:56:33.1317805Z   type: 'test'
Test (Node.js on windows-latest)	Run tests	2026-05-03T17:56:33.1318058Z   ...
Test (Node.js on windows-latest)	Run tests	2026-05-03T17:56:33.1318408Z # Subtest: formatIndented - key with space
Test (Node.js on windows-latest)	Run tests	2026-05-03T17:56:33.1318910Z ok 105 - formatIndented - key with space
Test (Node.js on windows-latest)	Run tests	2026-05-03T17:56:33.1319286Z   ---
Test (Node.js on windows-latest)	Run tests	2026-05-03T17:56:33.1319529Z   duration_ms: 0.342
Test (Node.js on windows-latest)	Run tests	2026-05-03T17:56:33.1319812Z   type: 'test'
Test (Node.js on windows-latest)	Run tests	2026-05-03T17:56:33.1320065Z   ...
Test (Node.js on windows-latest)	Run tests	2026-05-03T17:56:33.1320396Z # Subtest: formatIndented - null value
Test (Node.js on windows-latest)	Run tests	2026-05-03T17:56:33.1320855Z ok 106 - formatIndented - null value
Test (Node.js on windows-latest)	Run tests	2026-05-03T17:56:33.1321224Z   ---
Test (Node.js on windows-latest)	Run tests	2026-05-03T17:56:33.1321468Z   duration_ms: 0.2789
Test (Node.js on windows-latest)	Run tests	2026-05-03T17:56:33.1321756Z   type: 'test'
Test (Node.js on windows-latest)	Run tests	2026-05-03T17:56:33.1322008Z   ...
Test (Node.js on windows-latest)	Run tests	2026-05-03T17:56:33.1322346Z # Subtest: formatIndented - requires id
Test (Node.js on windows-latest)	Run tests	2026-05-03T17:56:33.1322819Z ok 107 - formatIndented - requires id
Test (Node.js on windows-latest)	Run tests	2026-05-03T17:56:33.1323181Z   ---
Test (Node.js on windows-latest)	Run tests	2026-05-03T17:56:33.1323430Z   duration_ms: 0.7115
Test (Node.js on windows-latest)	Run tests	2026-05-03T17:56:33.1324217Z   type: 'test'
Test (Node.js on windows-latest)	Run tests	2026-05-03T17:56:33.1324478Z   ...
Test (Node.js on windows-latest)	Run tests	2026-05-03T17:56:33.1325885Z # Subtest: formatIndented - requires plain object
Test (Node.js on windows-latest)	Run tests	2026-05-03T17:56:33.1327519Z ok 108 - formatIndented - requires plain object
Test (Node.js on windows-latest)	Run tests	2026-05-03T17:56:33.1328224Z   ---
Test (Node.js on windows-latest)	Run tests	2026-05-03T17:56:33.1328500Z   duration_ms: 0.1528
Test (Node.js on windows-latest)	Run tests	2026-05-03T17:56:33.1328789Z   type: 'test'
Test (Node.js on windows-latest)	Run tests	2026-05-03T17:56:33.1329031Z   ...
Test (Node.js on windows-latest)	Run tests	2026-05-03T17:56:33.1329340Z # Subtest: parseIndented - basic object
Test (Node.js on windows-latest)	Run tests	2026-05-03T17:56:33.1329770Z ok 109 - parseIndented - basic object
Test (Node.js on windows-latest)	Run tests	2026-05-03T17:56:33.1330119Z   ---
Test (Node.js on windows-latest)	Run tests	2026-05-03T17:56:33.1330352Z   duration_ms: 0.643
Test (Node.js on windows-latest)	Run tests	2026-05-03T17:56:33.1330624Z   type: 'test'
Test (Node.js on windows-latest)	Run tests	2026-05-03T17:56:33.1330896Z   ...
Test (Node.js on windows-latest)	Run tests	2026-05-03T17:56:33.1331248Z # Subtest: parseIndented - value with quotes
Test (Node.js on windows-latest)	Run tests	2026-05-03T17:56:33.1331719Z ok 110 - parseIndented - value with quotes
Test (Node.js on windows-latest)	Run tests	2026-05-03T17:56:33.1332090Z   ---
Test (Node.js on windows-latest)	Run tests	2026-05-03T17:56:33.1332338Z   duration_ms: 0.2809
Test (Node.js on windows-latest)	Run tests	2026-05-03T17:56:33.1332646Z   type: 'test'
Test (Node.js on windows-latest)	Run tests	2026-05-03T17:56:33.1332897Z   ...
Test (Node.js on windows-latest)	Run tests	2026-05-03T17:56:33.1333264Z # Subtest: parseIndented - empty lines are skipped
Test (Node.js on windows-latest)	Run tests	2026-05-03T17:56:33.1333838Z ok 111 - parseIndented - empty lines are skipped
Test (Node.js on windows-latest)	Run tests	2026-05-03T17:56:33.1334277Z   ---
Test (Node.js on windows-latest)	Run tests	2026-05-03T17:56:33.1334530Z   duration_ms: 0.3009
Test (Node.js on windows-latest)	Run tests	2026-05-03T17:56:33.1334795Z   type: 'test'
Test (Node.js on windows-latest)	Run tests	2026-05-03T17:56:33.1335028Z   ...
Test (Node.js on windows-latest)	Run tests	2026-05-03T17:56:33.1335365Z # Subtest: parseIndented - requires text
Test (Node.js on windows-latest)	Run tests	2026-05-03T17:56:33.1335843Z ok 112 - parseIndented - requires text
Test (Node.js on windows-latest)	Run tests	2026-05-03T17:56:33.1336196Z   ---
Test (Node.js on windows-latest)	Run tests	2026-05-03T17:56:33.1336429Z   duration_ms: 0.1529
Test (Node.js on windows-latest)	Run tests	2026-05-03T17:56:33.1336715Z   type: 'test'
Test (Node.js on windows-latest)	Run tests	2026-05-03T17:56:33.1336964Z   ...
Test (Node.js on windows-latest)	Run tests	2026-05-03T17:56:33.1337390Z # Subtest: formatIndented/parseIndented roundtrip - basic
Test (Node.js on windows-latest)	Run tests	2026-05-03T17:56:33.1338056Z ok 113 - formatIndented/parseIndented roundtrip - basic
Test (Node.js on windows-latest)	Run tests	2026-05-03T17:56:33.1338524Z   ---
Test (Node.js on windows-latest)	Run tests	2026-05-03T17:56:33.1338808Z   duration_ms: 0.3203
Test (Node.js on windows-latest)	Run tests	2026-05-03T17:56:33.1339105Z   type: 'test'
Test (Node.js on windows-latest)	Run tests	2026-05-03T17:56:33.1339368Z   ...
Test (Node.js on windows-latest)	Run tests	2026-05-03T17:56:33.1339864Z # Subtest: formatIndented/parseIndented roundtrip - with quotes
Test (Node.js on windows-latest)	Run tests	2026-05-03T17:56:33.1340616Z ok 114 - formatIndented/parseIndented roundtrip - with quotes
Test (Node.js on windows-latest)	Run tests	2026-05-03T17:56:33.1341108Z   ---
Test (Node.js on windows-latest)	Run tests	2026-05-03T17:56:33.1341353Z   duration_ms: 0.2166
Test (Node.js on windows-latest)	Run tests	2026-05-03T17:56:33.1341650Z   type: 'test'
Test (Node.js on windows-latest)	Run tests	2026-05-03T17:56:33.1341901Z   ...
Test (Node.js on windows-latest)	Run tests	2026-05-03T17:56:33.1386401Z # Subtest: levenshteinDistance
Test (Node.js on windows-latest)	Run tests	2026-05-03T17:56:33.1386985Z     # Subtest: should return 0 for identical strings
Test (Node.js on windows-latest)	Run tests	2026-05-03T17:56:33.1387637Z     ok 1 - should return 0 for identical strings
Test (Node.js on windows-latest)	Run tests	2026-05-03T17:56:33.1388124Z       ---
Test (Node.js on windows-latest)	Run tests	2026-05-03T17:56:33.1388421Z       duration_ms: 1.181
Test (Node.js on windows-latest)	Run tests	2026-05-03T17:56:33.1388780Z       type: 'test'
Test (Node.js on windows-latest)	Run tests	2026-05-03T17:56:33.1389375Z       ...
Test (Node.js on windows-latest)	Run tests	2026-05-03T17:56:33.1389961Z     # Subtest: should return correct distance for single character difference
Test (Node.js on windows-latest)	Run tests	2026-05-03T17:56:33.1390884Z     ok 2 - should return correct distance for single character difference
Test (Node.js on windows-latest)	Run tests	2026-05-03T17:56:33.1391520Z       ---
Test (Node.js on windows-latest)	Run tests	2026-05-03T17:56:33.1391832Z       duration_ms: 0.1766
Test (Node.js on windows-latest)	Run tests	2026-05-03T17:56:33.1392198Z       type: 'test'
Test (Node.js on windows-latest)	Run tests	2026-05-03T17:56:33.1392503Z       ...
Test (Node.js on windows-latest)	Run tests	2026-05-03T17:56:33.1424920Z     # Subtest: should return length for completely different strings
Test (Node.js on windows-latest)	Run tests	2026-05-03T17:56:33.1425760Z     ok 3 - should return length for completely different strings
Test (Node.js on windows-latest)	Run tests	2026-05-03T17:56:33.1426353Z       ---
Test (Node.js on windows-latest)	Run tests	2026-05-03T17:56:33.1426635Z       duration_ms: 0.1973
Test (Node.js on windows-latest)	Run tests	2026-05-03T17:56:33.1426984Z       type: 'test'
Test (Node.js on windows-latest)	Run tests	2026-05-03T17:56:33.1427252Z       ...
Test (Node.js on windows-latest)	Run tests	2026-05-03T17:56:33.1427572Z     # Subtest: should handle empty strings
Test (Node.js on windows-latest)	Run tests	2026-05-03T17:56:33.1428037Z     ok 4 - should handle empty strings
Test (Node.js on windows-latest)	Run tests	2026-05-03T17:56:33.1428427Z       ---
Test (Node.js on windows-latest)	Run tests	2026-05-03T17:56:33.1428701Z       duration_ms: 0.9185
Test (Node.js on windows-latest)	Run tests	2026-05-03T17:56:33.1429020Z       type: 'test'
Test (Node.js on windows-latest)	Run tests	2026-05-03T17:56:33.1429294Z       ...
Test (Node.js on windows-latest)	Run tests	2026-05-03T17:56:33.1429681Z     # Subtest: should handle case-sensitive comparison
Test (Node.js on windows-latest)	Run tests	2026-05-03T17:56:33.1430258Z     ok 5 - should handle case-sensitive comparison
Test (Node.js on windows-latest)	Run tests	2026-05-03T17:56:33.1430690Z       ---
Test (Node.js on windows-latest)	Run tests	2026-05-03T17:56:33.1430949Z       duration_ms: 0.2529
Test (Node.js on windows-latest)	Run tests	2026-05-03T17:56:33.1431279Z       type: 'test'
Test (Node.js on windows-latest)	Run tests	2026-05-03T17:56:33.1431549Z       ...
Test (Node.js on windows-latest)	Run tests	2026-05-03T17:56:33.1432768Z     1..5
Test (Node.js on windows-latest)	Run tests	2026-05-03T17:56:33.1433085Z ok 115 - levenshteinDistance
Test (Node.js on windows-latest)	Run tests	2026-05-03T17:56:33.1433419Z   ---
Test (Node.js on windows-latest)	Run tests	2026-05-03T17:56:33.1433682Z   duration_ms: 4.0582
Test (Node.js on windows-latest)	Run tests	2026-05-03T17:56:33.1433992Z   type: 'suite'
Test (Node.js on windows-latest)	Run tests	2026-05-03T17:56:33.1434248Z   ...
Test (Node.js on windows-latest)	Run tests	2026-05-03T17:56:33.1434547Z # Subtest: stringSimilarity
Test (Node.js on windows-latest)	Run tests	2026-05-03T17:56:33.1434995Z     # Subtest: should return 1 for identical strings
Test (Node.js on windows-latest)	Run tests	2026-05-03T17:56:33.1435547Z     ok 1 - should return 1 for identical strings
Test (Node.js on windows-latest)	Run tests	2026-05-03T17:56:33.1435968Z       ---
Test (Node.js on windows-latest)	Run tests	2026-05-03T17:56:33.1436245Z       duration_ms: 0.2669
Test (Node.js on windows-latest)	Run tests	2026-05-03T17:56:33.1436568Z       type: 'test'
Test (Node.js on windows-latest)	Run tests	2026-05-03T17:56:33.1436837Z       ...
Test (Node.js on windows-latest)	Run tests	2026-05-03T17:56:33.1437264Z     # Subtest: should return 0 for completely different strings
Test (Node.js on windows-latest)	Run tests	2026-05-03T17:56:33.1437919Z     ok 2 - should return 0 for completely different strings
Test (Node.js on windows-latest)	Run tests	2026-05-03T17:56:33.1438381Z       ---
Test (Node.js on windows-latest)	Run tests	2026-05-03T17:56:33.1438638Z       duration_ms: 0.2982
Test (Node.js on windows-latest)	Run tests	2026-05-03T17:56:33.1438969Z       type: 'test'
Test (Node.js on windows-latest)	Run tests	2026-05-03T17:56:33.1439222Z       ...
Test (Node.js on windows-latest)	Run tests	2026-05-03T17:56:33.1439692Z     # Subtest: should return value between 0 and 1 for similar strings
Test (Node.js on windows-latest)	Run tests	2026-05-03T17:56:33.1440413Z     ok 3 - should return value between 0 and 1 for similar strings
Test (Node.js on windows-latest)	Run tests	2026-05-03T17:56:33.1440904Z       ---
Test (Node.js on windows-latest)	Run tests	2026-05-03T17:56:33.1441164Z       duration_ms: 0.4129
Test (Node.js on windows-latest)	Run tests	2026-05-03T17:56:33.1441470Z       type: 'test'
Test (Node.js on windows-latest)	Run tests	2026-05-03T17:56:33.1441731Z       ...
Test (Node.js on windows-latest)	Run tests	2026-05-03T17:56:33.1442098Z     # Subtest: should handle different length strings
Test (Node.js on windows-latest)	Run tests	2026-05-03T17:56:33.1442619Z     ok 4 - should handle different length strings
Test (Node.js on windows-latest)	Run tests	2026-05-03T17:56:33.1443059Z       ---
Test (Node.js on windows-latest)	Run tests	2026-05-03T17:56:33.1443321Z       duration_ms: 0.3631
Test (Node.js on windows-latest)	Run tests	2026-05-03T17:56:33.1443655Z       type: 'test'
Test (Node.js on windows-latest)	Run tests	2026-05-03T17:56:33.1443928Z       ...
Test (Node.js on windows-latest)	Run tests	2026-05-03T17:56:33.1444396Z     1..4
Test (Node.js on windows-latest)	Run tests	2026-05-03T17:56:33.1444701Z ok 116 - stringSimilarity
Test (Node.js on windows-latest)	Run tests	2026-05-03T17:56:33.1445007Z   ---
Test (Node.js on windows-latest)	Run tests	2026-05-03T17:56:33.1445259Z   duration_ms: 1.9705
Test (Node.js on windows-latest)	Run tests	2026-05-03T17:56:33.1445567Z   type: 'suite'
Test (Node.js on windows-latest)	Run tests	2026-05-03T17:56:33.1445821Z   ...
Test (Node.js on windows-latest)	Run tests	2026-05-03T17:56:33.1446114Z # Subtest: normalizeQuestion
Test (Node.js on windows-latest)	Run tests	2026-05-03T17:56:33.1446517Z     # Subtest: should convert to lowercase
Test (Node.js on windows-latest)	Run tests	2026-05-03T17:56:33.1446976Z     ok 1 - should convert to lowercase
Test (Node.js on windows-latest)	Run tests	2026-05-03T17:56:33.1447364Z       ---
Test (Node.js on windows-latest)	Run tests	2026-05-03T17:56:33.1447617Z       duration_ms: 0.3576
Test (Node.js on windows-latest)	Run tests	2026-05-03T17:56:33.1447932Z       type: 'test'
Test (Node.js on windows-latest)	Run tests	2026-05-03T17:56:33.1448191Z       ...
Test (Node.js on windows-latest)	Run tests	2026-05-03T17:56:33.1448506Z     # Subtest: should remove punctuation
Test (Node.js on windows-latest)	Run tests	2026-05-03T17:56:33.1448954Z     ok 2 - should remove punctuation
Test (Node.js on windows-latest)	Run tests	2026-05-03T17:56:33.1449314Z       ---
Test (Node.js on windows-latest)	Run tests	2026-05-03T17:56:33.1449809Z       duration_ms: 0.1702
Test (Node.js on windows-latest)	Run tests	2026-05-03T17:56:33.1450129Z       type: 'test'
Test (Node.js on windows-latest)	Run tests	2026-05-03T17:56:33.1450396Z       ...
Test (Node.js on windows-latest)	Run tests	2026-05-03T17:56:33.1450728Z     # Subtest: should standardize whitespace
Test (Node.js on windows-latest)	Run tests	2026-05-03T17:56:33.1451199Z     ok 3 - should standardize whitespace
Test (Node.js on windows-latest)	Run tests	2026-05-03T17:56:33.1451583Z       ---
Test (Node.js on windows-latest)	Run tests	2026-05-03T17:56:33.1451852Z       duration_ms: 0.1302
Test (Node.js on windows-latest)	Run tests	2026-05-03T17:56:33.1452171Z       type: 'test'
Test (Node.js on windows-latest)	Run tests	2026-05-03T17:56:33.1452443Z       ...
Test (Node.js on windows-latest)	Run tests	2026-05-03T17:56:33.1452805Z     # Subtest: should handle combined normalization
Test (Node.js on windows-latest)	Run tests	2026-05-03T17:56:33.1453342Z     ok 4 - should handle combined normalization
Test (Node.js on windows-latest)	Run tests	2026-05-03T17:56:33.1453764Z       ---
Test (Node.js on windows-latest)	Run tests	2026-05-03T17:56:33.1454015Z       duration_ms: 0.1934
Test (Node.js on windows-latest)	Run tests	2026-05-03T17:56:33.1454326Z       type: 'test'
Test (Node.js on windows-latest)	Run tests	2026-05-03T17:56:33.1454597Z       ...
Test (Node.js on windows-latest)	Run tests	2026-05-03T17:56:33.1454829Z     1..4
Test (Node.js on windows-latest)	Run tests	2026-05-03T17:56:33.1455107Z ok 117 - normalizeQuestion
Test (Node.js on windows-latest)	Run tests	2026-05-03T17:56:33.1455415Z   ---
Test (Node.js on windows-latest)	Run tests	2026-05-03T17:56:33.1455670Z   duration_ms: 1.0362
Test (Node.js on windows-latest)	Run tests	2026-05-03T17:56:33.1455972Z   type: 'suite'
Test (Node.js on windows-latest)	Run tests	2026-05-03T17:56:33.1456216Z   ...
Test (Node.js on windows-latest)	Run tests	2026-05-03T17:56:33.1456527Z # Subtest: extractKeywords
Test (Node.js on windows-latest)	Run tests	2026-05-03T17:56:33.1457058Z     # Subtest: should extract all keywords when no stopwords provided
Test (Node.js on windows-latest)	Run tests	2026-05-03T17:56:33.1457808Z     ok 1 - should extract all keywords when no stopwords provided
Test (Node.js on windows-latest)	Run tests	2026-05-03T17:56:33.1458300Z       ---
Test (Node.js on windows-latest)	Run tests	2026-05-03T17:56:33.1458563Z       duration_ms: 0.3882
Test (Node.js on windows-latest)	Run tests	2026-05-03T17:56:33.1458864Z       type: 'test'
Test (Node.js on windows-latest)	Run tests	2026-05-03T17:56:33.1459329Z       ...
Test (Node.js on windows-latest)	Run tests	2026-05-03T17:56:33.1459743Z     # Subtest: should filter out English stopwords when provided
Test (Node.js on windows-latest)	Run tests	2026-05-03T17:56:33.1460456Z     ok 2 - should filter out English stopwords when provided
Test (Node.js on windows-latest)	Run tests	2026-05-03T17:56:33.1461243Z       ---
Test (Node.js on windows-latest)	Run tests	2026-05-03T17:56:33.1461755Z       duration_ms: 0.1593
Test (Node.js on windows-latest)	Run tests	2026-05-03T17:56:33.1462330Z       type: 'test'
Test (Node.js on windows-latest)	Run tests	2026-05-03T17:56:33.1462619Z       ...
Test (Node.js on windows-latest)	Run tests	2026-05-03T17:56:33.1463307Z     # Subtest: should filter out Russian stopwords when provided
Test (Node.js on windows-latest)	Run tests	2026-05-03T17:56:33.1464245Z     ok 3 - should filter out Russian stopwords when provided
Test (Node.js on windows-latest)	Run tests	2026-05-03T17:56:33.1465330Z       ---
Test (Node.js on windows-latest)	Run tests	2026-05-03T17:56:33.1465865Z       duration_ms: 0.2077
Test (Node.js on windows-latest)	Run tests	2026-05-03T17:56:33.1466439Z       type: 'test'
Test (Node.js on windows-latest)	Run tests	2026-05-03T17:56:33.1466927Z       ...
Test (Node.js on windows-latest)	Run tests	2026-05-03T17:56:33.1467318Z     # Subtest: should add stems for longer words
Test (Node.js on windows-latest)	Run tests	2026-05-03T17:56:33.1468099Z     ok 4 - should add stems for longer words
Test (Node.js on windows-latest)	Run tests	2026-05-03T17:56:33.1468737Z       ---
Test (Node.js on windows-latest)	Run tests	2026-05-03T17:56:33.1469246Z       duration_ms: 0.1338
Test (Node.js on windows-latest)	Run tests	2026-05-03T17:56:33.1469619Z       type: 'test'
Test (Node.js on windows-latest)	Run tests	2026-05-03T17:56:33.1470096Z       ...
Test (Node.js on windows-latest)	Run tests	2026-05-03T17:56:33.1470500Z     # Subtest: should respect minWordLength option
Test (Node.js on windows-latest)	Run tests	2026-05-03T17:56:33.1471363Z     ok 5 - should respect minWordLength option
Test (Node.js on windows-latest)	Run tests	2026-05-03T17:56:33.1472051Z       ---
Test (Node.js on windows-latest)	Run tests	2026-05-03T17:56:33.1472331Z       duration_ms: 0.1424
Test (Node.js on windows-latest)	Run tests	2026-05-03T17:56:33.1472691Z       type: 'test'
Test (Node.js on windows-latest)	Run tests	2026-05-03T17:56:33.1472981Z       ...
Test (Node.js on windows-latest)	Run tests	2026-05-03T17:56:33.1473684Z     # Subtest: should disable stemming when stemLength is 0
Test (Node.js on windows-latest)	Run tests	2026-05-03T17:56:33.1474584Z     ok 6 - should disable stemming when stemLength is 0
Test (Node.js on windows-latest)	Run tests	2026-05-03T17:56:33.1475317Z       ---
Test (Node.js on windows-latest)	Run tests	2026-05-03T17:56:33.1475757Z       duration_ms: 0.1677
Test (Node.js on windows-latest)	Run tests	2026-05-03T17:56:33.1476080Z       type: 'test'
Test (Node.js on windows-latest)	Run tests	2026-05-03T17:56:33.1476357Z       ...
Test (Node.js on windows-latest)	Run tests	2026-05-03T17:56:33.1476753Z     1..6
Test (Node.js on windows-latest)	Run tests	2026-05-03T17:56:33.1477042Z ok 118 - extractKeywords
Test (Node.js on windows-latest)	Run tests	2026-05-03T17:56:33.1477359Z   ---
Test (Node.js on windows-latest)	Run tests	2026-05-03T17:56:33.1477775Z   duration_ms: 1.5097
Test (Node.js on windows-latest)	Run tests	2026-05-03T17:56:33.1478263Z   type: 'suite'
Test (Node.js on windows-latest)	Run tests	2026-05-03T17:56:33.1478544Z   ...
Test (Node.js on windows-latest)	Run tests	2026-05-03T17:56:33.1478849Z # Subtest: keywordSimilarity
Test (Node.js on windows-latest)	Run tests	2026-05-03T17:56:33.1479528Z     # Subtest: should return 1 for identical questions
Test (Node.js on windows-latest)	Run tests	2026-05-03T17:56:33.1480297Z     ok 1 - should return 1 for identical questions
Test (Node.js on windows-latest)	Run tests	2026-05-03T17:56:33.1480925Z       ---
Test (Node.js on windows-latest)	Run tests	2026-05-03T17:56:33.1481189Z       duration_ms: 0.3981
Test (Node.js on windows-latest)	Run tests	2026-05-03T17:56:33.1481705Z       type: 'test'
Test (Node.js on windows-latest)	Run tests	2026-05-03T17:56:33.1481970Z       ...
Test (Node.js on windows-latest)	Run tests	2026-05-03T17:56:33.1482451Z     # Subtest: should return positive similarity for similar questions
Test (Node.js on windows-latest)	Run tests	2026-05-03T17:56:33.1483453Z     ok 2 - should return positive similarity for similar questions
Test (Node.js on windows-latest)	Run tests	2026-05-03T17:56:33.1483962Z       ---
Test (Node.js on windows-latest)	Run tests	2026-05-03T17:56:33.1484225Z       duration_ms: 0.1374
Test (Node.js on windows-latest)	Run tests	2026-05-03T17:56:33.1485955Z       type: 'test'
Test (Node.js on windows-latest)	Run tests	2026-05-03T17:56:33.1486945Z       ...
Test (Node.js on windows-latest)	Run tests	2026-05-03T17:56:33.1487437Z     # Subtest: should return low similarity for different questions
Test (Node.js on windows-latest)	Run tests	2026-05-03T17:56:33.1488124Z     ok 3 - should return low similarity for different questions
Test (Node.js on windows-latest)	Run tests	2026-05-03T17:56:33.1488595Z       ---
Test (Node.js on windows-latest)	Run tests	2026-05-03T17:56:33.1488862Z       duration_ms: 0.1304
Test (Node.js on windows-latest)	Run tests	2026-05-03T17:56:33.1489167Z       type: 'test'
Test (Node.js on windows-latest)	Run tests	2026-05-03T17:56:33.1489419Z       ...
Test (Node.js on windows-latest)	Run tests	2026-05-03T17:56:33.1489830Z     # Subtest: should return 0 for completely different questions
Test (Node.js on windows-latest)	Run tests	2026-05-03T17:56:33.1490458Z     ok 4 - should return 0 for completely different questions
Test (Node.js on windows-latest)	Run tests	2026-05-03T17:56:33.1490904Z       ---
Test (Node.js on windows-latest)	Run tests	2026-05-03T17:56:33.1491151Z       duration_ms: 0.1378
Test (Node.js on windows-latest)	Run tests	2026-05-03T17:56:33.1491450Z       type: 'test'
Test (Node.js on windows-latest)	Run tests	2026-05-03T17:56:33.1491724Z       ...
Test (Node.js on windows-latest)	Run tests	2026-05-03T17:56:33.1491966Z     1..4
Test (Node.js on windows-latest)	Run tests	2026-05-03T17:56:33.1492259Z ok 119 - keywordSimilarity
Test (Node.js on windows-latest)	Run tests	2026-05-03T17:56:33.1492580Z   ---
Test (Node.js on windows-latest)	Run tests	2026-05-03T17:56:33.1492831Z   duration_ms: 0.956
Test (Node.js on windows-latest)	Run tests	2026-05-03T17:56:33.1493125Z   type: 'suite'
Test (Node.js on windows-latest)	Run tests	2026-05-03T17:56:33.1493396Z   ...
Test (Node.js on windows-latest)	Run tests	2026-05-03T17:56:33.1493991Z # Subtest: findBestMatch
Test (Node.js on windows-latest)	Run tests	2026-05-03T17:56:33.1494669Z     # Subtest: should return exact match with score 1.0
Test (Node.js on windows-latest)	Run tests	2026-05-03T17:56:33.1495476Z     ok 1 - should return exact match with score 1.0
Test (Node.js on windows-latest)	Run tests	2026-05-03T17:56:33.1496372Z       ---
Test (Node.js on windows-latest)	Run tests	2026-05-03T17:56:33.1496650Z       duration_ms: 0.3524
Test (Node.js on windows-latest)	Run tests	2026-05-03T17:56:33.1496977Z       type: 'test'
Test (Node.js on windows-latest)	Run tests	2026-05-03T17:56:33.1497261Z       ...
Test (Node.js on windows-latest)	Run tests	2026-05-03T17:56:33.1497708Z     # Subtest: should find similar question with low threshold
Test (Node.js on windows-latest)	Run tests	2026-05-03T17:56:33.1498383Z     ok 2 - should find similar question with low threshold
Test (Node.js on windows-latest)	Run tests	2026-05-03T17:56:33.1498871Z       ---
Test (Node.js on windows-latest)	Run tests	2026-05-03T17:56:33.1499144Z       duration_ms: 0.5205
Test (Node.js on windows-latest)	Run tests	2026-05-03T17:56:33.1499465Z       type: 'test'
Test (Node.js on windows-latest)	Run tests	2026-05-03T17:56:33.1499743Z       ...
Test (Node.js on windows-latest)	Run tests	2026-05-03T17:56:33.1500169Z     # Subtest: should return null when no match above threshold
Test (Node.js on windows-latest)	Run tests	2026-05-03T17:56:33.1500836Z     ok 3 - should return null when no match above threshold
Test (Node.js on windows-latest)	Run tests	2026-05-03T17:56:33.1501317Z       ---
Test (Node.js on windows-latest)	Run tests	2026-05-03T17:56:33.1501574Z       duration_ms: 1.3191
Test (Node.js on windows-latest)	Run tests	2026-05-03T17:56:33.1501891Z       type: 'test'
Test (Node.js on windows-latest)	Run tests	2026-05-03T17:56:33.1502159Z       ...
Test (Node.js on windows-latest)	Run tests	2026-05-03T17:56:33.1502499Z     # Subtest: should respect threshold option
Test (Node.js on windows-latest)	Run tests	2026-05-03T17:56:33.1503004Z     ok 4 - should respect threshold option
Test (Node.js on windows-latest)	Run tests	2026-05-03T17:56:33.1503404Z       ---
Test (Node.js on windows-latest)	Run tests	2026-05-03T17:56:33.1503664Z       duration_ms: 0.5827
Test (Node.js on windows-latest)	Run tests	2026-05-03T17:56:33.1503989Z       type: 'test'
Test (Node.js on windows-latest)	Run tests	2026-05-03T17:56:33.1504255Z       ...
Test (Node.js on windows-latest)	Run tests	2026-05-03T17:56:33.1504987Z     # Subtest: should handle Russian questions
Test (Node.js on windows-latest)	Run tests	2026-05-03T17:56:33.1505492Z     ok 5 - should handle Russian questions
Test (Node.js on windows-latest)	Run tests	2026-05-03T17:56:33.1505886Z       ---
Test (Node.js on windows-latest)	Run tests	2026-05-03T17:56:33.1506154Z       duration_ms: 0.2478
Test (Node.js on windows-latest)	Run tests	2026-05-03T17:56:33.1506473Z       type: 'test'
Test (Node.js on windows-latest)	Run tests	2026-05-03T17:56:33.1506756Z       ...
Test (Node.js on windows-latest)	Run tests	2026-05-03T17:56:33.1506983Z     1..5
Test (Node.js on windows-latest)	Run tests	2026-05-03T17:56:33.1507259Z ok 120 - findBestMatch
Test (Node.js on windows-latest)	Run tests	2026-05-03T17:56:33.1507559Z   ---
Test (Node.js on windows-latest)	Run tests	2026-05-03T17:56:33.1507810Z   duration_ms: 3.2901
Test (Node.js on windows-latest)	Run tests	2026-05-03T17:56:33.1508116Z   type: 'suite'
Test (Node.js on windows-latest)	Run tests	2026-05-03T17:56:33.1508377Z   ...
Test (Node.js on windows-latest)	Run tests	2026-05-03T17:56:33.1508662Z # Subtest: findAllMatches
Test (Node.js on windows-latest)	Run tests	2026-05-03T17:56:33.1509131Z     # Subtest: should return all matches above threshold
Test (Node.js on windows-latest)	Run tests	2026-05-03T17:56:33.1509726Z     ok 1 - should return all matches above threshold
Test (Node.js on windows-latest)	Run tests	2026-05-03T17:56:33.1510178Z       ---
Test (Node.js on windows-latest)	Run tests	2026-05-03T17:56:33.1510438Z       duration_ms: 0.8313
Test (Node.js on windows-latest)	Run tests	2026-05-03T17:56:33.1510751Z       type: 'test'
Test (Node.js on windows-latest)	Run tests	2026-05-03T17:56:33.1511017Z       ...
Test (Node.js on windows-latest)	Run tests	2026-05-03T17:56:33.1511383Z     # Subtest: should sort matches by score descending
Test (Node.js on windows-latest)	Run tests	2026-05-03T17:56:33.1511943Z     ok 2 - should sort matches by score descending
Test (Node.js on windows-latest)	Run tests	2026-05-03T17:56:33.1512387Z       ---
Test (Node.js on windows-latest)	Run tests	2026-05-03T17:56:33.1512648Z       duration_ms: 0.5936
Test (Node.js on windows-latest)	Run tests	2026-05-03T17:56:33.1512977Z       type: 'test'
Test (Node.js on windows-latest)	Run tests	2026-05-03T17:56:33.1513505Z       ...
Test (Node.js on windows-latest)	Run tests	2026-05-03T17:56:33.1513910Z     # Subtest: should return empty array when no matches
Test (Node.js on windows-latest)	Run tests	2026-05-03T17:56:33.1514521Z     ok 3 - should return empty array when no matches
Test (Node.js on windows-latest)	Run tests	2026-05-03T17:56:33.1514979Z       ---
Test (Node.js on windows-latest)	Run tests	2026-05-03T17:56:33.1515258Z       duration_ms: 1.9165
Test (Node.js on windows-latest)	Run tests	2026-05-03T17:56:33.1515590Z       type: 'test'
Test (Node.js on windows-latest)	Run tests	2026-05-03T17:56:33.1515868Z       ...
Test (Node.js on windows-latest)	Run tests	2026-05-03T17:56:33.1516220Z     # Subtest: should include answer in results
Test (Node.js on windows-latest)	Run tests	2026-05-03T17:56:33.1516750Z     ok 4 - should include answer in results
Test (Node.js on windows-latest)	Run tests	2026-05-03T17:56:33.1517165Z       ---
Test (Node.js on windows-latest)	Run tests	2026-05-03T17:56:33.1517429Z       duration_ms: 0.622
Test (Node.js on windows-latest)	Run tests	2026-05-03T17:56:33.1517746Z       type: 'test'
Test (Node.js on windows-latest)	Run tests	2026-05-03T17:56:33.1518020Z       ...
Test (Node.js on windows-latest)	Run tests	2026-05-03T17:56:33.1518261Z     1..4
Test (Node.js on windows-latest)	Run tests	2026-05-03T17:56:33.1518557Z ok 121 - findAllMatches
Test (Node.js on windows-latest)	Run tests	2026-05-03T17:56:33.1518863Z   ---
Test (Node.js on windows-latest)	Run tests	2026-05-03T17:56:33.1519115Z   duration_ms: 4.2208
Test (Node.js on windows-latest)	Run tests	2026-05-03T17:56:33.1519422Z   type: 'suite'
Test (Node.js on windows-latest)	Run tests	2026-05-03T17:56:33.1519690Z   ...
Test (Node.js on windows-latest)	Run tests	2026-05-03T17:56:33.1519918Z 1..121
Test (Node.js on windows-latest)	Run tests	2026-05-03T17:56:33.1520175Z # tests 146
Test (Node.js on windows-latest)	Run tests	2026-05-03T17:56:33.1520416Z # suites 7
Test (Node.js on windows-latest)	Run tests	2026-05-03T17:56:33.1520704Z # pass 146
Test (Node.js on windows-latest)	Run tests	2026-05-03T17:56:33.1520976Z # fail 0
Test (Node.js on windows-latest)	Run tests	2026-05-03T17:56:33.1521218Z # cancelled 0
Test (Node.js on windows-latest)	Run tests	2026-05-03T17:56:33.1521482Z # skipped 0
Test (Node.js on windows-latest)	Run tests	2026-05-03T17:56:33.1521729Z # todo 0
Test (Node.js on windows-latest)	Run tests	2026-05-03T17:56:33.1522011Z # duration_ms 387.2009
Test (Node.js on windows-latest)	Run example	﻿2026-05-03T17:56:33.2562410Z ##[group]Run npm run example
Test (Node.js on windows-latest)	Run example	2026-05-03T17:56:33.2562740Z [36;1mnpm run example[0m
Test (Node.js on windows-latest)	Run example	2026-05-03T17:56:33.2621540Z shell: C:\Program Files\PowerShell\7\pwsh.EXE -command ". '{0}'"
Test (Node.js on windows-latest)	Run example	2026-05-03T17:56:33.2621873Z ##[endgroup]
Test (Node.js on windows-latest)	Run example	2026-05-03T17:56:33.8851304Z 
Test (Node.js on windows-latest)	Run example	2026-05-03T17:56:33.8851741Z > lino-objects-codec@0.3.3 example
Test (Node.js on windows-latest)	Run example	2026-05-03T17:56:33.8852490Z > node examples/basic_usage.js
Test (Node.js on windows-latest)	Run example	2026-05-03T17:56:33.8852725Z 
Test (Node.js on windows-latest)	Run example	2026-05-03T17:56:33.9548113Z === Link Notation Objects Codec Examples ===
Test (Node.js on windows-latest)	Run example	2026-05-03T17:56:33.9548439Z 
Test (Node.js on windows-latest)	Run example	2026-05-03T17:56:33.9550109Z 1. Basic Types:
Test (Node.js on windows-latest)	Run example	2026-05-03T17:56:33.9581639Z   null                           -> (null)                                             -> null
Test (Node.js on windows-latest)	Run example	2026-05-03T17:56:33.9584164Z   undefined                      -> (undefined)                                        -> undefined
Test (Node.js on windows-latest)	Run example	2026-05-03T17:56:33.9586148Z   true                           -> (bool true)                                        -> true
Test (Node.js on windows-latest)	Run example	2026-05-03T17:56:33.9587572Z   false                          -> (bool false)                                       -> false
Test (Node.js on windows-latest)	Run example	2026-05-03T17:56:33.9591011Z   42                             -> (int 42)                                           -> 42
Test (Node.js on windows-latest)	Run example	2026-05-03T17:56:33.9593115Z   3.14                           -> (float 3.14)                                       -> 3.14
Test (Node.js on windows-latest)	Run example	2026-05-03T17:56:33.9595907Z   Hello, World!                  -> (str SGVsbG8sIFdvcmxkIQ==)                         -> Hello, World!
Test (Node.js on windows-latest)	Run example	2026-05-03T17:56:33.9601027Z   Unicode: 你好世界 🌍               -> (str VW5pY29kZTog5L2g5aW95LiW55WMIPCfjI0=)         -> Unicode: 你好世界 🌍
Test (Node.js on windows-latest)	Run example	2026-05-03T17:56:33.9601731Z 
Test (Node.js on windows-latest)	Run example	2026-05-03T17:56:33.9601886Z 2. Collections:
Test (Node.js on windows-latest)	Run example	2026-05-03T17:56:33.9602285Z   Array: [1,2,3,"hello",true]
Test (Node.js on windows-latest)	Run example	2026-05-03T17:56:33.9603793Z   Encoded: (array (int 1) (int 2) (int 3) (str aGVsbG8=) (bool true))
Test (Node.js on windows-latest)	Run example	2026-05-03T17:56:33.9608850Z   Decoded: [1,2,3,"hello",true]
Test (Node.js on windows-latest)	Run example	2026-05-03T17:56:33.9609381Z   Match: true
Test (Node.js on windows-latest)	Run example	2026-05-03T17:56:33.9609777Z 
Test (Node.js on windows-latest)	Run example	2026-05-03T17:56:33.9609962Z   Object: {"name":"Alice","age":30,"active":true}
Test (Node.js on windows-latest)	Run example	2026-05-03T17:56:33.9611600Z   Encoded: (object ((str bmFtZQ==) (str QWxpY2U=)) ((str YWdl) (int 30)) ((str YWN0aXZl) (bool true)))
Test (Node.js on windows-latest)	Run example	2026-05-03T17:56:33.9615231Z   Decoded: {"name":"Alice","age":30,"active":true}
Test (Node.js on windows-latest)	Run example	2026-05-03T17:56:33.9615736Z   Match: true
Test (Node.js on windows-latest)	Run example	2026-05-03T17:56:33.9616267Z 
Test (Node.js on windows-latest)	Run example	2026-05-03T17:56:33.9616423Z 3. Nested Structures:
Test (Node.js on windows-latest)	Run example	2026-05-03T17:56:33.9616959Z   Original: {"users":[{"id":1,"name":"Alice","admin":true},{"id":2,"name":"Bob","admin":false}],"metadata":{"version":1,"count":2}}
Test (Node.js on windows-latest)	Run example	2026-05-03T17:56:33.9619353Z   Encoded length: 296 characters
Test (Node.js on windows-latest)	Run example	2026-05-03T17:56:33.9628976Z   Decoded: {"users":[{"id":1,"name":"Alice","admin":true},{"id":2,"name":"Bob","admin":false}],"metadata":{"version":1,"count":2}}
Test (Node.js on windows-latest)	Run example	2026-05-03T17:56:33.9630241Z   Match: true
Test (Node.js on windows-latest)	Run example	2026-05-03T17:56:33.9630357Z 
Test (Node.js on windows-latest)	Run example	2026-05-03T17:56:33.9630462Z 4. Circular References:
Test (Node.js on windows-latest)	Run example	2026-05-03T17:56:33.9630700Z   Created self-referencing array
Test (Node.js on windows-latest)	Run example	2026-05-03T17:56:33.9631000Z   Encoded: (obj_0: array (int 1) (int 2) (int 3) obj_0)
Test (Node.js on windows-latest)	Run example	2026-05-03T17:56:33.9632138Z   Decoded correctly: true
Test (Node.js on windows-latest)	Run example	2026-05-03T17:56:33.9633317Z   Circular reference preserved: true
Test (Node.js on windows-latest)	Run example	2026-05-03T17:56:33.9633539Z 
Test (Node.js on windows-latest)	Run example	2026-05-03T17:56:33.9633653Z   Created self-referencing object
Test (Node.js on windows-latest)	Run example	2026-05-03T17:56:33.9634034Z   Encoded: (obj_0: object ((str bmFtZQ==) (str cm9vdA==)) ((str c2VsZg==) obj_0))
Test (Node.js on windows-latest)	Run example	2026-05-03T17:56:33.9635715Z   Decoded correctly: true
Test (Node.js on windows-latest)	Run example	2026-05-03T17:56:33.9635994Z   Circular reference preserved: true
Test (Node.js on windows-latest)	Run example	2026-05-03T17:56:33.9636216Z 
Test (Node.js on windows-latest)	Run example	2026-05-03T17:56:33.9636408Z 5. Shared Object References:
Test (Node.js on windows-latest)	Run example	2026-05-03T17:56:33.9637261Z   Created container with 3 references to same object
Test (Node.js on windows-latest)	Run example	2026-05-03T17:56:33.9638605Z   Encoded: (object ((str Zmlyc3Q=) (obj_0: object ((str c2hhcmVk) (str ZGF0YQ==)) ((str dmFsdWU=) (int 42)))) ((str c2Vjb25k) obj_0) ((str dGhpcmQ=) obj_0))
Test (Node.js on windows-latest)	Run example	2026-05-03T17:56:33.9640907Z   All three references point to same object: true
Test (Node.js on windows-latest)	Run example	2026-05-03T17:56:33.9641567Z   Modified through 'first', visible in 'second': true
Test (Node.js on windows-latest)	Run example	2026-05-03T17:56:33.9641935Z 
Test (Node.js on windows-latest)	Run example	2026-05-03T17:56:33.9642092Z === All examples completed successfully! ===
Test (Node.js on windows-latest)	Post Setup Node.js	﻿2026-05-03T17:56:34.0521238Z Post job cleanup.
Test (Node.js on windows-latest)	Post Run actions/checkout@v4	﻿2026-05-03T17:56:34.2920982Z Post job cleanup.
Test (Node.js on windows-latest)	Post Run actions/checkout@v4	2026-05-03T17:56:34.5341882Z [command]"C:\Program Files\Git\bin\git.exe" version
Test (Node.js on windows-latest)	Post Run actions/checkout@v4	2026-05-03T17:56:34.5629083Z git version 2.53.0.windows.2
Test (Node.js on windows-latest)	Post Run actions/checkout@v4	2026-05-03T17:56:34.5715677Z Temporarily overriding HOME='D:\a\_temp\2a7c6030-d22a-4f98-b4aa-a7516621f004' before making global git config changes
Test (Node.js on windows-latest)	Post Run actions/checkout@v4	2026-05-03T17:56:34.5716836Z Adding repository directory to the temporary git global config as a safe directory
Test (Node.js on windows-latest)	Post Run actions/checkout@v4	2026-05-03T17:56:34.5732271Z [command]"C:\Program Files\Git\bin\git.exe" config --global --add safe.directory D:\a\lino-objects-codec\lino-objects-codec
Test (Node.js on windows-latest)	Post Run actions/checkout@v4	2026-05-03T17:56:34.6092815Z [command]"C:\Program Files\Git\bin\git.exe" config --local --name-only --get-regexp core\.sshCommand
Test (Node.js on windows-latest)	Post Run actions/checkout@v4	2026-05-03T17:56:34.6442425Z [command]"C:\Program Files\Git\bin\git.exe" submodule foreach --recursive "sh -c \"git config --local --name-only --get-regexp 'core\.sshCommand' && git config --local --unset-all 'core.sshCommand' || :\""
Test (Node.js on windows-latest)	Post Run actions/checkout@v4	2026-05-03T17:56:35.1515673Z [command]"C:\Program Files\Git\bin\git.exe" config --local --name-only --get-regexp http\.https\:\/\/github\.com\/\.extraheader
Test (Node.js on windows-latest)	Post Run actions/checkout@v4	2026-05-03T17:56:35.1766761Z http.https://github.com/.extraheader
Test (Node.js on windows-latest)	Post Run actions/checkout@v4	2026-05-03T17:56:35.1812302Z [command]"C:\Program Files\Git\bin\git.exe" config --local --unset-all http.https://github.com/.extraheader
Test (Node.js on windows-latest)	Post Run actions/checkout@v4	2026-05-03T17:56:35.2106369Z [command]"C:\Program Files\Git\bin\git.exe" submodule foreach --recursive "sh -c \"git config --local --name-only --get-regexp 'http\.https\:\/\/github\.com\/\.extraheader' && git config --local --unset-all 'http.https://github.com/.extraheader' || :\""
Test (Node.js on windows-latest)	Post Run actions/checkout@v4	2026-05-03T17:56:35.7749237Z [command]"C:\Program Files\Git\bin\git.exe" config --local --name-only --get-regexp ^includeIf\.gitdir:
Test (Node.js on windows-latest)	Post Run actions/checkout@v4	2026-05-03T17:56:35.8072707Z [command]"C:\Program Files\Git\bin\git.exe" submodule foreach --recursive "git config --local --show-origin --name-only --get-regexp remote.origin.url"
Test (Node.js on windows-latest)	Complete job	﻿2026-05-03T17:56:36.3718734Z Cleaning up orphan processes
Test (Node.js on windows-latest)	Complete job	2026-05-03T17:56:36.3809938Z ##[warning]Node.js 20 actions are deprecated. The following actions are running on Node.js 20 and may not work as expected: actions/checkout@v4, actions/setup-node@v4. Actions will be forced to run with Node.js 24 by default starting June 2nd, 2026. Node.js 20 will be removed from the runner on September 16th, 2026. Please check if updated versions of these actions are available that support Node.js 24. To opt into Node.js 24 now, set the FORCE_JAVASCRIPT_ACTIONS_TO_NODE24=true environment variable on the runner or in your workflow file. Once Node.js 24 becomes the default, you can temporarily opt out by setting ACTIONS_ALLOW_USE_UNSECURE_NODE_VERSION=true. For more information see: https://github.blog/changelog/2025-09-19-deprecation-of-node-20-on-github-actions-runners/
Test (Node.js on ubuntu-latest)	Set up job	﻿2026-05-03T17:56:06.9700784Z Current runner version: '2.334.0'
Test (Node.js on ubuntu-latest)	Set up job	2026-05-03T17:56:06.9726151Z ##[group]Runner Image Provisioner
Test (Node.js on ubuntu-latest)	Set up job	2026-05-03T17:56:06.9726969Z Hosted Compute Agent
Test (Node.js on ubuntu-latest)	Set up job	2026-05-03T17:56:06.9727723Z Version: 20260213.493
Test (Node.js on ubuntu-latest)	Set up job	2026-05-03T17:56:06.9728528Z Commit: 5c115507f6dd24b8de37d8bbe0bb4509d0cc0fa3
Test (Node.js on ubuntu-latest)	Set up job	2026-05-03T17:56:06.9729227Z Build Date: 2026-02-13T00:28:41Z
Test (Node.js on ubuntu-latest)	Set up job	2026-05-03T17:56:06.9730126Z Worker ID: {1e58ccc4-c72f-41d3-95ca-61323d639246}
Test (Node.js on ubuntu-latest)	Set up job	2026-05-03T17:56:06.9730915Z Azure Region: northcentralus
Test (Node.js on ubuntu-latest)	Set up job	2026-05-03T17:56:06.9731490Z ##[endgroup]
Test (Node.js on ubuntu-latest)	Set up job	2026-05-03T17:56:06.9732916Z ##[group]Operating System
Test (Node.js on ubuntu-latest)	Set up job	2026-05-03T17:56:06.9733587Z Ubuntu
Test (Node.js on ubuntu-latest)	Set up job	2026-05-03T17:56:06.9734095Z 24.04.4
Test (Node.js on ubuntu-latest)	Set up job	2026-05-03T17:56:06.9734509Z LTS
Test (Node.js on ubuntu-latest)	Set up job	2026-05-03T17:56:06.9735008Z ##[endgroup]
Test (Node.js on ubuntu-latest)	Set up job	2026-05-03T17:56:06.9735497Z ##[group]Runner Image
Test (Node.js on ubuntu-latest)	Set up job	2026-05-03T17:56:06.9736023Z Image: ubuntu-24.04
Test (Node.js on ubuntu-latest)	Set up job	2026-05-03T17:56:06.9736566Z Version: 20260413.86.1
Test (Node.js on ubuntu-latest)	Set up job	2026-05-03T17:56:06.9737696Z Included Software: https://github.com/actions/runner-images/blob/ubuntu24/20260413.86/images/ubuntu/Ubuntu2404-Readme.md
Test (Node.js on ubuntu-latest)	Set up job	2026-05-03T17:56:06.9739357Z Image Release: https://github.com/actions/runner-images/releases/tag/ubuntu24%2F20260413.86
Test (Node.js on ubuntu-latest)	Set up job	2026-05-03T17:56:06.9740238Z ##[endgroup]
Test (Node.js on ubuntu-latest)	Set up job	2026-05-03T17:56:06.9743068Z ##[group]GITHUB_TOKEN Permissions
Test (Node.js on ubuntu-latest)	Set up job	2026-05-03T17:56:06.9745195Z Actions: write
Test (Node.js on ubuntu-latest)	Set up job	2026-05-03T17:56:06.9745748Z ArtifactMetadata: write
Test (Node.js on ubuntu-latest)	Set up job	2026-05-03T17:56:06.9746361Z Attestations: write
Test (Node.js on ubuntu-latest)	Set up job	2026-05-03T17:56:06.9746877Z Checks: write
Test (Node.js on ubuntu-latest)	Set up job	2026-05-03T17:56:06.9747360Z Contents: write
Test (Node.js on ubuntu-latest)	Set up job	2026-05-03T17:56:06.9748166Z Deployments: write
Test (Node.js on ubuntu-latest)	Set up job	2026-05-03T17:56:06.9748663Z Discussions: write
Test (Node.js on ubuntu-latest)	Set up job	2026-05-03T17:56:06.9749190Z Issues: write
Test (Node.js on ubuntu-latest)	Set up job	2026-05-03T17:56:06.9749710Z Metadata: read
Test (Node.js on ubuntu-latest)	Set up job	2026-05-03T17:56:06.9750219Z Models: read
Test (Node.js on ubuntu-latest)	Set up job	2026-05-03T17:56:06.9750728Z Packages: write
Test (Node.js on ubuntu-latest)	Set up job	2026-05-03T17:56:06.9751206Z Pages: write
Test (Node.js on ubuntu-latest)	Set up job	2026-05-03T17:56:06.9751810Z PullRequests: write
Test (Node.js on ubuntu-latest)	Set up job	2026-05-03T17:56:06.9752348Z RepositoryProjects: write
Test (Node.js on ubuntu-latest)	Set up job	2026-05-03T17:56:06.9752950Z SecurityEvents: write
Test (Node.js on ubuntu-latest)	Set up job	2026-05-03T17:56:06.9753456Z Statuses: write
Test (Node.js on ubuntu-latest)	Set up job	2026-05-03T17:56:06.9753999Z VulnerabilityAlerts: read
Test (Node.js on ubuntu-latest)	Set up job	2026-05-03T17:56:06.9754630Z ##[endgroup]
Test (Node.js on ubuntu-latest)	Set up job	2026-05-03T17:56:06.9756744Z Secret source: Actions
Test (Node.js on ubuntu-latest)	Set up job	2026-05-03T17:56:06.9758301Z Prepare workflow directory
Test (Node.js on ubuntu-latest)	Set up job	2026-05-03T17:56:07.0093722Z Prepare all required actions
Test (Node.js on ubuntu-latest)	Set up job	2026-05-03T17:56:07.0133748Z Getting action download info
Test (Node.js on ubuntu-latest)	Set up job	2026-05-03T17:56:07.3618212Z Download action repository 'actions/checkout@v4' (SHA:34e114876b0b11c390a56381ad16ebd13914f8d5)
Test (Node.js on ubuntu-latest)	Set up job	2026-05-03T17:56:07.4991836Z Download action repository 'actions/setup-node@v4' (SHA:49933ea5288caeca8642d1e84afbd3f7d6820020)
Test (Node.js on ubuntu-latest)	Set up job	2026-05-03T17:56:07.6869161Z Complete job name: Test (Node.js on ubuntu-latest)
Test (Node.js on ubuntu-latest)	Run actions/checkout@v4	﻿2026-05-03T17:56:07.7594850Z ##[group]Run actions/checkout@v4
Test (Node.js on ubuntu-latest)	Run actions/checkout@v4	2026-05-03T17:56:07.7595684Z with:
Test (Node.js on ubuntu-latest)	Run actions/checkout@v4	2026-05-03T17:56:07.7596142Z   repository: link-foundation/lino-objects-codec
Test (Node.js on ubuntu-latest)	Run actions/checkout@v4	2026-05-03T17:56:07.7596862Z   token: ***
Test (Node.js on ubuntu-latest)	Run actions/checkout@v4	2026-05-03T17:56:07.7597241Z   ssh-strict: true
Test (Node.js on ubuntu-latest)	Run actions/checkout@v4	2026-05-03T17:56:07.7597857Z   ssh-user: git
Test (Node.js on ubuntu-latest)	Run actions/checkout@v4	2026-05-03T17:56:07.7598254Z   persist-credentials: true
Test (Node.js on ubuntu-latest)	Run actions/checkout@v4	2026-05-03T17:56:07.7598696Z   clean: true
Test (Node.js on ubuntu-latest)	Run actions/checkout@v4	2026-05-03T17:56:07.7599118Z   sparse-checkout-cone-mode: true
Test (Node.js on ubuntu-latest)	Run actions/checkout@v4	2026-05-03T17:56:07.7599594Z   fetch-depth: 1
Test (Node.js on ubuntu-latest)	Run actions/checkout@v4	2026-05-03T17:56:07.7599978Z   fetch-tags: false
Test (Node.js on ubuntu-latest)	Run actions/checkout@v4	2026-05-03T17:56:07.7600368Z   show-progress: true
Test (Node.js on ubuntu-latest)	Run actions/checkout@v4	2026-05-03T17:56:07.7600788Z   lfs: false
Test (Node.js on ubuntu-latest)	Run actions/checkout@v4	2026-05-03T17:56:07.7601146Z   submodules: false
Test (Node.js on ubuntu-latest)	Run actions/checkout@v4	2026-05-03T17:56:07.7601583Z   set-safe-directory: true
Test (Node.js on ubuntu-latest)	Run actions/checkout@v4	2026-05-03T17:56:07.7602260Z ##[endgroup]
Test (Node.js on ubuntu-latest)	Run actions/checkout@v4	2026-05-03T17:56:07.8759532Z Syncing repository: link-foundation/lino-objects-codec
Test (Node.js on ubuntu-latest)	Run actions/checkout@v4	2026-05-03T17:56:07.8761289Z ##[group]Getting Git version info
Test (Node.js on ubuntu-latest)	Run actions/checkout@v4	2026-05-03T17:56:07.8762065Z Working directory is '/home/runner/work/lino-objects-codec/lino-objects-codec'
Test (Node.js on ubuntu-latest)	Run actions/checkout@v4	2026-05-03T17:56:07.8763161Z [command]/usr/bin/git version
Test (Node.js on ubuntu-latest)	Run actions/checkout@v4	2026-05-03T17:56:07.8815594Z git version 2.53.0
Test (Node.js on ubuntu-latest)	Run actions/checkout@v4	2026-05-03T17:56:07.8842312Z ##[endgroup]
Test (Node.js on ubuntu-latest)	Run actions/checkout@v4	2026-05-03T17:56:07.8859475Z Temporarily overriding HOME='/home/runner/work/_temp/0d2095f0-872c-4889-acfb-736f6382dc19' before making global git config changes
Test (Node.js on ubuntu-latest)	Run actions/checkout@v4	2026-05-03T17:56:07.8861837Z Adding repository directory to the temporary git global config as a safe directory
Test (Node.js on ubuntu-latest)	Run actions/checkout@v4	2026-05-03T17:56:07.8865738Z [command]/usr/bin/git config --global --add safe.directory /home/runner/work/lino-objects-codec/lino-objects-codec
Test (Node.js on ubuntu-latest)	Run actions/checkout@v4	2026-05-03T17:56:07.8899528Z Deleting the contents of '/home/runner/work/lino-objects-codec/lino-objects-codec'
Test (Node.js on ubuntu-latest)	Run actions/checkout@v4	2026-05-03T17:56:07.8903285Z ##[group]Initializing the repository
Test (Node.js on ubuntu-latest)	Run actions/checkout@v4	2026-05-03T17:56:07.8908872Z [command]/usr/bin/git init /home/runner/work/lino-objects-codec/lino-objects-codec
Test (Node.js on ubuntu-latest)	Run actions/checkout@v4	2026-05-03T17:56:07.9006770Z hint: Using 'master' as the name for the initial branch. This default branch name
Test (Node.js on ubuntu-latest)	Run actions/checkout@v4	2026-05-03T17:56:07.9008728Z hint: will change to "main" in Git 3.0. To configure the initial branch name
Test (Node.js on ubuntu-latest)	Run actions/checkout@v4	2026-05-03T17:56:07.9010423Z hint: to use in all of your new repositories, which will suppress this warning,
Test (Node.js on ubuntu-latest)	Run actions/checkout@v4	2026-05-03T17:56:07.9011710Z hint: call:
Test (Node.js on ubuntu-latest)	Run actions/checkout@v4	2026-05-03T17:56:07.9012367Z hint:
Test (Node.js on ubuntu-latest)	Run actions/checkout@v4	2026-05-03T17:56:07.9013168Z hint: 	git config --global init.defaultBranch <name>
Test (Node.js on ubuntu-latest)	Run actions/checkout@v4	2026-05-03T17:56:07.9014204Z hint:
Test (Node.js on ubuntu-latest)	Run actions/checkout@v4	2026-05-03T17:56:07.9015191Z hint: Names commonly chosen instead of 'master' are 'main', 'trunk' and
Test (Node.js on ubuntu-latest)	Run actions/checkout@v4	2026-05-03T17:56:07.9016768Z hint: 'development'. The just-created branch can be renamed via this command:
Test (Node.js on ubuntu-latest)	Run actions/checkout@v4	2026-05-03T17:56:07.9018284Z hint:
Test (Node.js on ubuntu-latest)	Run actions/checkout@v4	2026-05-03T17:56:07.9018976Z hint: 	git branch -m <name>
Test (Node.js on ubuntu-latest)	Run actions/checkout@v4	2026-05-03T17:56:07.9019763Z hint:
Test (Node.js on ubuntu-latest)	Run actions/checkout@v4	2026-05-03T17:56:07.9020798Z hint: Disable this message with "git config set advice.defaultBranchName false"
Test (Node.js on ubuntu-latest)	Run actions/checkout@v4	2026-05-03T17:56:07.9022756Z Initialized empty Git repository in /home/runner/work/lino-objects-codec/lino-objects-codec/.git/
Test (Node.js on ubuntu-latest)	Run actions/checkout@v4	2026-05-03T17:56:07.9025683Z [command]/usr/bin/git remote add origin https://github.com/link-foundation/lino-objects-codec
Test (Node.js on ubuntu-latest)	Run actions/checkout@v4	2026-05-03T17:56:07.9053570Z ##[endgroup]
Test (Node.js on ubuntu-latest)	Run actions/checkout@v4	2026-05-03T17:56:07.9054750Z ##[group]Disabling automatic garbage collection
Test (Node.js on ubuntu-latest)	Run actions/checkout@v4	2026-05-03T17:56:07.9058783Z [command]/usr/bin/git config --local gc.auto 0
Test (Node.js on ubuntu-latest)	Run actions/checkout@v4	2026-05-03T17:56:07.9086855Z ##[endgroup]
Test (Node.js on ubuntu-latest)	Run actions/checkout@v4	2026-05-03T17:56:07.9088359Z ##[group]Setting up auth
Test (Node.js on ubuntu-latest)	Run actions/checkout@v4	2026-05-03T17:56:07.9094741Z [command]/usr/bin/git config --local --name-only --get-regexp core\.sshCommand
Test (Node.js on ubuntu-latest)	Run actions/checkout@v4	2026-05-03T17:56:07.9124983Z [command]/usr/bin/git submodule foreach --recursive sh -c "git config --local --name-only --get-regexp 'core\.sshCommand' && git config --local --unset-all 'core.sshCommand' || :"
Test (Node.js on ubuntu-latest)	Run actions/checkout@v4	2026-05-03T17:56:07.9419976Z [command]/usr/bin/git config --local --name-only --get-regexp http\.https\:\/\/github\.com\/\.extraheader
Test (Node.js on ubuntu-latest)	Run actions/checkout@v4	2026-05-03T17:56:07.9458208Z [command]/usr/bin/git submodule foreach --recursive sh -c "git config --local --name-only --get-regexp 'http\.https\:\/\/github\.com\/\.extraheader' && git config --local --unset-all 'http.https://github.com/.extraheader' || :"
Test (Node.js on ubuntu-latest)	Run actions/checkout@v4	2026-05-03T17:56:07.9682552Z [command]/usr/bin/git config --local --name-only --get-regexp ^includeIf\.gitdir:
Test (Node.js on ubuntu-latest)	Run actions/checkout@v4	2026-05-03T17:56:07.9718941Z [command]/usr/bin/git submodule foreach --recursive git config --local --show-origin --name-only --get-regexp remote.origin.url
Test (Node.js on ubuntu-latest)	Run actions/checkout@v4	2026-05-03T17:56:07.9956161Z [command]/usr/bin/git config --local http.https://github.com/.extraheader AUTHORIZATION: basic ***
Test (Node.js on ubuntu-latest)	Run actions/checkout@v4	2026-05-03T17:56:07.9992884Z ##[endgroup]
Test (Node.js on ubuntu-latest)	Run actions/checkout@v4	2026-05-03T17:56:07.9994110Z ##[group]Fetching the repository
Test (Node.js on ubuntu-latest)	Run actions/checkout@v4	2026-05-03T17:56:08.0003155Z [command]/usr/bin/git -c protocol.version=2 fetch --no-tags --prune --no-recurse-submodules --depth=1 origin +ddbf2556b5b0e91a05c053f321b85ce9eb02355a:refs/remotes/origin/main
Test (Node.js on ubuntu-latest)	Run actions/checkout@v4	2026-05-03T17:56:08.3709442Z From https://github.com/link-foundation/lino-objects-codec
Test (Node.js on ubuntu-latest)	Run actions/checkout@v4	2026-05-03T17:56:08.3714734Z  * [new ref]         ddbf2556b5b0e91a05c053f321b85ce9eb02355a -> origin/main
Test (Node.js on ubuntu-latest)	Run actions/checkout@v4	2026-05-03T17:56:08.3742965Z ##[endgroup]
Test (Node.js on ubuntu-latest)	Run actions/checkout@v4	2026-05-03T17:56:08.3744206Z ##[group]Determining the checkout info
Test (Node.js on ubuntu-latest)	Run actions/checkout@v4	2026-05-03T17:56:08.3750666Z ##[endgroup]
Test (Node.js on ubuntu-latest)	Run actions/checkout@v4	2026-05-03T17:56:08.3751568Z [command]/usr/bin/git sparse-checkout disable
Test (Node.js on ubuntu-latest)	Run actions/checkout@v4	2026-05-03T17:56:08.3791562Z [command]/usr/bin/git config --local --unset-all extensions.worktreeConfig
Test (Node.js on ubuntu-latest)	Run actions/checkout@v4	2026-05-03T17:56:08.3820625Z ##[group]Checking out the ref
Test (Node.js on ubuntu-latest)	Run actions/checkout@v4	2026-05-03T17:56:08.3825497Z [command]/usr/bin/git checkout --progress --force -B main refs/remotes/origin/main
Test (Node.js on ubuntu-latest)	Run actions/checkout@v4	2026-05-03T17:56:08.3999503Z Switched to a new branch 'main'
Test (Node.js on ubuntu-latest)	Run actions/checkout@v4	2026-05-03T17:56:08.4001381Z branch 'main' set up to track 'origin/main'.
Test (Node.js on ubuntu-latest)	Run actions/checkout@v4	2026-05-03T17:56:08.4009903Z ##[endgroup]
Test (Node.js on ubuntu-latest)	Run actions/checkout@v4	2026-05-03T17:56:08.4045948Z [command]/usr/bin/git log -1 --format=%H
Test (Node.js on ubuntu-latest)	Run actions/checkout@v4	2026-05-03T17:56:08.4068816Z ddbf2556b5b0e91a05c053f321b85ce9eb02355a
Test (Node.js on ubuntu-latest)	Setup Node.js	﻿2026-05-03T17:56:08.4394131Z ##[group]Run actions/setup-node@v4
Test (Node.js on ubuntu-latest)	Setup Node.js	2026-05-03T17:56:08.4395256Z with:
Test (Node.js on ubuntu-latest)	Setup Node.js	2026-05-03T17:56:08.4395987Z   node-version: 22
Test (Node.js on ubuntu-latest)	Setup Node.js	2026-05-03T17:56:08.4396800Z   always-auth: false
Test (Node.js on ubuntu-latest)	Setup Node.js	2026-05-03T17:56:08.4397833Z   check-latest: false
Test (Node.js on ubuntu-latest)	Setup Node.js	2026-05-03T17:56:08.4399031Z   token: ***
Test (Node.js on ubuntu-latest)	Setup Node.js	2026-05-03T17:56:08.4399766Z ##[endgroup]
Test (Node.js on ubuntu-latest)	Setup Node.js	2026-05-03T17:56:08.6216804Z Found in cache @ /opt/hostedtoolcache/node/22.22.2/x64
Test (Node.js on ubuntu-latest)	Setup Node.js	2026-05-03T17:56:08.6223056Z ##[group]Environment details
Test (Node.js on ubuntu-latest)	Setup Node.js	2026-05-03T17:56:08.9185626Z node: v22.22.2
Test (Node.js on ubuntu-latest)	Setup Node.js	2026-05-03T17:56:08.9186317Z npm: 10.9.7
Test (Node.js on ubuntu-latest)	Setup Node.js	2026-05-03T17:56:08.9186774Z yarn: 1.22.22
Test (Node.js on ubuntu-latest)	Setup Node.js	2026-05-03T17:56:08.9187946Z ##[endgroup]
Test (Node.js on ubuntu-latest)	Install dependencies	﻿2026-05-03T17:56:08.9303229Z ##[group]Run npm install
Test (Node.js on ubuntu-latest)	Install dependencies	2026-05-03T17:56:08.9303816Z [36;1mnpm install[0m
Test (Node.js on ubuntu-latest)	Install dependencies	2026-05-03T17:56:08.9342042Z shell: /usr/bin/bash -e {0}
Test (Node.js on ubuntu-latest)	Install dependencies	2026-05-03T17:56:08.9342584Z ##[endgroup]
Test (Node.js on ubuntu-latest)	Install dependencies	2026-05-03T17:56:12.8469506Z 
Test (Node.js on ubuntu-latest)	Install dependencies	2026-05-03T17:56:12.8479089Z > lino-objects-codec@0.3.3 prepare
Test (Node.js on ubuntu-latest)	Install dependencies	2026-05-03T17:56:12.8480623Z > husky || true
Test (Node.js on ubuntu-latest)	Install dependencies	2026-05-03T17:56:12.8480854Z 
Test (Node.js on ubuntu-latest)	Install dependencies	2026-05-03T17:56:12.8934835Z .git can't be found
Test (Node.js on ubuntu-latest)	Install dependencies	2026-05-03T17:56:12.8935642Z added 321 packages, and audited 322 packages in 4s
Test (Node.js on ubuntu-latest)	Install dependencies	2026-05-03T17:56:12.8936050Z 
Test (Node.js on ubuntu-latest)	Install dependencies	2026-05-03T17:56:12.8936324Z 74 packages are looking for funding
Test (Node.js on ubuntu-latest)	Install dependencies	2026-05-03T17:56:12.8936789Z   run `npm fund` for details
Test (Node.js on ubuntu-latest)	Install dependencies	2026-05-03T17:56:12.9008488Z 
Test (Node.js on ubuntu-latest)	Install dependencies	2026-05-03T17:56:12.9021139Z 6 vulnerabilities (3 moderate, 3 high)
Test (Node.js on ubuntu-latest)	Install dependencies	2026-05-03T17:56:12.9021925Z 
Test (Node.js on ubuntu-latest)	Install dependencies	2026-05-03T17:56:12.9022419Z To address all issues, run:
Test (Node.js on ubuntu-latest)	Install dependencies	2026-05-03T17:56:12.9023051Z   npm audit fix
Test (Node.js on ubuntu-latest)	Install dependencies	2026-05-03T17:56:12.9023479Z 
Test (Node.js on ubuntu-latest)	Install dependencies	2026-05-03T17:56:12.9023965Z Run `npm audit` for details.
Test (Node.js on ubuntu-latest)	Run tests	﻿2026-05-03T17:56:12.9626566Z ##[group]Run npm test
Test (Node.js on ubuntu-latest)	Run tests	2026-05-03T17:56:12.9627026Z [36;1mnpm test[0m
Test (Node.js on ubuntu-latest)	Run tests	2026-05-03T17:56:12.9652077Z shell: /usr/bin/bash -e {0}
Test (Node.js on ubuntu-latest)	Run tests	2026-05-03T17:56:12.9652340Z ##[endgroup]
Test (Node.js on ubuntu-latest)	Run tests	2026-05-03T17:56:13.0706424Z 
Test (Node.js on ubuntu-latest)	Run tests	2026-05-03T17:56:13.0707809Z > lino-objects-codec@0.3.3 test
Test (Node.js on ubuntu-latest)	Run tests	2026-05-03T17:56:13.0708460Z > node --test tests/*.test.js
Test (Node.js on ubuntu-latest)	Run tests	2026-05-03T17:56:13.0708758Z 
Test (Node.js on ubuntu-latest)	Run tests	2026-05-03T17:56:13.1242126Z TAP version 13
Test (Node.js on ubuntu-latest)	Run tests	2026-05-03T17:56:13.2108763Z # Subtest: encode null
Test (Node.js on ubuntu-latest)	Run tests	2026-05-03T17:56:13.2109842Z ok 1 - encode null
Test (Node.js on ubuntu-latest)	Run tests	2026-05-03T17:56:13.2138418Z   ---
Test (Node.js on ubuntu-latest)	Run tests	2026-05-03T17:56:13.2168190Z   duration_ms: 2.501169
Test (Node.js on ubuntu-latest)	Run tests	2026-05-03T17:56:13.2168938Z   type: 'test'
Test (Node.js on ubuntu-latest)	Run tests	2026-05-03T17:56:13.2196379Z   ...
Test (Node.js on ubuntu-latest)	Run tests	2026-05-03T17:56:13.2228207Z # Subtest: decode null
Test (Node.js on ubuntu-latest)	Run tests	2026-05-03T17:56:13.2248269Z ok 2 - decode null
Test (Node.js on ubuntu-latest)	Run tests	2026-05-03T17:56:13.2261699Z   ---
Test (Node.js on ubuntu-latest)	Run tests	2026-05-03T17:56:13.2298072Z   duration_ms: 3.195049
Test (Node.js on ubuntu-latest)	Run tests	2026-05-03T17:56:13.2298857Z   type: 'test'
Test (Node.js on ubuntu-latest)	Run tests	2026-05-03T17:56:13.2320657Z   ...
Test (Node.js on ubuntu-latest)	Run tests	2026-05-03T17:56:13.2321354Z # Subtest: roundtrip null
Test (Node.js on ubuntu-latest)	Run tests	2026-05-03T17:56:13.2322113Z ok 3 - roundtrip null
Test (Node.js on ubuntu-latest)	Run tests	2026-05-03T17:56:13.2322802Z   ---
Test (Node.js on ubuntu-latest)	Run tests	2026-05-03T17:56:13.2323433Z   duration_ms: 0.492984
Test (Node.js on ubuntu-latest)	Run tests	2026-05-03T17:56:13.2324077Z   type: 'test'
Test (Node.js on ubuntu-latest)	Run tests	2026-05-03T17:56:13.2324586Z   ...
Test (Node.js on ubuntu-latest)	Run tests	2026-05-03T17:56:13.2325111Z # Subtest: encode undefined
Test (Node.js on ubuntu-latest)	Run tests	2026-05-03T17:56:13.2325720Z ok 4 - encode undefined
Test (Node.js on ubuntu-latest)	Run tests	2026-05-03T17:56:13.2326257Z   ---
Test (Node.js on ubuntu-latest)	Run tests	2026-05-03T17:56:13.2326733Z   duration_ms: 0.302286
Test (Node.js on ubuntu-latest)	Run tests	2026-05-03T17:56:13.2327248Z   type: 'test'
Test (Node.js on ubuntu-latest)	Run tests	2026-05-03T17:56:13.2329024Z   ...
Test (Node.js on ubuntu-latest)	Run tests	2026-05-03T17:56:13.2329566Z # Subtest: decode undefined
Test (Node.js on ubuntu-latest)	Run tests	2026-05-03T17:56:13.2330239Z ok 5 - decode undefined
Test (Node.js on ubuntu-latest)	Run tests	2026-05-03T17:56:13.2330768Z   ---
Test (Node.js on ubuntu-latest)	Run tests	2026-05-03T17:56:13.2331260Z   duration_ms: 0.425548
Test (Node.js on ubuntu-latest)	Run tests	2026-05-03T17:56:13.2331783Z   type: 'test'
Test (Node.js on ubuntu-latest)	Run tests	2026-05-03T17:56:13.2332372Z   ...
Test (Node.js on ubuntu-latest)	Run tests	2026-05-03T17:56:13.2332967Z # Subtest: roundtrip undefined
Test (Node.js on ubuntu-latest)	Run tests	2026-05-03T17:56:13.2333674Z ok 6 - roundtrip undefined
Test (Node.js on ubuntu-latest)	Run tests	2026-05-03T17:56:13.2334218Z   ---
Test (Node.js on ubuntu-latest)	Run tests	2026-05-03T17:56:13.2334727Z   duration_ms: 0.287519
Test (Node.js on ubuntu-latest)	Run tests	2026-05-03T17:56:13.2335290Z   type: 'test'
Test (Node.js on ubuntu-latest)	Run tests	2026-05-03T17:56:13.2335766Z   ...
Test (Node.js on ubuntu-latest)	Run tests	2026-05-03T17:56:13.2336288Z # Subtest: encode true
Test (Node.js on ubuntu-latest)	Run tests	2026-05-03T17:56:13.2336912Z ok 7 - encode true
Test (Node.js on ubuntu-latest)	Run tests	2026-05-03T17:56:13.2342725Z   ---
Test (Node.js on ubuntu-latest)	Run tests	2026-05-03T17:56:13.2343531Z   duration_ms: 1.890454
Test (Node.js on ubuntu-latest)	Run tests	2026-05-03T17:56:13.2344411Z   type: 'test'
Test (Node.js on ubuntu-latest)	Run tests	2026-05-03T17:56:13.2345055Z   ...
Test (Node.js on ubuntu-latest)	Run tests	2026-05-03T17:56:13.2345703Z # Subtest: encode false
Test (Node.js on ubuntu-latest)	Run tests	2026-05-03T17:56:13.2346405Z ok 8 - encode false
Test (Node.js on ubuntu-latest)	Run tests	2026-05-03T17:56:13.2347003Z   ---
Test (Node.js on ubuntu-latest)	Run tests	2026-05-03T17:56:13.2348010Z   duration_ms: 0.20854
Test (Node.js on ubuntu-latest)	Run tests	2026-05-03T17:56:13.2348761Z   type: 'test'
Test (Node.js on ubuntu-latest)	Run tests	2026-05-03T17:56:13.2349398Z   ...
Test (Node.js on ubuntu-latest)	Run tests	2026-05-03T17:56:13.2350423Z # Subtest: decode true
Test (Node.js on ubuntu-latest)	Run tests	2026-05-03T17:56:13.2351171Z ok 9 - decode true
Test (Node.js on ubuntu-latest)	Run tests	2026-05-03T17:56:13.2351808Z   ---
Test (Node.js on ubuntu-latest)	Run tests	2026-05-03T17:56:13.2352428Z   duration_ms: 0.749945
Test (Node.js on ubuntu-latest)	Run tests	2026-05-03T17:56:13.2353102Z   type: 'test'
Test (Node.js on ubuntu-latest)	Run tests	2026-05-03T17:56:13.2353742Z   ...
Test (Node.js on ubuntu-latest)	Run tests	2026-05-03T17:56:13.2354416Z # Subtest: decode false
Test (Node.js on ubuntu-latest)	Run tests	2026-05-03T17:56:13.2355118Z ok 10 - decode false
Test (Node.js on ubuntu-latest)	Run tests	2026-05-03T17:56:13.2355764Z   ---
Test (Node.js on ubuntu-latest)	Run tests	2026-05-03T17:56:13.2356397Z   duration_ms: 0.710352
Test (Node.js on ubuntu-latest)	Run tests	2026-05-03T17:56:13.2357002Z   type: 'test'
Test (Node.js on ubuntu-latest)	Run tests	2026-05-03T17:56:13.2358071Z   ...
Test (Node.js on ubuntu-latest)	Run tests	2026-05-03T17:56:13.2358681Z # Subtest: roundtrip bool
Test (Node.js on ubuntu-latest)	Run tests	2026-05-03T17:56:13.2359361Z ok 11 - roundtrip bool
Test (Node.js on ubuntu-latest)	Run tests	2026-05-03T17:56:13.2359990Z   ---
Test (Node.js on ubuntu-latest)	Run tests	2026-05-03T17:56:13.2360757Z   duration_ms: 0.491692
Test (Node.js on ubuntu-latest)	Run tests	2026-05-03T17:56:13.2362540Z   type: 'test'
Test (Node.js on ubuntu-latest)	Run tests	2026-05-03T17:56:13.2363240Z   ...
Test (Node.js on ubuntu-latest)	Run tests	2026-05-03T17:56:13.2363754Z # Subtest: encode zero
Test (Node.js on ubuntu-latest)	Run tests	2026-05-03T17:56:13.2364279Z ok 12 - encode zero
Test (Node.js on ubuntu-latest)	Run tests	2026-05-03T17:56:13.2364767Z   ---
Test (Node.js on ubuntu-latest)	Run tests	2026-05-03T17:56:13.2365241Z   duration_ms: 0.178975
Test (Node.js on ubuntu-latest)	Run tests	2026-05-03T17:56:13.2365753Z   type: 'test'
Test (Node.js on ubuntu-latest)	Run tests	2026-05-03T17:56:13.2366179Z   ...
Test (Node.js on ubuntu-latest)	Run tests	2026-05-03T17:56:13.2366723Z # Subtest: encode positive int
Test (Node.js on ubuntu-latest)	Run tests	2026-05-03T17:56:13.2367323Z ok 13 - encode positive int
Test (Node.js on ubuntu-latest)	Run tests	2026-05-03T17:56:13.2368277Z   ---
Test (Node.js on ubuntu-latest)	Run tests	2026-05-03T17:56:13.2368755Z   duration_ms: 0.162284
Test (Node.js on ubuntu-latest)	Run tests	2026-05-03T17:56:13.2369441Z   type: 'test'
Test (Node.js on ubuntu-latest)	Run tests	2026-05-03T17:56:13.2369982Z   ...
Test (Node.js on ubuntu-latest)	Run tests	2026-05-03T17:56:13.2370541Z # Subtest: encode negative int
Test (Node.js on ubuntu-latest)	Run tests	2026-05-03T17:56:13.2371147Z ok 14 - encode negative int
Test (Node.js on ubuntu-latest)	Run tests	2026-05-03T17:56:13.2371679Z   ---
Test (Node.js on ubuntu-latest)	Run tests	2026-05-03T17:56:13.2372543Z   duration_ms: 0.179666
Test (Node.js on ubuntu-latest)	Run tests	2026-05-03T17:56:13.2373060Z   type: 'test'
Test (Node.js on ubuntu-latest)	Run tests	2026-05-03T17:56:13.2373538Z   ...
Test (Node.js on ubuntu-latest)	Run tests	2026-05-03T17:56:13.2374021Z # Subtest: decode int
Test (Node.js on ubuntu-latest)	Run tests	2026-05-03T17:56:13.2374545Z ok 15 - decode int
Test (Node.js on ubuntu-latest)	Run tests	2026-05-03T17:56:13.2375025Z   ---
Test (Node.js on ubuntu-latest)	Run tests	2026-05-03T17:56:13.2375477Z   duration_ms: 0.893905
Test (Node.js on ubuntu-latest)	Run tests	2026-05-03T17:56:13.2375990Z   type: 'test'
Test (Node.js on ubuntu-latest)	Run tests	2026-05-03T17:56:13.2376456Z   ...
Test (Node.js on ubuntu-latest)	Run tests	2026-05-03T17:56:13.2376946Z # Subtest: roundtrip int
Test (Node.js on ubuntu-latest)	Run tests	2026-05-03T17:56:13.2379244Z ok 16 - roundtrip int
Test (Node.js on ubuntu-latest)	Run tests	2026-05-03T17:56:13.2379938Z   ---
Test (Node.js on ubuntu-latest)	Run tests	2026-05-03T17:56:13.2380433Z   duration_ms: 0.72524
Test (Node.js on ubuntu-latest)	Run tests	2026-05-03T17:56:13.2380986Z   type: 'test'
Test (Node.js on ubuntu-latest)	Run tests	2026-05-03T17:56:13.2381464Z   ...
Test (Node.js on ubuntu-latest)	Run tests	2026-05-03T17:56:13.2381932Z # Subtest: encode float
Test (Node.js on ubuntu-latest)	Run tests	2026-05-03T17:56:13.2382499Z ok 17 - encode float
Test (Node.js on ubuntu-latest)	Run tests	2026-05-03T17:56:13.2383190Z   ---
Test (Node.js on ubuntu-latest)	Run tests	2026-05-03T17:56:13.2383896Z   duration_ms: 0.160541
Test (Node.js on ubuntu-latest)	Run tests	2026-05-03T17:56:13.2384398Z   type: 'test'
Test (Node.js on ubuntu-latest)	Run tests	2026-05-03T17:56:13.2384736Z   ...
Test (Node.js on ubuntu-latest)	Run tests	2026-05-03T17:56:13.2385098Z # Subtest: decode float
Test (Node.js on ubuntu-latest)	Run tests	2026-05-03T17:56:13.2385506Z ok 18 - decode float
Test (Node.js on ubuntu-latest)	Run tests	2026-05-03T17:56:13.2385893Z   ---
Test (Node.js on ubuntu-latest)	Run tests	2026-05-03T17:56:13.2386210Z   duration_ms: 0.273323
Test (Node.js on ubuntu-latest)	Run tests	2026-05-03T17:56:13.2386573Z   type: 'test'
Test (Node.js on ubuntu-latest)	Run tests	2026-05-03T17:56:13.2386878Z   ...
Test (Node.js on ubuntu-latest)	Run tests	2026-05-03T17:56:13.2387204Z # Subtest: roundtrip float
Test (Node.js on ubuntu-latest)	Run tests	2026-05-03T17:56:13.2387961Z ok 19 - roundtrip float
Test (Node.js on ubuntu-latest)	Run tests	2026-05-03T17:56:13.2388307Z   ---
Test (Node.js on ubuntu-latest)	Run tests	2026-05-03T17:56:13.2388606Z   duration_ms: 0.769301
Test (Node.js on ubuntu-latest)	Run tests	2026-05-03T17:56:13.2388955Z   type: 'test'
Test (Node.js on ubuntu-latest)	Run tests	2026-05-03T17:56:13.2389249Z   ...
Test (Node.js on ubuntu-latest)	Run tests	2026-05-03T17:56:13.2389632Z # Subtest: float special values
Test (Node.js on ubuntu-latest)	Run tests	2026-05-03T17:56:13.2390069Z ok 20 - float special values
Test (Node.js on ubuntu-latest)	Run tests	2026-05-03T17:56:13.2390438Z   ---
Test (Node.js on ubuntu-latest)	Run tests	2026-05-03T17:56:13.2390730Z   duration_ms: 0.355536
Test (Node.js on ubuntu-latest)	Run tests	2026-05-03T17:56:13.2391063Z   type: 'test'
Test (Node.js on ubuntu-latest)	Run tests	2026-05-03T17:56:13.2391354Z   ...
Test (Node.js on ubuntu-latest)	Run tests	2026-05-03T17:56:13.2391727Z # Subtest: encode empty string
Test (Node.js on ubuntu-latest)	Run tests	2026-05-03T17:56:13.2392164Z ok 21 - encode empty string
Test (Node.js on ubuntu-latest)	Run tests	2026-05-03T17:56:13.2392529Z   ---
Test (Node.js on ubuntu-latest)	Run tests	2026-05-03T17:56:13.2392811Z   duration_ms: 0.167314
Test (Node.js on ubuntu-latest)	Run tests	2026-05-03T17:56:13.2393154Z   type: 'test'
Test (Node.js on ubuntu-latest)	Run tests	2026-05-03T17:56:13.2393445Z   ...
Test (Node.js on ubuntu-latest)	Run tests	2026-05-03T17:56:13.2393825Z # Subtest: encode simple string
Test (Node.js on ubuntu-latest)	Run tests	2026-05-03T17:56:13.2394263Z ok 22 - encode simple string
Test (Node.js on ubuntu-latest)	Run tests	2026-05-03T17:56:13.2394871Z   ---
Test (Node.js on ubuntu-latest)	Run tests	2026-05-03T17:56:13.2395159Z   duration_ms: 0.181981
Test (Node.js on ubuntu-latest)	Run tests	2026-05-03T17:56:13.2395495Z   type: 'test'
Test (Node.js on ubuntu-latest)	Run tests	2026-05-03T17:56:13.2395780Z   ...
Test (Node.js on ubuntu-latest)	Run tests	2026-05-03T17:56:13.2396101Z # Subtest: decode string
Test (Node.js on ubuntu-latest)	Run tests	2026-05-03T17:56:13.2396485Z ok 23 - decode string
Test (Node.js on ubuntu-latest)	Run tests	2026-05-03T17:56:13.2396814Z   ---
Test (Node.js on ubuntu-latest)	Run tests	2026-05-03T17:56:13.2397102Z   duration_ms: 0.300583
Test (Node.js on ubuntu-latest)	Run tests	2026-05-03T17:56:13.2397750Z   type: 'test'
Test (Node.js on ubuntu-latest)	Run tests	2026-05-03T17:56:13.2398084Z   ...
Test (Node.js on ubuntu-latest)	Run tests	2026-05-03T17:56:13.2398408Z # Subtest: roundtrip string
Test (Node.js on ubuntu-latest)	Run tests	2026-05-03T17:56:13.2398822Z ok 24 - roundtrip string
Test (Node.js on ubuntu-latest)	Run tests	2026-05-03T17:56:13.2399162Z   ---
Test (Node.js on ubuntu-latest)	Run tests	2026-05-03T17:56:13.2399444Z   duration_ms: 1.876156
Test (Node.js on ubuntu-latest)	Run tests	2026-05-03T17:56:13.2399782Z   type: 'test'
Test (Node.js on ubuntu-latest)	Run tests	2026-05-03T17:56:13.2400064Z   ...
Test (Node.js on ubuntu-latest)	Run tests	2026-05-03T17:56:13.2400397Z # Subtest: string with quotes
Test (Node.js on ubuntu-latest)	Run tests	2026-05-03T17:56:13.2400837Z ok 25 - string with quotes
Test (Node.js on ubuntu-latest)	Run tests	2026-05-03T17:56:13.2401182Z   ---
Test (Node.js on ubuntu-latest)	Run tests	2026-05-03T17:56:13.2401471Z   duration_ms: 0.467356
Test (Node.js on ubuntu-latest)	Run tests	2026-05-03T17:56:13.2401895Z   type: 'test'
Test (Node.js on ubuntu-latest)	Run tests	2026-05-03T17:56:13.2402177Z   ...
Test (Node.js on ubuntu-latest)	Run tests	2026-05-03T17:56:13.2466301Z # Subtest: self-referencing array
Test (Node.js on ubuntu-latest)	Run tests	2026-05-03T17:56:13.2477380Z ok 26 - self-referencing array
Test (Node.js on ubuntu-latest)	Run tests	2026-05-03T17:56:13.2517691Z   ---
Test (Node.js on ubuntu-latest)	Run tests	2026-05-03T17:56:13.2546740Z   duration_ms: 4.888894
Test (Node.js on ubuntu-latest)	Run tests	2026-05-03T17:56:13.2628798Z   type: 'test'
Test (Node.js on ubuntu-latest)	Run tests	2026-05-03T17:56:13.2674171Z   ...
Test (Node.js on ubuntu-latest)	Run tests	2026-05-03T17:56:13.2708385Z # Subtest: array with self in middle
Test (Node.js on ubuntu-latest)	Run tests	2026-05-03T17:56:13.2714500Z ok 27 - array with self in middle
Test (Node.js on ubuntu-latest)	Run tests	2026-05-03T17:56:13.2715311Z   ---
Test (Node.js on ubuntu-latest)	Run tests	2026-05-03T17:56:13.2715908Z   duration_ms: 0.575769
Test (Node.js on ubuntu-latest)	Run tests	2026-05-03T17:56:13.2716510Z   type: 'test'
Test (Node.js on ubuntu-latest)	Run tests	2026-05-03T17:56:13.2717115Z   ...
Test (Node.js on ubuntu-latest)	Run tests	2026-05-03T17:56:13.2718231Z # Subtest: nested array with circular reference
Test (Node.js on ubuntu-latest)	Run tests	2026-05-03T17:56:13.2719269Z ok 28 - nested array with circular reference
Test (Node.js on ubuntu-latest)	Run tests	2026-05-03T17:56:13.2720090Z   ---
Test (Node.js on ubuntu-latest)	Run tests	2026-05-03T17:56:13.2720680Z   duration_ms: 0.61373
Test (Node.js on ubuntu-latest)	Run tests	2026-05-03T17:56:13.2721343Z   type: 'test'
Test (Node.js on ubuntu-latest)	Run tests	2026-05-03T17:56:13.2721890Z   ...
Test (Node.js on ubuntu-latest)	Run tests	2026-05-03T17:56:13.2723155Z # Subtest: self-referencing object
Test (Node.js on ubuntu-latest)	Run tests	2026-05-03T17:56:13.2724023Z ok 29 - self-referencing object
Test (Node.js on ubuntu-latest)	Run tests	2026-05-03T17:56:13.2724742Z   ---
Test (Node.js on ubuntu-latest)	Run tests	2026-05-03T17:56:13.2725373Z   duration_ms: 0.582361
Test (Node.js on ubuntu-latest)	Run tests	2026-05-03T17:56:13.2726088Z   type: 'test'
Test (Node.js on ubuntu-latest)	Run tests	2026-05-03T17:56:13.2726717Z   ...
Test (Node.js on ubuntu-latest)	Run tests	2026-05-03T17:56:13.2727733Z # Subtest: object with multiple self-references
Test (Node.js on ubuntu-latest)	Run tests	2026-05-03T17:56:13.2728780Z ok 30 - object with multiple self-references
Test (Node.js on ubuntu-latest)	Run tests	2026-05-03T17:56:13.2729606Z   ---
Test (Node.js on ubuntu-latest)	Run tests	2026-05-03T17:56:13.2730187Z   duration_ms: 2.143788
Test (Node.js on ubuntu-latest)	Run tests	2026-05-03T17:56:13.2730820Z   type: 'test'
Test (Node.js on ubuntu-latest)	Run tests	2026-05-03T17:56:13.2731423Z   ...
Test (Node.js on ubuntu-latest)	Run tests	2026-05-03T17:56:13.2732227Z # Subtest: nested object with circular reference
Test (Node.js on ubuntu-latest)	Run tests	2026-05-03T17:56:13.2733214Z ok 31 - nested object with circular reference
Test (Node.js on ubuntu-latest)	Run tests	2026-05-03T17:56:13.2734015Z   ---
Test (Node.js on ubuntu-latest)	Run tests	2026-05-03T17:56:13.2734647Z   duration_ms: 0.649126
Test (Node.js on ubuntu-latest)	Run tests	2026-05-03T17:56:13.2735371Z   type: 'test'
Test (Node.js on ubuntu-latest)	Run tests	2026-05-03T17:56:13.2735959Z   ...
Test (Node.js on ubuntu-latest)	Run tests	2026-05-03T17:56:13.2736924Z # Subtest: complex circular structure (tree with back-references)
Test (Node.js on ubuntu-latest)	Run tests	2026-05-03T17:56:13.2738499Z ok 32 - complex circular structure (tree with back-references)
Test (Node.js on ubuntu-latest)	Run tests	2026-05-03T17:56:13.2739463Z   ---
Test (Node.js on ubuntu-latest)	Run tests	2026-05-03T17:56:13.2740110Z   duration_ms: 0.689653
Test (Node.js on ubuntu-latest)	Run tests	2026-05-03T17:56:13.2740762Z   type: 'test'
Test (Node.js on ubuntu-latest)	Run tests	2026-05-03T17:56:13.2741331Z   ...
Test (Node.js on ubuntu-latest)	Run tests	2026-05-03T17:56:13.2742008Z # Subtest: shared object reference
Test (Node.js on ubuntu-latest)	Run tests	2026-05-03T17:56:13.2742841Z ok 33 - shared object reference
Test (Node.js on ubuntu-latest)	Run tests	2026-05-03T17:56:13.2743572Z   ---
Test (Node.js on ubuntu-latest)	Run tests	2026-05-03T17:56:13.2744196Z   duration_ms: 0.509405
Test (Node.js on ubuntu-latest)	Run tests	2026-05-03T17:56:13.2744866Z   type: 'test'
Test (Node.js on ubuntu-latest)	Run tests	2026-05-03T17:56:13.2745464Z   ...
Test (Node.js on ubuntu-latest)	Run tests	2026-05-03T17:56:13.2746311Z # Subtest: shared object reference - modification
Test (Node.js on ubuntu-latest)	Run tests	2026-05-03T17:56:13.2747367Z ok 34 - shared object reference - modification
Test (Node.js on ubuntu-latest)	Run tests	2026-05-03T17:56:13.2748799Z   ---
Test (Node.js on ubuntu-latest)	Run tests	2026-05-03T17:56:13.2749505Z   duration_ms: 1.069254
Test (Node.js on ubuntu-latest)	Run tests	2026-05-03T17:56:13.2750251Z   type: 'test'
Test (Node.js on ubuntu-latest)	Run tests	2026-05-03T17:56:13.2750890Z   ...
Test (Node.js on ubuntu-latest)	Run tests	2026-05-03T17:56:13.2751761Z # Subtest: multiple shared objects
Test (Node.js on ubuntu-latest)	Run tests	2026-05-03T17:56:13.2752649Z ok 35 - multiple shared objects
Test (Node.js on ubuntu-latest)	Run tests	2026-05-03T17:56:13.2753418Z   ---
Test (Node.js on ubuntu-latest)	Run tests	2026-05-03T17:56:13.2754104Z   duration_ms: 1.034139
Test (Node.js on ubuntu-latest)	Run tests	2026-05-03T17:56:13.2754794Z   type: 'test'
Test (Node.js on ubuntu-latest)	Run tests	2026-05-03T17:56:13.2755709Z   ...
Test (Node.js on ubuntu-latest)	Run tests	2026-05-03T17:56:13.2756428Z # Subtest: shared array reference
Test (Node.js on ubuntu-latest)	Run tests	2026-05-03T17:56:13.2757303Z ok 36 - shared array reference
Test (Node.js on ubuntu-latest)	Run tests	2026-05-03T17:56:13.2758354Z   ---
Test (Node.js on ubuntu-latest)	Run tests	2026-05-03T17:56:13.2758998Z   duration_ms: 1.268609
Test (Node.js on ubuntu-latest)	Run tests	2026-05-03T17:56:13.2759664Z   type: 'test'
Test (Node.js on ubuntu-latest)	Run tests	2026-05-03T17:56:13.2760323Z   ...
Test (Node.js on ubuntu-latest)	Run tests	2026-05-03T17:56:13.2761084Z # Subtest: circular and shared references combined
Test (Node.js on ubuntu-latest)	Run tests	2026-05-03T17:56:13.2762242Z ok 37 - circular and shared references combined
Test (Node.js on ubuntu-latest)	Run tests	2026-05-03T17:56:13.2763124Z   ---
Test (Node.js on ubuntu-latest)	Run tests	2026-05-03T17:56:13.2763716Z   duration_ms: 0.872205
Test (Node.js on ubuntu-latest)	Run tests	2026-05-03T17:56:13.2764384Z   type: 'test'
Test (Node.js on ubuntu-latest)	Run tests	2026-05-03T17:56:13.2764977Z   ...
Test (Node.js on ubuntu-latest)	Run tests	2026-05-03T17:56:13.2765766Z # Subtest: deeply nested circular structure
Test (Node.js on ubuntu-latest)	Run tests	2026-05-03T17:56:13.2766681Z ok 38 - deeply nested circular structure
Test (Node.js on ubuntu-latest)	Run tests	2026-05-03T17:56:13.2767674Z   ---
Test (Node.js on ubuntu-latest)	Run tests	2026-05-03T17:56:13.2768326Z   duration_ms: 0.624
Test (Node.js on ubuntu-latest)	Run tests	2026-05-03T17:56:13.2769080Z   type: 'test'
Test (Node.js on ubuntu-latest)	Run tests	2026-05-03T17:56:13.2769771Z   ...
Test (Node.js on ubuntu-latest)	Run tests	2026-05-03T17:56:13.2770506Z # Subtest: array and object circular reference
Test (Node.js on ubuntu-latest)	Run tests	2026-05-03T17:56:13.2771556Z ok 39 - array and object circular reference
Test (Node.js on ubuntu-latest)	Run tests	2026-05-03T17:56:13.2772362Z   ---
Test (Node.js on ubuntu-latest)	Run tests	2026-05-03T17:56:13.2772987Z   duration_ms: 1.817666
Test (Node.js on ubuntu-latest)	Run tests	2026-05-03T17:56:13.2773729Z   type: 'test'
Test (Node.js on ubuntu-latest)	Run tests	2026-05-03T17:56:13.2774386Z   ...
Test (Node.js on ubuntu-latest)	Run tests	2026-05-03T17:56:13.2775279Z # Subtest: encoded format uses built-in references, not (ref X) marker
Test (Node.js on ubuntu-latest)	Run tests	2026-05-03T17:56:13.2776535Z ok 40 - encoded format uses built-in references, not (ref X) marker
Test (Node.js on ubuntu-latest)	Run tests	2026-05-03T17:56:13.2777390Z   ---
Test (Node.js on ubuntu-latest)	Run tests	2026-05-03T17:56:13.2778227Z   duration_ms: 0.377187
Test (Node.js on ubuntu-latest)	Run tests	2026-05-03T17:56:13.2778905Z   type: 'test'
Test (Node.js on ubuntu-latest)	Run tests	2026-05-03T17:56:13.2779564Z   ...
Test (Node.js on ubuntu-latest)	Run tests	2026-05-03T17:56:13.2780521Z # Subtest: decoder rejects legacy (ref X) marker as unknown type
Test (Node.js on ubuntu-latest)	Run tests	2026-05-03T17:56:13.2781770Z ok 41 - decoder rejects legacy (ref X) marker as unknown type
Test (Node.js on ubuntu-latest)	Run tests	2026-05-03T17:56:13.2782715Z   ---
Test (Node.js on ubuntu-latest)	Run tests	2026-05-03T17:56:13.2783370Z   duration_ms: 0.664024
Test (Node.js on ubuntu-latest)	Run tests	2026-05-03T17:56:13.2783988Z   type: 'test'
Test (Node.js on ubuntu-latest)	Run tests	2026-05-03T17:56:13.2784911Z   ...
Test (Node.js on ubuntu-latest)	Run tests	2026-05-03T17:56:13.2785559Z # Subtest: encode empty array
Test (Node.js on ubuntu-latest)	Run tests	2026-05-03T17:56:13.2786372Z ok 42 - encode empty array
Test (Node.js on ubuntu-latest)	Run tests	2026-05-03T17:56:13.2787260Z   ---
Test (Node.js on ubuntu-latest)	Run tests	2026-05-03T17:56:13.2788181Z   duration_ms: 2.184124
Test (Node.js on ubuntu-latest)	Run tests	2026-05-03T17:56:13.2788908Z   type: 'test'
Test (Node.js on ubuntu-latest)	Run tests	2026-05-03T17:56:13.2789517Z   ...
Test (Node.js on ubuntu-latest)	Run tests	2026-05-03T17:56:13.2790121Z # Subtest: decode empty array
Test (Node.js on ubuntu-latest)	Run tests	2026-05-03T17:56:13.2790821Z ok 43 - decode empty array
Test (Node.js on ubuntu-latest)	Run tests	2026-05-03T17:56:13.2791492Z   ---
Test (Node.js on ubuntu-latest)	Run tests	2026-05-03T17:56:13.2792248Z   duration_ms: 4.384469
Test (Node.js on ubuntu-latest)	Run tests	2026-05-03T17:56:13.2793050Z   type: 'test'
Test (Node.js on ubuntu-latest)	Run tests	2026-05-03T17:56:13.2793640Z   ...
Test (Node.js on ubuntu-latest)	Run tests	2026-05-03T17:56:13.2794282Z # Subtest: roundtrip empty array
Test (Node.js on ubuntu-latest)	Run tests	2026-05-03T17:56:13.2795066Z ok 44 - roundtrip empty array
Test (Node.js on ubuntu-latest)	Run tests	2026-05-03T17:56:13.2795722Z   ---
Test (Node.js on ubuntu-latest)	Run tests	2026-05-03T17:56:13.2796236Z   duration_ms: 1.196132
Test (Node.js on ubuntu-latest)	Run tests	2026-05-03T17:56:13.2796805Z   type: 'test'
Test (Node.js on ubuntu-latest)	Run tests	2026-05-03T17:56:13.2797318Z   ...
Test (Node.js on ubuntu-latest)	Run tests	2026-05-03T17:56:13.2798403Z # Subtest: encode array with basic types
Test (Node.js on ubuntu-latest)	Run tests	2026-05-03T17:56:13.2799214Z ok 45 - encode array with basic types
Test (Node.js on ubuntu-latest)	Run tests	2026-05-03T17:56:13.2799915Z   ---
Test (Node.js on ubuntu-latest)	Run tests	2026-05-03T17:56:13.2800531Z   duration_ms: 0.429997
Test (Node.js on ubuntu-latest)	Run tests	2026-05-03T17:56:13.2801182Z   type: 'test'
Test (Node.js on ubuntu-latest)	Run tests	2026-05-03T17:56:13.2801815Z   ...
Test (Node.js on ubuntu-latest)	Run tests	2026-05-03T17:56:13.2802528Z # Subtest: decode array with basic types
Test (Node.js on ubuntu-latest)	Run tests	2026-05-03T17:56:13.2803470Z ok 46 - decode array with basic types
Test (Node.js on ubuntu-latest)	Run tests	2026-05-03T17:56:13.2804203Z   ---
Test (Node.js on ubuntu-latest)	Run tests	2026-05-03T17:56:13.2804844Z   duration_ms: 0.857738
Test (Node.js on ubuntu-latest)	Run tests	2026-05-03T17:56:13.2805557Z   type: 'test'
Test (Node.js on ubuntu-latest)	Run tests	2026-05-03T17:56:13.2806218Z   ...
Test (Node.js on ubuntu-latest)	Run tests	2026-05-03T17:56:13.2807069Z # Subtest: roundtrip array with mixed types
Test (Node.js on ubuntu-latest)	Run tests	2026-05-03T17:56:13.2808268Z ok 47 - roundtrip array with mixed types
Test (Node.js on ubuntu-latest)	Run tests	2026-05-03T17:56:13.2809039Z   ---
Test (Node.js on ubuntu-latest)	Run tests	2026-05-03T17:56:13.2809669Z   duration_ms: 3.634142
Test (Node.js on ubuntu-latest)	Run tests	2026-05-03T17:56:13.2810404Z   type: 'test'
Test (Node.js on ubuntu-latest)	Run tests	2026-05-03T17:56:13.2811116Z   ...
Test (Node.js on ubuntu-latest)	Run tests	2026-05-03T17:56:13.2812001Z # Subtest: nested arrays
Test (Node.js on ubuntu-latest)	Run tests	2026-05-03T17:56:13.2812829Z ok 48 - nested arrays
Test (Node.js on ubuntu-latest)	Run tests	2026-05-03T17:56:13.2813560Z   ---
Test (Node.js on ubuntu-latest)	Run tests	2026-05-03T17:56:13.2814263Z   duration_ms: 1.582807
Test (Node.js on ubuntu-latest)	Run tests	2026-05-03T17:56:13.2814989Z   type: 'test'
Test (Node.js on ubuntu-latest)	Run tests	2026-05-03T17:56:13.2815668Z   ...
Test (Node.js on ubuntu-latest)	Run tests	2026-05-03T17:56:13.2816396Z # Subtest: encode empty object
Test (Node.js on ubuntu-latest)	Run tests	2026-05-03T17:56:13.2817826Z ok 49 - encode empty object
Test (Node.js on ubuntu-latest)	Run tests	2026-05-03T17:56:13.2818600Z   ---
Test (Node.js on ubuntu-latest)	Run tests	2026-05-03T17:56:13.2819291Z   duration_ms: 0.252263
Test (Node.js on ubuntu-latest)	Run tests	2026-05-03T17:56:13.2820020Z   type: 'test'
Test (Node.js on ubuntu-latest)	Run tests	2026-05-03T17:56:13.2820700Z   ...
Test (Node.js on ubuntu-latest)	Run tests	2026-05-03T17:56:13.2821462Z # Subtest: decode empty object
Test (Node.js on ubuntu-latest)	Run tests	2026-05-03T17:56:13.2822268Z ok 50 - decode empty object
Test (Node.js on ubuntu-latest)	Run tests	2026-05-03T17:56:13.2823003Z   ---
Test (Node.js on ubuntu-latest)	Run tests	2026-05-03T17:56:13.2823611Z   duration_ms: 0.547727
Test (Node.js on ubuntu-latest)	Run tests	2026-05-03T17:56:13.2824219Z   type: 'test'
Test (Node.js on ubuntu-latest)	Run tests	2026-05-03T17:56:13.2824791Z   ...
Test (Node.js on ubuntu-latest)	Run tests	2026-05-03T17:56:13.2825471Z # Subtest: roundtrip empty object
Test (Node.js on ubuntu-latest)	Run tests	2026-05-03T17:56:13.2826342Z ok 51 - roundtrip empty object
Test (Node.js on ubuntu-latest)	Run tests	2026-05-03T17:56:13.2827117Z   ---
Test (Node.js on ubuntu-latest)	Run tests	2026-05-03T17:56:13.2828043Z   duration_ms: 0.639198
Test (Node.js on ubuntu-latest)	Run tests	2026-05-03T17:56:13.2828714Z   type: 'test'
Test (Node.js on ubuntu-latest)	Run tests	2026-05-03T17:56:13.2829286Z   ...
Test (Node.js on ubuntu-latest)	Run tests	2026-05-03T17:56:13.2829997Z # Subtest: encode object with basic types
Test (Node.js on ubuntu-latest)	Run tests	2026-05-03T17:56:13.2830961Z ok 52 - encode object with basic types
Test (Node.js on ubuntu-latest)	Run tests	2026-05-03T17:56:13.2831826Z   ---
Test (Node.js on ubuntu-latest)	Run tests	2026-05-03T17:56:13.2832440Z   duration_ms: 0.472275
Test (Node.js on ubuntu-latest)	Run tests	2026-05-03T17:56:13.2833107Z   type: 'test'
Test (Node.js on ubuntu-latest)	Run tests	2026-05-03T17:56:13.2833681Z   ...
Test (Node.js on ubuntu-latest)	Run tests	2026-05-03T17:56:13.2834508Z # Subtest: decode object with basic types
Test (Node.js on ubuntu-latest)	Run tests	2026-05-03T17:56:13.2835488Z ok 53 - decode object with basic types
Test (Node.js on ubuntu-latest)	Run tests	2026-05-03T17:56:13.2836319Z   ---
Test (Node.js on ubuntu-latest)	Run tests	2026-05-03T17:56:13.2836992Z   duration_ms: 0.468338
Test (Node.js on ubuntu-latest)	Run tests	2026-05-03T17:56:13.2838057Z   type: 'test'
Test (Node.js on ubuntu-latest)	Run tests	2026-05-03T17:56:13.2838673Z   ...
Test (Node.js on ubuntu-latest)	Run tests	2026-05-03T17:56:13.2839417Z # Subtest: roundtrip object with mixed types
Test (Node.js on ubuntu-latest)	Run tests	2026-05-03T17:56:13.2840400Z ok 54 - roundtrip object with mixed types
Test (Node.js on ubuntu-latest)	Run tests	2026-05-03T17:56:13.2841162Z   ---
Test (Node.js on ubuntu-latest)	Run tests	2026-05-03T17:56:13.2841758Z   duration_ms: 3.136899
Test (Node.js on ubuntu-latest)	Run tests	2026-05-03T17:56:13.2842401Z   type: 'test'
Test (Node.js on ubuntu-latest)	Run tests	2026-05-03T17:56:13.2843052Z   ...
Test (Node.js on ubuntu-latest)	Run tests	2026-05-03T17:56:13.2843793Z # Subtest: nested objects
Test (Node.js on ubuntu-latest)	Run tests	2026-05-03T17:56:13.2844563Z ok 55 - nested objects
Test (Node.js on ubuntu-latest)	Run tests	2026-05-03T17:56:13.2845242Z   ---
Test (Node.js on ubuntu-latest)	Run tests	2026-05-03T17:56:13.2845862Z   duration_ms: 1.948623
Test (Node.js on ubuntu-latest)	Run tests	2026-05-03T17:56:13.2846526Z   type: 'test'
Test (Node.js on ubuntu-latest)	Run tests	2026-05-03T17:56:13.2847750Z   ...
Test (Node.js on ubuntu-latest)	Run tests	2026-05-03T17:56:13.2848504Z # Subtest: mixed nested structures
Test (Node.js on ubuntu-latest)	Run tests	2026-05-03T17:56:13.2849872Z ok 56 - mixed nested structures
Test (Node.js on ubuntu-latest)	Run tests	2026-05-03T17:56:13.2850605Z   ---
Test (Node.js on ubuntu-latest)	Run tests	2026-05-03T17:56:13.2851160Z   duration_ms: 1.154284
Test (Node.js on ubuntu-latest)	Run tests	2026-05-03T17:56:13.2851786Z   type: 'test'
Test (Node.js on ubuntu-latest)	Run tests	2026-05-03T17:56:13.2852335Z   ...
Test (Node.js on ubuntu-latest)	Run tests	2026-05-03T17:56:13.2852927Z # Subtest: array of objects
Test (Node.js on ubuntu-latest)	Run tests	2026-05-03T17:56:13.2853591Z ok 57 - array of objects
Test (Node.js on ubuntu-latest)	Run tests	2026-05-03T17:56:13.2854174Z   ---
Test (Node.js on ubuntu-latest)	Run tests	2026-05-03T17:56:13.2854725Z   duration_ms: 3.313451
Test (Node.js on ubuntu-latest)	Run tests	2026-05-03T17:56:13.2855298Z   type: 'test'
Test (Node.js on ubuntu-latest)	Run tests	2026-05-03T17:56:13.2855820Z   ...
Test (Node.js on ubuntu-latest)	Run tests	2026-05-03T17:56:13.2856431Z # Subtest: object with array values
Test (Node.js on ubuntu-latest)	Run tests	2026-05-03T17:56:13.2857195Z ok 58 - object with array values
Test (Node.js on ubuntu-latest)	Run tests	2026-05-03T17:56:13.2858092Z   ---
Test (Node.js on ubuntu-latest)	Run tests	2026-05-03T17:56:13.2858617Z   duration_ms: 0.79516
Test (Node.js on ubuntu-latest)	Run tests	2026-05-03T17:56:13.2859183Z   type: 'test'
Test (Node.js on ubuntu-latest)	Run tests	2026-05-03T17:56:13.2859703Z   ...
Test (Node.js on ubuntu-latest)	Run tests	2026-05-03T17:56:13.2860403Z # Subtest: deeply nested structure
Test (Node.js on ubuntu-latest)	Run tests	2026-05-03T17:56:13.2861144Z ok 59 - deeply nested structure
Test (Node.js on ubuntu-latest)	Run tests	2026-05-03T17:56:13.2861830Z   ---
Test (Node.js on ubuntu-latest)	Run tests	2026-05-03T17:56:13.2862514Z   duration_ms: 0.822321
Test (Node.js on ubuntu-latest)	Run tests	2026-05-03T17:56:13.2863317Z   type: 'test'
Test (Node.js on ubuntu-latest)	Run tests	2026-05-03T17:56:13.2863924Z   ...
Test (Node.js on ubuntu-latest)	Run tests	2026-05-03T17:56:13.3489121Z # Subtest: escapeReference - simple string
Test (Node.js on ubuntu-latest)	Run tests	2026-05-03T17:56:13.3548763Z ok 60 - escapeReference - simple string
Test (Node.js on ubuntu-latest)	Run tests	2026-05-03T17:56:13.3578342Z   ---
Test (Node.js on ubuntu-latest)	Run tests	2026-05-03T17:56:13.3633113Z   duration_ms: 3.931669
Test (Node.js on ubuntu-latest)	Run tests	2026-05-03T17:56:13.3653481Z   type: 'test'
Test (Node.js on ubuntu-latest)	Run tests	2026-05-03T17:56:13.3654188Z   ...
Test (Node.js on ubuntu-latest)	Run tests	2026-05-03T17:56:13.3654919Z # Subtest: escapeReference - numbers
Test (Node.js on ubuntu-latest)	Run tests	2026-05-03T17:56:13.3655794Z ok 61 - escapeReference - numbers
Test (Node.js on ubuntu-latest)	Run tests	2026-05-03T17:56:13.3656497Z   ---
Test (Node.js on ubuntu-latest)	Run tests	2026-05-03T17:56:13.3657068Z   duration_ms: 0.35243
Test (Node.js on ubuntu-latest)	Run tests	2026-05-03T17:56:13.3658015Z   type: 'test'
Test (Node.js on ubuntu-latest)	Run tests	2026-05-03T17:56:13.3658710Z   ...
Test (Node.js on ubuntu-latest)	Run tests	2026-05-03T17:56:13.3659641Z # Subtest: escapeReference - booleans
Test (Node.js on ubuntu-latest)	Run tests	2026-05-03T17:56:13.3660465Z ok 62 - escapeReference - booleans
Test (Node.js on ubuntu-latest)	Run tests	2026-05-03T17:56:13.3661011Z   ---
Test (Node.js on ubuntu-latest)	Run tests	2026-05-03T17:56:13.3661443Z   duration_ms: 0.214953
Test (Node.js on ubuntu-latest)	Run tests	2026-05-03T17:56:13.3662059Z   type: 'test'
Test (Node.js on ubuntu-latest)	Run tests	2026-05-03T17:56:13.3662588Z   ...
Test (Node.js on ubuntu-latest)	Run tests	2026-05-03T17:56:13.3663142Z # Subtest: escapeReference - string with spaces
Test (Node.js on ubuntu-latest)	Run tests	2026-05-03T17:56:13.3664565Z ok 63 - escapeReference - string with spaces
Test (Node.js on ubuntu-latest)	Run tests	2026-05-03T17:56:13.3665259Z   ---
Test (Node.js on ubuntu-latest)	Run tests	2026-05-03T17:56:13.3665830Z   duration_ms: 0.255398
Test (Node.js on ubuntu-latest)	Run tests	2026-05-03T17:56:13.3666426Z   type: 'test'
Test (Node.js on ubuntu-latest)	Run tests	2026-05-03T17:56:13.3666976Z   ...
Test (Node.js on ubuntu-latest)	Run tests	2026-05-03T17:56:13.3668106Z # Subtest: escapeReference - string with single quotes
Test (Node.js on ubuntu-latest)	Run tests	2026-05-03T17:56:13.3669102Z ok 64 - escapeReference - string with single quotes
Test (Node.js on ubuntu-latest)	Run tests	2026-05-03T17:56:13.3669815Z   ---
Test (Node.js on ubuntu-latest)	Run tests	2026-05-03T17:56:13.3670281Z   duration_ms: 0.199374
Test (Node.js on ubuntu-latest)	Run tests	2026-05-03T17:56:13.3670796Z   type: 'test'
Test (Node.js on ubuntu-latest)	Run tests	2026-05-03T17:56:13.3671232Z   ...
Test (Node.js on ubuntu-latest)	Run tests	2026-05-03T17:56:13.3671908Z # Subtest: escapeReference - string with double quotes
Test (Node.js on ubuntu-latest)	Run tests	2026-05-03T17:56:13.3672804Z ok 65 - escapeReference - string with double quotes
Test (Node.js on ubuntu-latest)	Run tests	2026-05-03T17:56:13.3673474Z   ---
Test (Node.js on ubuntu-latest)	Run tests	2026-05-03T17:56:13.3673957Z   duration_ms: 0.234299
Test (Node.js on ubuntu-latest)	Run tests	2026-05-03T17:56:13.3674546Z   type: 'test'
Test (Node.js on ubuntu-latest)	Run tests	2026-05-03T17:56:13.3675009Z   ...
Test (Node.js on ubuntu-latest)	Run tests	2026-05-03T17:56:13.3675673Z # Subtest: escapeReference - string with both quotes
Test (Node.js on ubuntu-latest)	Run tests	2026-05-03T17:56:13.3676580Z ok 66 - escapeReference - string with both quotes
Test (Node.js on ubuntu-latest)	Run tests	2026-05-03T17:56:13.3677303Z   ---
Test (Node.js on ubuntu-latest)	Run tests	2026-05-03T17:56:13.3678112Z   duration_ms: 0.291787
Test (Node.js on ubuntu-latest)	Run tests	2026-05-03T17:56:13.3678725Z   type: 'test'
Test (Node.js on ubuntu-latest)	Run tests	2026-05-03T17:56:13.3679279Z   ...
Test (Node.js on ubuntu-latest)	Run tests	2026-05-03T17:56:13.3680072Z # Subtest: escapeReference - string with parentheses
Test (Node.js on ubuntu-latest)	Run tests	2026-05-03T17:56:13.3681224Z ok 67 - escapeReference - string with parentheses
Test (Node.js on ubuntu-latest)	Run tests	2026-05-03T17:56:13.3682017Z   ---
Test (Node.js on ubuntu-latest)	Run tests	2026-05-03T17:56:13.3682572Z   duration_ms: 0.173255
Test (Node.js on ubuntu-latest)	Run tests	2026-05-03T17:56:13.3683174Z   type: 'test'
Test (Node.js on ubuntu-latest)	Run tests	2026-05-03T17:56:13.3683721Z   ...
Test (Node.js on ubuntu-latest)	Run tests	2026-05-03T17:56:13.3684459Z # Subtest: escapeReference - string with colon
Test (Node.js on ubuntu-latest)	Run tests	2026-05-03T17:56:13.3685421Z ok 68 - escapeReference - string with colon
Test (Node.js on ubuntu-latest)	Run tests	2026-05-03T17:56:13.3686158Z   ---
Test (Node.js on ubuntu-latest)	Run tests	2026-05-03T17:56:13.3686722Z   duration_ms: 0.505968
Test (Node.js on ubuntu-latest)	Run tests	2026-05-03T17:56:13.3687335Z   type: 'test'
Test (Node.js on ubuntu-latest)	Run tests	2026-05-03T17:56:13.3688154Z   ...
Test (Node.js on ubuntu-latest)	Run tests	2026-05-03T17:56:13.3688901Z # Subtest: escapeReference - string with newline
Test (Node.js on ubuntu-latest)	Run tests	2026-05-03T17:56:13.3690192Z ok 69 - escapeReference - string with newline
Test (Node.js on ubuntu-latest)	Run tests	2026-05-03T17:56:13.3690956Z   ---
Test (Node.js on ubuntu-latest)	Run tests	2026-05-03T17:56:13.3691499Z   duration_ms: 0.555651
Test (Node.js on ubuntu-latest)	Run tests	2026-05-03T17:56:13.3692117Z   type: 'test'
Test (Node.js on ubuntu-latest)	Run tests	2026-05-03T17:56:13.3692668Z   ...
Test (Node.js on ubuntu-latest)	Run tests	2026-05-03T17:56:13.3693450Z # Subtest: unescapeReference - simple string
Test (Node.js on ubuntu-latest)	Run tests	2026-05-03T17:56:13.3694351Z ok 70 - unescapeReference - simple string
Test (Node.js on ubuntu-latest)	Run tests	2026-05-03T17:56:13.3695078Z   ---
Test (Node.js on ubuntu-latest)	Run tests	2026-05-03T17:56:13.3695618Z   duration_ms: 0.303359
Test (Node.js on ubuntu-latest)	Run tests	2026-05-03T17:56:13.3696222Z   type: 'test'
Test (Node.js on ubuntu-latest)	Run tests	2026-05-03T17:56:13.3696768Z   ...
Test (Node.js on ubuntu-latest)	Run tests	2026-05-03T17:56:13.3697757Z # Subtest: unescapeReference - doubled double quotes
Test (Node.js on ubuntu-latest)	Run tests	2026-05-03T17:56:13.3698868Z ok 71 - unescapeReference - doubled double quotes
Test (Node.js on ubuntu-latest)	Run tests	2026-05-03T17:56:13.3699637Z   ---
Test (Node.js on ubuntu-latest)	Run tests	2026-05-03T17:56:13.3700171Z   duration_ms: 0.151273
Test (Node.js on ubuntu-latest)	Run tests	2026-05-03T17:56:13.3700753Z   type: 'test'
Test (Node.js on ubuntu-latest)	Run tests	2026-05-03T17:56:13.3701276Z   ...
Test (Node.js on ubuntu-latest)	Run tests	2026-05-03T17:56:13.3701977Z # Subtest: unescapeReference - doubled single quotes
Test (Node.js on ubuntu-latest)	Run tests	2026-05-03T17:56:13.3702949Z ok 72 - unescapeReference - doubled single quotes
Test (Node.js on ubuntu-latest)	Run tests	2026-05-03T17:56:13.3703702Z   ---
Test (Node.js on ubuntu-latest)	Run tests	2026-05-03T17:56:13.3704183Z   duration_ms: 0.156223
Test (Node.js on ubuntu-latest)	Run tests	2026-05-03T17:56:13.3704796Z   type: 'test'
Test (Node.js on ubuntu-latest)	Run tests	2026-05-03T17:56:13.3705284Z   ...
Test (Node.js on ubuntu-latest)	Run tests	2026-05-03T17:56:13.3705940Z # Subtest: unescapeReference - null/undefined
Test (Node.js on ubuntu-latest)	Run tests	2026-05-03T17:56:13.3706787Z ok 73 - unescapeReference - null/undefined
Test (Node.js on ubuntu-latest)	Run tests	2026-05-03T17:56:13.3707720Z   ---
Test (Node.js on ubuntu-latest)	Run tests	2026-05-03T17:56:13.3708290Z   duration_ms: 0.144502
Test (Node.js on ubuntu-latest)	Run tests	2026-05-03T17:56:13.3708904Z   type: 'test'
Test (Node.js on ubuntu-latest)	Run tests	2026-05-03T17:56:13.3709457Z   ...
Test (Node.js on ubuntu-latest)	Run tests	2026-05-03T17:56:13.3710067Z # Subtest: jsonToLino - null
Test (Node.js on ubuntu-latest)	Run tests	2026-05-03T17:56:13.3710785Z ok 74 - jsonToLino - null
Test (Node.js on ubuntu-latest)	Run tests	2026-05-03T17:56:13.3711401Z   ---
Test (Node.js on ubuntu-latest)	Run tests	2026-05-03T17:56:13.3711946Z   duration_ms: 0.232546
Test (Node.js on ubuntu-latest)	Run tests	2026-05-03T17:56:13.3712545Z   type: 'test'
Test (Node.js on ubuntu-latest)	Run tests	2026-05-03T17:56:13.3713080Z   ...
Test (Node.js on ubuntu-latest)	Run tests	2026-05-03T17:56:13.3713733Z # Subtest: jsonToLino - undefined
Test (Node.js on ubuntu-latest)	Run tests	2026-05-03T17:56:13.3714507Z ok 75 - jsonToLino - undefined
Test (Node.js on ubuntu-latest)	Run tests	2026-05-03T17:56:13.3715148Z   ---
Test (Node.js on ubuntu-latest)	Run tests	2026-05-03T17:56:13.3715684Z   duration_ms: 0.143019
Test (Node.js on ubuntu-latest)	Run tests	2026-05-03T17:56:13.3716309Z   type: 'test'
Test (Node.js on ubuntu-latest)	Run tests	2026-05-03T17:56:13.3716849Z   ...
Test (Node.js on ubuntu-latest)	Run tests	2026-05-03T17:56:13.3717814Z # Subtest: jsonToLino - number
Test (Node.js on ubuntu-latest)	Run tests	2026-05-03T17:56:13.3719169Z ok 76 - jsonToLino - number
Test (Node.js on ubuntu-latest)	Run tests	2026-05-03T17:56:13.3719809Z   ---
Test (Node.js on ubuntu-latest)	Run tests	2026-05-03T17:56:13.3720352Z   duration_ms: 0.141686
Test (Node.js on ubuntu-latest)	Run tests	2026-05-03T17:56:13.3720945Z   type: 'test'
Test (Node.js on ubuntu-latest)	Run tests	2026-05-03T17:56:13.3721483Z   ...
Test (Node.js on ubuntu-latest)	Run tests	2026-05-03T17:56:13.3722129Z # Subtest: jsonToLino - boolean
Test (Node.js on ubuntu-latest)	Run tests	2026-05-03T17:56:13.3722844Z ok 77 - jsonToLino - boolean
Test (Node.js on ubuntu-latest)	Run tests	2026-05-03T17:56:13.3723547Z   ---
Test (Node.js on ubuntu-latest)	Run tests	2026-05-03T17:56:13.3724148Z   duration_ms: 0.139942
Test (Node.js on ubuntu-latest)	Run tests	2026-05-03T17:56:13.3724742Z   type: 'test'
Test (Node.js on ubuntu-latest)	Run tests	2026-05-03T17:56:13.3725279Z   ...
Test (Node.js on ubuntu-latest)	Run tests	2026-05-03T17:56:13.3725921Z # Subtest: jsonToLino - simple string
Test (Node.js on ubuntu-latest)	Run tests	2026-05-03T17:56:13.3726745Z ok 78 - jsonToLino - simple string
Test (Node.js on ubuntu-latest)	Run tests	2026-05-03T17:56:13.3727389Z   ---
Test (Node.js on ubuntu-latest)	Run tests	2026-05-03T17:56:13.3728178Z   duration_ms: 0.141645
Test (Node.js on ubuntu-latest)	Run tests	2026-05-03T17:56:13.3728772Z   type: 'test'
Test (Node.js on ubuntu-latest)	Run tests	2026-05-03T17:56:13.3729302Z   ...
Test (Node.js on ubuntu-latest)	Run tests	2026-05-03T17:56:13.3729998Z # Subtest: jsonToLino - string with spaces
Test (Node.js on ubuntu-latest)	Run tests	2026-05-03T17:56:13.3730907Z ok 79 - jsonToLino - string with spaces
Test (Node.js on ubuntu-latest)	Run tests	2026-05-03T17:56:13.3731613Z   ---
Test (Node.js on ubuntu-latest)	Run tests	2026-05-03T17:56:13.3732176Z   duration_ms: 0.155863
Test (Node.js on ubuntu-latest)	Run tests	2026-05-03T17:56:13.3732800Z   type: 'test'
Test (Node.js on ubuntu-latest)	Run tests	2026-05-03T17:56:13.3733341Z   ...
Test (Node.js on ubuntu-latest)	Run tests	2026-05-03T17:56:13.3733985Z # Subtest: jsonToLino - empty array
Test (Node.js on ubuntu-latest)	Run tests	2026-05-03T17:56:13.3734792Z ok 80 - jsonToLino - empty array
Test (Node.js on ubuntu-latest)	Run tests	2026-05-03T17:56:13.3735455Z   ---
Test (Node.js on ubuntu-latest)	Run tests	2026-05-03T17:56:13.3740311Z   duration_ms: 0.136976
Test (Node.js on ubuntu-latest)	Run tests	2026-05-03T17:56:13.3740975Z   type: 'test'
Test (Node.js on ubuntu-latest)	Run tests	2026-05-03T17:56:13.3741527Z   ...
Test (Node.js on ubuntu-latest)	Run tests	2026-05-03T17:56:13.3742223Z # Subtest: jsonToLino - array of numbers
Test (Node.js on ubuntu-latest)	Run tests	2026-05-03T17:56:13.3743100Z ok 81 - jsonToLino - array of numbers
Test (Node.js on ubuntu-latest)	Run tests	2026-05-03T17:56:13.3743733Z   ---
Test (Node.js on ubuntu-latest)	Run tests	2026-05-03T17:56:13.3744228Z   duration_ms: 0.184456
Test (Node.js on ubuntu-latest)	Run tests	2026-05-03T17:56:13.3744755Z   type: 'test'
Test (Node.js on ubuntu-latest)	Run tests	2026-05-03T17:56:13.3745219Z   ...
Test (Node.js on ubuntu-latest)	Run tests	2026-05-03T17:56:13.3745809Z # Subtest: jsonToLino - array of strings
Test (Node.js on ubuntu-latest)	Run tests	2026-05-03T17:56:13.3746586Z ok 82 - jsonToLino - array of strings
Test (Node.js on ubuntu-latest)	Run tests	2026-05-03T17:56:13.3747233Z   ---
Test (Node.js on ubuntu-latest)	Run tests	2026-05-03T17:56:13.3748015Z   duration_ms: 0.173285
Test (Node.js on ubuntu-latest)	Run tests	2026-05-03T17:56:13.3748891Z   type: 'test'
Test (Node.js on ubuntu-latest)	Run tests	2026-05-03T17:56:13.3749375Z   ...
Test (Node.js on ubuntu-latest)	Run tests	2026-05-03T17:56:13.3749986Z # Subtest: jsonToLino - nested array
Test (Node.js on ubuntu-latest)	Run tests	2026-05-03T17:56:13.3750709Z ok 83 - jsonToLino - nested array
Test (Node.js on ubuntu-latest)	Run tests	2026-05-03T17:56:13.3751276Z   ---
Test (Node.js on ubuntu-latest)	Run tests	2026-05-03T17:56:13.3751715Z   duration_ms: 0.187772
Test (Node.js on ubuntu-latest)	Run tests	2026-05-03T17:56:13.3752198Z   type: 'test'
Test (Node.js on ubuntu-latest)	Run tests	2026-05-03T17:56:13.3752629Z   ...
Test (Node.js on ubuntu-latest)	Run tests	2026-05-03T17:56:13.3753173Z # Subtest: jsonToLino - empty object
Test (Node.js on ubuntu-latest)	Run tests	2026-05-03T17:56:13.3753850Z ok 84 - jsonToLino - empty object
Test (Node.js on ubuntu-latest)	Run tests	2026-05-03T17:56:13.3754382Z   ---
Test (Node.js on ubuntu-latest)	Run tests	2026-05-03T17:56:13.3754833Z   duration_ms: 0.148698
Test (Node.js on ubuntu-latest)	Run tests	2026-05-03T17:56:13.3755320Z   type: 'test'
Test (Node.js on ubuntu-latest)	Run tests	2026-05-03T17:56:13.3755754Z   ...
Test (Node.js on ubuntu-latest)	Run tests	2026-05-03T17:56:13.3756314Z # Subtest: jsonToLino - simple object
Test (Node.js on ubuntu-latest)	Run tests	2026-05-03T17:56:13.3757056Z ok 85 - jsonToLino - simple object
Test (Node.js on ubuntu-latest)	Run tests	2026-05-03T17:56:13.3757904Z   ---
Test (Node.js on ubuntu-latest)	Run tests	2026-05-03T17:56:13.3758380Z   duration_ms: 0.28235
Test (Node.js on ubuntu-latest)	Run tests	2026-05-03T17:56:13.3758982Z   type: 'test'
Test (Node.js on ubuntu-latest)	Run tests	2026-05-03T17:56:13.3759444Z   ...
Test (Node.js on ubuntu-latest)	Run tests	2026-05-03T17:56:13.3760078Z # Subtest: jsonToLino - object with nested object
Test (Node.js on ubuntu-latest)	Run tests	2026-05-03T17:56:13.3760921Z ok 86 - jsonToLino - object with nested object
Test (Node.js on ubuntu-latest)	Run tests	2026-05-03T17:56:13.3761578Z   ---
Test (Node.js on ubuntu-latest)	Run tests	2026-05-03T17:56:13.3762057Z   duration_ms: 0.166892
Test (Node.js on ubuntu-latest)	Run tests	2026-05-03T17:56:13.3774983Z   type: 'test'
Test (Node.js on ubuntu-latest)	Run tests	2026-05-03T17:56:13.3775533Z   ...
Test (Node.js on ubuntu-latest)	Run tests	2026-05-03T17:56:13.3776235Z # Subtest: jsonToLino - object with array
Test (Node.js on ubuntu-latest)	Run tests	2026-05-03T17:56:13.3777116Z ok 87 - jsonToLino - object with array
Test (Node.js on ubuntu-latest)	Run tests	2026-05-03T17:56:13.3778085Z   ---
Test (Node.js on ubuntu-latest)	Run tests	2026-05-03T17:56:13.3778621Z   duration_ms: 0.147276
Test (Node.js on ubuntu-latest)	Run tests	2026-05-03T17:56:13.3779205Z   type: 'test'
Test (Node.js on ubuntu-latest)	Run tests	2026-05-03T17:56:13.3779696Z   ...
Test (Node.js on ubuntu-latest)	Run tests	2026-05-03T17:56:13.3780301Z # Subtest: linoToJson - null input
Test (Node.js on ubuntu-latest)	Run tests	2026-05-03T17:56:13.3781074Z ok 88 - linoToJson - null input
Test (Node.js on ubuntu-latest)	Run tests	2026-05-03T17:56:13.3781667Z   ---
Test (Node.js on ubuntu-latest)	Run tests	2026-05-03T17:56:13.3782154Z   duration_ms: 0.239068
Test (Node.js on ubuntu-latest)	Run tests	2026-05-03T17:56:13.3782666Z   type: 'test'
Test (Node.js on ubuntu-latest)	Run tests	2026-05-03T17:56:13.3783111Z   ...
Test (Node.js on ubuntu-latest)	Run tests	2026-05-03T17:56:13.3783663Z # Subtest: linoToJson - primitives
Test (Node.js on ubuntu-latest)	Run tests	2026-05-03T17:56:13.3784349Z ok 89 - linoToJson - primitives
Test (Node.js on ubuntu-latest)	Run tests	2026-05-03T17:56:13.3784962Z   ---
Test (Node.js on ubuntu-latest)	Run tests	2026-05-03T17:56:13.3785486Z   duration_ms: 3.624524
Test (Node.js on ubuntu-latest)	Run tests	2026-05-03T17:56:13.3786075Z   type: 'test'
Test (Node.js on ubuntu-latest)	Run tests	2026-05-03T17:56:13.3786947Z   ...
Test (Node.js on ubuntu-latest)	Run tests	2026-05-03T17:56:13.3787775Z # Subtest: linoToJson - simple string
Test (Node.js on ubuntu-latest)	Run tests	2026-05-03T17:56:13.3788572Z ok 90 - linoToJson - simple string
Test (Node.js on ubuntu-latest)	Run tests	2026-05-03T17:56:13.3789189Z   ---
Test (Node.js on ubuntu-latest)	Run tests	2026-05-03T17:56:13.3789744Z   duration_ms: 1.156898
Test (Node.js on ubuntu-latest)	Run tests	2026-05-03T17:56:13.3790311Z   type: 'test'
Test (Node.js on ubuntu-latest)	Run tests	2026-05-03T17:56:13.3790816Z   ...
Test (Node.js on ubuntu-latest)	Run tests	2026-05-03T17:56:13.3791442Z # Subtest: linoToJson - empty link
Test (Node.js on ubuntu-latest)	Run tests	2026-05-03T17:56:13.3792165Z ok 91 - linoToJson - empty link
Test (Node.js on ubuntu-latest)	Run tests	2026-05-03T17:56:13.3792724Z   ---
Test (Node.js on ubuntu-latest)	Run tests	2026-05-03T17:56:13.3793185Z   duration_ms: 0.973935
Test (Node.js on ubuntu-latest)	Run tests	2026-05-03T17:56:13.3793731Z   type: 'test'
Test (Node.js on ubuntu-latest)	Run tests	2026-05-03T17:56:13.3794187Z   ...
Test (Node.js on ubuntu-latest)	Run tests	2026-05-03T17:56:13.3794782Z # Subtest: linoToJson - array of numbers
Test (Node.js on ubuntu-latest)	Run tests	2026-05-03T17:56:13.3795528Z ok 92 - linoToJson - array of numbers
Test (Node.js on ubuntu-latest)	Run tests	2026-05-03T17:56:13.3796111Z   ---
Test (Node.js on ubuntu-latest)	Run tests	2026-05-03T17:56:13.3796571Z   duration_ms: 0.406372
Test (Node.js on ubuntu-latest)	Run tests	2026-05-03T17:56:13.3797196Z   type: 'test'
Test (Node.js on ubuntu-latest)	Run tests	2026-05-03T17:56:13.3797987Z   ...
Test (Node.js on ubuntu-latest)	Run tests	2026-05-03T17:56:13.3798578Z # Subtest: linoToJson - simple object
Test (Node.js on ubuntu-latest)	Run tests	2026-05-03T17:56:13.3799417Z ok 93 - linoToJson - simple object
Test (Node.js on ubuntu-latest)	Run tests	2026-05-03T17:56:13.3800047Z   ---
Test (Node.js on ubuntu-latest)	Run tests	2026-05-03T17:56:13.3800518Z   duration_ms: 0.418244
Test (Node.js on ubuntu-latest)	Run tests	2026-05-03T17:56:13.3801044Z   type: 'test'
Test (Node.js on ubuntu-latest)	Run tests	2026-05-03T17:56:13.3801509Z   ...
Test (Node.js on ubuntu-latest)	Run tests	2026-05-03T17:56:13.3802070Z # Subtest: linoToJson - nested object
Test (Node.js on ubuntu-latest)	Run tests	2026-05-03T17:56:13.3802810Z ok 94 - linoToJson - nested object
Test (Node.js on ubuntu-latest)	Run tests	2026-05-03T17:56:13.3803409Z   ---
Test (Node.js on ubuntu-latest)	Run tests	2026-05-03T17:56:13.3803923Z   duration_ms: 0.819266
Test (Node.js on ubuntu-latest)	Run tests	2026-05-03T17:56:13.3804528Z   type: 'test'
Test (Node.js on ubuntu-latest)	Run tests	2026-05-03T17:56:13.3805051Z   ...
Test (Node.js on ubuntu-latest)	Run tests	2026-05-03T17:56:13.3805740Z # Subtest: linoToJson - object with array value
Test (Node.js on ubuntu-latest)	Run tests	2026-05-03T17:56:13.3806610Z ok 95 - linoToJson - object with array value
Test (Node.js on ubuntu-latest)	Run tests	2026-05-03T17:56:13.3807267Z   ---
Test (Node.js on ubuntu-latest)	Run tests	2026-05-03T17:56:13.3808148Z   duration_ms: 0.429375
Test (Node.js on ubuntu-latest)	Run tests	2026-05-03T17:56:13.3808766Z   type: 'test'
Test (Node.js on ubuntu-latest)	Run tests	2026-05-03T17:56:13.3809311Z   ...
Test (Node.js on ubuntu-latest)	Run tests	2026-05-03T17:56:13.3813779Z # Subtest: roundtrip - simple object
Test (Node.js on ubuntu-latest)	Run tests	2026-05-03T17:56:13.3814659Z ok 96 - roundtrip - simple object
Test (Node.js on ubuntu-latest)	Run tests	2026-05-03T17:56:13.3815657Z   ---
Test (Node.js on ubuntu-latest)	Run tests	2026-05-03T17:56:13.3816202Z   duration_ms: 0.275437
Test (Node.js on ubuntu-latest)	Run tests	2026-05-03T17:56:13.3816839Z   type: 'test'
Test (Node.js on ubuntu-latest)	Run tests	2026-05-03T17:56:13.3817380Z   ...
Test (Node.js on ubuntu-latest)	Run tests	2026-05-03T17:56:13.3818435Z # Subtest: roundtrip - nested object
Test (Node.js on ubuntu-latest)	Run tests	2026-05-03T17:56:13.3819262Z ok 97 - roundtrip - nested object
Test (Node.js on ubuntu-latest)	Run tests	2026-05-03T17:56:13.3819914Z   ---
Test (Node.js on ubuntu-latest)	Run tests	2026-05-03T17:56:13.3820488Z   duration_ms: 0.335429
Test (Node.js on ubuntu-latest)	Run tests	2026-05-03T17:56:13.3821111Z   type: 'test'
Test (Node.js on ubuntu-latest)	Run tests	2026-05-03T17:56:13.3821645Z   ...
Test (Node.js on ubuntu-latest)	Run tests	2026-05-03T17:56:13.3822326Z # Subtest: roundtrip - object with array
Test (Node.js on ubuntu-latest)	Run tests	2026-05-03T17:56:13.3823193Z ok 98 - roundtrip - object with array
Test (Node.js on ubuntu-latest)	Run tests	2026-05-03T17:56:13.3823883Z   ---
Test (Node.js on ubuntu-latest)	Run tests	2026-05-03T17:56:13.3824431Z   duration_ms: 0.285796
Test (Node.js on ubuntu-latest)	Run tests	2026-05-03T17:56:13.3825047Z   type: 'test'
Test (Node.js on ubuntu-latest)	Run tests	2026-05-03T17:56:13.3825581Z   ...
Test (Node.js on ubuntu-latest)	Run tests	2026-05-03T17:56:13.3826253Z # Subtest: roundtrip - complex object
Test (Node.js on ubuntu-latest)	Run tests	2026-05-03T17:56:13.3827060Z ok 99 - roundtrip - complex object
Test (Node.js on ubuntu-latest)	Run tests	2026-05-03T17:56:13.3827998Z   ---
Test (Node.js on ubuntu-latest)	Run tests	2026-05-03T17:56:13.3828553Z   duration_ms: 0.434815
Test (Node.js on ubuntu-latest)	Run tests	2026-05-03T17:56:13.3829179Z   type: 'test'
Test (Node.js on ubuntu-latest)	Run tests	2026-05-03T17:56:13.3829728Z   ...
Test (Node.js on ubuntu-latest)	Run tests	2026-05-03T17:56:13.3830421Z # Subtest: formatAsLino - empty array
Test (Node.js on ubuntu-latest)	Run tests	2026-05-03T17:56:13.3831239Z ok 100 - formatAsLino - empty array
Test (Node.js on ubuntu-latest)	Run tests	2026-05-03T17:56:13.3831915Z   ---
Test (Node.js on ubuntu-latest)	Run tests	2026-05-03T17:56:13.3832447Z   duration_ms: 0.17575
Test (Node.js on ubuntu-latest)	Run tests	2026-05-03T17:56:13.3832971Z   type: 'test'
Test (Node.js on ubuntu-latest)	Run tests	2026-05-03T17:56:13.3833409Z   ...
Test (Node.js on ubuntu-latest)	Run tests	2026-05-03T17:56:13.3833971Z # Subtest: formatAsLino - array of values
Test (Node.js on ubuntu-latest)	Run tests	2026-05-03T17:56:13.3834671Z ok 101 - formatAsLino - array of values
Test (Node.js on ubuntu-latest)	Run tests	2026-05-03T17:56:13.3835263Z   ---
Test (Node.js on ubuntu-latest)	Run tests	2026-05-03T17:56:13.3835710Z   duration_ms: 0.23474
Test (Node.js on ubuntu-latest)	Run tests	2026-05-03T17:56:13.3836203Z   type: 'test'
Test (Node.js on ubuntu-latest)	Run tests	2026-05-03T17:56:13.3836654Z   ...
Test (Node.js on ubuntu-latest)	Run tests	2026-05-03T17:56:13.3837348Z # Subtest: formatIndented - basic object
Test (Node.js on ubuntu-latest)	Run tests	2026-05-03T17:56:13.3838407Z ok 102 - formatIndented - basic object
Test (Node.js on ubuntu-latest)	Run tests	2026-05-03T17:56:13.3838991Z   ---
Test (Node.js on ubuntu-latest)	Run tests	2026-05-03T17:56:13.3839403Z   duration_ms: 0.301986
Test (Node.js on ubuntu-latest)	Run tests	2026-05-03T17:56:13.3839911Z   type: 'test'
Test (Node.js on ubuntu-latest)	Run tests	2026-05-03T17:56:13.3840322Z   ...
Test (Node.js on ubuntu-latest)	Run tests	2026-05-03T17:56:13.3840853Z # Subtest: formatIndented - custom indentation
Test (Node.js on ubuntu-latest)	Run tests	2026-05-03T17:56:13.3841542Z ok 103 - formatIndented - custom indentation
Test (Node.js on ubuntu-latest)	Run tests	2026-05-03T17:56:13.3842356Z   ---
Test (Node.js on ubuntu-latest)	Run tests	2026-05-03T17:56:13.3842775Z   duration_ms: 0.18189
Test (Node.js on ubuntu-latest)	Run tests	2026-05-03T17:56:13.3843242Z   type: 'test'
Test (Node.js on ubuntu-latest)	Run tests	2026-05-03T17:56:13.3843666Z   ...
Test (Node.js on ubuntu-latest)	Run tests	2026-05-03T17:56:13.3844267Z # Subtest: formatIndented - value with double quotes
Test (Node.js on ubuntu-latest)	Run tests	2026-05-03T17:56:13.3845048Z ok 104 - formatIndented - value with double quotes
Test (Node.js on ubuntu-latest)	Run tests	2026-05-03T17:56:13.3845663Z   ---
Test (Node.js on ubuntu-latest)	Run tests	2026-05-03T17:56:13.3846810Z   duration_ms: 0.177764
Test (Node.js on ubuntu-latest)	Run tests	2026-05-03T17:56:13.3847290Z   type: 'test'
Test (Node.js on ubuntu-latest)	Run tests	2026-05-03T17:56:13.3847958Z   ...
Test (Node.js on ubuntu-latest)	Run tests	2026-05-03T17:56:13.3848516Z # Subtest: formatIndented - key with space
Test (Node.js on ubuntu-latest)	Run tests	2026-05-03T17:56:13.3849242Z ok 105 - formatIndented - key with space
Test (Node.js on ubuntu-latest)	Run tests	2026-05-03T17:56:13.3849781Z   ---
Test (Node.js on ubuntu-latest)	Run tests	2026-05-03T17:56:13.3850198Z   duration_ms: 0.232707
Test (Node.js on ubuntu-latest)	Run tests	2026-05-03T17:56:13.3850714Z   type: 'test'
Test (Node.js on ubuntu-latest)	Run tests	2026-05-03T17:56:13.3851127Z   ...
Test (Node.js on ubuntu-latest)	Run tests	2026-05-03T17:56:13.3851654Z # Subtest: formatIndented - null value
Test (Node.js on ubuntu-latest)	Run tests	2026-05-03T17:56:13.3852317Z ok 106 - formatIndented - null value
Test (Node.js on ubuntu-latest)	Run tests	2026-05-03T17:56:13.3852856Z   ---
Test (Node.js on ubuntu-latest)	Run tests	2026-05-03T17:56:13.3853268Z   duration_ms: 0.225963
Test (Node.js on ubuntu-latest)	Run tests	2026-05-03T17:56:13.3853758Z   type: 'test'
Test (Node.js on ubuntu-latest)	Run tests	2026-05-03T17:56:13.3854163Z   ...
Test (Node.js on ubuntu-latest)	Run tests	2026-05-03T17:56:13.3854701Z # Subtest: formatIndented - requires id
Test (Node.js on ubuntu-latest)	Run tests	2026-05-03T17:56:13.3855377Z ok 107 - formatIndented - requires id
Test (Node.js on ubuntu-latest)	Run tests	2026-05-03T17:56:13.3855900Z   ---
Test (Node.js on ubuntu-latest)	Run tests	2026-05-03T17:56:13.3856309Z   duration_ms: 0.588193
Test (Node.js on ubuntu-latest)	Run tests	2026-05-03T17:56:13.3856766Z   type: 'test'
Test (Node.js on ubuntu-latest)	Run tests	2026-05-03T17:56:13.3857184Z   ...
Test (Node.js on ubuntu-latest)	Run tests	2026-05-03T17:56:13.3858300Z # Subtest: formatIndented - requires plain object
Test (Node.js on ubuntu-latest)	Run tests	2026-05-03T17:56:13.3859043Z ok 108 - formatIndented - requires plain object
Test (Node.js on ubuntu-latest)	Run tests	2026-05-03T17:56:13.3859517Z   ---
Test (Node.js on ubuntu-latest)	Run tests	2026-05-03T17:56:13.3859817Z   duration_ms: 0.193442
Test (Node.js on ubuntu-latest)	Run tests	2026-05-03T17:56:13.3860167Z   type: 'test'
Test (Node.js on ubuntu-latest)	Run tests	2026-05-03T17:56:13.3860462Z   ...
Test (Node.js on ubuntu-latest)	Run tests	2026-05-03T17:56:13.3860880Z # Subtest: parseIndented - basic object
Test (Node.js on ubuntu-latest)	Run tests	2026-05-03T17:56:13.3861428Z ok 109 - parseIndented - basic object
Test (Node.js on ubuntu-latest)	Run tests	2026-05-03T17:56:13.3861838Z   ---
Test (Node.js on ubuntu-latest)	Run tests	2026-05-03T17:56:13.3862127Z   duration_ms: 0.819967
Test (Node.js on ubuntu-latest)	Run tests	2026-05-03T17:56:13.3862751Z   type: 'test'
Test (Node.js on ubuntu-latest)	Run tests	2026-05-03T17:56:13.3908183Z   ...
Test (Node.js on ubuntu-latest)	Run tests	2026-05-03T17:56:13.3908820Z # Subtest: parseIndented - value with quotes
Test (Node.js on ubuntu-latest)	Run tests	2026-05-03T17:56:13.3928555Z ok 110 - parseIndented - value with quotes
Test (Node.js on ubuntu-latest)	Run tests	2026-05-03T17:56:13.3936157Z   ---
Test (Node.js on ubuntu-latest)	Run tests	2026-05-03T17:56:13.3936661Z   duration_ms: 0.348814
Test (Node.js on ubuntu-latest)	Run tests	2026-05-03T17:56:13.3937280Z   type: 'test'
Test (Node.js on ubuntu-latest)	Run tests	2026-05-03T17:56:13.3938066Z   ...
Test (Node.js on ubuntu-latest)	Run tests	2026-05-03T17:56:13.3938853Z # Subtest: parseIndented - empty lines are skipped
Test (Node.js on ubuntu-latest)	Run tests	2026-05-03T17:56:13.3939821Z ok 111 - parseIndented - empty lines are skipped
Test (Node.js on ubuntu-latest)	Run tests	2026-05-03T17:56:13.3940548Z   ---
Test (Node.js on ubuntu-latest)	Run tests	2026-05-03T17:56:13.3941046Z   duration_ms: 0.347622
Test (Node.js on ubuntu-latest)	Run tests	2026-05-03T17:56:13.3941604Z   type: 'test'
Test (Node.js on ubuntu-latest)	Run tests	2026-05-03T17:56:13.3942101Z   ...
Test (Node.js on ubuntu-latest)	Run tests	2026-05-03T17:56:13.3942749Z # Subtest: parseIndented - requires text
Test (Node.js on ubuntu-latest)	Run tests	2026-05-03T17:56:13.3943576Z ok 112 - parseIndented - requires text
Test (Node.js on ubuntu-latest)	Run tests	2026-05-03T17:56:13.3944228Z   ---
Test (Node.js on ubuntu-latest)	Run tests	2026-05-03T17:56:13.3944742Z   duration_ms: 0.18642
Test (Node.js on ubuntu-latest)	Run tests	2026-05-03T17:56:13.3945310Z   type: 'test'
Test (Node.js on ubuntu-latest)	Run tests	2026-05-03T17:56:13.3945879Z   ...
Test (Node.js on ubuntu-latest)	Run tests	2026-05-03T17:56:13.3946646Z # Subtest: formatIndented/parseIndented roundtrip - basic
Test (Node.js on ubuntu-latest)	Run tests	2026-05-03T17:56:13.3947911Z ok 113 - formatIndented/parseIndented roundtrip - basic
Test (Node.js on ubuntu-latest)	Run tests	2026-05-03T17:56:13.3948691Z   ---
Test (Node.js on ubuntu-latest)	Run tests	2026-05-03T17:56:13.3949198Z   duration_ms: 0.487464
Test (Node.js on ubuntu-latest)	Run tests	2026-05-03T17:56:13.3949783Z   type: 'test'
Test (Node.js on ubuntu-latest)	Run tests	2026-05-03T17:56:13.3950297Z   ...
Test (Node.js on ubuntu-latest)	Run tests	2026-05-03T17:56:13.3951123Z # Subtest: formatIndented/parseIndented roundtrip - with quotes
Test (Node.js on ubuntu-latest)	Run tests	2026-05-03T17:56:13.3952286Z ok 114 - formatIndented/parseIndented roundtrip - with quotes
Test (Node.js on ubuntu-latest)	Run tests	2026-05-03T17:56:13.3953052Z   ---
Test (Node.js on ubuntu-latest)	Run tests	2026-05-03T17:56:13.3953556Z   duration_ms: 0.360135
Test (Node.js on ubuntu-latest)	Run tests	2026-05-03T17:56:13.3954142Z   type: 'test'
Test (Node.js on ubuntu-latest)	Run tests	2026-05-03T17:56:13.3954594Z   ...
Test (Node.js on ubuntu-latest)	Run tests	2026-05-03T17:56:13.4108422Z # Subtest: levenshteinDistance
Test (Node.js on ubuntu-latest)	Run tests	2026-05-03T17:56:13.4138400Z     # Subtest: should return 0 for identical strings
Test (Node.js on ubuntu-latest)	Run tests	2026-05-03T17:56:13.4149576Z     ok 1 - should return 0 for identical strings
Test (Node.js on ubuntu-latest)	Run tests	2026-05-03T17:56:13.4188612Z       ---
Test (Node.js on ubuntu-latest)	Run tests	2026-05-03T17:56:13.4189216Z       duration_ms: 1.40889
Test (Node.js on ubuntu-latest)	Run tests	2026-05-03T17:56:13.4189952Z       type: 'test'
Test (Node.js on ubuntu-latest)	Run tests	2026-05-03T17:56:13.4190659Z       ...
Test (Node.js on ubuntu-latest)	Run tests	2026-05-03T17:56:13.4191919Z     # Subtest: should return correct distance for single character difference
Test (Node.js on ubuntu-latest)	Run tests	2026-05-03T17:56:13.4193070Z     ok 2 - should return correct distance for single character difference
Test (Node.js on ubuntu-latest)	Run tests	2026-05-03T17:56:13.4193894Z       ---
Test (Node.js on ubuntu-latest)	Run tests	2026-05-03T17:56:13.4194394Z       duration_ms: 0.255168
Test (Node.js on ubuntu-latest)	Run tests	2026-05-03T17:56:13.4195037Z       type: 'test'
Test (Node.js on ubuntu-latest)	Run tests	2026-05-03T17:56:13.4195608Z       ...
Test (Node.js on ubuntu-latest)	Run tests	2026-05-03T17:56:13.4196345Z     # Subtest: should return length for completely different strings
Test (Node.js on ubuntu-latest)	Run tests	2026-05-03T17:56:13.4197748Z     ok 3 - should return length for completely different strings
Test (Node.js on ubuntu-latest)	Run tests	2026-05-03T17:56:13.4198870Z       ---
Test (Node.js on ubuntu-latest)	Run tests	2026-05-03T17:56:13.4199397Z       duration_ms: 0.203883
Test (Node.js on ubuntu-latest)	Run tests	2026-05-03T17:56:13.4200016Z       type: 'test'
Test (Node.js on ubuntu-latest)	Run tests	2026-05-03T17:56:13.4200518Z       ...
Test (Node.js on ubuntu-latest)	Run tests	2026-05-03T17:56:13.4201099Z     # Subtest: should handle empty strings
Test (Node.js on ubuntu-latest)	Run tests	2026-05-03T17:56:13.4201820Z     ok 4 - should handle empty strings
Test (Node.js on ubuntu-latest)	Run tests	2026-05-03T17:56:13.4202442Z       ---
Test (Node.js on ubuntu-latest)	Run tests	2026-05-03T17:56:13.4202971Z       duration_ms: 0.195466
Test (Node.js on ubuntu-latest)	Run tests	2026-05-03T17:56:13.4203571Z       type: 'test'
Test (Node.js on ubuntu-latest)	Run tests	2026-05-03T17:56:13.4204125Z       ...
Test (Node.js on ubuntu-latest)	Run tests	2026-05-03T17:56:13.4204783Z     # Subtest: should handle case-sensitive comparison
Test (Node.js on ubuntu-latest)	Run tests	2026-05-03T17:56:13.4205660Z     ok 5 - should handle case-sensitive comparison
Test (Node.js on ubuntu-latest)	Run tests	2026-05-03T17:56:13.4206339Z       ---
Test (Node.js on ubuntu-latest)	Run tests	2026-05-03T17:56:13.4206928Z       duration_ms: 0.279433
Test (Node.js on ubuntu-latest)	Run tests	2026-05-03T17:56:13.4207879Z       type: 'test'
Test (Node.js on ubuntu-latest)	Run tests	2026-05-03T17:56:13.4249771Z       ...
Test (Node.js on ubuntu-latest)	Run tests	2026-05-03T17:56:13.4268130Z     1..5
Test (Node.js on ubuntu-latest)	Run tests	2026-05-03T17:56:13.4281056Z ok 115 - levenshteinDistance
Test (Node.js on ubuntu-latest)	Run tests	2026-05-03T17:56:13.4285346Z   ---
Test (Node.js on ubuntu-latest)	Run tests	2026-05-03T17:56:13.4285834Z   duration_ms: 3.998896
Test (Node.js on ubuntu-latest)	Run tests	2026-05-03T17:56:13.4286345Z   type: 'suite'
Test (Node.js on ubuntu-latest)	Run tests	2026-05-03T17:56:13.4286801Z   ...
Test (Node.js on ubuntu-latest)	Run tests	2026-05-03T17:56:13.4287289Z # Subtest: stringSimilarity
Test (Node.js on ubuntu-latest)	Run tests	2026-05-03T17:56:13.4288278Z     # Subtest: should return 1 for identical strings
Test (Node.js on ubuntu-latest)	Run tests	2026-05-03T17:56:13.4289080Z     ok 1 - should return 1 for identical strings
Test (Node.js on ubuntu-latest)	Run tests	2026-05-03T17:56:13.4289693Z       ---
Test (Node.js on ubuntu-latest)	Run tests	2026-05-03T17:56:13.4290532Z       duration_ms: 0.312175
Test (Node.js on ubuntu-latest)	Run tests	2026-05-03T17:56:13.4291058Z       type: 'test'
Test (Node.js on ubuntu-latest)	Run tests	2026-05-03T17:56:13.4291545Z       ...
Test (Node.js on ubuntu-latest)	Run tests	2026-05-03T17:56:13.4292180Z     # Subtest: should return 0 for completely different strings
Test (Node.js on ubuntu-latest)	Run tests	2026-05-03T17:56:13.4293167Z     ok 2 - should return 0 for completely different strings
Test (Node.js on ubuntu-latest)	Run tests	2026-05-03T17:56:13.4293908Z       ---
Test (Node.js on ubuntu-latest)	Run tests	2026-05-03T17:56:13.4294428Z       duration_ms: 0.344325
Test (Node.js on ubuntu-latest)	Run tests	2026-05-03T17:56:13.4294997Z       type: 'test'
Test (Node.js on ubuntu-latest)	Run tests	2026-05-03T17:56:13.4295494Z       ...
Test (Node.js on ubuntu-latest)	Run tests	2026-05-03T17:56:13.4296235Z     # Subtest: should return value between 0 and 1 for similar strings
Test (Node.js on ubuntu-latest)	Run tests	2026-05-03T17:56:13.4297272Z     ok 3 - should return value between 0 and 1 for similar strings
Test (Node.js on ubuntu-latest)	Run tests	2026-05-03T17:56:13.4298249Z       ---
Test (Node.js on ubuntu-latest)	Run tests	2026-05-03T17:56:13.4298747Z       duration_ms: 0.495188
Test (Node.js on ubuntu-latest)	Run tests	2026-05-03T17:56:13.4299345Z       type: 'test'
Test (Node.js on ubuntu-latest)	Run tests	2026-05-03T17:56:13.4299871Z       ...
Test (Node.js on ubuntu-latest)	Run tests	2026-05-03T17:56:13.4300528Z     # Subtest: should handle different length strings
Test (Node.js on ubuntu-latest)	Run tests	2026-05-03T17:56:13.4301388Z     ok 4 - should handle different length strings
Test (Node.js on ubuntu-latest)	Run tests	2026-05-03T17:56:13.4302146Z       ---
Test (Node.js on ubuntu-latest)	Run tests	2026-05-03T17:56:13.4302688Z       duration_ms: 0.422362
Test (Node.js on ubuntu-latest)	Run tests	2026-05-03T17:56:13.4303311Z       type: 'test'
Test (Node.js on ubuntu-latest)	Run tests	2026-05-03T17:56:13.4303810Z       ...
Test (Node.js on ubuntu-latest)	Run tests	2026-05-03T17:56:13.4304314Z     1..4
Test (Node.js on ubuntu-latest)	Run tests	2026-05-03T17:56:13.4329980Z ok 116 - stringSimilarity
Test (Node.js on ubuntu-latest)	Run tests	2026-05-03T17:56:13.4330589Z   ---
Test (Node.js on ubuntu-latest)	Run tests	2026-05-03T17:56:13.4331049Z   duration_ms: 2.296986
Test (Node.js on ubuntu-latest)	Run tests	2026-05-03T17:56:13.4331550Z   type: 'suite'
Test (Node.js on ubuntu-latest)	Run tests	2026-05-03T17:56:13.4332001Z   ...
Test (Node.js on ubuntu-latest)	Run tests	2026-05-03T17:56:13.4332487Z # Subtest: normalizeQuestion
Test (Node.js on ubuntu-latest)	Run tests	2026-05-03T17:56:13.4333107Z     # Subtest: should convert to lowercase
Test (Node.js on ubuntu-latest)	Run tests	2026-05-03T17:56:13.4333768Z     ok 1 - should convert to lowercase
Test (Node.js on ubuntu-latest)	Run tests	2026-05-03T17:56:13.4334333Z       ---
Test (Node.js on ubuntu-latest)	Run tests	2026-05-03T17:56:13.4334849Z       duration_ms: 0.536014
Test (Node.js on ubuntu-latest)	Run tests	2026-05-03T17:56:13.4335365Z       type: 'test'
Test (Node.js on ubuntu-latest)	Run tests	2026-05-03T17:56:13.4335819Z       ...
Test (Node.js on ubuntu-latest)	Run tests	2026-05-03T17:56:13.4336333Z     # Subtest: should remove punctuation
Test (Node.js on ubuntu-latest)	Run tests	2026-05-03T17:56:13.4336977Z     ok 2 - should remove punctuation
Test (Node.js on ubuntu-latest)	Run tests	2026-05-03T17:56:13.4337835Z       ---
Test (Node.js on ubuntu-latest)	Run tests	2026-05-03T17:56:13.4338325Z       duration_ms: 0.171862
Test (Node.js on ubuntu-latest)	Run tests	2026-05-03T17:56:13.4338839Z       type: 'test'
Test (Node.js on ubuntu-latest)	Run tests	2026-05-03T17:56:13.4339703Z       ...
Test (Node.js on ubuntu-latest)	Run tests	2026-05-03T17:56:13.4340241Z     # Subtest: should standardize whitespace
Test (Node.js on ubuntu-latest)	Run tests	2026-05-03T17:56:13.4340914Z     ok 3 - should standardize whitespace
Test (Node.js on ubuntu-latest)	Run tests	2026-05-03T17:56:13.4341526Z       ---
Test (Node.js on ubuntu-latest)	Run tests	2026-05-03T17:56:13.4342016Z       duration_ms: 0.159469
Test (Node.js on ubuntu-latest)	Run tests	2026-05-03T17:56:13.4342575Z       type: 'test'
Test (Node.js on ubuntu-latest)	Run tests	2026-05-03T17:56:13.4343020Z       ...
Test (Node.js on ubuntu-latest)	Run tests	2026-05-03T17:56:13.4343603Z     # Subtest: should handle combined normalization
Test (Node.js on ubuntu-latest)	Run tests	2026-05-03T17:56:13.4344358Z     ok 4 - should handle combined normalization
Test (Node.js on ubuntu-latest)	Run tests	2026-05-03T17:56:13.4344968Z       ---
Test (Node.js on ubuntu-latest)	Run tests	2026-05-03T17:56:13.4345413Z       duration_ms: 0.162655
Test (Node.js on ubuntu-latest)	Run tests	2026-05-03T17:56:13.4345922Z       type: 'test'
Test (Node.js on ubuntu-latest)	Run tests	2026-05-03T17:56:13.4346360Z       ...
Test (Node.js on ubuntu-latest)	Run tests	2026-05-03T17:56:13.4346783Z     1..4
Test (Node.js on ubuntu-latest)	Run tests	2026-05-03T17:56:13.4347257Z ok 117 - normalizeQuestion
Test (Node.js on ubuntu-latest)	Run tests	2026-05-03T17:56:13.4348021Z   ---
Test (Node.js on ubuntu-latest)	Run tests	2026-05-03T17:56:13.4348471Z   duration_ms: 1.293385
Test (Node.js on ubuntu-latest)	Run tests	2026-05-03T17:56:13.4348961Z   type: 'suite'
Test (Node.js on ubuntu-latest)	Run tests	2026-05-03T17:56:13.4349420Z   ...
Test (Node.js on ubuntu-latest)	Run tests	2026-05-03T17:56:13.4349896Z # Subtest: extractKeywords
Test (Node.js on ubuntu-latest)	Run tests	2026-05-03T17:56:13.4350665Z     # Subtest: should extract all keywords when no stopwords provided
Test (Node.js on ubuntu-latest)	Run tests	2026-05-03T17:56:13.4351599Z     ok 1 - should extract all keywords when no stopwords provided
Test (Node.js on ubuntu-latest)	Run tests	2026-05-03T17:56:13.4352282Z       ---
Test (Node.js on ubuntu-latest)	Run tests	2026-05-03T17:56:13.4352737Z       duration_ms: 0.47471
Test (Node.js on ubuntu-latest)	Run tests	2026-05-03T17:56:13.4353233Z       type: 'test'
Test (Node.js on ubuntu-latest)	Run tests	2026-05-03T17:56:13.4353678Z       ...
Test (Node.js on ubuntu-latest)	Run tests	2026-05-03T17:56:13.4354322Z     # Subtest: should filter out English stopwords when provided
Test (Node.js on ubuntu-latest)	Run tests	2026-05-03T17:56:13.4355184Z     ok 2 - should filter out English stopwords when provided
Test (Node.js on ubuntu-latest)	Run tests	2026-05-03T17:56:13.4355834Z       ---
Test (Node.js on ubuntu-latest)	Run tests	2026-05-03T17:56:13.4356274Z       duration_ms: 0.190548
Test (Node.js on ubuntu-latest)	Run tests	2026-05-03T17:56:13.4356775Z       type: 'test'
Test (Node.js on ubuntu-latest)	Run tests	2026-05-03T17:56:13.4357226Z       ...
Test (Node.js on ubuntu-latest)	Run tests	2026-05-03T17:56:13.4358058Z     # Subtest: should filter out Russian stopwords when provided
Test (Node.js on ubuntu-latest)	Run tests	2026-05-03T17:56:13.4358923Z     ok 3 - should filter out Russian stopwords when provided
Test (Node.js on ubuntu-latest)	Run tests	2026-05-03T17:56:13.4359922Z       ---
Test (Node.js on ubuntu-latest)	Run tests	2026-05-03T17:56:13.4360359Z       duration_ms: 0.289272
Test (Node.js on ubuntu-latest)	Run tests	2026-05-03T17:56:13.4360902Z       type: 'test'
Test (Node.js on ubuntu-latest)	Run tests	2026-05-03T17:56:13.4361356Z       ...
Test (Node.js on ubuntu-latest)	Run tests	2026-05-03T17:56:13.4361895Z     # Subtest: should add stems for longer words
Test (Node.js on ubuntu-latest)	Run tests	2026-05-03T17:56:13.4362602Z     ok 4 - should add stems for longer words
Test (Node.js on ubuntu-latest)	Run tests	2026-05-03T17:56:13.4363196Z       ---
Test (Node.js on ubuntu-latest)	Run tests	2026-05-03T17:56:13.4363635Z       duration_ms: 0.172644
Test (Node.js on ubuntu-latest)	Run tests	2026-05-03T17:56:13.4364145Z       type: 'test'
Test (Node.js on ubuntu-latest)	Run tests	2026-05-03T17:56:13.4364589Z       ...
Test (Node.js on ubuntu-latest)	Run tests	2026-05-03T17:56:13.4365145Z     # Subtest: should respect minWordLength option
Test (Node.js on ubuntu-latest)	Run tests	2026-05-03T17:56:13.4365905Z     ok 5 - should respect minWordLength option
Test (Node.js on ubuntu-latest)	Run tests	2026-05-03T17:56:13.4366497Z       ---
Test (Node.js on ubuntu-latest)	Run tests	2026-05-03T17:56:13.4366936Z       duration_ms: 0.164479
Test (Node.js on ubuntu-latest)	Run tests	2026-05-03T17:56:13.4367675Z       type: 'test'
Test (Node.js on ubuntu-latest)	Run tests	2026-05-03T17:56:13.4368171Z       ...
Test (Node.js on ubuntu-latest)	Run tests	2026-05-03T17:56:13.4368766Z     # Subtest: should disable stemming when stemLength is 0
Test (Node.js on ubuntu-latest)	Run tests	2026-05-03T17:56:13.4369593Z     ok 6 - should disable stemming when stemLength is 0
Test (Node.js on ubuntu-latest)	Run tests	2026-05-03T17:56:13.4370243Z       ---
Test (Node.js on ubuntu-latest)	Run tests	2026-05-03T17:56:13.4370687Z       duration_ms: 0.148188
Test (Node.js on ubuntu-latest)	Run tests	2026-05-03T17:56:13.4371272Z       type: 'test'
Test (Node.js on ubuntu-latest)	Run tests	2026-05-03T17:56:13.4371789Z       ...
Test (Node.js on ubuntu-latest)	Run tests	2026-05-03T17:56:13.4372282Z     1..6
Test (Node.js on ubuntu-latest)	Run tests	2026-05-03T17:56:13.4372806Z ok 118 - extractKeywords
Test (Node.js on ubuntu-latest)	Run tests	2026-05-03T17:56:13.4373348Z   ---
Test (Node.js on ubuntu-latest)	Run tests	2026-05-03T17:56:13.4373890Z   duration_ms: 1.727769
Test (Node.js on ubuntu-latest)	Run tests	2026-05-03T17:56:13.4374440Z   type: 'suite'
Test (Node.js on ubuntu-latest)	Run tests	2026-05-03T17:56:13.4374874Z   ...
Test (Node.js on ubuntu-latest)	Run tests	2026-05-03T17:56:13.4375361Z # Subtest: keywordSimilarity
Test (Node.js on ubuntu-latest)	Run tests	2026-05-03T17:56:13.4376041Z     # Subtest: should return 1 for identical questions
Test (Node.js on ubuntu-latest)	Run tests	2026-05-03T17:56:13.4376788Z     ok 1 - should return 1 for identical questions
Test (Node.js on ubuntu-latest)	Run tests	2026-05-03T17:56:13.4377590Z       ---
Test (Node.js on ubuntu-latest)	Run tests	2026-05-03T17:56:13.4378087Z       duration_ms: 0.419697
Test (Node.js on ubuntu-latest)	Run tests	2026-05-03T17:56:13.4378592Z       type: 'test'
Test (Node.js on ubuntu-latest)	Run tests	2026-05-03T17:56:13.4379047Z       ...
Test (Node.js on ubuntu-latest)	Run tests	2026-05-03T17:56:13.4379827Z     # Subtest: should return positive similarity for similar questions
Test (Node.js on ubuntu-latest)	Run tests	2026-05-03T17:56:13.4380780Z     ok 2 - should return positive similarity for similar questions
Test (Node.js on ubuntu-latest)	Run tests	2026-05-03T17:56:13.4381489Z       ---
Test (Node.js on ubuntu-latest)	Run tests	2026-05-03T17:56:13.4381927Z       duration_ms: 0.168696
Test (Node.js on ubuntu-latest)	Run tests	2026-05-03T17:56:13.4382752Z       type: 'test'
Test (Node.js on ubuntu-latest)	Run tests	2026-05-03T17:56:13.4383201Z       ...
Test (Node.js on ubuntu-latest)	Run tests	2026-05-03T17:56:13.4383856Z     # Subtest: should return low similarity for different questions
Test (Node.js on ubuntu-latest)	Run tests	2026-05-03T17:56:13.4384749Z     ok 3 - should return low similarity for different questions
Test (Node.js on ubuntu-latest)	Run tests	2026-05-03T17:56:13.4385417Z       ---
Test (Node.js on ubuntu-latest)	Run tests	2026-05-03T17:56:13.4385867Z       duration_ms: 0.178524
Test (Node.js on ubuntu-latest)	Run tests	2026-05-03T17:56:13.4386360Z       type: 'test'
Test (Node.js on ubuntu-latest)	Run tests	2026-05-03T17:56:13.4386802Z       ...
Test (Node.js on ubuntu-latest)	Run tests	2026-05-03T17:56:13.4387674Z     # Subtest: should return 0 for completely different questions
Test (Node.js on ubuntu-latest)	Run tests	2026-05-03T17:56:13.4388596Z     ok 4 - should return 0 for completely different questions
Test (Node.js on ubuntu-latest)	Run tests	2026-05-03T17:56:13.4389260Z       ---
Test (Node.js on ubuntu-latest)	Run tests	2026-05-03T17:56:13.4389701Z       duration_ms: 0.200105
Test (Node.js on ubuntu-latest)	Run tests	2026-05-03T17:56:13.4390204Z       type: 'test'
Test (Node.js on ubuntu-latest)	Run tests	2026-05-03T17:56:13.4390655Z       ...
Test (Node.js on ubuntu-latest)	Run tests	2026-05-03T17:56:13.4391071Z     1..4
Test (Node.js on ubuntu-latest)	Run tests	2026-05-03T17:56:13.4391575Z ok 119 - keywordSimilarity
Test (Node.js on ubuntu-latest)	Run tests	2026-05-03T17:56:13.4392113Z   ---
Test (Node.js on ubuntu-latest)	Run tests	2026-05-03T17:56:13.4392549Z   duration_ms: 1.313271
Test (Node.js on ubuntu-latest)	Run tests	2026-05-03T17:56:13.4393061Z   type: 'suite'
Test (Node.js on ubuntu-latest)	Run tests	2026-05-03T17:56:13.4393500Z   ...
Test (Node.js on ubuntu-latest)	Run tests	2026-05-03T17:56:13.4393967Z # Subtest: findBestMatch
Test (Node.js on ubuntu-latest)	Run tests	2026-05-03T17:56:13.4394616Z     # Subtest: should return exact match with score 1.0
Test (Node.js on ubuntu-latest)	Run tests	2026-05-03T17:56:13.4395376Z     ok 1 - should return exact match with score 1.0
Test (Node.js on ubuntu-latest)	Run tests	2026-05-03T17:56:13.4395980Z       ---
Test (Node.js on ubuntu-latest)	Run tests	2026-05-03T17:56:13.4396423Z       duration_ms: 0.360366
Test (Node.js on ubuntu-latest)	Run tests	2026-05-03T17:56:13.4396928Z       type: 'test'
Test (Node.js on ubuntu-latest)	Run tests	2026-05-03T17:56:13.4397568Z       ...
Test (Node.js on ubuntu-latest)	Run tests	2026-05-03T17:56:13.4398234Z     # Subtest: should find similar question with low threshold
Test (Node.js on ubuntu-latest)	Run tests	2026-05-03T17:56:13.4399083Z     ok 2 - should find similar question with low threshold
Test (Node.js on ubuntu-latest)	Run tests	2026-05-03T17:56:13.4399720Z       ---
Test (Node.js on ubuntu-latest)	Run tests	2026-05-03T17:56:13.4400162Z       duration_ms: 0.813696
Test (Node.js on ubuntu-latest)	Run tests	2026-05-03T17:56:13.4400671Z       type: 'test'
Test (Node.js on ubuntu-latest)	Run tests	2026-05-03T17:56:13.4401111Z       ...
Test (Node.js on ubuntu-latest)	Run tests	2026-05-03T17:56:13.4401826Z     # Subtest: should return null when no match above threshold
Test (Node.js on ubuntu-latest)	Run tests	2026-05-03T17:56:13.4403027Z     ok 3 - should return null when no match above threshold
Test (Node.js on ubuntu-latest)	Run tests	2026-05-03T17:56:13.4403674Z       ---
Test (Node.js on ubuntu-latest)	Run tests	2026-05-03T17:56:13.4404120Z       duration_ms: 2.134932
Test (Node.js on ubuntu-latest)	Run tests	2026-05-03T17:56:13.4404621Z       type: 'test'
Test (Node.js on ubuntu-latest)	Run tests	2026-05-03T17:56:13.4405064Z       ...
Test (Node.js on ubuntu-latest)	Run tests	2026-05-03T17:56:13.4405602Z     # Subtest: should respect threshold option
Test (Node.js on ubuntu-latest)	Run tests	2026-05-03T17:56:13.4406294Z     ok 4 - should respect threshold option
Test (Node.js on ubuntu-latest)	Run tests	2026-05-03T17:56:13.4406865Z       ---
Test (Node.js on ubuntu-latest)	Run tests	2026-05-03T17:56:13.4407560Z       duration_ms: 0.525595
Test (Node.js on ubuntu-latest)	Run tests	2026-05-03T17:56:13.4408211Z       type: 'test'
Test (Node.js on ubuntu-latest)	Run tests	2026-05-03T17:56:13.4408659Z       ...
Test (Node.js on ubuntu-latest)	Run tests	2026-05-03T17:56:13.4409073Z     # Subtest: should handle Russian questions
Test (Node.js on ubuntu-latest)	Run tests	2026-05-03T17:56:13.4409624Z     ok 5 - should handle Russian questions
Test (Node.js on ubuntu-latest)	Run tests	2026-05-03T17:56:13.4409963Z       ---
Test (Node.js on ubuntu-latest)	Run tests	2026-05-03T17:56:13.4410160Z       duration_ms: 0.154429
Test (Node.js on ubuntu-latest)	Run tests	2026-05-03T17:56:13.4410414Z       type: 'test'
Test (Node.js on ubuntu-latest)	Run tests	2026-05-03T17:56:13.4410599Z       ...
Test (Node.js on ubuntu-latest)	Run tests	2026-05-03T17:56:13.4410765Z     1..5
Test (Node.js on ubuntu-latest)	Run tests	2026-05-03T17:56:13.4410968Z ok 120 - findBestMatch
Test (Node.js on ubuntu-latest)	Run tests	2026-05-03T17:56:13.4411172Z   ---
Test (Node.js on ubuntu-latest)	Run tests	2026-05-03T17:56:13.4411359Z   duration_ms: 4.260916
Test (Node.js on ubuntu-latest)	Run tests	2026-05-03T17:56:13.4411568Z   type: 'suite'
Test (Node.js on ubuntu-latest)	Run tests	2026-05-03T17:56:13.4411749Z   ...
Test (Node.js on ubuntu-latest)	Run tests	2026-05-03T17:56:13.4411940Z # Subtest: findAllMatches
Test (Node.js on ubuntu-latest)	Run tests	2026-05-03T17:56:13.4412251Z     # Subtest: should return all matches above threshold
Test (Node.js on ubuntu-latest)	Run tests	2026-05-03T17:56:13.4412629Z     ok 1 - should return all matches above threshold
Test (Node.js on ubuntu-latest)	Run tests	2026-05-03T17:56:13.4412972Z       ---
Test (Node.js on ubuntu-latest)	Run tests	2026-05-03T17:56:13.4413283Z       duration_ms: 0.836157
Test (Node.js on ubuntu-latest)	Run tests	2026-05-03T17:56:13.4413655Z       type: 'test'
Test (Node.js on ubuntu-latest)	Run tests	2026-05-03T17:56:13.4413964Z       ...
Test (Node.js on ubuntu-latest)	Run tests	2026-05-03T17:56:13.4414410Z     # Subtest: should sort matches by score descending
Test (Node.js on ubuntu-latest)	Run tests	2026-05-03T17:56:13.4415001Z     ok 2 - should sort matches by score descending
Test (Node.js on ubuntu-latest)	Run tests	2026-05-03T17:56:13.4415503Z       ---
Test (Node.js on ubuntu-latest)	Run tests	2026-05-03T17:56:13.4415808Z       duration_ms: 0.652803
Test (Node.js on ubuntu-latest)	Run tests	2026-05-03T17:56:13.4416161Z       type: 'test'
Test (Node.js on ubuntu-latest)	Run tests	2026-05-03T17:56:13.4416439Z       ...
Test (Node.js on ubuntu-latest)	Run tests	2026-05-03T17:56:13.4416700Z     # Subtest: should return empty array when no matches
Test (Node.js on ubuntu-latest)	Run tests	2026-05-03T17:56:13.4417083Z     ok 3 - should return empty array when no matches
Test (Node.js on ubuntu-latest)	Run tests	2026-05-03T17:56:13.4418307Z       ---
Test (Node.js on ubuntu-latest)	Run tests	2026-05-03T17:56:13.4418519Z       duration_ms: 1.823789
Test (Node.js on ubuntu-latest)	Run tests	2026-05-03T17:56:13.4418755Z       type: 'test'
Test (Node.js on ubuntu-latest)	Run tests	2026-05-03T17:56:13.4418944Z       ...
Test (Node.js on ubuntu-latest)	Run tests	2026-05-03T17:56:13.4419179Z     # Subtest: should include answer in results
Test (Node.js on ubuntu-latest)	Run tests	2026-05-03T17:56:13.4419514Z     ok 4 - should include answer in results
Test (Node.js on ubuntu-latest)	Run tests	2026-05-03T17:56:13.4419773Z       ---
Test (Node.js on ubuntu-latest)	Run tests	2026-05-03T17:56:13.4419957Z       duration_ms: 0.577172
Test (Node.js on ubuntu-latest)	Run tests	2026-05-03T17:56:13.4420176Z       type: 'test'
Test (Node.js on ubuntu-latest)	Run tests	2026-05-03T17:56:13.4420354Z       ...
Test (Node.js on ubuntu-latest)	Run tests	2026-05-03T17:56:13.4420523Z     1..4
Test (Node.js on ubuntu-latest)	Run tests	2026-05-03T17:56:13.4420717Z ok 121 - findAllMatches
Test (Node.js on ubuntu-latest)	Run tests	2026-05-03T17:56:13.4420926Z   ---
Test (Node.js on ubuntu-latest)	Run tests	2026-05-03T17:56:13.4421107Z   duration_ms: 4.130813
Test (Node.js on ubuntu-latest)	Run tests	2026-05-03T17:56:13.4421305Z   type: 'suite'
Test (Node.js on ubuntu-latest)	Run tests	2026-05-03T17:56:13.4421485Z   ...
Test (Node.js on ubuntu-latest)	Run tests	2026-05-03T17:56:13.4421640Z 1..121
Test (Node.js on ubuntu-latest)	Run tests	2026-05-03T17:56:13.4421806Z # tests 146
Test (Node.js on ubuntu-latest)	Run tests	2026-05-03T17:56:13.4421973Z # suites 7
Test (Node.js on ubuntu-latest)	Run tests	2026-05-03T17:56:13.4422139Z # pass 146
Test (Node.js on ubuntu-latest)	Run tests	2026-05-03T17:56:13.4422316Z # fail 0
Test (Node.js on ubuntu-latest)	Run tests	2026-05-03T17:56:13.4422480Z # cancelled 0
Test (Node.js on ubuntu-latest)	Run tests	2026-05-03T17:56:13.4422672Z # skipped 0
Test (Node.js on ubuntu-latest)	Run tests	2026-05-03T17:56:13.4422844Z # todo 0
Test (Node.js on ubuntu-latest)	Run tests	2026-05-03T17:56:13.4423037Z # duration_ms 308.643381
Test (Node.js on ubuntu-latest)	Run example	﻿2026-05-03T17:56:13.4456518Z ##[group]Run npm run example
Test (Node.js on ubuntu-latest)	Run example	2026-05-03T17:56:13.4456837Z [36;1mnpm run example[0m
Test (Node.js on ubuntu-latest)	Run example	2026-05-03T17:56:13.4479284Z shell: /usr/bin/bash -e {0}
Test (Node.js on ubuntu-latest)	Run example	2026-05-03T17:56:13.4479519Z ##[endgroup]
Test (Node.js on ubuntu-latest)	Run example	2026-05-03T17:56:13.5491763Z 
Test (Node.js on ubuntu-latest)	Run example	2026-05-03T17:56:13.5492645Z > lino-objects-codec@0.3.3 example
Test (Node.js on ubuntu-latest)	Run example	2026-05-03T17:56:13.5493350Z > node examples/basic_usage.js
Test (Node.js on ubuntu-latest)	Run example	2026-05-03T17:56:13.5493669Z 
Test (Node.js on ubuntu-latest)	Run example	2026-05-03T17:56:13.5830452Z === Link Notation Objects Codec Examples ===
Test (Node.js on ubuntu-latest)	Run example	2026-05-03T17:56:13.5831004Z 
Test (Node.js on ubuntu-latest)	Run example	2026-05-03T17:56:13.5831685Z 1. Basic Types:
Test (Node.js on ubuntu-latest)	Run example	2026-05-03T17:56:13.5856746Z   null                           -> (null)                                             -> null
Test (Node.js on ubuntu-latest)	Run example	2026-05-03T17:56:13.5859495Z   undefined                      -> (undefined)                                        -> undefined
Test (Node.js on ubuntu-latest)	Run example	2026-05-03T17:56:13.5861804Z   true                           -> (bool true)                                        -> true
Test (Node.js on ubuntu-latest)	Run example	2026-05-03T17:56:13.5863219Z   false                          -> (bool false)                                       -> false
Test (Node.js on ubuntu-latest)	Run example	2026-05-03T17:56:13.5867025Z   42                             -> (int 42)                                           -> 42
Test (Node.js on ubuntu-latest)	Run example	2026-05-03T17:56:13.5869560Z   3.14                           -> (float 3.14)                                       -> 3.14
Test (Node.js on ubuntu-latest)	Run example	2026-05-03T17:56:13.5872359Z   Hello, World!                  -> (str SGVsbG8sIFdvcmxkIQ==)                         -> Hello, World!
Test (Node.js on ubuntu-latest)	Run example	2026-05-03T17:56:13.5876378Z   Unicode: 你好世界 🌍               -> (str VW5pY29kZTog5L2g5aW95LiW55WMIPCfjI0=)         -> Unicode: 你好世界 🌍
Test (Node.js on ubuntu-latest)	Run example	2026-05-03T17:56:13.5877070Z 
Test (Node.js on ubuntu-latest)	Run example	2026-05-03T17:56:13.5877208Z 2. Collections:
Test (Node.js on ubuntu-latest)	Run example	2026-05-03T17:56:13.5877772Z   Array: [1,2,3,"hello",true]
Test (Node.js on ubuntu-latest)	Run example	2026-05-03T17:56:13.5878389Z   Encoded: (array (int 1) (int 2) (int 3) (str aGVsbG8=) (bool true))
Test (Node.js on ubuntu-latest)	Run example	2026-05-03T17:56:13.5882801Z   Decoded: [1,2,3,"hello",true]
Test (Node.js on ubuntu-latest)	Run example	2026-05-03T17:56:13.5883880Z   Match: true
Test (Node.js on ubuntu-latest)	Run example	2026-05-03T17:56:13.5884073Z 
Test (Node.js on ubuntu-latest)	Run example	2026-05-03T17:56:13.5884348Z   Object: {"name":"Alice","age":30,"active":true}
Test (Node.js on ubuntu-latest)	Run example	2026-05-03T17:56:13.5885553Z   Encoded: (object ((str bmFtZQ==) (str QWxpY2U=)) ((str YWdl) (int 30)) ((str YWN0aXZl) (bool true)))
Test (Node.js on ubuntu-latest)	Run example	2026-05-03T17:56:13.5888984Z   Decoded: {"name":"Alice","age":30,"active":true}
Test (Node.js on ubuntu-latest)	Run example	2026-05-03T17:56:13.5889454Z   Match: true
Test (Node.js on ubuntu-latest)	Run example	2026-05-03T17:56:13.5889788Z 
Test (Node.js on ubuntu-latest)	Run example	2026-05-03T17:56:13.5890412Z 3. Nested Structures:
Test (Node.js on ubuntu-latest)	Run example	2026-05-03T17:56:13.5891402Z   Original: {"users":[{"id":1,"name":"Alice","admin":true},{"id":2,"name":"Bob","admin":false}],"metadata":{"version":1,"count":2}}
Test (Node.js on ubuntu-latest)	Run example	2026-05-03T17:56:13.5893559Z   Encoded length: 296 characters
Test (Node.js on ubuntu-latest)	Run example	2026-05-03T17:56:13.5905712Z   Decoded: {"users":[{"id":1,"name":"Alice","admin":true},{"id":2,"name":"Bob","admin":false}],"metadata":{"version":1,"count":2}}
Test (Node.js on ubuntu-latest)	Run example	2026-05-03T17:56:13.5906596Z   Match: true
Test (Node.js on ubuntu-latest)	Run example	2026-05-03T17:56:13.5906777Z 
Test (Node.js on ubuntu-latest)	Run example	2026-05-03T17:56:13.5906956Z 4. Circular References:
Test (Node.js on ubuntu-latest)	Run example	2026-05-03T17:56:13.5907703Z   Created self-referencing array
Test (Node.js on ubuntu-latest)	Run example	2026-05-03T17:56:13.5908292Z   Encoded: (obj_0: array (int 1) (int 2) (int 3) obj_0)
Test (Node.js on ubuntu-latest)	Run example	2026-05-03T17:56:13.5909317Z   Decoded correctly: true
Test (Node.js on ubuntu-latest)	Run example	2026-05-03T17:56:13.5910100Z   Circular reference preserved: true
Test (Node.js on ubuntu-latest)	Run example	2026-05-03T17:56:13.5910628Z 
Test (Node.js on ubuntu-latest)	Run example	2026-05-03T17:56:13.5911173Z   Created self-referencing object
Test (Node.js on ubuntu-latest)	Run example	2026-05-03T17:56:13.5911989Z   Encoded: (obj_0: object ((str bmFtZQ==) (str cm9vdA==)) ((str c2VsZg==) obj_0))
Test (Node.js on ubuntu-latest)	Run example	2026-05-03T17:56:13.5912746Z   Decoded correctly: true
Test (Node.js on ubuntu-latest)	Run example	2026-05-03T17:56:13.5913706Z   Circular reference preserved: true
Test (Node.js on ubuntu-latest)	Run example	2026-05-03T17:56:13.5914235Z 
Test (Node.js on ubuntu-latest)	Run example	2026-05-03T17:56:13.5914760Z 5. Shared Object References:
Test (Node.js on ubuntu-latest)	Run example	2026-05-03T17:56:13.5915300Z   Created container with 3 references to same object
Test (Node.js on ubuntu-latest)	Run example	2026-05-03T17:56:13.5916640Z   Encoded: (object ((str Zmlyc3Q=) (obj_0: object ((str c2hhcmVk) (str ZGF0YQ==)) ((str dmFsdWU=) (int 42)))) ((str c2Vjb25k) obj_0) ((str dGhpcmQ=) obj_0))
Test (Node.js on ubuntu-latest)	Run example	2026-05-03T17:56:13.5918082Z   All three references point to same object: true
Test (Node.js on ubuntu-latest)	Run example	2026-05-03T17:56:13.5918788Z   Modified through 'first', visible in 'second': true
Test (Node.js on ubuntu-latest)	Run example	2026-05-03T17:56:13.5919249Z 
Test (Node.js on ubuntu-latest)	Run example	2026-05-03T17:56:13.5919892Z === All examples completed successfully! ===
Test (Node.js on ubuntu-latest)	Post Setup Node.js	﻿2026-05-03T17:56:13.6092579Z Post job cleanup.
Test (Node.js on ubuntu-latest)	Post Run actions/checkout@v4	﻿2026-05-03T17:56:13.8040586Z Post job cleanup.
Test (Node.js on ubuntu-latest)	Post Run actions/checkout@v4	2026-05-03T17:56:13.9066824Z [command]/usr/bin/git version
Test (Node.js on ubuntu-latest)	Post Run actions/checkout@v4	2026-05-03T17:56:13.9108679Z git version 2.53.0
Test (Node.js on ubuntu-latest)	Post Run actions/checkout@v4	2026-05-03T17:56:13.9154739Z Temporarily overriding HOME='/home/runner/work/_temp/5bf21d40-f689-4416-a5b1-94021183a3ca' before making global git config changes
Test (Node.js on ubuntu-latest)	Post Run actions/checkout@v4	2026-05-03T17:56:13.9168506Z Adding repository directory to the temporary git global config as a safe directory
Test (Node.js on ubuntu-latest)	Post Run actions/checkout@v4	2026-05-03T17:56:13.9170065Z [command]/usr/bin/git config --global --add safe.directory /home/runner/work/lino-objects-codec/lino-objects-codec
Test (Node.js on ubuntu-latest)	Post Run actions/checkout@v4	2026-05-03T17:56:13.9206202Z [command]/usr/bin/git config --local --name-only --get-regexp core\.sshCommand
Test (Node.js on ubuntu-latest)	Post Run actions/checkout@v4	2026-05-03T17:56:13.9241918Z [command]/usr/bin/git submodule foreach --recursive sh -c "git config --local --name-only --get-regexp 'core\.sshCommand' && git config --local --unset-all 'core.sshCommand' || :"
Test (Node.js on ubuntu-latest)	Post Run actions/checkout@v4	2026-05-03T17:56:13.9488273Z [command]/usr/bin/git config --local --name-only --get-regexp http\.https\:\/\/github\.com\/\.extraheader
Test (Node.js on ubuntu-latest)	Post Run actions/checkout@v4	2026-05-03T17:56:13.9511115Z http.https://github.com/.extraheader
Test (Node.js on ubuntu-latest)	Post Run actions/checkout@v4	2026-05-03T17:56:13.9526186Z [command]/usr/bin/git config --local --unset-all http.https://github.com/.extraheader
Test (Node.js on ubuntu-latest)	Post Run actions/checkout@v4	2026-05-03T17:56:13.9559393Z [command]/usr/bin/git submodule foreach --recursive sh -c "git config --local --name-only --get-regexp 'http\.https\:\/\/github\.com\/\.extraheader' && git config --local --unset-all 'http.https://github.com/.extraheader' || :"
Test (Node.js on ubuntu-latest)	Post Run actions/checkout@v4	2026-05-03T17:56:13.9793426Z [command]/usr/bin/git config --local --name-only --get-regexp ^includeIf\.gitdir:
Test (Node.js on ubuntu-latest)	Post Run actions/checkout@v4	2026-05-03T17:56:13.9826042Z [command]/usr/bin/git submodule foreach --recursive git config --local --show-origin --name-only --get-regexp remote.origin.url
Test (Node.js on ubuntu-latest)	Complete job	﻿2026-05-03T17:56:14.0213885Z Cleaning up orphan processes
Test (Node.js on ubuntu-latest)	Complete job	2026-05-03T17:56:14.0598901Z ##[warning]Node.js 20 actions are deprecated. The following actions are running on Node.js 20 and may not work as expected: actions/checkout@v4, actions/setup-node@v4. Actions will be forced to run with Node.js 24 by default starting June 2nd, 2026. Node.js 20 will be removed from the runner on September 16th, 2026. Please check if updated versions of these actions are available that support Node.js 24. To opt into Node.js 24 now, set the FORCE_JAVASCRIPT_ACTIONS_TO_NODE24=true environment variable on the runner or in your workflow file. Once Node.js 24 becomes the default, you can temporarily opt out by setting ACTIONS_ALLOW_USE_UNSECURE_NODE_VERSION=true. For more information see: https://github.blog/changelog/2025-09-19-deprecation-of-node-20-on-github-actions-runners/
Test (Node.js on macos-latest)	Set up job	﻿2026-05-03T17:56:06.7888160Z Current runner version: '2.334.0'
Test (Node.js on macos-latest)	Set up job	2026-05-03T17:56:06.7901490Z ##[group]Runner Image Provisioner
Test (Node.js on macos-latest)	Set up job	2026-05-03T17:56:06.7901910Z Hosted Compute Agent
Test (Node.js on macos-latest)	Set up job	2026-05-03T17:56:06.7902220Z Version: 20260422.526
Test (Node.js on macos-latest)	Set up job	2026-05-03T17:56:06.7902560Z Commit: e1a9e573f4d0838b3a7c1b07401aeb29ed3635a9
Test (Node.js on macos-latest)	Set up job	2026-05-03T17:56:06.7902960Z Build Date: 2026-04-22T09:31:31Z
Test (Node.js on macos-latest)	Set up job	2026-05-03T17:56:06.7903330Z Worker ID: {5ed3a829-a68f-423f-b871-104ccea0fa84}
Test (Node.js on macos-latest)	Set up job	2026-05-03T17:56:06.7903720Z Azure Region: westus
Test (Node.js on macos-latest)	Set up job	2026-05-03T17:56:06.7904030Z ##[endgroup]
Test (Node.js on macos-latest)	Set up job	2026-05-03T17:56:06.7904740Z ##[group]Operating System
Test (Node.js on macos-latest)	Set up job	2026-05-03T17:56:06.7905070Z macOS
Test (Node.js on macos-latest)	Set up job	2026-05-03T17:56:06.7905320Z 15.7.4
Test (Node.js on macos-latest)	Set up job	2026-05-03T17:56:06.7905570Z 24G517
Test (Node.js on macos-latest)	Set up job	2026-05-03T17:56:06.7905820Z ##[endgroup]
Test (Node.js on macos-latest)	Set up job	2026-05-03T17:56:06.7906080Z ##[group]Runner Image
Test (Node.js on macos-latest)	Set up job	2026-05-03T17:56:06.7906370Z Image: macos-15-arm64
Test (Node.js on macos-latest)	Set up job	2026-05-03T17:56:06.7906660Z Version: 20260427.0018.1
Test (Node.js on macos-latest)	Set up job	2026-05-03T17:56:06.7907280Z Included Software: https://github.com/actions/runner-images/blob/macos-15-arm64/20260427.0018/images/macos/macos-15-arm64-Readme.md
Test (Node.js on macos-latest)	Set up job	2026-05-03T17:56:06.7908220Z Image Release: https://github.com/actions/runner-images/releases/tag/macos-15-arm64%2F20260427.0018
Test (Node.js on macos-latest)	Set up job	2026-05-03T17:56:06.7908760Z ##[endgroup]
Test (Node.js on macos-latest)	Set up job	2026-05-03T17:56:06.7910400Z ##[group]GITHUB_TOKEN Permissions
Test (Node.js on macos-latest)	Set up job	2026-05-03T17:56:06.7911280Z Actions: write
Test (Node.js on macos-latest)	Set up job	2026-05-03T17:56:06.7911570Z ArtifactMetadata: write
Test (Node.js on macos-latest)	Set up job	2026-05-03T17:56:06.7911870Z Attestations: write
Test (Node.js on macos-latest)	Set up job	2026-05-03T17:56:06.7912210Z Checks: write
Test (Node.js on macos-latest)	Set up job	2026-05-03T17:56:06.7912480Z Contents: write
Test (Node.js on macos-latest)	Set up job	2026-05-03T17:56:06.7912750Z Deployments: write
Test (Node.js on macos-latest)	Set up job	2026-05-03T17:56:06.7913030Z Discussions: write
Test (Node.js on macos-latest)	Set up job	2026-05-03T17:56:06.7913300Z Issues: write
Test (Node.js on macos-latest)	Set up job	2026-05-03T17:56:06.7913570Z Metadata: read
Test (Node.js on macos-latest)	Set up job	2026-05-03T17:56:06.7913840Z Models: read
Test (Node.js on macos-latest)	Set up job	2026-05-03T17:56:06.7914110Z Packages: write
Test (Node.js on macos-latest)	Set up job	2026-05-03T17:56:06.7914380Z Pages: write
Test (Node.js on macos-latest)	Set up job	2026-05-03T17:56:06.7914680Z PullRequests: write
Test (Node.js on macos-latest)	Set up job	2026-05-03T17:56:06.7914970Z RepositoryProjects: write
Test (Node.js on macos-latest)	Set up job	2026-05-03T17:56:06.7915290Z SecurityEvents: write
Test (Node.js on macos-latest)	Set up job	2026-05-03T17:56:06.7915580Z Statuses: write
Test (Node.js on macos-latest)	Set up job	2026-05-03T17:56:06.7915860Z VulnerabilityAlerts: read
Test (Node.js on macos-latest)	Set up job	2026-05-03T17:56:06.7916180Z ##[endgroup]
Test (Node.js on macos-latest)	Set up job	2026-05-03T17:56:06.7917280Z Secret source: Actions
Test (Node.js on macos-latest)	Set up job	2026-05-03T17:56:06.7917630Z Prepare workflow directory
Test (Node.js on macos-latest)	Set up job	2026-05-03T17:56:06.8122400Z Prepare all required actions
Test (Node.js on macos-latest)	Set up job	2026-05-03T17:56:06.8146530Z Getting action download info
Test (Node.js on macos-latest)	Set up job	2026-05-03T17:56:07.0359630Z Download action repository 'actions/checkout@v4' (SHA:34e114876b0b11c390a56381ad16ebd13914f8d5)
Test (Node.js on macos-latest)	Set up job	2026-05-03T17:56:07.3543040Z Download action repository 'actions/setup-node@v4' (SHA:49933ea5288caeca8642d1e84afbd3f7d6820020)
Test (Node.js on macos-latest)	Set up job	2026-05-03T17:56:07.5582240Z Complete job name: Test (Node.js on macos-latest)
Test (Node.js on macos-latest)	Run actions/checkout@v4	﻿2026-05-03T17:56:07.5942610Z ##[group]Run actions/checkout@v4
Test (Node.js on macos-latest)	Run actions/checkout@v4	2026-05-03T17:56:07.5943090Z with:
Test (Node.js on macos-latest)	Run actions/checkout@v4	2026-05-03T17:56:07.5943380Z   repository: link-foundation/lino-objects-codec
Test (Node.js on macos-latest)	Run actions/checkout@v4	2026-05-03T17:56:07.5943840Z   token: ***
Test (Node.js on macos-latest)	Run actions/checkout@v4	2026-05-03T17:56:07.5944100Z   ssh-strict: true
Test (Node.js on macos-latest)	Run actions/checkout@v4	2026-05-03T17:56:07.5944360Z   ssh-user: git
Test (Node.js on macos-latest)	Run actions/checkout@v4	2026-05-03T17:56:07.5944630Z   persist-credentials: true
Test (Node.js on macos-latest)	Run actions/checkout@v4	2026-05-03T17:56:07.5944930Z   clean: true
Test (Node.js on macos-latest)	Run actions/checkout@v4	2026-05-03T17:56:07.5945200Z   sparse-checkout-cone-mode: true
Test (Node.js on macos-latest)	Run actions/checkout@v4	2026-05-03T17:56:07.5945510Z   fetch-depth: 1
Test (Node.js on macos-latest)	Run actions/checkout@v4	2026-05-03T17:56:07.5945770Z   fetch-tags: false
Test (Node.js on macos-latest)	Run actions/checkout@v4	2026-05-03T17:56:07.5946040Z   show-progress: true
Test (Node.js on macos-latest)	Run actions/checkout@v4	2026-05-03T17:56:07.5946300Z   lfs: false
Test (Node.js on macos-latest)	Run actions/checkout@v4	2026-05-03T17:56:07.5946540Z   submodules: false
Test (Node.js on macos-latest)	Run actions/checkout@v4	2026-05-03T17:56:07.5946810Z   set-safe-directory: true
Test (Node.js on macos-latest)	Run actions/checkout@v4	2026-05-03T17:56:07.5947190Z ##[endgroup]
Test (Node.js on macos-latest)	Run actions/checkout@v4	2026-05-03T17:56:07.9126420Z Syncing repository: link-foundation/lino-objects-codec
Test (Node.js on macos-latest)	Run actions/checkout@v4	2026-05-03T17:56:07.9130330Z ##[group]Getting Git version info
Test (Node.js on macos-latest)	Run actions/checkout@v4	2026-05-03T17:56:07.9131670Z Working directory is '/Users/runner/work/lino-objects-codec/lino-objects-codec'
Test (Node.js on macos-latest)	Run actions/checkout@v4	2026-05-03T17:56:07.9133100Z [command]/opt/homebrew/bin/git version
Test (Node.js on macos-latest)	Run actions/checkout@v4	2026-05-03T17:56:07.9737810Z git version 2.54.0
Test (Node.js on macos-latest)	Run actions/checkout@v4	2026-05-03T17:56:07.9760330Z ##[endgroup]
Test (Node.js on macos-latest)	Run actions/checkout@v4	2026-05-03T17:56:07.9769050Z Copying '/Users/runner/.gitconfig' to '/Users/runner/work/_temp/c6ebcc1e-7dac-4c1d-8a69-1c6add9636a9/.gitconfig'
Test (Node.js on macos-latest)	Run actions/checkout@v4	2026-05-03T17:56:07.9777070Z Temporarily overriding HOME='/Users/runner/work/_temp/c6ebcc1e-7dac-4c1d-8a69-1c6add9636a9' before making global git config changes
Test (Node.js on macos-latest)	Run actions/checkout@v4	2026-05-03T17:56:07.9778550Z Adding repository directory to the temporary git global config as a safe directory
Test (Node.js on macos-latest)	Run actions/checkout@v4	2026-05-03T17:56:07.9781450Z [command]/opt/homebrew/bin/git config --global --add safe.directory /Users/runner/work/lino-objects-codec/lino-objects-codec
Test (Node.js on macos-latest)	Run actions/checkout@v4	2026-05-03T17:56:07.9930640Z Deleting the contents of '/Users/runner/work/lino-objects-codec/lino-objects-codec'
Test (Node.js on macos-latest)	Run actions/checkout@v4	2026-05-03T17:56:07.9932730Z ##[group]Initializing the repository
Test (Node.js on macos-latest)	Run actions/checkout@v4	2026-05-03T17:56:07.9937120Z [command]/opt/homebrew/bin/git init /Users/runner/work/lino-objects-codec/lino-objects-codec
Test (Node.js on macos-latest)	Run actions/checkout@v4	2026-05-03T17:56:08.0782820Z hint: Using 'master' as the name for the initial branch. This default branch name
Test (Node.js on macos-latest)	Run actions/checkout@v4	2026-05-03T17:56:08.0784000Z hint: will change to "main" in Git 3.0. To configure the initial branch name
Test (Node.js on macos-latest)	Run actions/checkout@v4	2026-05-03T17:56:08.0784900Z hint: to use in all of your new repositories, which will suppress this warning,
Test (Node.js on macos-latest)	Run actions/checkout@v4	2026-05-03T17:56:08.0785600Z hint: call:
Test (Node.js on macos-latest)	Run actions/checkout@v4	2026-05-03T17:56:08.0786010Z hint:
Test (Node.js on macos-latest)	Run actions/checkout@v4	2026-05-03T17:56:08.0786380Z hint: 	git config --global init.defaultBranch <name>
Test (Node.js on macos-latest)	Run actions/checkout@v4	2026-05-03T17:56:08.0786810Z hint:
Test (Node.js on macos-latest)	Run actions/checkout@v4	2026-05-03T17:56:08.0787240Z hint: Names commonly chosen instead of 'master' are 'main', 'trunk' and
Test (Node.js on macos-latest)	Run actions/checkout@v4	2026-05-03T17:56:08.0787870Z hint: 'development'. The just-created branch can be renamed via this command:
Test (Node.js on macos-latest)	Run actions/checkout@v4	2026-05-03T17:56:08.0788370Z hint:
Test (Node.js on macos-latest)	Run actions/checkout@v4	2026-05-03T17:56:08.0788670Z hint: 	git branch -m <name>
Test (Node.js on macos-latest)	Run actions/checkout@v4	2026-05-03T17:56:08.0789020Z hint:
Test (Node.js on macos-latest)	Run actions/checkout@v4	2026-05-03T17:56:08.0789440Z hint: Disable this message with "git config set advice.defaultBranchName false"
Test (Node.js on macos-latest)	Run actions/checkout@v4	2026-05-03T17:56:08.0790190Z Initialized empty Git repository in /Users/runner/work/lino-objects-codec/lino-objects-codec/.git/
Test (Node.js on macos-latest)	Run actions/checkout@v4	2026-05-03T17:56:08.0792400Z [command]/opt/homebrew/bin/git remote add origin https://github.com/link-foundation/lino-objects-codec
Test (Node.js on macos-latest)	Run actions/checkout@v4	2026-05-03T17:56:08.0898800Z ##[endgroup]
Test (Node.js on macos-latest)	Run actions/checkout@v4	2026-05-03T17:56:08.0899460Z ##[group]Disabling automatic garbage collection
Test (Node.js on macos-latest)	Run actions/checkout@v4	2026-05-03T17:56:08.0901450Z [command]/opt/homebrew/bin/git config --local gc.auto 0
Test (Node.js on macos-latest)	Run actions/checkout@v4	2026-05-03T17:56:08.1015610Z ##[endgroup]
Test (Node.js on macos-latest)	Run actions/checkout@v4	2026-05-03T17:56:08.1016300Z ##[group]Setting up auth
Test (Node.js on macos-latest)	Run actions/checkout@v4	2026-05-03T17:56:08.1021900Z [command]/opt/homebrew/bin/git config --local --name-only --get-regexp core\.sshCommand
Test (Node.js on macos-latest)	Run actions/checkout@v4	2026-05-03T17:56:08.1113960Z [command]/opt/homebrew/bin/git submodule foreach --recursive sh -c "git config --local --name-only --get-regexp 'core\.sshCommand' && git config --local --unset-all 'core.sshCommand' || :"
Test (Node.js on macos-latest)	Run actions/checkout@v4	2026-05-03T17:56:08.2419060Z [command]/opt/homebrew/bin/git config --local --name-only --get-regexp http\.https\:\/\/github\.com\/\.extraheader
Test (Node.js on macos-latest)	Run actions/checkout@v4	2026-05-03T17:56:08.2476950Z [command]/opt/homebrew/bin/git submodule foreach --recursive sh -c "git config --local --name-only --get-regexp 'http\.https\:\/\/github\.com\/\.extraheader' && git config --local --unset-all 'http.https://github.com/.extraheader' || :"
Test (Node.js on macos-latest)	Run actions/checkout@v4	2026-05-03T17:56:08.3315160Z [command]/opt/homebrew/bin/git config --local --name-only --get-regexp ^includeIf\.gitdir:
Test (Node.js on macos-latest)	Run actions/checkout@v4	2026-05-03T17:56:08.3378940Z [command]/opt/homebrew/bin/git submodule foreach --recursive git config --local --show-origin --name-only --get-regexp remote.origin.url
Test (Node.js on macos-latest)	Run actions/checkout@v4	2026-05-03T17:56:08.4132540Z [command]/opt/homebrew/bin/git config --local http.https://github.com/.extraheader AUTHORIZATION: basic ***
Test (Node.js on macos-latest)	Run actions/checkout@v4	2026-05-03T17:56:08.4204100Z ##[endgroup]
Test (Node.js on macos-latest)	Run actions/checkout@v4	2026-05-03T17:56:08.4205160Z ##[group]Fetching the repository
Test (Node.js on macos-latest)	Run actions/checkout@v4	2026-05-03T17:56:08.4210370Z [command]/opt/homebrew/bin/git -c protocol.version=2 fetch --no-tags --prune --no-recurse-submodules --depth=1 origin +ddbf2556b5b0e91a05c053f321b85ce9eb02355a:refs/remotes/origin/main
Test (Node.js on macos-latest)	Run actions/checkout@v4	2026-05-03T17:56:09.4200450Z From https://github.com/link-foundation/lino-objects-codec
Test (Node.js on macos-latest)	Run actions/checkout@v4	2026-05-03T17:56:09.4201600Z  * [new ref]         ddbf2556b5b0e91a05c053f321b85ce9eb02355a -> origin/main
Test (Node.js on macos-latest)	Run actions/checkout@v4	2026-05-03T17:56:09.4295730Z ##[endgroup]
Test (Node.js on macos-latest)	Run actions/checkout@v4	2026-05-03T17:56:09.4296560Z ##[group]Determining the checkout info
Test (Node.js on macos-latest)	Run actions/checkout@v4	2026-05-03T17:56:09.4297140Z ##[endgroup]
Test (Node.js on macos-latest)	Run actions/checkout@v4	2026-05-03T17:56:09.4313420Z [command]/opt/homebrew/bin/git sparse-checkout disable
Test (Node.js on macos-latest)	Run actions/checkout@v4	2026-05-03T17:56:09.4388980Z [command]/opt/homebrew/bin/git config --local --unset-all extensions.worktreeConfig
Test (Node.js on macos-latest)	Run actions/checkout@v4	2026-05-03T17:56:09.4473160Z ##[group]Checking out the ref
Test (Node.js on macos-latest)	Run actions/checkout@v4	2026-05-03T17:56:09.4478580Z [command]/opt/homebrew/bin/git checkout --progress --force -B main refs/remotes/origin/main
Test (Node.js on macos-latest)	Run actions/checkout@v4	2026-05-03T17:56:09.4930170Z Switched to a new branch 'main'
Test (Node.js on macos-latest)	Run actions/checkout@v4	2026-05-03T17:56:09.5032220Z branch 'main' set up to track 'origin/main'.
Test (Node.js on macos-latest)	Run actions/checkout@v4	2026-05-03T17:56:09.5340240Z ##[endgroup]
Test (Node.js on macos-latest)	Run actions/checkout@v4	2026-05-03T17:56:09.5644870Z [command]/opt/homebrew/bin/git log -1 --format=%H
Test (Node.js on macos-latest)	Run actions/checkout@v4	2026-05-03T17:56:09.5746590Z ddbf2556b5b0e91a05c053f321b85ce9eb02355a
Test (Node.js on macos-latest)	Setup Node.js	﻿2026-05-03T17:56:09.5986090Z ##[group]Run actions/setup-node@v4
Test (Node.js on macos-latest)	Setup Node.js	2026-05-03T17:56:09.5986460Z with:
Test (Node.js on macos-latest)	Setup Node.js	2026-05-03T17:56:09.5986660Z   node-version: 22
Test (Node.js on macos-latest)	Setup Node.js	2026-05-03T17:56:09.5986870Z   always-auth: false
Test (Node.js on macos-latest)	Setup Node.js	2026-05-03T17:56:09.5987080Z   check-latest: false
Test (Node.js on macos-latest)	Setup Node.js	2026-05-03T17:56:09.5987470Z   token: ***
Test (Node.js on macos-latest)	Setup Node.js	2026-05-03T17:56:09.5987680Z ##[endgroup]
Test (Node.js on macos-latest)	Setup Node.js	2026-05-03T17:56:09.7573480Z Found in cache @ /Users/runner/hostedtoolcache/node/22.22.2/arm64
Test (Node.js on macos-latest)	Setup Node.js	2026-05-03T17:56:09.7578770Z ##[group]Environment details
Test (Node.js on macos-latest)	Setup Node.js	2026-05-03T17:56:10.3268530Z node: v22.22.2
Test (Node.js on macos-latest)	Setup Node.js	2026-05-03T17:56:10.3269710Z npm: 10.9.7
Test (Node.js on macos-latest)	Setup Node.js	2026-05-03T17:56:10.3270090Z yarn: 1.22.22
Test (Node.js on macos-latest)	Setup Node.js	2026-05-03T17:56:10.3271050Z ##[endgroup]
Test (Node.js on macos-latest)	Install dependencies	﻿2026-05-03T17:56:10.3365420Z ##[group]Run npm install
Test (Node.js on macos-latest)	Install dependencies	2026-05-03T17:56:10.3365850Z [36;1mnpm install[0m
Test (Node.js on macos-latest)	Install dependencies	2026-05-03T17:56:10.3424790Z shell: /bin/bash -e {0}
Test (Node.js on macos-latest)	Install dependencies	2026-05-03T17:56:10.3425080Z ##[endgroup]
Test (Node.js on macos-latest)	Install dependencies	2026-05-03T17:56:12.9836300Z 
Test (Node.js on macos-latest)	Install dependencies	2026-05-03T17:56:12.9842240Z > lino-objects-codec@0.3.3 prepare
Test (Node.js on macos-latest)	Install dependencies	2026-05-03T17:56:12.9842600Z > husky || true
Test (Node.js on macos-latest)	Install dependencies	2026-05-03T17:56:12.9842730Z 
Test (Node.js on macos-latest)	Install dependencies	2026-05-03T17:56:13.0492850Z .git can't be found
Test (Node.js on macos-latest)	Install dependencies	2026-05-03T17:56:13.0493790Z added 321 packages, and audited 322 packages in 3s
Test (Node.js on macos-latest)	Install dependencies	2026-05-03T17:56:13.0495640Z 
Test (Node.js on macos-latest)	Install dependencies	2026-05-03T17:56:13.0496100Z 74 packages are looking for funding
Test (Node.js on macos-latest)	Install dependencies	2026-05-03T17:56:13.0496530Z   run `npm fund` for details
Test (Node.js on macos-latest)	Install dependencies	2026-05-03T17:56:13.0529860Z 
Test (Node.js on macos-latest)	Install dependencies	2026-05-03T17:56:13.0542570Z 6 vulnerabilities (3 moderate, 3 high)
Test (Node.js on macos-latest)	Install dependencies	2026-05-03T17:56:13.0563950Z 
Test (Node.js on macos-latest)	Install dependencies	2026-05-03T17:56:13.0564660Z To address all issues, run:
Test (Node.js on macos-latest)	Install dependencies	2026-05-03T17:56:13.0565150Z   npm audit fix
Test (Node.js on macos-latest)	Install dependencies	2026-05-03T17:56:13.0565350Z 
Test (Node.js on macos-latest)	Install dependencies	2026-05-03T17:56:13.0565740Z Run `npm audit` for details.
Test (Node.js on macos-latest)	Run tests	﻿2026-05-03T17:56:13.1343870Z ##[group]Run npm test
Test (Node.js on macos-latest)	Run tests	2026-05-03T17:56:13.1344120Z [36;1mnpm test[0m
Test (Node.js on macos-latest)	Run tests	2026-05-03T17:56:13.1401740Z shell: /bin/bash -e {0}
Test (Node.js on macos-latest)	Run tests	2026-05-03T17:56:13.1402000Z ##[endgroup]
Test (Node.js on macos-latest)	Run tests	2026-05-03T17:56:13.2970950Z 
Test (Node.js on macos-latest)	Run tests	2026-05-03T17:56:13.2971820Z > lino-objects-codec@0.3.3 test
Test (Node.js on macos-latest)	Run tests	2026-05-03T17:56:13.2972320Z > node --test tests/*.test.js
Test (Node.js on macos-latest)	Run tests	2026-05-03T17:56:13.2972610Z 
Test (Node.js on macos-latest)	Run tests	2026-05-03T17:56:13.3554260Z TAP version 13
Test (Node.js on macos-latest)	Run tests	2026-05-03T17:56:13.4057930Z # Subtest: encode null
Test (Node.js on macos-latest)	Run tests	2026-05-03T17:56:13.4100870Z ok 1 - encode null
Test (Node.js on macos-latest)	Run tests	2026-05-03T17:56:13.4111020Z   ---
Test (Node.js on macos-latest)	Run tests	2026-05-03T17:56:13.4128860Z   duration_ms: 1.050917
Test (Node.js on macos-latest)	Run tests	2026-05-03T17:56:13.4235870Z   type: 'test'
Test (Node.js on macos-latest)	Run tests	2026-05-03T17:56:13.4337040Z   ...
Test (Node.js on macos-latest)	Run tests	2026-05-03T17:56:13.4438180Z # Subtest: decode null
Test (Node.js on macos-latest)	Run tests	2026-05-03T17:56:13.4539450Z ok 2 - decode null
Test (Node.js on macos-latest)	Run tests	2026-05-03T17:56:13.4609150Z   ---
Test (Node.js on macos-latest)	Run tests	2026-05-03T17:56:13.4711850Z   duration_ms: 1.281583
Test (Node.js on macos-latest)	Run tests	2026-05-03T17:56:13.4792470Z   type: 'test'
Test (Node.js on macos-latest)	Run tests	2026-05-03T17:56:13.4795350Z   ...
Test (Node.js on macos-latest)	Run tests	2026-05-03T17:56:13.4799780Z # Subtest: roundtrip null
Test (Node.js on macos-latest)	Run tests	2026-05-03T17:56:13.4827740Z ok 3 - roundtrip null
Test (Node.js on macos-latest)	Run tests	2026-05-03T17:56:13.4841790Z   ---
Test (Node.js on macos-latest)	Run tests	2026-05-03T17:56:13.4943160Z   duration_ms: 0.200833
Test (Node.js on macos-latest)	Run tests	2026-05-03T17:56:13.5011890Z   type: 'test'
Test (Node.js on macos-latest)	Run tests	2026-05-03T17:56:13.5063860Z   ...
Test (Node.js on macos-latest)	Run tests	2026-05-03T17:56:13.5101150Z # Subtest: encode undefined
Test (Node.js on macos-latest)	Run tests	2026-05-03T17:56:13.5113150Z ok 4 - encode undefined
Test (Node.js on macos-latest)	Run tests	2026-05-03T17:56:13.5161960Z   ---
Test (Node.js on macos-latest)	Run tests	2026-05-03T17:56:13.5192600Z   duration_ms: 0.16375
Test (Node.js on macos-latest)	Run tests	2026-05-03T17:56:13.5196740Z   type: 'test'
Test (Node.js on macos-latest)	Run tests	2026-05-03T17:56:13.5222340Z   ...
Test (Node.js on macos-latest)	Run tests	2026-05-03T17:56:13.5226160Z # Subtest: decode undefined
Test (Node.js on macos-latest)	Run tests	2026-05-03T17:56:13.5247850Z ok 5 - decode undefined
Test (Node.js on macos-latest)	Run tests	2026-05-03T17:56:13.5251330Z   ---
Test (Node.js on macos-latest)	Run tests	2026-05-03T17:56:13.5255090Z   duration_ms: 0.182791
Test (Node.js on macos-latest)	Run tests	2026-05-03T17:56:13.5280670Z   type: 'test'
Test (Node.js on macos-latest)	Run tests	2026-05-03T17:56:13.5283800Z   ...
Test (Node.js on macos-latest)	Run tests	2026-05-03T17:56:13.5308120Z # Subtest: roundtrip undefined
Test (Node.js on macos-latest)	Run tests	2026-05-03T17:56:13.5311810Z ok 6 - roundtrip undefined
Test (Node.js on macos-latest)	Run tests	2026-05-03T17:56:13.5313040Z   ---
Test (Node.js on macos-latest)	Run tests	2026-05-03T17:56:13.5325020Z   duration_ms: 0.507334
Test (Node.js on macos-latest)	Run tests	2026-05-03T17:56:13.5325390Z   type: 'test'
Test (Node.js on macos-latest)	Run tests	2026-05-03T17:56:13.5325660Z   ...
Test (Node.js on macos-latest)	Run tests	2026-05-03T17:56:13.5325960Z # Subtest: encode true
Test (Node.js on macos-latest)	Run tests	2026-05-03T17:56:13.5326280Z ok 7 - encode true
Test (Node.js on macos-latest)	Run tests	2026-05-03T17:56:13.5326540Z   ---
Test (Node.js on macos-latest)	Run tests	2026-05-03T17:56:13.5326780Z   duration_ms: 0.120334
Test (Node.js on macos-latest)	Run tests	2026-05-03T17:56:13.5327080Z   type: 'test'
Test (Node.js on macos-latest)	Run tests	2026-05-03T17:56:13.5327320Z   ...
Test (Node.js on macos-latest)	Run tests	2026-05-03T17:56:13.5327580Z # Subtest: encode false
Test (Node.js on macos-latest)	Run tests	2026-05-03T17:56:13.5327880Z ok 8 - encode false
Test (Node.js on macos-latest)	Run tests	2026-05-03T17:56:13.5328130Z   ---
Test (Node.js on macos-latest)	Run tests	2026-05-03T17:56:13.5328360Z   duration_ms: 0.056541
Test (Node.js on macos-latest)	Run tests	2026-05-03T17:56:13.5328650Z   type: 'test'
Test (Node.js on macos-latest)	Run tests	2026-05-03T17:56:13.5328880Z   ...
Test (Node.js on macos-latest)	Run tests	2026-05-03T17:56:13.5329120Z # Subtest: decode true
Test (Node.js on macos-latest)	Run tests	2026-05-03T17:56:13.5329530Z ok 9 - decode true
Test (Node.js on macos-latest)	Run tests	2026-05-03T17:56:13.5329770Z   ---
Test (Node.js on macos-latest)	Run tests	2026-05-03T17:56:13.5330010Z   duration_ms: 0.796083
Test (Node.js on macos-latest)	Run tests	2026-05-03T17:56:13.5330270Z   type: 'test'
Test (Node.js on macos-latest)	Run tests	2026-05-03T17:56:13.5330500Z   ...
Test (Node.js on macos-latest)	Run tests	2026-05-03T17:56:13.5330760Z # Subtest: decode false
Test (Node.js on macos-latest)	Run tests	2026-05-03T17:56:13.5331030Z ok 10 - decode false
Test (Node.js on macos-latest)	Run tests	2026-05-03T17:56:13.5331300Z   ---
Test (Node.js on macos-latest)	Run tests	2026-05-03T17:56:13.5331540Z   duration_ms: 0.3715
Test (Node.js on macos-latest)	Run tests	2026-05-03T17:56:13.5331800Z   type: 'test'
Test (Node.js on macos-latest)	Run tests	2026-05-03T17:56:13.5333730Z   ...
Test (Node.js on macos-latest)	Run tests	2026-05-03T17:56:13.5334020Z # Subtest: roundtrip bool
Test (Node.js on macos-latest)	Run tests	2026-05-03T17:56:13.5334310Z ok 11 - roundtrip bool
Test (Node.js on macos-latest)	Run tests	2026-05-03T17:56:13.5334590Z   ---
Test (Node.js on macos-latest)	Run tests	2026-05-03T17:56:13.5334930Z   duration_ms: 0.209208
Test (Node.js on macos-latest)	Run tests	2026-05-03T17:56:13.5335200Z   type: 'test'
Test (Node.js on macos-latest)	Run tests	2026-05-03T17:56:13.5335630Z   ...
Test (Node.js on macos-latest)	Run tests	2026-05-03T17:56:13.5335990Z # Subtest: encode zero
Test (Node.js on macos-latest)	Run tests	2026-05-03T17:56:13.5336300Z ok 12 - encode zero
Test (Node.js on macos-latest)	Run tests	2026-05-03T17:56:13.5336540Z   ---
Test (Node.js on macos-latest)	Run tests	2026-05-03T17:56:13.5336810Z   duration_ms: 0.058334
Test (Node.js on macos-latest)	Run tests	2026-05-03T17:56:13.5337280Z   type: 'test'
Test (Node.js on macos-latest)	Run tests	2026-05-03T17:56:13.5338080Z   ...
Test (Node.js on macos-latest)	Run tests	2026-05-03T17:56:13.5338460Z # Subtest: encode positive int
Test (Node.js on macos-latest)	Run tests	2026-05-03T17:56:13.5338790Z ok 13 - encode positive int
Test (Node.js on macos-latest)	Run tests	2026-05-03T17:56:13.5339060Z   ---
Test (Node.js on macos-latest)	Run tests	2026-05-03T17:56:13.5339300Z   duration_ms: 0.047542
Test (Node.js on macos-latest)	Run tests	2026-05-03T17:56:13.5339570Z   type: 'test'
Test (Node.js on macos-latest)	Run tests	2026-05-03T17:56:13.5339920Z   ...
Test (Node.js on macos-latest)	Run tests	2026-05-03T17:56:13.5340220Z # Subtest: encode negative int
Test (Node.js on macos-latest)	Run tests	2026-05-03T17:56:13.5340530Z ok 14 - encode negative int
Test (Node.js on macos-latest)	Run tests	2026-05-03T17:56:13.5340700Z   ---
Test (Node.js on macos-latest)	Run tests	2026-05-03T17:56:13.5341380Z   duration_ms: 0.042583
Test (Node.js on macos-latest)	Run tests	2026-05-03T17:56:13.5368300Z   type: 'test'
Test (Node.js on macos-latest)	Run tests	2026-05-03T17:56:13.5375560Z   ...
Test (Node.js on macos-latest)	Run tests	2026-05-03T17:56:13.5376480Z # Subtest: decode int
Test (Node.js on macos-latest)	Run tests	2026-05-03T17:56:13.5482170Z ok 15 - decode int
Test (Node.js on macos-latest)	Run tests	2026-05-03T17:56:13.5483240Z   ---
Test (Node.js on macos-latest)	Run tests	2026-05-03T17:56:13.5483510Z   duration_ms: 0.648042
Test (Node.js on macos-latest)	Run tests	2026-05-03T17:56:13.5483770Z   type: 'test'
Test (Node.js on macos-latest)	Run tests	2026-05-03T17:56:13.5483990Z   ...
Test (Node.js on macos-latest)	Run tests	2026-05-03T17:56:13.5484230Z # Subtest: roundtrip int
Test (Node.js on macos-latest)	Run tests	2026-05-03T17:56:13.5484510Z ok 16 - roundtrip int
Test (Node.js on macos-latest)	Run tests	2026-05-03T17:56:13.5484740Z   ---
Test (Node.js on macos-latest)	Run tests	2026-05-03T17:56:13.5484950Z   duration_ms: 0.275208
Test (Node.js on macos-latest)	Run tests	2026-05-03T17:56:13.5485210Z   type: 'test'
Test (Node.js on macos-latest)	Run tests	2026-05-03T17:56:13.5485420Z   ...
Test (Node.js on macos-latest)	Run tests	2026-05-03T17:56:13.5485650Z # Subtest: encode float
Test (Node.js on macos-latest)	Run tests	2026-05-03T17:56:13.5485910Z ok 17 - encode float
Test (Node.js on macos-latest)	Run tests	2026-05-03T17:56:13.5486140Z   ---
Test (Node.js on macos-latest)	Run tests	2026-05-03T17:56:13.5486370Z   duration_ms: 0.047708
Test (Node.js on macos-latest)	Run tests	2026-05-03T17:56:13.5486630Z   type: 'test'
Test (Node.js on macos-latest)	Run tests	2026-05-03T17:56:13.5486850Z   ...
Test (Node.js on macos-latest)	Run tests	2026-05-03T17:56:13.5487070Z # Subtest: decode float
Test (Node.js on macos-latest)	Run tests	2026-05-03T17:56:13.5487400Z ok 18 - decode float
Test (Node.js on macos-latest)	Run tests	2026-05-03T17:56:13.5487890Z   ---
Test (Node.js on macos-latest)	Run tests	2026-05-03T17:56:13.5488170Z   duration_ms: 0.070333
Test (Node.js on macos-latest)	Run tests	2026-05-03T17:56:13.5489140Z   type: 'test'
Test (Node.js on macos-latest)	Run tests	2026-05-03T17:56:13.5489370Z   ...
Test (Node.js on macos-latest)	Run tests	2026-05-03T17:56:13.5489610Z # Subtest: roundtrip float
Test (Node.js on macos-latest)	Run tests	2026-05-03T17:56:13.5489890Z ok 19 - roundtrip float
Test (Node.js on macos-latest)	Run tests	2026-05-03T17:56:13.5490120Z   ---
Test (Node.js on macos-latest)	Run tests	2026-05-03T17:56:13.5490330Z   duration_ms: 1.810917
Test (Node.js on macos-latest)	Run tests	2026-05-03T17:56:13.5490580Z   type: 'test'
Test (Node.js on macos-latest)	Run tests	2026-05-03T17:56:13.5490990Z   ...
Test (Node.js on macos-latest)	Run tests	2026-05-03T17:56:13.5491370Z # Subtest: float special values
Test (Node.js on macos-latest)	Run tests	2026-05-03T17:56:13.5491680Z ok 20 - float special values
Test (Node.js on macos-latest)	Run tests	2026-05-03T17:56:13.5491960Z   ---
Test (Node.js on macos-latest)	Run tests	2026-05-03T17:56:13.5492180Z   duration_ms: 0.379958
Test (Node.js on macos-latest)	Run tests	2026-05-03T17:56:13.5492430Z   type: 'test'
Test (Node.js on macos-latest)	Run tests	2026-05-03T17:56:13.5492590Z   ...
Test (Node.js on macos-latest)	Run tests	2026-05-03T17:56:13.5492860Z # Subtest: encode empty string
Test (Node.js on macos-latest)	Run tests	2026-05-03T17:56:13.5493550Z ok 21 - encode empty string
Test (Node.js on macos-latest)	Run tests	2026-05-03T17:56:13.5493810Z   ---
Test (Node.js on macos-latest)	Run tests	2026-05-03T17:56:13.5494030Z   duration_ms: 0.0845
Test (Node.js on macos-latest)	Run tests	2026-05-03T17:56:13.5494270Z   type: 'test'
Test (Node.js on macos-latest)	Run tests	2026-05-03T17:56:13.5494490Z   ...
Test (Node.js on macos-latest)	Run tests	2026-05-03T17:56:13.5494780Z # Subtest: encode simple string
Test (Node.js on macos-latest)	Run tests	2026-05-03T17:56:13.5495090Z ok 22 - encode simple string
Test (Node.js on macos-latest)	Run tests	2026-05-03T17:56:13.5495340Z   ---
Test (Node.js on macos-latest)	Run tests	2026-05-03T17:56:13.5495560Z   duration_ms: 0.160791
Test (Node.js on macos-latest)	Run tests	2026-05-03T17:56:13.5495810Z   type: 'test'
Test (Node.js on macos-latest)	Run tests	2026-05-03T17:56:13.5495970Z   ...
Test (Node.js on macos-latest)	Run tests	2026-05-03T17:56:13.5496130Z # Subtest: decode string
Test (Node.js on macos-latest)	Run tests	2026-05-03T17:56:13.5496410Z ok 23 - decode string
Test (Node.js on macos-latest)	Run tests	2026-05-03T17:56:13.5496640Z   ---
Test (Node.js on macos-latest)	Run tests	2026-05-03T17:56:13.5496860Z   duration_ms: 0.390167
Test (Node.js on macos-latest)	Run tests	2026-05-03T17:56:13.5497120Z   type: 'test'
Test (Node.js on macos-latest)	Run tests	2026-05-03T17:56:13.5497340Z   ...
Test (Node.js on macos-latest)	Run tests	2026-05-03T17:56:13.5497580Z # Subtest: roundtrip string
Test (Node.js on macos-latest)	Run tests	2026-05-03T17:56:13.5497870Z ok 24 - roundtrip string
Test (Node.js on macos-latest)	Run tests	2026-05-03T17:56:13.5498110Z   ---
Test (Node.js on macos-latest)	Run tests	2026-05-03T17:56:13.5499350Z   duration_ms: 0.38725
Test (Node.js on macos-latest)	Run tests	2026-05-03T17:56:13.5499680Z   type: 'test'
Test (Node.js on macos-latest)	Run tests	2026-05-03T17:56:13.5499920Z   ...
Test (Node.js on macos-latest)	Run tests	2026-05-03T17:56:13.5500180Z # Subtest: string with quotes
Test (Node.js on macos-latest)	Run tests	2026-05-03T17:56:13.5500500Z ok 25 - string with quotes
Test (Node.js on macos-latest)	Run tests	2026-05-03T17:56:13.5500740Z   ---
Test (Node.js on macos-latest)	Run tests	2026-05-03T17:56:13.5500970Z   duration_ms: 0.135875
Test (Node.js on macos-latest)	Run tests	2026-05-03T17:56:13.5501230Z   type: 'test'
Test (Node.js on macos-latest)	Run tests	2026-05-03T17:56:13.5501450Z   ...
Test (Node.js on macos-latest)	Run tests	2026-05-03T17:56:13.5501840Z # Subtest: self-referencing array
Test (Node.js on macos-latest)	Run tests	2026-05-03T17:56:13.5502190Z ok 26 - self-referencing array
Test (Node.js on macos-latest)	Run tests	2026-05-03T17:56:13.5502440Z   ---
Test (Node.js on macos-latest)	Run tests	2026-05-03T17:56:13.5502650Z   duration_ms: 2.417042
Test (Node.js on macos-latest)	Run tests	2026-05-03T17:56:13.5502910Z   type: 'test'
Test (Node.js on macos-latest)	Run tests	2026-05-03T17:56:13.5503120Z   ...
Test (Node.js on macos-latest)	Run tests	2026-05-03T17:56:13.5503400Z # Subtest: array with self in middle
Test (Node.js on macos-latest)	Run tests	2026-05-03T17:56:13.5503730Z ok 27 - array with self in middle
Test (Node.js on macos-latest)	Run tests	2026-05-03T17:56:13.5504000Z   ---
Test (Node.js on macos-latest)	Run tests	2026-05-03T17:56:13.5504210Z   duration_ms: 0.245875
Test (Node.js on macos-latest)	Run tests	2026-05-03T17:56:13.5504450Z   type: 'test'
Test (Node.js on macos-latest)	Run tests	2026-05-03T17:56:13.5504670Z   ...
Test (Node.js on macos-latest)	Run tests	2026-05-03T17:56:13.5504990Z # Subtest: nested array with circular reference
Test (Node.js on macos-latest)	Run tests	2026-05-03T17:56:13.5505390Z ok 28 - nested array with circular reference
Test (Node.js on macos-latest)	Run tests	2026-05-03T17:56:13.5505690Z   ---
Test (Node.js on macos-latest)	Run tests	2026-05-03T17:56:13.5505930Z   duration_ms: 0.313125
Test (Node.js on macos-latest)	Run tests	2026-05-03T17:56:13.5506160Z   type: 'test'
Test (Node.js on macos-latest)	Run tests	2026-05-03T17:56:13.5506370Z   ...
Test (Node.js on macos-latest)	Run tests	2026-05-03T17:56:13.5506660Z # Subtest: self-referencing object
Test (Node.js on macos-latest)	Run tests	2026-05-03T17:56:13.5507310Z ok 29 - self-referencing object
Test (Node.js on macos-latest)	Run tests	2026-05-03T17:56:13.5507560Z   ---
Test (Node.js on macos-latest)	Run tests	2026-05-03T17:56:13.5507790Z   duration_ms: 1.121875
Test (Node.js on macos-latest)	Run tests	2026-05-03T17:56:13.5508020Z   type: 'test'
Test (Node.js on macos-latest)	Run tests	2026-05-03T17:56:13.5508290Z   ...
Test (Node.js on macos-latest)	Run tests	2026-05-03T17:56:13.5508610Z # Subtest: object with multiple self-references
Test (Node.js on macos-latest)	Run tests	2026-05-03T17:56:13.5509020Z ok 30 - object with multiple self-references
Test (Node.js on macos-latest)	Run tests	2026-05-03T17:56:13.5509310Z   ---
Test (Node.js on macos-latest)	Run tests	2026-05-03T17:56:13.5509520Z   duration_ms: 0.573334
Test (Node.js on macos-latest)	Run tests	2026-05-03T17:56:13.5509780Z   type: 'test'
Test (Node.js on macos-latest)	Run tests	2026-05-03T17:56:13.5509990Z   ...
Test (Node.js on macos-latest)	Run tests	2026-05-03T17:56:13.5510300Z # Subtest: nested object with circular reference
Test (Node.js on macos-latest)	Run tests	2026-05-03T17:56:13.5510720Z ok 31 - nested object with circular reference
Test (Node.js on macos-latest)	Run tests	2026-05-03T17:56:13.5511000Z   ---
Test (Node.js on macos-latest)	Run tests	2026-05-03T17:56:13.5511210Z   duration_ms: 0.245334
Test (Node.js on macos-latest)	Run tests	2026-05-03T17:56:13.5511460Z   type: 'test'
Test (Node.js on macos-latest)	Run tests	2026-05-03T17:56:13.5511670Z   ...
Test (Node.js on macos-latest)	Run tests	2026-05-03T17:56:13.5512060Z # Subtest: complex circular structure (tree with back-references)
Test (Node.js on macos-latest)	Run tests	2026-05-03T17:56:13.5523040Z ok 32 - complex circular structure (tree with back-references)
Test (Node.js on macos-latest)	Run tests	2026-05-03T17:56:13.5524270Z   ---
Test (Node.js on macos-latest)	Run tests	2026-05-03T17:56:13.5524540Z   duration_ms: 0.296875
Test (Node.js on macos-latest)	Run tests	2026-05-03T17:56:13.5524820Z   type: 'test'
Test (Node.js on macos-latest)	Run tests	2026-05-03T17:56:13.5525060Z   ...
Test (Node.js on macos-latest)	Run tests	2026-05-03T17:56:13.5525340Z # Subtest: shared object reference
Test (Node.js on macos-latest)	Run tests	2026-05-03T17:56:13.5526210Z ok 33 - shared object reference
Test (Node.js on macos-latest)	Run tests	2026-05-03T17:56:13.5526430Z   ---
Test (Node.js on macos-latest)	Run tests	2026-05-03T17:56:13.5526730Z   duration_ms: 0.173125
Test (Node.js on macos-latest)	Run tests	2026-05-03T17:56:13.5526960Z   type: 'test'
Test (Node.js on macos-latest)	Run tests	2026-05-03T17:56:13.5527190Z   ...
Test (Node.js on macos-latest)	Run tests	2026-05-03T17:56:13.5527550Z # Subtest: shared object reference - modification
Test (Node.js on macos-latest)	Run tests	2026-05-03T17:56:13.5527970Z ok 34 - shared object reference - modification
Test (Node.js on macos-latest)	Run tests	2026-05-03T17:56:13.5528270Z   ---
Test (Node.js on macos-latest)	Run tests	2026-05-03T17:56:13.5528490Z   duration_ms: 0.605291
Test (Node.js on macos-latest)	Run tests	2026-05-03T17:56:13.5529850Z   type: 'test'
Test (Node.js on macos-latest)	Run tests	2026-05-03T17:56:13.5530390Z   ...
Test (Node.js on macos-latest)	Run tests	2026-05-03T17:56:13.5530700Z # Subtest: multiple shared objects
Test (Node.js on macos-latest)	Run tests	2026-05-03T17:56:13.5530970Z ok 35 - multiple shared objects
Test (Node.js on macos-latest)	Run tests	2026-05-03T17:56:13.5531170Z   ---
Test (Node.js on macos-latest)	Run tests	2026-05-03T17:56:13.5531750Z   duration_ms: 1.026209
Test (Node.js on macos-latest)	Run tests	2026-05-03T17:56:13.5531930Z   type: 'test'
Test (Node.js on macos-latest)	Run tests	2026-05-03T17:56:13.5532100Z   ...
Test (Node.js on macos-latest)	Run tests	2026-05-03T17:56:13.5532290Z # Subtest: shared array reference
Test (Node.js on macos-latest)	Run tests	2026-05-03T17:56:13.5532540Z ok 36 - shared array reference
Test (Node.js on macos-latest)	Run tests	2026-05-03T17:56:13.5532720Z   ---
Test (Node.js on macos-latest)	Run tests	2026-05-03T17:56:13.5532880Z   duration_ms: 0.598583
Test (Node.js on macos-latest)	Run tests	2026-05-03T17:56:13.5533040Z   type: 'test'
Test (Node.js on macos-latest)	Run tests	2026-05-03T17:56:13.5533180Z   ...
Test (Node.js on macos-latest)	Run tests	2026-05-03T17:56:13.5533430Z # Subtest: circular and shared references combined
Test (Node.js on macos-latest)	Run tests	2026-05-03T17:56:13.5533760Z ok 37 - circular and shared references combined
Test (Node.js on macos-latest)	Run tests	2026-05-03T17:56:13.5576710Z   ---
Test (Node.js on macos-latest)	Run tests	2026-05-03T17:56:13.5576870Z   duration_ms: 1.482708
Test (Node.js on macos-latest)	Run tests	2026-05-03T17:56:13.5577020Z   type: 'test'
Test (Node.js on macos-latest)	Run tests	2026-05-03T17:56:13.5577150Z   ...
Test (Node.js on macos-latest)	Run tests	2026-05-03T17:56:13.5577370Z # Subtest: deeply nested circular structure
Test (Node.js on macos-latest)	Run tests	2026-05-03T17:56:13.5577660Z ok 38 - deeply nested circular structure
Test (Node.js on macos-latest)	Run tests	2026-05-03T17:56:13.5577840Z   ---
Test (Node.js on macos-latest)	Run tests	2026-05-03T17:56:13.5577960Z   duration_ms: 0.214167
Test (Node.js on macos-latest)	Run tests	2026-05-03T17:56:13.5578110Z   type: 'test'
Test (Node.js on macos-latest)	Run tests	2026-05-03T17:56:13.5578240Z   ...
Test (Node.js on macos-latest)	Run tests	2026-05-03T17:56:13.5578460Z # Subtest: array and object circular reference
Test (Node.js on macos-latest)	Run tests	2026-05-03T17:56:13.5578890Z ok 39 - array and object circular reference
Test (Node.js on macos-latest)	Run tests	2026-05-03T17:56:13.5579180Z   ---
Test (Node.js on macos-latest)	Run tests	2026-05-03T17:56:13.5580760Z   duration_ms: 0.66625
Test (Node.js on macos-latest)	Run tests	2026-05-03T17:56:13.5580990Z   type: 'test'
Test (Node.js on macos-latest)	Run tests	2026-05-03T17:56:13.5581190Z   ...
Test (Node.js on macos-latest)	Run tests	2026-05-03T17:56:13.5581610Z # Subtest: encoded format uses built-in references, not (ref X) marker
Test (Node.js on macos-latest)	Run tests	2026-05-03T17:56:13.5582180Z ok 40 - encoded format uses built-in references, not (ref X) marker
Test (Node.js on macos-latest)	Run tests	2026-05-03T17:56:13.5582500Z   ---
Test (Node.js on macos-latest)	Run tests	2026-05-03T17:56:13.5583030Z   duration_ms: 0.267083
Test (Node.js on macos-latest)	Run tests	2026-05-03T17:56:13.5583320Z   type: 'test'
Test (Node.js on macos-latest)	Run tests	2026-05-03T17:56:13.5584020Z   ...
Test (Node.js on macos-latest)	Run tests	2026-05-03T17:56:13.5584450Z # Subtest: decoder rejects legacy (ref X) marker as unknown type
Test (Node.js on macos-latest)	Run tests	2026-05-03T17:56:13.5585010Z ok 41 - decoder rejects legacy (ref X) marker as unknown type
Test (Node.js on macos-latest)	Run tests	2026-05-03T17:56:13.5585330Z   ---
Test (Node.js on macos-latest)	Run tests	2026-05-03T17:56:13.5585760Z   duration_ms: 0.356375
Test (Node.js on macos-latest)	Run tests	2026-05-03T17:56:13.5586400Z   type: 'test'
Test (Node.js on macos-latest)	Run tests	2026-05-03T17:56:13.5587500Z   ...
Test (Node.js on macos-latest)	Run tests	2026-05-03T17:56:13.5588380Z # Subtest: encode empty array
Test (Node.js on macos-latest)	Run tests	2026-05-03T17:56:13.5588690Z ok 42 - encode empty array
Test (Node.js on macos-latest)	Run tests	2026-05-03T17:56:13.5588930Z   ---
Test (Node.js on macos-latest)	Run tests	2026-05-03T17:56:13.5589210Z   duration_ms: 1.153
Test (Node.js on macos-latest)	Run tests	2026-05-03T17:56:13.5589430Z   type: 'test'
Test (Node.js on macos-latest)	Run tests	2026-05-03T17:56:13.5589630Z   ...
Test (Node.js on macos-latest)	Run tests	2026-05-03T17:56:13.5589890Z # Subtest: decode empty array
Test (Node.js on macos-latest)	Run tests	2026-05-03T17:56:13.5590170Z ok 43 - decode empty array
Test (Node.js on macos-latest)	Run tests	2026-05-03T17:56:13.5590320Z   ---
Test (Node.js on macos-latest)	Run tests	2026-05-03T17:56:13.5590480Z   duration_ms: 1.196709
Test (Node.js on macos-latest)	Run tests	2026-05-03T17:56:13.5590710Z   type: 'test'
Test (Node.js on macos-latest)	Run tests	2026-05-03T17:56:13.5590910Z   ...
Test (Node.js on macos-latest)	Run tests	2026-05-03T17:56:13.5591220Z # Subtest: roundtrip empty array
Test (Node.js on macos-latest)	Run tests	2026-05-03T17:56:13.5591540Z ok 44 - roundtrip empty array
Test (Node.js on macos-latest)	Run tests	2026-05-03T17:56:13.5591790Z   ---
Test (Node.js on macos-latest)	Run tests	2026-05-03T17:56:13.5592000Z   duration_ms: 0.477042
Test (Node.js on macos-latest)	Run tests	2026-05-03T17:56:13.5592240Z   type: 'test'
Test (Node.js on macos-latest)	Run tests	2026-05-03T17:56:13.5592460Z   ...
Test (Node.js on macos-latest)	Run tests	2026-05-03T17:56:13.5593920Z # Subtest: encode array with basic types
Test (Node.js on macos-latest)	Run tests	2026-05-03T17:56:13.5594290Z ok 45 - encode array with basic types
Test (Node.js on macos-latest)	Run tests	2026-05-03T17:56:13.5594540Z   ---
Test (Node.js on macos-latest)	Run tests	2026-05-03T17:56:13.5594760Z   duration_ms: 0.193458
Test (Node.js on macos-latest)	Run tests	2026-05-03T17:56:13.5595000Z   type: 'test'
Test (Node.js on macos-latest)	Run tests	2026-05-03T17:56:13.5595200Z   ...
Test (Node.js on macos-latest)	Run tests	2026-05-03T17:56:13.5595500Z # Subtest: decode array with basic types
Test (Node.js on macos-latest)	Run tests	2026-05-03T17:56:13.5595880Z ok 46 - decode array with basic types
Test (Node.js on macos-latest)	Run tests	2026-05-03T17:56:13.5596150Z   ---
Test (Node.js on macos-latest)	Run tests	2026-05-03T17:56:13.5596360Z   duration_ms: 0.391166
Test (Node.js on macos-latest)	Run tests	2026-05-03T17:56:13.5596580Z   type: 'test'
Test (Node.js on macos-latest)	Run tests	2026-05-03T17:56:13.5596790Z   ...
Test (Node.js on macos-latest)	Run tests	2026-05-03T17:56:13.5597080Z # Subtest: roundtrip array with mixed types
Test (Node.js on macos-latest)	Run tests	2026-05-03T17:56:13.5598150Z ok 47 - roundtrip array with mixed types
Test (Node.js on macos-latest)	Run tests	2026-05-03T17:56:13.5598600Z   ---
Test (Node.js on macos-latest)	Run tests	2026-05-03T17:56:13.5598890Z   duration_ms: 1.845667
Test (Node.js on macos-latest)	Run tests	2026-05-03T17:56:13.5599200Z   type: 'test'
Test (Node.js on macos-latest)	Run tests	2026-05-03T17:56:13.5599570Z   ...
Test (Node.js on macos-latest)	Run tests	2026-05-03T17:56:13.5599830Z # Subtest: nested arrays
Test (Node.js on macos-latest)	Run tests	2026-05-03T17:56:13.5600440Z ok 48 - nested arrays
Test (Node.js on macos-latest)	Run tests	2026-05-03T17:56:13.5600680Z   ---
Test (Node.js on macos-latest)	Run tests	2026-05-03T17:56:13.5600900Z   duration_ms: 0.749167
Test (Node.js on macos-latest)	Run tests	2026-05-03T17:56:13.5601150Z   type: 'test'
Test (Node.js on macos-latest)	Run tests	2026-05-03T17:56:13.5601340Z   ...
Test (Node.js on macos-latest)	Run tests	2026-05-03T17:56:13.5601610Z # Subtest: encode empty object
Test (Node.js on macos-latest)	Run tests	2026-05-03T17:56:13.5601830Z ok 49 - encode empty object
Test (Node.js on macos-latest)	Run tests	2026-05-03T17:56:13.5602000Z   ---
Test (Node.js on macos-latest)	Run tests	2026-05-03T17:56:13.5602150Z   duration_ms: 0.074
Test (Node.js on macos-latest)	Run tests	2026-05-03T17:56:13.5602390Z   type: 'test'
Test (Node.js on macos-latest)	Run tests	2026-05-03T17:56:13.5602580Z   ...
Test (Node.js on macos-latest)	Run tests	2026-05-03T17:56:13.5602810Z # Subtest: decode empty object
Test (Node.js on macos-latest)	Run tests	2026-05-03T17:56:13.5603030Z ok 50 - decode empty object
Test (Node.js on macos-latest)	Run tests	2026-05-03T17:56:13.5603200Z   ---
Test (Node.js on macos-latest)	Run tests	2026-05-03T17:56:13.5603410Z   duration_ms: 0.275584
Test (Node.js on macos-latest)	Run tests	2026-05-03T17:56:13.5603650Z   type: 'test'
Test (Node.js on macos-latest)	Run tests	2026-05-03T17:56:13.5603850Z   ...
Test (Node.js on macos-latest)	Run tests	2026-05-03T17:56:13.5604120Z # Subtest: roundtrip empty object
Test (Node.js on macos-latest)	Run tests	2026-05-03T17:56:13.5604450Z ok 51 - roundtrip empty object
Test (Node.js on macos-latest)	Run tests	2026-05-03T17:56:13.5604690Z   ---
Test (Node.js on macos-latest)	Run tests	2026-05-03T17:56:13.5604900Z   duration_ms: 0.385417
Test (Node.js on macos-latest)	Run tests	2026-05-03T17:56:13.5605130Z   type: 'test'
Test (Node.js on macos-latest)	Run tests	2026-05-03T17:56:13.5605330Z   ...
Test (Node.js on macos-latest)	Run tests	2026-05-03T17:56:13.5605620Z # Subtest: encode object with basic types
Test (Node.js on macos-latest)	Run tests	2026-05-03T17:56:13.5605910Z ok 52 - encode object with basic types
Test (Node.js on macos-latest)	Run tests	2026-05-03T17:56:13.5606100Z   ---
Test (Node.js on macos-latest)	Run tests	2026-05-03T17:56:13.5606310Z   duration_ms: 0.212792
Test (Node.js on macos-latest)	Run tests	2026-05-03T17:56:13.5606480Z   type: 'test'
Test (Node.js on macos-latest)	Run tests	2026-05-03T17:56:13.5606620Z   ...
Test (Node.js on macos-latest)	Run tests	2026-05-03T17:56:13.5606830Z # Subtest: decode object with basic types
Test (Node.js on macos-latest)	Run tests	2026-05-03T17:56:13.5607120Z ok 53 - decode object with basic types
Test (Node.js on macos-latest)	Run tests	2026-05-03T17:56:13.5607300Z   ---
Test (Node.js on macos-latest)	Run tests	2026-05-03T17:56:13.5607440Z   duration_ms: 0.185167
Test (Node.js on macos-latest)	Run tests	2026-05-03T17:56:13.5607670Z   type: 'test'
Test (Node.js on macos-latest)	Run tests	2026-05-03T17:56:13.5607870Z   ...
Test (Node.js on macos-latest)	Run tests	2026-05-03T17:56:13.5609040Z # Subtest: roundtrip object with mixed types
Test (Node.js on macos-latest)	Run tests	2026-05-03T17:56:13.5609350Z ok 54 - roundtrip object with mixed types
Test (Node.js on macos-latest)	Run tests	2026-05-03T17:56:13.5609550Z   ---
Test (Node.js on macos-latest)	Run tests	2026-05-03T17:56:13.5610200Z   duration_ms: 0.612667
Test (Node.js on macos-latest)	Run tests	2026-05-03T17:56:13.5610410Z   type: 'test'
Test (Node.js on macos-latest)	Run tests	2026-05-03T17:56:13.5610650Z   ...
Test (Node.js on macos-latest)	Run tests	2026-05-03T17:56:13.5610900Z # Subtest: nested objects
Test (Node.js on macos-latest)	Run tests	2026-05-03T17:56:13.5611180Z ok 55 - nested objects
Test (Node.js on macos-latest)	Run tests	2026-05-03T17:56:13.5611400Z   ---
Test (Node.js on macos-latest)	Run tests	2026-05-03T17:56:13.5611620Z   duration_ms: 0.713125
Test (Node.js on macos-latest)	Run tests	2026-05-03T17:56:13.5611990Z   type: 'test'
Test (Node.js on macos-latest)	Run tests	2026-05-03T17:56:13.5612680Z   ...
Test (Node.js on macos-latest)	Run tests	2026-05-03T17:56:13.5612980Z # Subtest: mixed nested structures
Test (Node.js on macos-latest)	Run tests	2026-05-03T17:56:13.5613310Z ok 56 - mixed nested structures
Test (Node.js on macos-latest)	Run tests	2026-05-03T17:56:13.5613560Z   ---
Test (Node.js on macos-latest)	Run tests	2026-05-03T17:56:13.5613770Z   duration_ms: 0.498125
Test (Node.js on macos-latest)	Run tests	2026-05-03T17:56:13.5614740Z   type: 'test'
Test (Node.js on macos-latest)	Run tests	2026-05-03T17:56:13.5614950Z   ...
Test (Node.js on macos-latest)	Run tests	2026-05-03T17:56:13.5615190Z # Subtest: array of objects
Test (Node.js on macos-latest)	Run tests	2026-05-03T17:56:13.5615470Z ok 57 - array of objects
Test (Node.js on macos-latest)	Run tests	2026-05-03T17:56:13.5615830Z   ---
Test (Node.js on macos-latest)	Run tests	2026-05-03T17:56:13.5616040Z   duration_ms: 0.554917
Test (Node.js on macos-latest)	Run tests	2026-05-03T17:56:13.5616270Z   type: 'test'
Test (Node.js on macos-latest)	Run tests	2026-05-03T17:56:13.5616600Z   ...
Test (Node.js on macos-latest)	Run tests	2026-05-03T17:56:13.5616810Z # Subtest: object with array values
Test (Node.js on macos-latest)	Run tests	2026-05-03T17:56:13.5617060Z ok 58 - object with array values
Test (Node.js on macos-latest)	Run tests	2026-05-03T17:56:13.5617230Z   ---
Test (Node.js on macos-latest)	Run tests	2026-05-03T17:56:13.5617400Z   duration_ms: 0.254791
Test (Node.js on macos-latest)	Run tests	2026-05-03T17:56:13.5617640Z   type: 'test'
Test (Node.js on macos-latest)	Run tests	2026-05-03T17:56:13.5617840Z   ...
Test (Node.js on macos-latest)	Run tests	2026-05-03T17:56:13.5619080Z # Subtest: deeply nested structure
Test (Node.js on macos-latest)	Run tests	2026-05-03T17:56:13.5619410Z ok 59 - deeply nested structure
Test (Node.js on macos-latest)	Run tests	2026-05-03T17:56:13.5620930Z   ---
Test (Node.js on macos-latest)	Run tests	2026-05-03T17:56:13.5621140Z   duration_ms: 0.265917
Test (Node.js on macos-latest)	Run tests	2026-05-03T17:56:13.5621360Z   type: 'test'
Test (Node.js on macos-latest)	Run tests	2026-05-03T17:56:13.5621550Z   ...
Test (Node.js on macos-latest)	Run tests	2026-05-03T17:56:13.5621860Z # Subtest: escapeReference - simple string
Test (Node.js on macos-latest)	Run tests	2026-05-03T17:56:13.5622220Z ok 60 - escapeReference - simple string
Test (Node.js on macos-latest)	Run tests	2026-05-03T17:56:13.5622460Z   ---
Test (Node.js on macos-latest)	Run tests	2026-05-03T17:56:13.5622660Z   duration_ms: 1.759709
Test (Node.js on macos-latest)	Run tests	2026-05-03T17:56:13.5622890Z   type: 'test'
Test (Node.js on macos-latest)	Run tests	2026-05-03T17:56:13.5623120Z   ...
Test (Node.js on macos-latest)	Run tests	2026-05-03T17:56:13.5623380Z # Subtest: escapeReference - numbers
Test (Node.js on macos-latest)	Run tests	2026-05-03T17:56:13.5623690Z ok 61 - escapeReference - numbers
Test (Node.js on macos-latest)	Run tests	2026-05-03T17:56:13.5623920Z   ---
Test (Node.js on macos-latest)	Run tests	2026-05-03T17:56:13.5624110Z   duration_ms: 0.178541
Test (Node.js on macos-latest)	Run tests	2026-05-03T17:56:13.5624320Z   type: 'test'
Test (Node.js on macos-latest)	Run tests	2026-05-03T17:56:13.5624500Z   ...
Test (Node.js on macos-latest)	Run tests	2026-05-03T17:56:13.5624750Z # Subtest: escapeReference - booleans
Test (Node.js on macos-latest)	Run tests	2026-05-03T17:56:13.5625360Z ok 62 - escapeReference - booleans
Test (Node.js on macos-latest)	Run tests	2026-05-03T17:56:13.5625590Z   ---
Test (Node.js on macos-latest)	Run tests	2026-05-03T17:56:13.5625770Z   duration_ms: 0.053333
Test (Node.js on macos-latest)	Run tests	2026-05-03T17:56:13.5625970Z   type: 'test'
Test (Node.js on macos-latest)	Run tests	2026-05-03T17:56:13.5626150Z   ...
Test (Node.js on macos-latest)	Run tests	2026-05-03T17:56:13.5626440Z # Subtest: escapeReference - string with spaces
Test (Node.js on macos-latest)	Run tests	2026-05-03T17:56:13.5626890Z ok 63 - escapeReference - string with spaces
Test (Node.js on macos-latest)	Run tests	2026-05-03T17:56:13.5627130Z   ---
Test (Node.js on macos-latest)	Run tests	2026-05-03T17:56:13.5627310Z   duration_ms: 0.081833
Test (Node.js on macos-latest)	Run tests	2026-05-03T17:56:13.5627520Z   type: 'test'
Test (Node.js on macos-latest)	Run tests	2026-05-03T17:56:13.5627690Z   ...
Test (Node.js on macos-latest)	Run tests	2026-05-03T17:56:13.5628010Z # Subtest: escapeReference - string with single quotes
Test (Node.js on macos-latest)	Run tests	2026-05-03T17:56:13.5628440Z ok 64 - escapeReference - string with single quotes
Test (Node.js on macos-latest)	Run tests	2026-05-03T17:56:13.5628700Z   ---
Test (Node.js on macos-latest)	Run tests	2026-05-03T17:56:13.5628880Z   duration_ms: 0.057875
Test (Node.js on macos-latest)	Run tests	2026-05-03T17:56:13.5629090Z   type: 'test'
Test (Node.js on macos-latest)	Run tests	2026-05-03T17:56:13.5629260Z   ...
Test (Node.js on macos-latest)	Run tests	2026-05-03T17:56:13.5629590Z # Subtest: escapeReference - string with double quotes
Test (Node.js on macos-latest)	Run tests	2026-05-03T17:56:13.5630030Z ok 65 - escapeReference - string with double quotes
Test (Node.js on macos-latest)	Run tests	2026-05-03T17:56:13.5630300Z   ---
Test (Node.js on macos-latest)	Run tests	2026-05-03T17:56:13.5630680Z   duration_ms: 0.052459
Test (Node.js on macos-latest)	Run tests	2026-05-03T17:56:13.5630890Z   type: 'test'
Test (Node.js on macos-latest)	Run tests	2026-05-03T17:56:13.5631060Z   ...
Test (Node.js on macos-latest)	Run tests	2026-05-03T17:56:13.5631400Z # Subtest: escapeReference - string with both quotes
Test (Node.js on macos-latest)	Run tests	2026-05-03T17:56:13.5631810Z ok 66 - escapeReference - string with both quotes
Test (Node.js on macos-latest)	Run tests	2026-05-03T17:56:13.5632060Z   ---
Test (Node.js on macos-latest)	Run tests	2026-05-03T17:56:13.5632250Z   duration_ms: 0.140709
Test (Node.js on macos-latest)	Run tests	2026-05-03T17:56:13.5632460Z   type: 'test'
Test (Node.js on macos-latest)	Run tests	2026-05-03T17:56:13.5632630Z   ...
Test (Node.js on macos-latest)	Run tests	2026-05-03T17:56:13.5633090Z # Subtest: escapeReference - string with parentheses
Test (Node.js on macos-latest)	Run tests	2026-05-03T17:56:13.5633510Z ok 67 - escapeReference - string with parentheses
Test (Node.js on macos-latest)	Run tests	2026-05-03T17:56:13.5633770Z   ---
Test (Node.js on macos-latest)	Run tests	2026-05-03T17:56:13.5633950Z   duration_ms: 0.049
Test (Node.js on macos-latest)	Run tests	2026-05-03T17:56:13.5634140Z   type: 'test'
Test (Node.js on macos-latest)	Run tests	2026-05-03T17:56:13.5634450Z   ...
Test (Node.js on macos-latest)	Run tests	2026-05-03T17:56:13.5634750Z # Subtest: escapeReference - string with colon
Test (Node.js on macos-latest)	Run tests	2026-05-03T17:56:13.5635120Z ok 68 - escapeReference - string with colon
Test (Node.js on macos-latest)	Run tests	2026-05-03T17:56:13.5635480Z   ---
Test (Node.js on macos-latest)	Run tests	2026-05-03T17:56:13.5635670Z   duration_ms: 0.254667
Test (Node.js on macos-latest)	Run tests	2026-05-03T17:56:13.5636980Z   type: 'test'
Test (Node.js on macos-latest)	Run tests	2026-05-03T17:56:13.5637170Z   ...
Test (Node.js on macos-latest)	Run tests	2026-05-03T17:56:13.5637430Z # Subtest: escapeReference - string with newline
Test (Node.js on macos-latest)	Run tests	2026-05-03T17:56:13.5638050Z ok 69 - escapeReference - string with newline
Test (Node.js on macos-latest)	Run tests	2026-05-03T17:56:13.5638260Z   ---
Test (Node.js on macos-latest)	Run tests	2026-05-03T17:56:13.5638390Z   duration_ms: 0.303334
Test (Node.js on macos-latest)	Run tests	2026-05-03T17:56:13.5638540Z   type: 'test'
Test (Node.js on macos-latest)	Run tests	2026-05-03T17:56:13.5638660Z   ...
Test (Node.js on macos-latest)	Run tests	2026-05-03T17:56:13.5639020Z # Subtest: unescapeReference - simple string
Test (Node.js on macos-latest)	Run tests	2026-05-03T17:56:13.5639340Z ok 70 - unescapeReference - simple string
Test (Node.js on macos-latest)	Run tests	2026-05-03T17:56:13.5639590Z   ---
Test (Node.js on macos-latest)	Run tests	2026-05-03T17:56:13.5639710Z   duration_ms: 0.133833
Test (Node.js on macos-latest)	Run tests	2026-05-03T17:56:13.5639910Z   type: 'test'
Test (Node.js on macos-latest)	Run tests	2026-05-03T17:56:13.5640040Z   ...
Test (Node.js on macos-latest)	Run tests	2026-05-03T17:56:13.5640300Z # Subtest: unescapeReference - doubled double quotes
Test (Node.js on macos-latest)	Run tests	2026-05-03T17:56:13.5640670Z ok 71 - unescapeReference - doubled double quotes
Test (Node.js on macos-latest)	Run tests	2026-05-03T17:56:13.5640870Z   ---
Test (Node.js on macos-latest)	Run tests	2026-05-03T17:56:13.5640990Z   duration_ms: 0.04375
Test (Node.js on macos-latest)	Run tests	2026-05-03T17:56:13.5641150Z   type: 'test'
Test (Node.js on macos-latest)	Run tests	2026-05-03T17:56:13.5641280Z   ...
Test (Node.js on macos-latest)	Run tests	2026-05-03T17:56:13.5641560Z # Subtest: unescapeReference - doubled single quotes
Test (Node.js on macos-latest)	Run tests	2026-05-03T17:56:13.5641940Z ok 72 - unescapeReference - doubled single quotes
Test (Node.js on macos-latest)	Run tests	2026-05-03T17:56:13.5642150Z   ---
Test (Node.js on macos-latest)	Run tests	2026-05-03T17:56:13.5642280Z   duration_ms: 0.036792
Test (Node.js on macos-latest)	Run tests	2026-05-03T17:56:13.5642430Z   type: 'test'
Test (Node.js on macos-latest)	Run tests	2026-05-03T17:56:13.5642550Z   ...
Test (Node.js on macos-latest)	Run tests	2026-05-03T17:56:13.5642790Z # Subtest: unescapeReference - null/undefined
Test (Node.js on macos-latest)	Run tests	2026-05-03T17:56:13.5643210Z ok 73 - unescapeReference - null/undefined
Test (Node.js on macos-latest)	Run tests	2026-05-03T17:56:13.5644230Z   ---
Test (Node.js on macos-latest)	Run tests	2026-05-03T17:56:13.5644360Z   duration_ms: 0.033041
Test (Node.js on macos-latest)	Run tests	2026-05-03T17:56:13.5644520Z   type: 'test'
Test (Node.js on macos-latest)	Run tests	2026-05-03T17:56:13.5644640Z   ...
Test (Node.js on macos-latest)	Run tests	2026-05-03T17:56:13.5644810Z # Subtest: jsonToLino - null
Test (Node.js on macos-latest)	Run tests	2026-05-03T17:56:13.5645020Z ok 74 - jsonToLino - null
Test (Node.js on macos-latest)	Run tests	2026-05-03T17:56:13.5645170Z   ---
Test (Node.js on macos-latest)	Run tests	2026-05-03T17:56:13.5645300Z   duration_ms: 0.066375
Test (Node.js on macos-latest)	Run tests	2026-05-03T17:56:13.5645460Z   type: 'test'
Test (Node.js on macos-latest)	Run tests	2026-05-03T17:56:13.5645580Z   ...
Test (Node.js on macos-latest)	Run tests	2026-05-03T17:56:13.5645960Z # Subtest: jsonToLino - undefined
Test (Node.js on macos-latest)	Run tests	2026-05-03T17:56:13.5646210Z ok 75 - jsonToLino - undefined
Test (Node.js on macos-latest)	Run tests	2026-05-03T17:56:13.5646390Z   ---
Test (Node.js on macos-latest)	Run tests	2026-05-03T17:56:13.5646520Z   duration_ms: 0.030792
Test (Node.js on macos-latest)	Run tests	2026-05-03T17:56:13.5646740Z   type: 'test'
Test (Node.js on macos-latest)	Run tests	2026-05-03T17:56:13.5646880Z   ...
Test (Node.js on macos-latest)	Run tests	2026-05-03T17:56:13.5647080Z # Subtest: jsonToLino - number
Test (Node.js on macos-latest)	Run tests	2026-05-03T17:56:13.5647290Z ok 76 - jsonToLino - number
Test (Node.js on macos-latest)	Run tests	2026-05-03T17:56:13.5647450Z   ---
Test (Node.js on macos-latest)	Run tests	2026-05-03T17:56:13.5647580Z   duration_ms: 0.0385
Test (Node.js on macos-latest)	Run tests	2026-05-03T17:56:13.5647730Z   type: 'test'
Test (Node.js on macos-latest)	Run tests	2026-05-03T17:56:13.5647860Z   ...
Test (Node.js on macos-latest)	Run tests	2026-05-03T17:56:13.5648060Z # Subtest: jsonToLino - boolean
Test (Node.js on macos-latest)	Run tests	2026-05-03T17:56:13.5648270Z ok 77 - jsonToLino - boolean
Test (Node.js on macos-latest)	Run tests	2026-05-03T17:56:13.5648430Z   ---
Test (Node.js on macos-latest)	Run tests	2026-05-03T17:56:13.5648550Z   duration_ms: 0.034459
Test (Node.js on macos-latest)	Run tests	2026-05-03T17:56:13.5648710Z   type: 'test'
Test (Node.js on macos-latest)	Run tests	2026-05-03T17:56:13.5648830Z   ...
Test (Node.js on macos-latest)	Run tests	2026-05-03T17:56:13.5649040Z # Subtest: jsonToLino - simple string
Test (Node.js on macos-latest)	Run tests	2026-05-03T17:56:13.5649310Z ok 78 - jsonToLino - simple string
Test (Node.js on macos-latest)	Run tests	2026-05-03T17:56:13.5649480Z   ---
Test (Node.js on macos-latest)	Run tests	2026-05-03T17:56:13.5649600Z   duration_ms: 0.035
Test (Node.js on macos-latest)	Run tests	2026-05-03T17:56:13.5649750Z   type: 'test'
Test (Node.js on macos-latest)	Run tests	2026-05-03T17:56:13.5649860Z   ...
Test (Node.js on macos-latest)	Run tests	2026-05-03T17:56:13.5650650Z # Subtest: jsonToLino - string with spaces
Test (Node.js on macos-latest)	Run tests	2026-05-03T17:56:13.5650970Z ok 79 - jsonToLino - string with spaces
Test (Node.js on macos-latest)	Run tests	2026-05-03T17:56:13.5651170Z   ---
Test (Node.js on macos-latest)	Run tests	2026-05-03T17:56:13.5651290Z   duration_ms: 0.03625
Test (Node.js on macos-latest)	Run tests	2026-05-03T17:56:13.5651450Z   type: 'test'
Test (Node.js on macos-latest)	Run tests	2026-05-03T17:56:13.5651580Z   ...
Test (Node.js on macos-latest)	Run tests	2026-05-03T17:56:13.5651790Z # Subtest: jsonToLino - empty array
Test (Node.js on macos-latest)	Run tests	2026-05-03T17:56:13.5652050Z ok 80 - jsonToLino - empty array
Test (Node.js on macos-latest)	Run tests	2026-05-03T17:56:13.5652220Z   ---
Test (Node.js on macos-latest)	Run tests	2026-05-03T17:56:13.5652340Z   duration_ms: 0.030292
Test (Node.js on macos-latest)	Run tests	2026-05-03T17:56:13.5652500Z   type: 'test'
Test (Node.js on macos-latest)	Run tests	2026-05-03T17:56:13.5652640Z   ...
Test (Node.js on macos-latest)	Run tests	2026-05-03T17:56:13.5652850Z # Subtest: jsonToLino - array of numbers
Test (Node.js on macos-latest)	Run tests	2026-05-03T17:56:13.5653170Z ok 81 - jsonToLino - array of numbers
Test (Node.js on macos-latest)	Run tests	2026-05-03T17:56:13.5653400Z   ---
Test (Node.js on macos-latest)	Run tests	2026-05-03T17:56:13.5653530Z   duration_ms: 0.043208
Test (Node.js on macos-latest)	Run tests	2026-05-03T17:56:13.5653740Z   type: 'test'
Test (Node.js on macos-latest)	Run tests	2026-05-03T17:56:13.5653860Z   ...
Test (Node.js on macos-latest)	Run tests	2026-05-03T17:56:13.5654080Z # Subtest: jsonToLino - array of strings
Test (Node.js on macos-latest)	Run tests	2026-05-03T17:56:13.5654350Z ok 82 - jsonToLino - array of strings
Test (Node.js on macos-latest)	Run tests	2026-05-03T17:56:13.5654530Z   ---
Test (Node.js on macos-latest)	Run tests	2026-05-03T17:56:13.5654650Z   duration_ms: 0.036583
Test (Node.js on macos-latest)	Run tests	2026-05-03T17:56:13.5654980Z   type: 'test'
Test (Node.js on macos-latest)	Run tests	2026-05-03T17:56:13.5655110Z   ...
Test (Node.js on macos-latest)	Run tests	2026-05-03T17:56:13.5655320Z # Subtest: jsonToLino - nested array
Test (Node.js on macos-latest)	Run tests	2026-05-03T17:56:13.5655590Z ok 83 - jsonToLino - nested array
Test (Node.js on macos-latest)	Run tests	2026-05-03T17:56:13.5655760Z   ---
Test (Node.js on macos-latest)	Run tests	2026-05-03T17:56:13.5655890Z   duration_ms: 0.036875
Test (Node.js on macos-latest)	Run tests	2026-05-03T17:56:13.5656040Z   type: 'test'
Test (Node.js on macos-latest)	Run tests	2026-05-03T17:56:13.5656150Z   ...
Test (Node.js on macos-latest)	Run tests	2026-05-03T17:56:13.5656360Z # Subtest: jsonToLino - empty object
Test (Node.js on macos-latest)	Run tests	2026-05-03T17:56:13.5656620Z ok 84 - jsonToLino - empty object
Test (Node.js on macos-latest)	Run tests	2026-05-03T17:56:13.5666000Z   ---
Test (Node.js on macos-latest)	Run tests	2026-05-03T17:56:13.5666180Z   duration_ms: 0.032375
Test (Node.js on macos-latest)	Run tests	2026-05-03T17:56:13.5666350Z   type: 'test'
Test (Node.js on macos-latest)	Run tests	2026-05-03T17:56:13.5666480Z   ...
Test (Node.js on macos-latest)	Run tests	2026-05-03T17:56:13.5666700Z # Subtest: jsonToLino - simple object
Test (Node.js on macos-latest)	Run tests	2026-05-03T17:56:13.5666980Z ok 85 - jsonToLino - simple object
Test (Node.js on macos-latest)	Run tests	2026-05-03T17:56:13.5667160Z   ---
Test (Node.js on macos-latest)	Run tests	2026-05-03T17:56:13.5667290Z   duration_ms: 0.1105
Test (Node.js on macos-latest)	Run tests	2026-05-03T17:56:13.5667450Z   type: 'test'
Test (Node.js on macos-latest)	Run tests	2026-05-03T17:56:13.5667570Z   ...
Test (Node.js on macos-latest)	Run tests	2026-05-03T17:56:13.5667820Z # Subtest: jsonToLino - object with nested object
Test (Node.js on macos-latest)	Run tests	2026-05-03T17:56:13.5668170Z ok 86 - jsonToLino - object with nested object
Test (Node.js on macos-latest)	Run tests	2026-05-03T17:56:13.5668370Z   ---
Test (Node.js on macos-latest)	Run tests	2026-05-03T17:56:13.5668500Z   duration_ms: 0.04125
Test (Node.js on macos-latest)	Run tests	2026-05-03T17:56:13.5668640Z   type: 'test'
Test (Node.js on macos-latest)	Run tests	2026-05-03T17:56:13.5668760Z   ...
Test (Node.js on macos-latest)	Run tests	2026-05-03T17:56:13.5668980Z # Subtest: jsonToLino - object with array
Test (Node.js on macos-latest)	Run tests	2026-05-03T17:56:13.5669270Z ok 87 - jsonToLino - object with array
Test (Node.js on macos-latest)	Run tests	2026-05-03T17:56:13.5669450Z   ---
Test (Node.js on macos-latest)	Run tests	2026-05-03T17:56:13.5669580Z   duration_ms: 0.035667
Test (Node.js on macos-latest)	Run tests	2026-05-03T17:56:13.5669740Z   type: 'test'
Test (Node.js on macos-latest)	Run tests	2026-05-03T17:56:13.5669860Z   ...
Test (Node.js on macos-latest)	Run tests	2026-05-03T17:56:13.5670070Z # Subtest: linoToJson - null input
Test (Node.js on macos-latest)	Run tests	2026-05-03T17:56:13.5670320Z ok 88 - linoToJson - null input
Test (Node.js on macos-latest)	Run tests	2026-05-03T17:56:13.5670490Z   ---
Test (Node.js on macos-latest)	Run tests	2026-05-03T17:56:13.5670610Z   duration_ms: 0.056
Test (Node.js on macos-latest)	Run tests	2026-05-03T17:56:13.5671080Z   type: 'test'
Test (Node.js on macos-latest)	Run tests	2026-05-03T17:56:13.5671200Z   ...
Test (Node.js on macos-latest)	Run tests	2026-05-03T17:56:13.5671400Z # Subtest: linoToJson - primitives
Test (Node.js on macos-latest)	Run tests	2026-05-03T17:56:13.5671650Z ok 89 - linoToJson - primitives
Test (Node.js on macos-latest)	Run tests	2026-05-03T17:56:13.5671810Z   ---
Test (Node.js on macos-latest)	Run tests	2026-05-03T17:56:13.5671940Z   duration_ms: 1.304667
Test (Node.js on macos-latest)	Run tests	2026-05-03T17:56:13.5672090Z   type: 'test'
Test (Node.js on macos-latest)	Run tests	2026-05-03T17:56:13.5672210Z   ...
Test (Node.js on macos-latest)	Run tests	2026-05-03T17:56:13.5672410Z # Subtest: linoToJson - simple string
Test (Node.js on macos-latest)	Run tests	2026-05-03T17:56:13.5672680Z ok 90 - linoToJson - simple string
Test (Node.js on macos-latest)	Run tests	2026-05-03T17:56:13.5672850Z   ---
Test (Node.js on macos-latest)	Run tests	2026-05-03T17:56:13.5672970Z   duration_ms: 0.899959
Test (Node.js on macos-latest)	Run tests	2026-05-03T17:56:13.5673130Z   type: 'test'
Test (Node.js on macos-latest)	Run tests	2026-05-03T17:56:13.5673250Z   ...
Test (Node.js on macos-latest)	Run tests	2026-05-03T17:56:13.5673450Z # Subtest: linoToJson - empty link
Test (Node.js on macos-latest)	Run tests	2026-05-03T17:56:13.5673710Z ok 91 - linoToJson - empty link
Test (Node.js on macos-latest)	Run tests	2026-05-03T17:56:13.5673880Z   ---
Test (Node.js on macos-latest)	Run tests	2026-05-03T17:56:13.5674000Z   duration_ms: 0.44475
Test (Node.js on macos-latest)	Run tests	2026-05-03T17:56:13.5674160Z   type: 'test'
Test (Node.js on macos-latest)	Run tests	2026-05-03T17:56:13.5674290Z   ...
Test (Node.js on macos-latest)	Run tests	2026-05-03T17:56:13.5674590Z # Subtest: linoToJson - array of numbers
Test (Node.js on macos-latest)	Run tests	2026-05-03T17:56:13.5674920Z ok 92 - linoToJson - array of numbers
Test (Node.js on macos-latest)	Run tests	2026-05-03T17:56:13.5675100Z   ---
Test (Node.js on macos-latest)	Run tests	2026-05-03T17:56:13.5675230Z   duration_ms: 0.132542
Test (Node.js on macos-latest)	Run tests	2026-05-03T17:56:13.5675710Z   type: 'test'
Test (Node.js on macos-latest)	Run tests	2026-05-03T17:56:13.5675840Z   ...
Test (Node.js on macos-latest)	Run tests	2026-05-03T17:56:13.5676050Z # Subtest: linoToJson - simple object
Test (Node.js on macos-latest)	Run tests	2026-05-03T17:56:13.5676320Z ok 93 - linoToJson - simple object
Test (Node.js on macos-latest)	Run tests	2026-05-03T17:56:13.5676490Z   ---
Test (Node.js on macos-latest)	Run tests	2026-05-03T17:56:13.5676620Z   duration_ms: 0.169958
Test (Node.js on macos-latest)	Run tests	2026-05-03T17:56:13.5676770Z   type: 'test'
Test (Node.js on macos-latest)	Run tests	2026-05-03T17:56:13.5676900Z   ...
Test (Node.js on macos-latest)	Run tests	2026-05-03T17:56:13.5677110Z # Subtest: linoToJson - nested object
Test (Node.js on macos-latest)	Run tests	2026-05-03T17:56:13.5677450Z ok 94 - linoToJson - nested object
Test (Node.js on macos-latest)	Run tests	2026-05-03T17:56:13.5677660Z   ---
Test (Node.js on macos-latest)	Run tests	2026-05-03T17:56:13.5677830Z   duration_ms: 0.416667
Test (Node.js on macos-latest)	Run tests	2026-05-03T17:56:13.5677990Z   type: 'test'
Test (Node.js on macos-latest)	Run tests	2026-05-03T17:56:13.5678110Z   ...
Test (Node.js on macos-latest)	Run tests	2026-05-03T17:56:13.5678370Z # Subtest: linoToJson - object with array value
Test (Node.js on macos-latest)	Run tests	2026-05-03T17:56:13.5678700Z ok 95 - linoToJson - object with array value
Test (Node.js on macos-latest)	Run tests	2026-05-03T17:56:13.5678910Z   ---
Test (Node.js on macos-latest)	Run tests	2026-05-03T17:56:13.5679040Z   duration_ms: 0.132042
Test (Node.js on macos-latest)	Run tests	2026-05-03T17:56:13.5679210Z   type: 'test'
Test (Node.js on macos-latest)	Run tests	2026-05-03T17:56:13.5679330Z   ...
Test (Node.js on macos-latest)	Run tests	2026-05-03T17:56:13.5679550Z # Subtest: roundtrip - simple object
Test (Node.js on macos-latest)	Run tests	2026-05-03T17:56:13.5679810Z ok 96 - roundtrip - simple object
Test (Node.js on macos-latest)	Run tests	2026-05-03T17:56:13.5680230Z   ---
Test (Node.js on macos-latest)	Run tests	2026-05-03T17:56:13.5680350Z   duration_ms: 0.095458
Test (Node.js on macos-latest)	Run tests	2026-05-03T17:56:13.5680500Z   type: 'test'
Test (Node.js on macos-latest)	Run tests	2026-05-03T17:56:13.5680620Z   ...
Test (Node.js on macos-latest)	Run tests	2026-05-03T17:56:13.5680820Z # Subtest: roundtrip - nested object
Test (Node.js on macos-latest)	Run tests	2026-05-03T17:56:13.5681090Z ok 97 - roundtrip - nested object
Test (Node.js on macos-latest)	Run tests	2026-05-03T17:56:13.5681250Z   ---
Test (Node.js on macos-latest)	Run tests	2026-05-03T17:56:13.5681380Z   duration_ms: 0.135083
Test (Node.js on macos-latest)	Run tests	2026-05-03T17:56:13.5681520Z   type: 'test'
Test (Node.js on macos-latest)	Run tests	2026-05-03T17:56:13.5681650Z   ...
Test (Node.js on macos-latest)	Run tests	2026-05-03T17:56:13.5681870Z # Subtest: roundtrip - object with array
Test (Node.js on macos-latest)	Run tests	2026-05-03T17:56:13.5682170Z ok 98 - roundtrip - object with array
Test (Node.js on macos-latest)	Run tests	2026-05-03T17:56:13.5682350Z   ---
Test (Node.js on macos-latest)	Run tests	2026-05-03T17:56:13.5682480Z   duration_ms: 0.071584
Test (Node.js on macos-latest)	Run tests	2026-05-03T17:56:13.5682630Z   type: 'test'
Test (Node.js on macos-latest)	Run tests	2026-05-03T17:56:13.5682760Z   ...
Test (Node.js on macos-latest)	Run tests	2026-05-03T17:56:13.5682970Z # Subtest: roundtrip - complex object
Test (Node.js on macos-latest)	Run tests	2026-05-03T17:56:13.5683240Z ok 99 - roundtrip - complex object
Test (Node.js on macos-latest)	Run tests	2026-05-03T17:56:13.5683410Z   ---
Test (Node.js on macos-latest)	Run tests	2026-05-03T17:56:13.5683540Z   duration_ms: 0.115833
Test (Node.js on macos-latest)	Run tests	2026-05-03T17:56:13.5683690Z   type: 'test'
Test (Node.js on macos-latest)	Run tests	2026-05-03T17:56:13.5683820Z   ...
Test (Node.js on macos-latest)	Run tests	2026-05-03T17:56:13.5684030Z # Subtest: formatAsLino - empty array
Test (Node.js on macos-latest)	Run tests	2026-05-03T17:56:13.5684300Z ok 100 - formatAsLino - empty array
Test (Node.js on macos-latest)	Run tests	2026-05-03T17:56:13.5684470Z   ---
Test (Node.js on macos-latest)	Run tests	2026-05-03T17:56:13.5684600Z   duration_ms: 0.052625
Test (Node.js on macos-latest)	Run tests	2026-05-03T17:56:13.5684740Z   type: 'test'
Test (Node.js on macos-latest)	Run tests	2026-05-03T17:56:13.5684860Z   ...
Test (Node.js on macos-latest)	Run tests	2026-05-03T17:56:13.5685080Z # Subtest: formatAsLino - array of values
Test (Node.js on macos-latest)	Run tests	2026-05-03T17:56:13.5685380Z ok 101 - formatAsLino - array of values
Test (Node.js on macos-latest)	Run tests	2026-05-03T17:56:13.5685580Z   ---
Test (Node.js on macos-latest)	Run tests	2026-05-03T17:56:13.5685710Z   duration_ms: 0.044959
Test (Node.js on macos-latest)	Run tests	2026-05-03T17:56:13.5685860Z   type: 'test'
Test (Node.js on macos-latest)	Run tests	2026-05-03T17:56:13.5685980Z   ...
Test (Node.js on macos-latest)	Run tests	2026-05-03T17:56:13.5686200Z # Subtest: formatIndented - basic object
Test (Node.js on macos-latest)	Run tests	2026-05-03T17:56:13.5686490Z ok 102 - formatIndented - basic object
Test (Node.js on macos-latest)	Run tests	2026-05-03T17:56:13.5686820Z   ---
Test (Node.js on macos-latest)	Run tests	2026-05-03T17:56:13.5687240Z   duration_ms: 0.104834
Test (Node.js on macos-latest)	Run tests	2026-05-03T17:56:13.5687400Z   type: 'test'
Test (Node.js on macos-latest)	Run tests	2026-05-03T17:56:13.5687590Z   ...
Test (Node.js on macos-latest)	Run tests	2026-05-03T17:56:13.5687840Z # Subtest: formatIndented - custom indentation
Test (Node.js on macos-latest)	Run tests	2026-05-03T17:56:13.5688180Z ok 103 - formatIndented - custom indentation
Test (Node.js on macos-latest)	Run tests	2026-05-03T17:56:13.5688370Z   ---
Test (Node.js on macos-latest)	Run tests	2026-05-03T17:56:13.5688510Z   duration_ms: 0.041583
Test (Node.js on macos-latest)	Run tests	2026-05-03T17:56:13.5688650Z   type: 'test'
Test (Node.js on macos-latest)	Run tests	2026-05-03T17:56:13.5688770Z   ...
Test (Node.js on macos-latest)	Run tests	2026-05-03T17:56:13.5689040Z # Subtest: formatIndented - value with double quotes
Test (Node.js on macos-latest)	Run tests	2026-05-03T17:56:13.5689400Z ok 104 - formatIndented - value with double quotes
Test (Node.js on macos-latest)	Run tests	2026-05-03T17:56:13.5689610Z   ---
Test (Node.js on macos-latest)	Run tests	2026-05-03T17:56:13.5689740Z   duration_ms: 0.038042
Test (Node.js on macos-latest)	Run tests	2026-05-03T17:56:13.5689900Z   type: 'test'
Test (Node.js on macos-latest)	Run tests	2026-05-03T17:56:13.5690030Z   ...
Test (Node.js on macos-latest)	Run tests	2026-05-03T17:56:13.5690270Z # Subtest: formatIndented - key with space
Test (Node.js on macos-latest)	Run tests	2026-05-03T17:56:13.5690580Z ok 105 - formatIndented - key with space
Test (Node.js on macos-latest)	Run tests	2026-05-03T17:56:13.5690770Z   ---
Test (Node.js on macos-latest)	Run tests	2026-05-03T17:56:13.5690890Z   duration_ms: 0.061667
Test (Node.js on macos-latest)	Run tests	2026-05-03T17:56:13.5691050Z   type: 'test'
Test (Node.js on macos-latest)	Run tests	2026-05-03T17:56:13.5691170Z   ...
Test (Node.js on macos-latest)	Run tests	2026-05-03T17:56:13.5691390Z # Subtest: formatIndented - null value
Test (Node.js on macos-latest)	Run tests	2026-05-03T17:56:13.5691670Z ok 106 - formatIndented - null value
Test (Node.js on macos-latest)	Run tests	2026-05-03T17:56:13.5691850Z   ---
Test (Node.js on macos-latest)	Run tests	2026-05-03T17:56:13.5691970Z   duration_ms: 0.074458
Test (Node.js on macos-latest)	Run tests	2026-05-03T17:56:13.5692120Z   type: 'test'
Test (Node.js on macos-latest)	Run tests	2026-05-03T17:56:13.5692240Z   ...
Test (Node.js on macos-latest)	Run tests	2026-05-03T17:56:13.5692460Z # Subtest: formatIndented - requires id
Test (Node.js on macos-latest)	Run tests	2026-05-03T17:56:13.5692750Z ok 107 - formatIndented - requires id
Test (Node.js on macos-latest)	Run tests	2026-05-03T17:56:13.5692930Z   ---
Test (Node.js on macos-latest)	Run tests	2026-05-03T17:56:13.5693050Z   duration_ms: 0.210875
Test (Node.js on macos-latest)	Run tests	2026-05-03T17:56:13.5693200Z   type: 'test'
Test (Node.js on macos-latest)	Run tests	2026-05-03T17:56:13.5693330Z   ...
Test (Node.js on macos-latest)	Run tests	2026-05-03T17:56:13.5693590Z # Subtest: formatIndented - requires plain object
Test (Node.js on macos-latest)	Run tests	2026-05-03T17:56:13.5693930Z ok 108 - formatIndented - requires plain object
Test (Node.js on macos-latest)	Run tests	2026-05-03T17:56:13.5694130Z   ---
Test (Node.js on macos-latest)	Run tests	2026-05-03T17:56:13.5694260Z   duration_ms: 0.051625
Test (Node.js on macos-latest)	Run tests	2026-05-03T17:56:13.5694410Z   type: 'test'
Test (Node.js on macos-latest)	Run tests	2026-05-03T17:56:13.5694530Z   ...
Test (Node.js on macos-latest)	Run tests	2026-05-03T17:56:13.5694750Z # Subtest: parseIndented - basic object
Test (Node.js on macos-latest)	Run tests	2026-05-03T17:56:13.5695040Z ok 109 - parseIndented - basic object
Test (Node.js on macos-latest)	Run tests	2026-05-03T17:56:13.5695220Z   ---
Test (Node.js on macos-latest)	Run tests	2026-05-03T17:56:13.5695360Z   duration_ms: 0.280209
Test (Node.js on macos-latest)	Run tests	2026-05-03T17:56:13.5695670Z   type: 'test'
Test (Node.js on macos-latest)	Run tests	2026-05-03T17:56:13.5695790Z   ...
Test (Node.js on macos-latest)	Run tests	2026-05-03T17:56:13.5696050Z # Subtest: parseIndented - value with quotes
Test (Node.js on macos-latest)	Run tests	2026-05-03T17:56:13.5696390Z ok 110 - parseIndented - value with quotes
Test (Node.js on macos-latest)	Run tests	2026-05-03T17:56:13.5696570Z   ---
Test (Node.js on macos-latest)	Run tests	2026-05-03T17:56:13.5696700Z   duration_ms: 0.095459
Test (Node.js on macos-latest)	Run tests	2026-05-03T17:56:13.5696850Z   type: 'test'
Test (Node.js on macos-latest)	Run tests	2026-05-03T17:56:13.5696970Z   ...
Test (Node.js on macos-latest)	Run tests	2026-05-03T17:56:13.5697230Z # Subtest: parseIndented - empty lines are skipped
Test (Node.js on macos-latest)	Run tests	2026-05-03T17:56:13.5697580Z ok 111 - parseIndented - empty lines are skipped
Test (Node.js on macos-latest)	Run tests	2026-05-03T17:56:13.5697800Z   ---
Test (Node.js on macos-latest)	Run tests	2026-05-03T17:56:13.5697930Z   duration_ms: 0.080292
Test (Node.js on macos-latest)	Run tests	2026-05-03T17:56:13.5702420Z   type: 'test'
Test (Node.js on macos-latest)	Run tests	2026-05-03T17:56:13.5702710Z   ...
Test (Node.js on macos-latest)	Run tests	2026-05-03T17:56:13.5703260Z # Subtest: parseIndented - requires text
Test (Node.js on macos-latest)	Run tests	2026-05-03T17:56:13.5703690Z ok 112 - parseIndented - requires text
Test (Node.js on macos-latest)	Run tests	2026-05-03T17:56:13.5704170Z   ---
Test (Node.js on macos-latest)	Run tests	2026-05-03T17:56:13.5704310Z   duration_ms: 0.046417
Test (Node.js on macos-latest)	Run tests	2026-05-03T17:56:13.5704570Z   type: 'test'
Test (Node.js on macos-latest)	Run tests	2026-05-03T17:56:13.5705000Z   ...
Test (Node.js on macos-latest)	Run tests	2026-05-03T17:56:13.5705540Z # Subtest: formatIndented/parseIndented roundtrip - basic
Test (Node.js on macos-latest)	Run tests	2026-05-03T17:56:13.5705950Z ok 113 - formatIndented/parseIndented roundtrip - basic
Test (Node.js on macos-latest)	Run tests	2026-05-03T17:56:13.5706190Z   ---
Test (Node.js on macos-latest)	Run tests	2026-05-03T17:56:13.5706320Z   duration_ms: 0.126125
Test (Node.js on macos-latest)	Run tests	2026-05-03T17:56:13.5706480Z   type: 'test'
Test (Node.js on macos-latest)	Run tests	2026-05-03T17:56:13.5706610Z   ...
Test (Node.js on macos-latest)	Run tests	2026-05-03T17:56:13.5706920Z # Subtest: formatIndented/parseIndented roundtrip - with quotes
Test (Node.js on macos-latest)	Run tests	2026-05-03T17:56:13.5707370Z ok 114 - formatIndented/parseIndented roundtrip - with quotes
Test (Node.js on macos-latest)	Run tests	2026-05-03T17:56:13.5707600Z   ---
Test (Node.js on macos-latest)	Run tests	2026-05-03T17:56:13.5707730Z   duration_ms: 0.07275
Test (Node.js on macos-latest)	Run tests	2026-05-03T17:56:13.5707880Z   type: 'test'
Test (Node.js on macos-latest)	Run tests	2026-05-03T17:56:13.5708010Z   ...
Test (Node.js on macos-latest)	Run tests	2026-05-03T17:56:13.5708250Z # Subtest: levenshteinDistance
Test (Node.js on macos-latest)	Run tests	2026-05-03T17:56:13.5708530Z     # Subtest: should return 0 for identical strings
Test (Node.js on macos-latest)	Run tests	2026-05-03T17:56:13.5709110Z     ok 1 - should return 0 for identical strings
Test (Node.js on macos-latest)	Run tests	2026-05-03T17:56:13.5709320Z       ---
Test (Node.js on macos-latest)	Run tests	2026-05-03T17:56:13.5709460Z       duration_ms: 0.539042
Test (Node.js on macos-latest)	Run tests	2026-05-03T17:56:13.5709630Z       type: 'test'
Test (Node.js on macos-latest)	Run tests	2026-05-03T17:56:13.5709790Z       ...
Test (Node.js on macos-latest)	Run tests	2026-05-03T17:56:13.5710090Z     # Subtest: should return correct distance for single character difference
Test (Node.js on macos-latest)	Run tests	2026-05-03T17:56:13.5710550Z     ok 2 - should return correct distance for single character difference
Test (Node.js on macos-latest)	Run tests	2026-05-03T17:56:13.5710890Z       ---
Test (Node.js on macos-latest)	Run tests	2026-05-03T17:56:13.5711020Z       duration_ms: 0.08275
Test (Node.js on macos-latest)	Run tests	2026-05-03T17:56:13.5711190Z       type: 'test'
Test (Node.js on macos-latest)	Run tests	2026-05-03T17:56:13.5711320Z       ...
Test (Node.js on macos-latest)	Run tests	2026-05-03T17:56:13.5711610Z     # Subtest: should return length for completely different strings
Test (Node.js on macos-latest)	Run tests	2026-05-03T17:56:13.5712010Z     ok 3 - should return length for completely different strings
Test (Node.js on macos-latest)	Run tests	2026-05-03T17:56:13.5712240Z       ---
Test (Node.js on macos-latest)	Run tests	2026-05-03T17:56:13.5712370Z       duration_ms: 0.075459
Test (Node.js on macos-latest)	Run tests	2026-05-03T17:56:13.5712540Z       type: 'test'
Test (Node.js on macos-latest)	Run tests	2026-05-03T17:56:13.5712680Z       ...
Test (Node.js on macos-latest)	Run tests	2026-05-03T17:56:13.5712860Z     # Subtest: should handle empty strings
Test (Node.js on macos-latest)	Run tests	2026-05-03T17:56:13.5713120Z     ok 4 - should handle empty strings
Test (Node.js on macos-latest)	Run tests	2026-05-03T17:56:13.5713300Z       ---
Test (Node.js on macos-latest)	Run tests	2026-05-03T17:56:13.5713430Z       duration_ms: 0.054
Test (Node.js on macos-latest)	Run tests	2026-05-03T17:56:13.5713590Z       type: 'test'
Test (Node.js on macos-latest)	Run tests	2026-05-03T17:56:13.5713720Z       ...
Test (Node.js on macos-latest)	Run tests	2026-05-03T17:56:13.5713950Z     # Subtest: should handle case-sensitive comparison
Test (Node.js on macos-latest)	Run tests	2026-05-03T17:56:13.5714280Z     ok 5 - should handle case-sensitive comparison
Test (Node.js on macos-latest)	Run tests	2026-05-03T17:56:13.5714510Z       ---
Test (Node.js on macos-latest)	Run tests	2026-05-03T17:56:13.5714650Z       duration_ms: 0.060875
Test (Node.js on macos-latest)	Run tests	2026-05-03T17:56:13.5714820Z       type: 'test'
Test (Node.js on macos-latest)	Run tests	2026-05-03T17:56:13.5714950Z       ...
Test (Node.js on macos-latest)	Run tests	2026-05-03T17:56:13.5715070Z     1..5
Test (Node.js on macos-latest)	Run tests	2026-05-03T17:56:13.5715230Z ok 115 - levenshteinDistance
Test (Node.js on macos-latest)	Run tests	2026-05-03T17:56:13.5715400Z   ---
Test (Node.js on macos-latest)	Run tests	2026-05-03T17:56:13.5715530Z   duration_ms: 1.443208
Test (Node.js on macos-latest)	Run tests	2026-05-03T17:56:13.5715680Z   type: 'suite'
Test (Node.js on macos-latest)	Run tests	2026-05-03T17:56:13.5715800Z   ...
Test (Node.js on macos-latest)	Run tests	2026-05-03T17:56:13.5715960Z # Subtest: stringSimilarity
Test (Node.js on macos-latest)	Run tests	2026-05-03T17:56:13.5716240Z     # Subtest: should return 1 for identical strings
Test (Node.js on macos-latest)	Run tests	2026-05-03T17:56:13.5716550Z     ok 1 - should return 1 for identical strings
Test (Node.js on macos-latest)	Run tests	2026-05-03T17:56:13.5716760Z       ---
Test (Node.js on macos-latest)	Run tests	2026-05-03T17:56:13.5716890Z       duration_ms: 0.12975
Test (Node.js on macos-latest)	Run tests	2026-05-03T17:56:13.5717290Z       type: 'test'
Test (Node.js on macos-latest)	Run tests	2026-05-03T17:56:13.5717430Z       ...
Test (Node.js on macos-latest)	Run tests	2026-05-03T17:56:13.5717710Z     # Subtest: should return 0 for completely different strings
Test (Node.js on macos-latest)	Run tests	2026-05-03T17:56:13.5718080Z     ok 2 - should return 0 for completely different strings
Test (Node.js on macos-latest)	Run tests	2026-05-03T17:56:13.5718310Z       ---
Test (Node.js on macos-latest)	Run tests	2026-05-03T17:56:13.5718450Z       duration_ms: 0.169625
Test (Node.js on macos-latest)	Run tests	2026-05-03T17:56:13.5718620Z       type: 'test'
Test (Node.js on macos-latest)	Run tests	2026-05-03T17:56:13.5718750Z       ...
Test (Node.js on macos-latest)	Run tests	2026-05-03T17:56:13.5719040Z     # Subtest: should return value between 0 and 1 for similar strings
Test (Node.js on macos-latest)	Run tests	2026-05-03T17:56:13.5719460Z     ok 3 - should return value between 0 and 1 for similar strings
Test (Node.js on macos-latest)	Run tests	2026-05-03T17:56:13.5719700Z       ---
Test (Node.js on macos-latest)	Run tests	2026-05-03T17:56:13.5719840Z       duration_ms: 0.242959
Test (Node.js on macos-latest)	Run tests	2026-05-03T17:56:13.5720000Z       type: 'test'
Test (Node.js on macos-latest)	Run tests	2026-05-03T17:56:13.5720140Z       ...
Test (Node.js on macos-latest)	Run tests	2026-05-03T17:56:13.5720360Z     # Subtest: should handle different length strings
Test (Node.js on macos-latest)	Run tests	2026-05-03T17:56:13.5720670Z     ok 4 - should handle different length strings
Test (Node.js on macos-latest)	Run tests	2026-05-03T17:56:13.5720870Z       ---
Test (Node.js on macos-latest)	Run tests	2026-05-03T17:56:13.5721010Z       duration_ms: 0.185083
Test (Node.js on macos-latest)	Run tests	2026-05-03T17:56:13.5721160Z       type: 'test'
Test (Node.js on macos-latest)	Run tests	2026-05-03T17:56:13.5721300Z       ...
Test (Node.js on macos-latest)	Run tests	2026-05-03T17:56:13.5721410Z     1..4
Test (Node.js on macos-latest)	Run tests	2026-05-03T17:56:13.5721560Z ok 116 - stringSimilarity
Test (Node.js on macos-latest)	Run tests	2026-05-03T17:56:13.5721710Z   ---
Test (Node.js on macos-latest)	Run tests	2026-05-03T17:56:13.5721830Z   duration_ms: 1.0765
Test (Node.js on macos-latest)	Run tests	2026-05-03T17:56:13.5721980Z   type: 'suite'
Test (Node.js on macos-latest)	Run tests	2026-05-03T17:56:13.5722110Z   ...
Test (Node.js on macos-latest)	Run tests	2026-05-03T17:56:13.5722270Z # Subtest: normalizeQuestion
Test (Node.js on macos-latest)	Run tests	2026-05-03T17:56:13.5722510Z     # Subtest: should convert to lowercase
Test (Node.js on macos-latest)	Run tests	2026-05-03T17:56:13.5722860Z     ok 1 - should convert to lowercase
Test (Node.js on macos-latest)	Run tests	2026-05-03T17:56:13.5723030Z       ---
Test (Node.js on macos-latest)	Run tests	2026-05-03T17:56:13.5723170Z       duration_ms: 0.238875
Test (Node.js on macos-latest)	Run tests	2026-05-03T17:56:13.5723320Z       type: 'test'
Test (Node.js on macos-latest)	Run tests	2026-05-03T17:56:13.5723600Z       ...
Test (Node.js on macos-latest)	Run tests	2026-05-03T17:56:13.5723780Z     # Subtest: should remove punctuation
Test (Node.js on macos-latest)	Run tests	2026-05-03T17:56:13.5724030Z     ok 2 - should remove punctuation
Test (Node.js on macos-latest)	Run tests	2026-05-03T17:56:13.5724210Z       ---
Test (Node.js on macos-latest)	Run tests	2026-05-03T17:56:13.5724340Z       duration_ms: 0.052792
Test (Node.js on macos-latest)	Run tests	2026-05-03T17:56:13.5724510Z       type: 'test'
Test (Node.js on macos-latest)	Run tests	2026-05-03T17:56:13.5724640Z       ...
Test (Node.js on macos-latest)	Run tests	2026-05-03T17:56:13.5724840Z     # Subtest: should standardize whitespace
Test (Node.js on macos-latest)	Run tests	2026-05-03T17:56:13.5725090Z     ok 3 - should standardize whitespace
Test (Node.js on macos-latest)	Run tests	2026-05-03T17:56:13.5725290Z       ---
Test (Node.js on macos-latest)	Run tests	2026-05-03T17:56:13.5725420Z       duration_ms: 0.041625
Test (Node.js on macos-latest)	Run tests	2026-05-03T17:56:13.5725580Z       type: 'test'
Test (Node.js on macos-latest)	Run tests	2026-05-03T17:56:13.5725710Z       ...
Test (Node.js on macos-latest)	Run tests	2026-05-03T17:56:13.5728110Z     # Subtest: should handle combined normalization
Test (Node.js on macos-latest)	Run tests	2026-05-03T17:56:13.5728550Z     ok 4 - should handle combined normalization
Test (Node.js on macos-latest)	Run tests	2026-05-03T17:56:13.5728760Z       ---
Test (Node.js on macos-latest)	Run tests	2026-05-03T17:56:13.5728910Z       duration_ms: 0.050667
Test (Node.js on macos-latest)	Run tests	2026-05-03T17:56:13.5729080Z       type: 'test'
Test (Node.js on macos-latest)	Run tests	2026-05-03T17:56:13.5729210Z       ...
Test (Node.js on macos-latest)	Run tests	2026-05-03T17:56:13.5729340Z     1..4
Test (Node.js on macos-latest)	Run tests	2026-05-03T17:56:13.5729500Z ok 117 - normalizeQuestion
Test (Node.js on macos-latest)	Run tests	2026-05-03T17:56:13.5729650Z   ---
Test (Node.js on macos-latest)	Run tests	2026-05-03T17:56:13.5735740Z   duration_ms: 0.461584
Test (Node.js on macos-latest)	Run tests	2026-05-03T17:56:13.5735910Z   type: 'suite'
Test (Node.js on macos-latest)	Run tests	2026-05-03T17:56:13.5736050Z   ...
Test (Node.js on macos-latest)	Run tests	2026-05-03T17:56:13.5737040Z # Subtest: extractKeywords
Test (Node.js on macos-latest)	Run tests	2026-05-03T17:56:13.5737400Z     # Subtest: should extract all keywords when no stopwords provided
Test (Node.js on macos-latest)	Run tests	2026-05-03T17:56:13.5737810Z     ok 1 - should extract all keywords when no stopwords provided
Test (Node.js on macos-latest)	Run tests	2026-05-03T17:56:13.5738060Z       ---
Test (Node.js on macos-latest)	Run tests	2026-05-03T17:56:13.5738200Z       duration_ms: 0.194167
Test (Node.js on macos-latest)	Run tests	2026-05-03T17:56:13.5738370Z       type: 'test'
Test (Node.js on macos-latest)	Run tests	2026-05-03T17:56:13.5738500Z       ...
Test (Node.js on macos-latest)	Run tests	2026-05-03T17:56:13.5738770Z     # Subtest: should filter out English stopwords when provided
Test (Node.js on macos-latest)	Run tests	2026-05-03T17:56:13.5739140Z     ok 2 - should filter out English stopwords when provided
Test (Node.js on macos-latest)	Run tests	2026-05-03T17:56:13.5739380Z       ---
Test (Node.js on macos-latest)	Run tests	2026-05-03T17:56:13.5739510Z       duration_ms: 0.052792
Test (Node.js on macos-latest)	Run tests	2026-05-03T17:56:13.5739670Z       type: 'test'
Test (Node.js on macos-latest)	Run tests	2026-05-03T17:56:13.5739810Z       ...
Test (Node.js on macos-latest)	Run tests	2026-05-03T17:56:13.5740080Z     # Subtest: should filter out Russian stopwords when provided
Test (Node.js on macos-latest)	Run tests	2026-05-03T17:56:13.5740470Z     ok 3 - should filter out Russian stopwords when provided
Test (Node.js on macos-latest)	Run tests	2026-05-03T17:56:13.5741130Z       ---
Test (Node.js on macos-latest)	Run tests	2026-05-03T17:56:13.5741260Z       duration_ms: 0.098542
Test (Node.js on macos-latest)	Run tests	2026-05-03T17:56:13.5741420Z       type: 'test'
Test (Node.js on macos-latest)	Run tests	2026-05-03T17:56:13.5741560Z       ...
Test (Node.js on macos-latest)	Run tests	2026-05-03T17:56:13.5741770Z     # Subtest: should add stems for longer words
Test (Node.js on macos-latest)	Run tests	2026-05-03T17:56:13.5742060Z     ok 4 - should add stems for longer words
Test (Node.js on macos-latest)	Run tests	2026-05-03T17:56:13.5742260Z       ---
Test (Node.js on macos-latest)	Run tests	2026-05-03T17:56:13.5742400Z       duration_ms: 0.058459
Test (Node.js on macos-latest)	Run tests	2026-05-03T17:56:13.5742570Z       type: 'test'
Test (Node.js on macos-latest)	Run tests	2026-05-03T17:56:13.5742700Z       ...
Test (Node.js on macos-latest)	Run tests	2026-05-03T17:56:13.5742920Z     # Subtest: should respect minWordLength option
Test (Node.js on macos-latest)	Run tests	2026-05-03T17:56:13.5743220Z     ok 5 - should respect minWordLength option
Test (Node.js on macos-latest)	Run tests	2026-05-03T17:56:13.5743420Z       ---
Test (Node.js on macos-latest)	Run tests	2026-05-03T17:56:13.5743650Z       duration_ms: 0.043916
Test (Node.js on macos-latest)	Run tests	2026-05-03T17:56:13.5743830Z       type: 'test'
Test (Node.js on macos-latest)	Run tests	2026-05-03T17:56:13.5743980Z       ...
Test (Node.js on macos-latest)	Run tests	2026-05-03T17:56:13.5744220Z     # Subtest: should disable stemming when stemLength is 0
Test (Node.js on macos-latest)	Run tests	2026-05-03T17:56:13.5744580Z     ok 6 - should disable stemming when stemLength is 0
Test (Node.js on macos-latest)	Run tests	2026-05-03T17:56:13.5744890Z       ---
Test (Node.js on macos-latest)	Run tests	2026-05-03T17:56:13.5745020Z       duration_ms: 0.038
Test (Node.js on macos-latest)	Run tests	2026-05-03T17:56:13.5745180Z       type: 'test'
Test (Node.js on macos-latest)	Run tests	2026-05-03T17:56:13.5745310Z       ...
Test (Node.js on macos-latest)	Run tests	2026-05-03T17:56:13.5745430Z     1..6
Test (Node.js on macos-latest)	Run tests	2026-05-03T17:56:13.5745570Z ok 118 - extractKeywords
Test (Node.js on macos-latest)	Run tests	2026-05-03T17:56:13.5745740Z   ---
Test (Node.js on macos-latest)	Run tests	2026-05-03T17:56:13.5745880Z   duration_ms: 0.555958
Test (Node.js on macos-latest)	Run tests	2026-05-03T17:56:13.5746030Z   type: 'suite'
Test (Node.js on macos-latest)	Run tests	2026-05-03T17:56:13.5746160Z   ...
Test (Node.js on macos-latest)	Run tests	2026-05-03T17:56:13.5746320Z # Subtest: keywordSimilarity
Test (Node.js on macos-latest)	Run tests	2026-05-03T17:56:13.5746620Z     # Subtest: should return 1 for identical questions
Test (Node.js on macos-latest)	Run tests	2026-05-03T17:56:13.5746940Z     ok 1 - should return 1 for identical questions
Test (Node.js on macos-latest)	Run tests	2026-05-03T17:56:13.5747140Z       ---
Test (Node.js on macos-latest)	Run tests	2026-05-03T17:56:13.5747280Z       duration_ms: 0.157166
Test (Node.js on macos-latest)	Run tests	2026-05-03T17:56:13.5747440Z       type: 'test'
Test (Node.js on macos-latest)	Run tests	2026-05-03T17:56:13.5747890Z       ...
Test (Node.js on macos-latest)	Run tests	2026-05-03T17:56:13.5748350Z     # Subtest: should return positive similarity for similar questions
Test (Node.js on macos-latest)	Run tests	2026-05-03T17:56:13.5748860Z     ok 2 - should return positive similarity for similar questions
Test (Node.js on macos-latest)	Run tests	2026-05-03T17:56:13.5749120Z       ---
Test (Node.js on macos-latest)	Run tests	2026-05-03T17:56:13.5749250Z       duration_ms: 0.045834
Test (Node.js on macos-latest)	Run tests	2026-05-03T17:56:13.5749410Z       type: 'test'
Test (Node.js on macos-latest)	Run tests	2026-05-03T17:56:13.5749550Z       ...
Test (Node.js on macos-latest)	Run tests	2026-05-03T17:56:13.5749830Z     # Subtest: should return low similarity for different questions
Test (Node.js on macos-latest)	Run tests	2026-05-03T17:56:13.5750230Z     ok 3 - should return low similarity for different questions
Test (Node.js on macos-latest)	Run tests	2026-05-03T17:56:13.5750470Z       ---
Test (Node.js on macos-latest)	Run tests	2026-05-03T17:56:13.5750600Z       duration_ms: 0.042333
Test (Node.js on macos-latest)	Run tests	2026-05-03T17:56:13.5750810Z       type: 'test'
Test (Node.js on macos-latest)	Run tests	2026-05-03T17:56:13.5750940Z       ...
Test (Node.js on macos-latest)	Run tests	2026-05-03T17:56:13.5751210Z     # Subtest: should return 0 for completely different questions
Test (Node.js on macos-latest)	Run tests	2026-05-03T17:56:13.5751590Z     ok 4 - should return 0 for completely different questions
Test (Node.js on macos-latest)	Run tests	2026-05-03T17:56:13.5751820Z       ---
Test (Node.js on macos-latest)	Run tests	2026-05-03T17:56:13.5751960Z       duration_ms: 0.040792
Test (Node.js on macos-latest)	Run tests	2026-05-03T17:56:13.5752120Z       type: 'test'
Test (Node.js on macos-latest)	Run tests	2026-05-03T17:56:13.5752250Z       ...
Test (Node.js on macos-latest)	Run tests	2026-05-03T17:56:13.5752360Z     1..4
Test (Node.js on macos-latest)	Run tests	2026-05-03T17:56:13.5752510Z ok 119 - keywordSimilarity
Test (Node.js on macos-latest)	Run tests	2026-05-03T17:56:13.5752670Z   ---
Test (Node.js on macos-latest)	Run tests	2026-05-03T17:56:13.5752800Z   duration_ms: 0.386042
Test (Node.js on macos-latest)	Run tests	2026-05-03T17:56:13.5752940Z   type: 'suite'
Test (Node.js on macos-latest)	Run tests	2026-05-03T17:56:13.5753070Z   ...
Test (Node.js on macos-latest)	Run tests	2026-05-03T17:56:13.5753220Z # Subtest: findBestMatch
Test (Node.js on macos-latest)	Run tests	2026-05-03T17:56:13.5753490Z     # Subtest: should return exact match with score 1.0
Test (Node.js on macos-latest)	Run tests	2026-05-03T17:56:13.5753800Z     ok 1 - should return exact match with score 1.0
Test (Node.js on macos-latest)	Run tests	2026-05-03T17:56:13.5754010Z       ---
Test (Node.js on macos-latest)	Run tests	2026-05-03T17:56:13.5754140Z       duration_ms: 0.109917
Test (Node.js on macos-latest)	Run tests	2026-05-03T17:56:13.5754300Z       type: 'test'
Test (Node.js on macos-latest)	Run tests	2026-05-03T17:56:13.5754430Z       ...
Test (Node.js on macos-latest)	Run tests	2026-05-03T17:56:13.5754680Z     # Subtest: should find similar question with low threshold
Test (Node.js on macos-latest)	Run tests	2026-05-03T17:56:13.5755030Z     ok 2 - should find similar question with low threshold
Test (Node.js on macos-latest)	Run tests	2026-05-03T17:56:13.5755250Z       ---
Test (Node.js on macos-latest)	Run tests	2026-05-03T17:56:13.5755380Z       duration_ms: 0.281459
Test (Node.js on macos-latest)	Run tests	2026-05-03T17:56:13.5755540Z       type: 'test'
Test (Node.js on macos-latest)	Run tests	2026-05-03T17:56:13.5755670Z       ...
Test (Node.js on macos-latest)	Run tests	2026-05-03T17:56:13.5755920Z     # Subtest: should return null when no match above threshold
Test (Node.js on macos-latest)	Run tests	2026-05-03T17:56:13.5756500Z     ok 3 - should return null when no match above threshold
Test (Node.js on macos-latest)	Run tests	2026-05-03T17:56:13.5756730Z       ---
Test (Node.js on macos-latest)	Run tests	2026-05-03T17:56:13.5756860Z       duration_ms: 0.945916
Test (Node.js on macos-latest)	Run tests	2026-05-03T17:56:13.5757020Z       type: 'test'
Test (Node.js on macos-latest)	Run tests	2026-05-03T17:56:13.5757150Z       ...
Test (Node.js on macos-latest)	Run tests	2026-05-03T17:56:13.5757340Z     # Subtest: should respect threshold option
Test (Node.js on macos-latest)	Run tests	2026-05-03T17:56:13.5757620Z     ok 4 - should respect threshold option
Test (Node.js on macos-latest)	Run tests	2026-05-03T17:56:13.5757810Z       ---
Test (Node.js on macos-latest)	Run tests	2026-05-03T17:56:13.5757940Z       duration_ms: 0.244292
Test (Node.js on macos-latest)	Run tests	2026-05-03T17:56:13.5758110Z       type: 'test'
Test (Node.js on macos-latest)	Run tests	2026-05-03T17:56:13.5758240Z       ...
Test (Node.js on macos-latest)	Run tests	2026-05-03T17:56:13.5758450Z     # Subtest: should handle Russian questions
Test (Node.js on macos-latest)	Run tests	2026-05-03T17:56:13.5758730Z     ok 5 - should handle Russian questions
Test (Node.js on macos-latest)	Run tests	2026-05-03T17:56:13.5758910Z       ---
Test (Node.js on macos-latest)	Run tests	2026-05-03T17:56:13.5759050Z       duration_ms: 0.05625
Test (Node.js on macos-latest)	Run tests	2026-05-03T17:56:13.5759210Z       type: 'test'
Test (Node.js on macos-latest)	Run tests	2026-05-03T17:56:13.5759350Z       ...
Test (Node.js on macos-latest)	Run tests	2026-05-03T17:56:13.5759460Z     1..5
Test (Node.js on macos-latest)	Run tests	2026-05-03T17:56:13.5759600Z ok 120 - findBestMatch
Test (Node.js on macos-latest)	Run tests	2026-05-03T17:56:13.5759750Z   ---
Test (Node.js on macos-latest)	Run tests	2026-05-03T17:56:13.5759880Z   duration_ms: 1.718458
Test (Node.js on macos-latest)	Run tests	2026-05-03T17:56:13.5760040Z   type: 'suite'
Test (Node.js on macos-latest)	Run tests	2026-05-03T17:56:13.5760170Z   ...
Test (Node.js on macos-latest)	Run tests	2026-05-03T17:56:13.5760320Z # Subtest: findAllMatches
Test (Node.js on macos-latest)	Run tests	2026-05-03T17:56:13.5760600Z     # Subtest: should return all matches above threshold
Test (Node.js on macos-latest)	Run tests	2026-05-03T17:56:13.5760920Z     ok 1 - should return all matches above threshold
Test (Node.js on macos-latest)	Run tests	2026-05-03T17:56:13.5761130Z       ---
Test (Node.js on macos-latest)	Run tests	2026-05-03T17:56:13.5761270Z       duration_ms: 0.330917
Test (Node.js on macos-latest)	Run tests	2026-05-03T17:56:13.5761440Z       type: 'test'
Test (Node.js on macos-latest)	Run tests	2026-05-03T17:56:13.5761570Z       ...
Test (Node.js on macos-latest)	Run tests	2026-05-03T17:56:13.5761800Z     # Subtest: should sort matches by score descending
Test (Node.js on macos-latest)	Run tests	2026-05-03T17:56:13.5762110Z     ok 2 - should sort matches by score descending
Test (Node.js on macos-latest)	Run tests	2026-05-03T17:56:13.5762320Z       ---
Test (Node.js on macos-latest)	Run tests	2026-05-03T17:56:13.5762640Z       duration_ms: 0.206166
Test (Node.js on macos-latest)	Run tests	2026-05-03T17:56:13.5762810Z       type: 'test'
Test (Node.js on macos-latest)	Run tests	2026-05-03T17:56:13.5762930Z       ...
Test (Node.js on macos-latest)	Run tests	2026-05-03T17:56:13.5763160Z     # Subtest: should return empty array when no matches
Test (Node.js on macos-latest)	Run tests	2026-05-03T17:56:13.5763490Z     ok 3 - should return empty array when no matches
Test (Node.js on macos-latest)	Run tests	2026-05-03T17:56:13.5763700Z       ---
Test (Node.js on macos-latest)	Run tests	2026-05-03T17:56:13.5763830Z       duration_ms: 0.691
Test (Node.js on macos-latest)	Run tests	2026-05-03T17:56:13.5763980Z       type: 'test'
Test (Node.js on macos-latest)	Run tests	2026-05-03T17:56:13.5764110Z       ...
Test (Node.js on macos-latest)	Run tests	2026-05-03T17:56:13.5764320Z     # Subtest: should include answer in results
Test (Node.js on macos-latest)	Run tests	2026-05-03T17:56:13.5764600Z     ok 4 - should include answer in results
Test (Node.js on macos-latest)	Run tests	2026-05-03T17:56:13.5764790Z       ---
Test (Node.js on macos-latest)	Run tests	2026-05-03T17:56:13.5764930Z       duration_ms: 0.205792
Test (Node.js on macos-latest)	Run tests	2026-05-03T17:56:13.5765090Z       type: 'test'
Test (Node.js on macos-latest)	Run tests	2026-05-03T17:56:13.5765210Z       ...
Test (Node.js on macos-latest)	Run tests	2026-05-03T17:56:13.5765320Z     1..4
Test (Node.js on macos-latest)	Run tests	2026-05-03T17:56:13.5765480Z ok 121 - findAllMatches
Test (Node.js on macos-latest)	Run tests	2026-05-03T17:56:13.5765620Z   ---
Test (Node.js on macos-latest)	Run tests	2026-05-03T17:56:13.5765750Z   duration_ms: 1.491583
Test (Node.js on macos-latest)	Run tests	2026-05-03T17:56:13.5765890Z   type: 'suite'
Test (Node.js on macos-latest)	Run tests	2026-05-03T17:56:13.5766020Z   ...
Test (Node.js on macos-latest)	Run tests	2026-05-03T17:56:13.5766130Z 1..121
Test (Node.js on macos-latest)	Run tests	2026-05-03T17:56:13.5766250Z # tests 146
Test (Node.js on macos-latest)	Run tests	2026-05-03T17:56:13.5766370Z # suites 7
Test (Node.js on macos-latest)	Run tests	2026-05-03T17:56:13.5766490Z # pass 146
Test (Node.js on macos-latest)	Run tests	2026-05-03T17:56:13.5766610Z # fail 0
Test (Node.js on macos-latest)	Run tests	2026-05-03T17:56:13.5766730Z # cancelled 0
Test (Node.js on macos-latest)	Run tests	2026-05-03T17:56:13.5766870Z # skipped 0
Test (Node.js on macos-latest)	Run tests	2026-05-03T17:56:13.5766990Z # todo 0
Test (Node.js on macos-latest)	Run tests	2026-05-03T17:56:13.5767140Z # duration_ms 221.441209
Test (Node.js on macos-latest)	Run example	﻿2026-05-03T17:56:13.5801700Z ##[group]Run npm run example
Test (Node.js on macos-latest)	Run example	2026-05-03T17:56:13.5801920Z [36;1mnpm run example[0m
Test (Node.js on macos-latest)	Run example	2026-05-03T17:56:13.5841900Z shell: /bin/bash -e {0}
Test (Node.js on macos-latest)	Run example	2026-05-03T17:56:13.5842110Z ##[endgroup]
Test (Node.js on macos-latest)	Run example	2026-05-03T17:56:13.7287280Z 
Test (Node.js on macos-latest)	Run example	2026-05-03T17:56:13.7351880Z > lino-objects-codec@0.3.3 example
Test (Node.js on macos-latest)	Run example	2026-05-03T17:56:13.7391250Z > node examples/basic_usage.js
Test (Node.js on macos-latest)	Run example	2026-05-03T17:56:13.7395120Z 
Test (Node.js on macos-latest)	Run example	2026-05-03T17:56:13.7754140Z === Link Notation Objects Codec Examples ===
Test (Node.js on macos-latest)	Run example	2026-05-03T17:56:13.7788450Z 
Test (Node.js on macos-latest)	Run example	2026-05-03T17:56:13.7799850Z 1. Basic Types:
Test (Node.js on macos-latest)	Run example	2026-05-03T17:56:13.7829430Z   null                           -> (null)                                             -> null
Test (Node.js on macos-latest)	Run example	2026-05-03T17:56:13.7882910Z   undefined                      -> (undefined)                                        -> undefined
Test (Node.js on macos-latest)	Run example	2026-05-03T17:56:13.7886680Z   true                           -> (bool true)                                        -> true
Test (Node.js on macos-latest)	Run example	2026-05-03T17:56:13.7912290Z   false                          -> (bool false)                                       -> false
Test (Node.js on macos-latest)	Run example	2026-05-03T17:56:13.7916000Z   42                             -> (int 42)                                           -> 42
Test (Node.js on macos-latest)	Run example	2026-05-03T17:56:13.7920900Z   3.14                           -> (float 3.14)                                       -> 3.14
Test (Node.js on macos-latest)	Run example	2026-05-03T17:56:13.7943200Z   Hello, World!                  -> (str SGVsbG8sIFdvcmxkIQ==)                         -> Hello, World!
Test (Node.js on macos-latest)	Run example	2026-05-03T17:56:13.7952920Z   Unicode: 你好世界 🌍               -> (str VW5pY29kZTog5L2g5aW95LiW55WMIPCfjI0=)         -> Unicode: 你好世界 🌍
Test (Node.js on macos-latest)	Run example	2026-05-03T17:56:13.7987440Z 
Test (Node.js on macos-latest)	Run example	2026-05-03T17:56:13.8128510Z 2. Collections:
Test (Node.js on macos-latest)	Run example	2026-05-03T17:56:13.8313730Z   Array: [1,2,3,"hello",true]
Test (Node.js on macos-latest)	Run example	2026-05-03T17:56:13.8414930Z   Encoded: (array (int 1) (int 2) (int 3) (str aGVsbG8=) (bool true))
Test (Node.js on macos-latest)	Run example	2026-05-03T17:56:13.8516090Z   Decoded: [1,2,3,"hello",true]
Test (Node.js on macos-latest)	Run example	2026-05-03T17:56:13.8516440Z   Match: true
Test (Node.js on macos-latest)	Run example	2026-05-03T17:56:13.8516560Z 
Test (Node.js on macos-latest)	Run example	2026-05-03T17:56:13.8516800Z   Object: {"name":"Alice","age":30,"active":true}
Test (Node.js on macos-latest)	Run example	2026-05-03T17:56:13.8517270Z   Encoded: (object ((str bmFtZQ==) (str QWxpY2U=)) ((str YWdl) (int 30)) ((str YWN0aXZl) (bool true)))
Test (Node.js on macos-latest)	Run example	2026-05-03T17:56:13.8517720Z   Decoded: {"name":"Alice","age":30,"active":true}
Test (Node.js on macos-latest)	Run example	2026-05-03T17:56:13.8517940Z   Match: true
Test (Node.js on macos-latest)	Run example	2026-05-03T17:56:13.8518040Z 
Test (Node.js on macos-latest)	Run example	2026-05-03T17:56:13.8518120Z 3. Nested Structures:
Test (Node.js on macos-latest)	Run example	2026-05-03T17:56:13.8518590Z   Original: {"users":[{"id":1,"name":"Alice","admin":true},{"id":2,"name":"Bob","admin":false}],"metadata":{"version":1,"count":2}}
Test (Node.js on macos-latest)	Run example	2026-05-03T17:56:13.8619840Z   Encoded length: 296 characters
Test (Node.js on macos-latest)	Run example	2026-05-03T17:56:13.8721200Z   Decoded: {"users":[{"id":1,"name":"Alice","admin":true},{"id":2,"name":"Bob","admin":false}],"metadata":{"version":1,"count":2}}
Test (Node.js on macos-latest)	Run example	2026-05-03T17:56:13.8822780Z   Match: true
Test (Node.js on macos-latest)	Run example	2026-05-03T17:56:13.8925530Z 
Test (Node.js on macos-latest)	Run example	2026-05-03T17:56:13.9026870Z 4. Circular References:
Test (Node.js on macos-latest)	Run example	2026-05-03T17:56:13.9127900Z   Created self-referencing array
Test (Node.js on macos-latest)	Run example	2026-05-03T17:56:13.9229250Z   Encoded: (obj_0: array (int 1) (int 2) (int 3) obj_0)
Test (Node.js on macos-latest)	Run example	2026-05-03T17:56:13.9330530Z   Decoded correctly: true
Test (Node.js on macos-latest)	Run example	2026-05-03T17:56:13.9432040Z   Circular reference preserved: true
Test (Node.js on macos-latest)	Run example	2026-05-03T17:56:13.9532980Z 
Test (Node.js on macos-latest)	Run example	2026-05-03T17:56:13.9589830Z   Created self-referencing object
Test (Node.js on macos-latest)	Run example	2026-05-03T17:56:13.9641000Z   Encoded: (obj_0: object ((str bmFtZQ==) (str cm9vdA==)) ((str c2VsZg==) obj_0))
Test (Node.js on macos-latest)	Run example	2026-05-03T17:56:13.9663080Z   Decoded correctly: true
Test (Node.js on macos-latest)	Run example	2026-05-03T17:56:13.9681630Z   Circular reference preserved: true
Test (Node.js on macos-latest)	Run example	2026-05-03T17:56:13.9711230Z 
Test (Node.js on macos-latest)	Run example	2026-05-03T17:56:13.9736620Z 5. Shared Object References:
Test (Node.js on macos-latest)	Run example	2026-05-03T17:56:13.9770290Z   Created container with 3 references to same object
Test (Node.js on macos-latest)	Run example	2026-05-03T17:56:13.9783490Z   Encoded: (object ((str Zmlyc3Q=) (obj_0: object ((str c2hhcmVk) (str ZGF0YQ==)) ((str dmFsdWU=) (int 42)))) ((str c2Vjb25k) obj_0) ((str dGhpcmQ=) obj_0))
Test (Node.js on macos-latest)	Run example	2026-05-03T17:56:13.9809940Z   All three references point to same object: true
Test (Node.js on macos-latest)	Run example	2026-05-03T17:56:13.9829330Z   Modified through 'first', visible in 'second': true
Test (Node.js on macos-latest)	Run example	2026-05-03T17:56:13.9845280Z 
Test (Node.js on macos-latest)	Run example	2026-05-03T17:56:13.9860820Z === All examples completed successfully! ===
Test (Node.js on macos-latest)	Post Setup Node.js	﻿2026-05-03T17:56:13.9991500Z Post job cleanup.
Test (Node.js on macos-latest)	Post Run actions/checkout@v4	﻿2026-05-03T17:56:14.1365320Z Post job cleanup.
Test (Node.js on macos-latest)	Post Run actions/checkout@v4	2026-05-03T17:56:14.2256280Z [command]/opt/homebrew/bin/git version
Test (Node.js on macos-latest)	Post Run actions/checkout@v4	2026-05-03T17:56:14.2313610Z git version 2.54.0
Test (Node.js on macos-latest)	Post Run actions/checkout@v4	2026-05-03T17:56:14.2335730Z Copying '/Users/runner/.gitconfig' to '/Users/runner/work/_temp/227f03b8-d071-4101-955b-be7be348c92a/.gitconfig'
Test (Node.js on macos-latest)	Post Run actions/checkout@v4	2026-05-03T17:56:14.2342890Z Temporarily overriding HOME='/Users/runner/work/_temp/227f03b8-d071-4101-955b-be7be348c92a' before making global git config changes
Test (Node.js on macos-latest)	Post Run actions/checkout@v4	2026-05-03T17:56:14.2344030Z Adding repository directory to the temporary git global config as a safe directory
Test (Node.js on macos-latest)	Post Run actions/checkout@v4	2026-05-03T17:56:14.2350430Z [command]/opt/homebrew/bin/git config --global --add safe.directory /Users/runner/work/lino-objects-codec/lino-objects-codec
Test (Node.js on macos-latest)	Post Run actions/checkout@v4	2026-05-03T17:56:14.2413810Z [command]/opt/homebrew/bin/git config --local --name-only --get-regexp core\.sshCommand
Test (Node.js on macos-latest)	Post Run actions/checkout@v4	2026-05-03T17:56:14.2470780Z [command]/opt/homebrew/bin/git submodule foreach --recursive sh -c "git config --local --name-only --get-regexp 'core\.sshCommand' && git config --local --unset-all 'core.sshCommand' || :"
Test (Node.js on macos-latest)	Post Run actions/checkout@v4	2026-05-03T17:56:14.3193030Z [command]/opt/homebrew/bin/git config --local --name-only --get-regexp http\.https\:\/\/github\.com\/\.extraheader
Test (Node.js on macos-latest)	Post Run actions/checkout@v4	2026-05-03T17:56:14.3241680Z http.https://github.com/.extraheader
Test (Node.js on macos-latest)	Post Run actions/checkout@v4	2026-05-03T17:56:14.3249920Z [command]/opt/homebrew/bin/git config --local --unset-all http.https://github.com/.extraheader
Test (Node.js on macos-latest)	Post Run actions/checkout@v4	2026-05-03T17:56:14.3309610Z [command]/opt/homebrew/bin/git submodule foreach --recursive sh -c "git config --local --name-only --get-regexp 'http\.https\:\/\/github\.com\/\.extraheader' && git config --local --unset-all 'http.https://github.com/.extraheader' || :"
Test (Node.js on macos-latest)	Post Run actions/checkout@v4	2026-05-03T17:56:14.4021970Z [command]/opt/homebrew/bin/git config --local --name-only --get-regexp ^includeIf\.gitdir:
Test (Node.js on macos-latest)	Post Run actions/checkout@v4	2026-05-03T17:56:14.4084630Z [command]/opt/homebrew/bin/git submodule foreach --recursive git config --local --show-origin --name-only --get-regexp remote.origin.url
Test (Node.js on macos-latest)	Complete job	﻿2026-05-03T17:56:14.4905300Z Cleaning up orphan processes
Test (Node.js on macos-latest)	Complete job	2026-05-03T17:56:14.8678610Z ##[warning]Node.js 20 actions are deprecated. The following actions are running on Node.js 20 and may not work as expected: actions/checkout@v4, actions/setup-node@v4. Actions will be forced to run with Node.js 24 by default starting June 2nd, 2026. Node.js 20 will be removed from the runner on September 16th, 2026. Please check if updated versions of these actions are available that support Node.js 24. To opt into Node.js 24 now, set the FORCE_JAVASCRIPT_ACTIONS_TO_NODE24=true environment variable on the runner or in your workflow file. Once Node.js 24 becomes the default, you can temporarily opt out by setting ACTIONS_ALLOW_USE_UNSECURE_NODE_VERSION=true. For more information see: https://github.blog/changelog/2025-09-19-deprecation-of-node-20-on-github-actions-runners/
Release	Set up job	﻿2026-05-03T17:56:46.6785693Z Current runner version: '2.334.0'
Release	Set up job	2026-05-03T17:56:46.6822970Z ##[group]Runner Image Provisioner
Release	Set up job	2026-05-03T17:56:46.6824222Z Hosted Compute Agent
Release	Set up job	2026-05-03T17:56:46.6825187Z Version: 20260213.493
Release	Set up job	2026-05-03T17:56:46.6826350Z Commit: 5c115507f6dd24b8de37d8bbe0bb4509d0cc0fa3
Release	Set up job	2026-05-03T17:56:46.6827758Z Build Date: 2026-02-13T00:28:41Z
Release	Set up job	2026-05-03T17:56:46.6828887Z Worker ID: {57c91605-1bcd-4e3d-b392-a563c27a3409}
Release	Set up job	2026-05-03T17:56:46.6830058Z Azure Region: eastus2
Release	Set up job	2026-05-03T17:56:46.6830926Z ##[endgroup]
Release	Set up job	2026-05-03T17:56:46.6833537Z ##[group]Operating System
Release	Set up job	2026-05-03T17:56:46.6835010Z Ubuntu
Release	Set up job	2026-05-03T17:56:46.6835831Z 24.04.4
Release	Set up job	2026-05-03T17:56:46.6836637Z LTS
Release	Set up job	2026-05-03T17:56:46.6837636Z ##[endgroup]
Release	Set up job	2026-05-03T17:56:46.6838643Z ##[group]Runner Image
Release	Set up job	2026-05-03T17:56:46.6839592Z Image: ubuntu-24.04
Release	Set up job	2026-05-03T17:56:46.6840405Z Version: 20260413.86.1
Release	Set up job	2026-05-03T17:56:46.6842265Z Included Software: https://github.com/actions/runner-images/blob/ubuntu24/20260413.86/images/ubuntu/Ubuntu2404-Readme.md
Release	Set up job	2026-05-03T17:56:46.6845227Z Image Release: https://github.com/actions/runner-images/releases/tag/ubuntu24%2F20260413.86
Release	Set up job	2026-05-03T17:56:46.6847092Z ##[endgroup]
Release	Set up job	2026-05-03T17:56:46.6849062Z ##[group]GITHUB_TOKEN Permissions
Release	Set up job	2026-05-03T17:56:46.6851916Z Contents: write
Release	Set up job	2026-05-03T17:56:46.6852833Z Metadata: read
Release	Set up job	2026-05-03T17:56:46.6853725Z PullRequests: write
Release	Set up job	2026-05-03T17:56:46.6854848Z ##[endgroup]
Release	Set up job	2026-05-03T17:56:46.6858393Z Secret source: Actions
Release	Set up job	2026-05-03T17:56:46.6860056Z Prepare workflow directory
Release	Set up job	2026-05-03T17:56:46.7325697Z Prepare all required actions
Release	Set up job	2026-05-03T17:56:46.7380154Z Getting action download info
Release	Set up job	2026-05-03T17:56:47.0344449Z Download action repository 'actions/checkout@v4' (SHA:34e114876b0b11c390a56381ad16ebd13914f8d5)
Release	Set up job	2026-05-03T17:56:47.1453905Z Download action repository 'actions/setup-node@v4' (SHA:49933ea5288caeca8642d1e84afbd3f7d6820020)
Release	Set up job	2026-05-03T17:56:47.3332966Z Complete job name: Release
Release	Run actions/checkout@v4	﻿2026-05-03T17:56:47.4089328Z ##[group]Run actions/checkout@v4
Release	Run actions/checkout@v4	2026-05-03T17:56:47.4090153Z with:
Release	Run actions/checkout@v4	2026-05-03T17:56:47.4090555Z   fetch-depth: 0
Release	Run actions/checkout@v4	2026-05-03T17:56:47.4091013Z   repository: link-foundation/lino-objects-codec
Release	Run actions/checkout@v4	2026-05-03T17:56:47.4091710Z   token: ***
Release	Run actions/checkout@v4	2026-05-03T17:56:47.4092078Z   ssh-strict: true
Release	Run actions/checkout@v4	2026-05-03T17:56:47.4092448Z   ssh-user: git
Release	Run actions/checkout@v4	2026-05-03T17:56:47.4092837Z   persist-credentials: true
Release	Run actions/checkout@v4	2026-05-03T17:56:47.4093267Z   clean: true
Release	Run actions/checkout@v4	2026-05-03T17:56:47.4093663Z   sparse-checkout-cone-mode: true
Release	Run actions/checkout@v4	2026-05-03T17:56:47.4094128Z   fetch-tags: false
Release	Run actions/checkout@v4	2026-05-03T17:56:47.4094580Z   show-progress: true
Release	Run actions/checkout@v4	2026-05-03T17:56:47.4094976Z   lfs: false
Release	Run actions/checkout@v4	2026-05-03T17:56:47.4095330Z   submodules: false
Release	Run actions/checkout@v4	2026-05-03T17:56:47.4095727Z   set-safe-directory: true
Release	Run actions/checkout@v4	2026-05-03T17:56:47.4096368Z ##[endgroup]
Release	Run actions/checkout@v4	2026-05-03T17:56:47.5187667Z Syncing repository: link-foundation/lino-objects-codec
Release	Run actions/checkout@v4	2026-05-03T17:56:47.5189784Z ##[group]Getting Git version info
Release	Run actions/checkout@v4	2026-05-03T17:56:47.5190601Z Working directory is '/home/runner/work/lino-objects-codec/lino-objects-codec'
Release	Run actions/checkout@v4	2026-05-03T17:56:47.5191700Z [command]/usr/bin/git version
Release	Run actions/checkout@v4	2026-05-03T17:56:47.6612923Z git version 2.53.0
Release	Run actions/checkout@v4	2026-05-03T17:56:47.6640130Z ##[endgroup]
Release	Run actions/checkout@v4	2026-05-03T17:56:47.6654542Z Temporarily overriding HOME='/home/runner/work/_temp/8c442575-55a2-4297-9934-e60cb2ccb242' before making global git config changes
Release	Run actions/checkout@v4	2026-05-03T17:56:47.6657295Z Adding repository directory to the temporary git global config as a safe directory
Release	Run actions/checkout@v4	2026-05-03T17:56:47.6660625Z [command]/usr/bin/git config --global --add safe.directory /home/runner/work/lino-objects-codec/lino-objects-codec
Release	Run actions/checkout@v4	2026-05-03T17:56:47.6697449Z Deleting the contents of '/home/runner/work/lino-objects-codec/lino-objects-codec'
Release	Run actions/checkout@v4	2026-05-03T17:56:47.6702413Z ##[group]Initializing the repository
Release	Run actions/checkout@v4	2026-05-03T17:56:47.6708787Z [command]/usr/bin/git init /home/runner/work/lino-objects-codec/lino-objects-codec
Release	Run actions/checkout@v4	2026-05-03T17:56:47.6787477Z hint: Using 'master' as the name for the initial branch. This default branch name
Release	Run actions/checkout@v4	2026-05-03T17:56:47.6789204Z hint: will change to "main" in Git 3.0. To configure the initial branch name
Release	Run actions/checkout@v4	2026-05-03T17:56:47.6790753Z hint: to use in all of your new repositories, which will suppress this warning,
Release	Run actions/checkout@v4	2026-05-03T17:56:47.6791674Z hint: call:
Release	Run actions/checkout@v4	2026-05-03T17:56:47.6792205Z hint:
Release	Run actions/checkout@v4	2026-05-03T17:56:47.6792905Z hint: 	git config --global init.defaultBranch <name>
Release	Run actions/checkout@v4	2026-05-03T17:56:47.6793655Z hint:
Release	Run actions/checkout@v4	2026-05-03T17:56:47.6794404Z hint: Names commonly chosen instead of 'master' are 'main', 'trunk' and
Release	Run actions/checkout@v4	2026-05-03T17:56:47.6795464Z hint: 'development'. The just-created branch can be renamed via this command:
Release	Run actions/checkout@v4	2026-05-03T17:56:47.6796319Z hint:
Release	Run actions/checkout@v4	2026-05-03T17:56:47.6797077Z hint: 	git branch -m <name>
Release	Run actions/checkout@v4	2026-05-03T17:56:47.6798127Z hint:
Release	Run actions/checkout@v4	2026-05-03T17:56:47.6799066Z hint: Disable this message with "git config set advice.defaultBranchName false"
Release	Run actions/checkout@v4	2026-05-03T17:56:47.6800234Z Initialized empty Git repository in /home/runner/work/lino-objects-codec/lino-objects-codec/.git/
Release	Run actions/checkout@v4	2026-05-03T17:56:47.6804333Z [command]/usr/bin/git remote add origin https://github.com/link-foundation/lino-objects-codec
Release	Run actions/checkout@v4	2026-05-03T17:56:47.6838546Z ##[endgroup]
Release	Run actions/checkout@v4	2026-05-03T17:56:47.6839380Z ##[group]Disabling automatic garbage collection
Release	Run actions/checkout@v4	2026-05-03T17:56:47.6844785Z [command]/usr/bin/git config --local gc.auto 0
Release	Run actions/checkout@v4	2026-05-03T17:56:47.6888892Z ##[endgroup]
Release	Run actions/checkout@v4	2026-05-03T17:56:47.6889647Z ##[group]Setting up auth
Release	Run actions/checkout@v4	2026-05-03T17:56:47.6890381Z [command]/usr/bin/git config --local --name-only --get-regexp core\.sshCommand
Release	Run actions/checkout@v4	2026-05-03T17:56:47.6923133Z [command]/usr/bin/git submodule foreach --recursive sh -c "git config --local --name-only --get-regexp 'core\.sshCommand' && git config --local --unset-all 'core.sshCommand' || :"
Release	Run actions/checkout@v4	2026-05-03T17:56:47.7222216Z [command]/usr/bin/git config --local --name-only --get-regexp http\.https\:\/\/github\.com\/\.extraheader
Release	Run actions/checkout@v4	2026-05-03T17:56:47.7254882Z [command]/usr/bin/git submodule foreach --recursive sh -c "git config --local --name-only --get-regexp 'http\.https\:\/\/github\.com\/\.extraheader' && git config --local --unset-all 'http.https://github.com/.extraheader' || :"
Release	Run actions/checkout@v4	2026-05-03T17:56:47.7493349Z [command]/usr/bin/git config --local --name-only --get-regexp ^includeIf\.gitdir:
Release	Run actions/checkout@v4	2026-05-03T17:56:47.7523838Z [command]/usr/bin/git submodule foreach --recursive git config --local --show-origin --name-only --get-regexp remote.origin.url
Release	Run actions/checkout@v4	2026-05-03T17:56:47.7756608Z [command]/usr/bin/git config --local http.https://github.com/.extraheader AUTHORIZATION: basic ***
Release	Run actions/checkout@v4	2026-05-03T17:56:47.7794068Z ##[endgroup]
Release	Run actions/checkout@v4	2026-05-03T17:56:47.7794822Z ##[group]Fetching the repository
Release	Run actions/checkout@v4	2026-05-03T17:56:47.7806767Z [command]/usr/bin/git -c protocol.version=2 fetch --prune --no-recurse-submodules origin +refs/heads/*:refs/remotes/origin/* +refs/tags/*:refs/tags/*
Release	Run actions/checkout@v4	2026-05-03T17:56:48.0620173Z From https://github.com/link-foundation/lino-objects-codec
Release	Run actions/checkout@v4	2026-05-03T17:56:48.0622141Z  * [new branch]      issue-1-843d779c4cdb  -> origin/issue-1-843d779c4cdb
Release	Run actions/checkout@v4	2026-05-03T17:56:48.0624090Z  * [new branch]      issue-11-c74c0836aeba -> origin/issue-11-c74c0836aeba
Release	Run actions/checkout@v4	2026-05-03T17:56:48.0625896Z  * [new branch]      issue-15-b28422959bc5 -> origin/issue-15-b28422959bc5
Release	Run actions/checkout@v4	2026-05-03T17:56:48.0628256Z  * [new branch]      issue-17-ace5a094a724 -> origin/issue-17-ace5a094a724
Release	Run actions/checkout@v4	2026-05-03T17:56:48.0630066Z  * [new branch]      issue-19-d88ab983ff7d -> origin/issue-19-d88ab983ff7d
Release	Run actions/checkout@v4	2026-05-03T17:56:48.0631945Z  * [new branch]      issue-20-d21ab54e8ff1 -> origin/issue-20-d21ab54e8ff1
Release	Run actions/checkout@v4	2026-05-03T17:56:48.0633782Z  * [new branch]      issue-22-e5ea3b44ef6b -> origin/issue-22-e5ea3b44ef6b
Release	Run actions/checkout@v4	2026-05-03T17:56:48.0635804Z  * [new branch]      issue-25-76b0e5ea19d6 -> origin/issue-25-76b0e5ea19d6
Release	Run actions/checkout@v4	2026-05-03T17:56:48.0638275Z  * [new branch]      issue-27-eb86cc75f92a -> origin/issue-27-eb86cc75f92a
Release	Run actions/checkout@v4	2026-05-03T17:56:48.0640477Z  * [new branch]      issue-29-7f70f0d87db9 -> origin/issue-29-7f70f0d87db9
Release	Run actions/checkout@v4	2026-05-03T17:56:48.0642714Z  * [new branch]      issue-3-397c5eeac29f  -> origin/issue-3-397c5eeac29f
Release	Run actions/checkout@v4	2026-05-03T17:56:48.0644750Z  * [new branch]      issue-5-9641b6fb00d3  -> origin/issue-5-9641b6fb00d3
Release	Run actions/checkout@v4	2026-05-03T17:56:48.0647185Z  * [new branch]      issue-7-7a98520cd689  -> origin/issue-7-7a98520cd689
Release	Run actions/checkout@v4	2026-05-03T17:56:48.0649601Z  * [new branch]      issue-8-8f8d9acce5f1  -> origin/issue-8-8f8d9acce5f1
Release	Run actions/checkout@v4	2026-05-03T17:56:48.0651627Z  * [new branch]      issue-9-bef9e95e65ef  -> origin/issue-9-bef9e95e65ef
Release	Run actions/checkout@v4	2026-05-03T17:56:48.0653384Z  * [new branch]      main                  -> origin/main
Release	Run actions/checkout@v4	2026-05-03T17:56:48.0654867Z  * [new tag]         csharp-v0.2.0         -> csharp-v0.2.0
Release	Run actions/checkout@v4	2026-05-03T17:56:48.0656415Z  * [new tag]         rust-v0.2.0           -> rust-v0.2.0
Release	Run actions/checkout@v4	2026-05-03T17:56:48.0658149Z  * [new tag]         v0.1.1                -> v0.1.1
Release	Run actions/checkout@v4	2026-05-03T17:56:48.0659543Z  * [new tag]         v0.3.0                -> v0.3.0
Release	Run actions/checkout@v4	2026-05-03T17:56:48.0660906Z  * [new tag]         v0.3.1                -> v0.3.1
Release	Run actions/checkout@v4	2026-05-03T17:56:48.0662302Z  * [new tag]         v0.3.2                -> v0.3.2
Release	Run actions/checkout@v4	2026-05-03T17:56:48.0663740Z  * [new tag]         v0.3.3                -> v0.3.3
Release	Run actions/checkout@v4	2026-05-03T17:56:48.0680993Z [command]/usr/bin/git branch --list --remote origin/main
Release	Run actions/checkout@v4	2026-05-03T17:56:48.0706660Z   origin/main
Release	Run actions/checkout@v4	2026-05-03T17:56:48.0716610Z [command]/usr/bin/git rev-parse refs/remotes/origin/main
Release	Run actions/checkout@v4	2026-05-03T17:56:48.0736399Z ddbf2556b5b0e91a05c053f321b85ce9eb02355a
Release	Run actions/checkout@v4	2026-05-03T17:56:48.0741594Z ##[endgroup]
Release	Run actions/checkout@v4	2026-05-03T17:56:48.0742359Z ##[group]Determining the checkout info
Release	Run actions/checkout@v4	2026-05-03T17:56:48.0743358Z ##[endgroup]
Release	Run actions/checkout@v4	2026-05-03T17:56:48.0747660Z [command]/usr/bin/git sparse-checkout disable
Release	Run actions/checkout@v4	2026-05-03T17:56:48.0782049Z [command]/usr/bin/git config --local --unset-all extensions.worktreeConfig
Release	Run actions/checkout@v4	2026-05-03T17:56:48.0807294Z ##[group]Checking out the ref
Release	Run actions/checkout@v4	2026-05-03T17:56:48.0811755Z [command]/usr/bin/git checkout --progress --force -B main refs/remotes/origin/main
Release	Run actions/checkout@v4	2026-05-03T17:56:48.0985056Z Switched to a new branch 'main'
Release	Run actions/checkout@v4	2026-05-03T17:56:48.0987820Z branch 'main' set up to track 'origin/main'.
Release	Run actions/checkout@v4	2026-05-03T17:56:48.0994582Z ##[endgroup]
Release	Run actions/checkout@v4	2026-05-03T17:56:48.1029057Z [command]/usr/bin/git log -1 --format=%H
Release	Run actions/checkout@v4	2026-05-03T17:56:48.1050483Z ddbf2556b5b0e91a05c053f321b85ce9eb02355a
Release	Setup Node.js	﻿2026-05-03T17:56:48.1332351Z ##[group]Run actions/setup-node@v4
Release	Setup Node.js	2026-05-03T17:56:48.1333107Z with:
Release	Setup Node.js	2026-05-03T17:56:48.1333502Z   node-version: 22
Release	Setup Node.js	2026-05-03T17:56:48.1334089Z   registry-url: https://registry.npmjs.org
Release	Setup Node.js	2026-05-03T17:56:48.1334880Z   always-auth: false
Release	Setup Node.js	2026-05-03T17:56:48.1335387Z   check-latest: false
Release	Setup Node.js	2026-05-03T17:56:48.1336147Z   token: ***
Release	Setup Node.js	2026-05-03T17:56:48.1336560Z ##[endgroup]
Release	Setup Node.js	2026-05-03T17:56:48.3135254Z Found in cache @ /opt/hostedtoolcache/node/22.22.2/x64
Release	Setup Node.js	2026-05-03T17:56:48.3142420Z ##[group]Environment details
Release	Setup Node.js	2026-05-03T17:56:48.6006024Z node: v22.22.2
Release	Setup Node.js	2026-05-03T17:56:48.6008053Z npm: 10.9.7
Release	Setup Node.js	2026-05-03T17:56:48.6008978Z yarn: 1.22.22
Release	Setup Node.js	2026-05-03T17:56:48.6011082Z ##[endgroup]
Release	Install dependencies	﻿2026-05-03T17:56:48.6159731Z ##[group]Run npm install
Release	Install dependencies	2026-05-03T17:56:48.6160913Z [36;1mnpm install[0m
Release	Install dependencies	2026-05-03T17:56:48.6196613Z shell: /usr/bin/bash -e {0}
Release	Install dependencies	2026-05-03T17:56:48.6198091Z env:
Release	Install dependencies	2026-05-03T17:56:48.6199300Z   NPM_CONFIG_USERCONFIG: /home/runner/work/_temp/.npmrc
Release	Install dependencies	2026-05-03T17:56:48.6200819Z   NODE_AUTH_TOKEN: XXXXX-XXXXX-XXXXX-XXXXX
Release	Install dependencies	2026-05-03T17:56:48.6202064Z ##[endgroup]
Release	Install dependencies	2026-05-03T17:56:52.1575686Z 
Release	Install dependencies	2026-05-03T17:56:52.1583142Z > lino-objects-codec@0.3.3 prepare
Release	Install dependencies	2026-05-03T17:56:52.1583644Z > husky || true
Release	Install dependencies	2026-05-03T17:56:52.1583884Z 
Release	Install dependencies	2026-05-03T17:56:52.1998270Z .git can't be found
Release	Install dependencies	2026-05-03T17:56:52.1999044Z added 321 packages, and audited 322 packages in 4s
Release	Install dependencies	2026-05-03T17:56:52.1999375Z 
Release	Install dependencies	2026-05-03T17:56:52.1999572Z 74 packages are looking for funding
Release	Install dependencies	2026-05-03T17:56:52.1999915Z   run `npm fund` for details
Release	Install dependencies	2026-05-03T17:56:52.2054435Z 
Release	Install dependencies	2026-05-03T17:56:52.2054928Z 6 vulnerabilities (3 moderate, 3 high)
Release	Install dependencies	2026-05-03T17:56:52.2055345Z 
Release	Install dependencies	2026-05-03T17:56:52.2055582Z To address all issues, run:
Release	Install dependencies	2026-05-03T17:56:52.2056186Z   npm audit fix
Release	Install dependencies	2026-05-03T17:56:52.2056444Z 
Release	Install dependencies	2026-05-03T17:56:52.2056675Z Run `npm audit` for details.
Release	Update npm for OIDC trusted publishing	﻿2026-05-03T17:56:52.2558236Z ##[group]Run node scripts/setup-npm.mjs
Release	Update npm for OIDC trusted publishing	2026-05-03T17:56:52.2558621Z [36;1mnode scripts/setup-npm.mjs[0m
Release	Update npm for OIDC trusted publishing	2026-05-03T17:56:52.2581351Z shell: /usr/bin/bash -e {0}
Release	Update npm for OIDC trusted publishing	2026-05-03T17:56:52.2581606Z env:
Release	Update npm for OIDC trusted publishing	2026-05-03T17:56:52.2582065Z   NPM_CONFIG_USERCONFIG: /home/runner/work/_temp/.npmrc
Release	Update npm for OIDC trusted publishing	2026-05-03T17:56:52.2582398Z   NODE_AUTH_TOKEN: XXXXX-XXXXX-XXXXX-XXXXX
Release	Update npm for OIDC trusted publishing	2026-05-03T17:56:52.2582661Z ##[endgroup]
Release	Update npm for OIDC trusted publishing	2026-05-03T17:56:53.9640392Z 10.9.7
Release	Update npm for OIDC trusted publishing	2026-05-03T17:56:53.9689601Z Current npm version: 10.9.7
Release	Update npm for OIDC trusted publishing	2026-05-03T17:56:57.7804524Z npm error code MODULE_NOT_FOUND
Release	Update npm for OIDC trusted publishing	2026-05-03T17:56:57.7818553Z npm error Cannot find module 'promise-retry'
Release	Update npm for OIDC trusted publishing	2026-05-03T17:56:57.7827691Z npm error Require stack:
Release	Update npm for OIDC trusted publishing	2026-05-03T17:56:57.7829389Z npm error - /opt/hostedtoolcache/node/22.22.2/x64/lib/node_modules/npm/node_modules/@npmcli/arborist/lib/arborist/rebuild.js
Release	Update npm for OIDC trusted publishing	2026-05-03T17:56:57.7831229Z npm error - /opt/hostedtoolcache/node/22.22.2/x64/lib/node_modules/npm/node_modules/@npmcli/arborist/lib/arborist/index.js
Release	Update npm for OIDC trusted publishing	2026-05-03T17:56:57.7832685Z npm error - /opt/hostedtoolcache/node/22.22.2/x64/lib/node_modules/npm/node_modules/@npmcli/arborist/lib/index.js
Release	Update npm for OIDC trusted publishing	2026-05-03T17:56:57.7834170Z npm error - /opt/hostedtoolcache/node/22.22.2/x64/lib/node_modules/npm/node_modules/libnpmfund/lib/index.js
Release	Update npm for OIDC trusted publishing	2026-05-03T17:56:57.7835631Z npm error - /opt/hostedtoolcache/node/22.22.2/x64/lib/node_modules/npm/lib/utils/reify-output.js
Release	Update npm for OIDC trusted publishing	2026-05-03T17:56:57.7837168Z npm error - /opt/hostedtoolcache/node/22.22.2/x64/lib/node_modules/npm/lib/utils/reify-finish.js
Release	Update npm for OIDC trusted publishing	2026-05-03T17:56:57.7838635Z npm error - /opt/hostedtoolcache/node/22.22.2/x64/lib/node_modules/npm/lib/commands/install.js
Release	Update npm for OIDC trusted publishing	2026-05-03T17:56:57.7840068Z npm error - /opt/hostedtoolcache/node/22.22.2/x64/lib/node_modules/npm/lib/npm.js
Release	Update npm for OIDC trusted publishing	2026-05-03T17:56:57.7841501Z npm error - /opt/hostedtoolcache/node/22.22.2/x64/lib/node_modules/npm/lib/cli/entry.js
Release	Update npm for OIDC trusted publishing	2026-05-03T17:56:57.7842708Z npm error - /opt/hostedtoolcache/node/22.22.2/x64/lib/node_modules/npm/lib/cli.js
Release	Update npm for OIDC trusted publishing	2026-05-03T17:56:57.7843977Z npm error - /opt/hostedtoolcache/node/22.22.2/x64/lib/node_modules/npm/bin/npm-cli.js
Release	Update npm for OIDC trusted publishing	2026-05-03T17:56:57.7845556Z npm error A complete log of this run can be found in: /home/runner/.npm/_logs/2026-05-03T17_56_54_027Z-debug-0.log
Release	Update npm for OIDC trusted publishing	2026-05-03T17:56:57.8808198Z 10.9.7
Release	Update npm for OIDC trusted publishing	2026-05-03T17:56:57.8859165Z Updated npm version: 10.9.7
Release	Check for changesets	﻿2026-05-03T17:56:57.8953252Z ##[group]Run node scripts/check-changesets.mjs
Release	Check for changesets	2026-05-03T17:56:57.8953626Z [36;1mnode scripts/check-changesets.mjs[0m
Release	Check for changesets	2026-05-03T17:56:57.8974663Z shell: /usr/bin/bash -e {0}
Release	Check for changesets	2026-05-03T17:56:57.8974890Z env:
Release	Check for changesets	2026-05-03T17:56:57.8975117Z   NPM_CONFIG_USERCONFIG: /home/runner/work/_temp/.npmrc
Release	Check for changesets	2026-05-03T17:56:57.8975442Z   NODE_AUTH_TOKEN: XXXXX-XXXXX-XXXXX-XXXXX
Release	Check for changesets	2026-05-03T17:56:57.8975687Z ##[endgroup]
Release	Check for changesets	2026-05-03T17:56:57.9285684Z Checking for pending changeset files...
Release	Check for changesets	2026-05-03T17:56:57.9286130Z 
Release	Check for changesets	2026-05-03T17:56:57.9289813Z Found 1 changeset file(s)
Release	Check for changesets	2026-05-03T17:56:57.9290830Z has_changesets=true
Release	Check for changesets	2026-05-03T17:56:57.9291428Z changeset_count=1
Release	Version packages and commit to main	﻿2026-05-03T17:56:57.9388461Z ##[group]Run node scripts/version-and-commit.mjs --mode changeset
Release	Version packages and commit to main	2026-05-03T17:56:57.9388916Z [36;1mnode scripts/version-and-commit.mjs --mode changeset[0m
Release	Version packages and commit to main	2026-05-03T17:56:57.9409342Z shell: /usr/bin/bash -e {0}
Release	Version packages and commit to main	2026-05-03T17:56:57.9409589Z env:
Release	Version packages and commit to main	2026-05-03T17:56:57.9409816Z   NPM_CONFIG_USERCONFIG: /home/runner/work/_temp/.npmrc
Release	Version packages and commit to main	2026-05-03T17:56:57.9410139Z   NODE_AUTH_TOKEN: XXXXX-XXXXX-XXXXX-XXXXX
Release	Version packages and commit to main	2026-05-03T17:56:57.9410393Z ##[endgroup]
Release	Version packages and commit to main	2026-05-03T17:57:00.0112651Z Parsed configuration: { mode: 'changeset', bumpType: '', description: '(none)' }
Release	Version packages and commit to main	2026-05-03T17:57:00.0285430Z Checking for remote changes...
Release	Version packages and commit to main	2026-05-03T17:57:00.1782079Z From https://github.com/link-foundation/lino-objects-codec
Release	Version packages and commit to main	2026-05-03T17:57:00.1782858Z  * branch            main       -> FETCH_HEAD
Release	Version packages and commit to main	2026-05-03T17:57:00.1900816Z ddbf2556b5b0e91a05c053f321b85ce9eb02355a
Release	Version packages and commit to main	2026-05-03T17:57:00.1969454Z ddbf2556b5b0e91a05c053f321b85ce9eb02355a
Release	Version packages and commit to main	2026-05-03T17:57:00.1976397Z Current version: 0.3.3
Release	Version packages and commit to main	2026-05-03T17:57:00.1977462Z Running changeset version...
Release	Version packages and commit to main	2026-05-03T17:57:00.2946348Z 
Release	Version packages and commit to main	2026-05-03T17:57:00.2947186Z > lino-objects-codec@0.3.3 changeset:version
Release	Version packages and commit to main	2026-05-03T17:57:00.2947870Z > node scripts/changeset-version.mjs
Release	Version packages and commit to main	2026-05-03T17:57:00.2948206Z 
Release	Version packages and commit to main	2026-05-03T17:57:00.8899538Z Running changeset version...
Release	Version packages and commit to main	2026-05-03T17:57:01.5678471Z 🦋  All files have been updated. Review them and commit at your leisure
Release	Version packages and commit to main	2026-05-03T17:57:01.5849707Z 
Release	Version packages and commit to main	2026-05-03T17:57:01.5850173Z Synchronizing package-lock.json...
Release	Version packages and commit to main	2026-05-03T17:57:02.2359149Z 
Release	Version packages and commit to main	2026-05-03T17:57:02.2359736Z > lino-objects-codec@0.3.4 prepare
Release	Version packages and commit to main	2026-05-03T17:57:02.2360225Z > husky || true
Release	Version packages and commit to main	2026-05-03T17:57:02.2360434Z 
Release	Version packages and commit to main	2026-05-03T17:57:02.2736261Z .git can't be found
Release	Version packages and commit to main	2026-05-03T17:57:02.2737304Z up to date, audited 322 packages in 635ms
Release	Version packages and commit to main	2026-05-03T17:57:02.2737812Z 
Release	Version packages and commit to main	2026-05-03T17:57:02.2738098Z 74 packages are looking for funding
Release	Version packages and commit to main	2026-05-03T17:57:02.2738705Z   run `npm fund` for details
Release	Version packages and commit to main	2026-05-03T17:57:02.2814403Z 
Release	Version packages and commit to main	2026-05-03T17:57:02.2815009Z 6 vulnerabilities (3 moderate, 3 high)
Release	Version packages and commit to main	2026-05-03T17:57:02.2815582Z 
Release	Version packages and commit to main	2026-05-03T17:57:02.2815924Z To address all issues, run:
Release	Version packages and commit to main	2026-05-03T17:57:02.2816501Z   npm audit fix
Release	Version packages and commit to main	2026-05-03T17:57:02.2817093Z 
Release	Version packages and commit to main	2026-05-03T17:57:02.2817570Z Run `npm audit` for details.
Release	Version packages and commit to main	2026-05-03T17:57:02.2924337Z 
Release	Version packages and commit to main	2026-05-03T17:57:02.2925331Z ✅ Version bump complete with synchronized package-lock.json
Release	Version packages and commit to main	2026-05-03T17:57:02.3052133Z New version: 0.3.4
Release	Version packages and commit to main	2026-05-03T17:57:02.3212350Z  D js/.changeset/issue-29-publish-detection.md
Release	Version packages and commit to main	2026-05-03T17:57:02.3212922Z  M js/CHANGELOG.md
Release	Version packages and commit to main	2026-05-03T17:57:02.3213301Z  M js/package-lock.json
Release	Version packages and commit to main	2026-05-03T17:57:02.3213699Z  M js/package.json
Release	Version packages and commit to main	2026-05-03T17:57:02.3219047Z Changes detected, committing...
Release	Version packages and commit to main	2026-05-03T17:57:02.3445468Z [main e4d3978] 0.3.4
Release	Version packages and commit to main	2026-05-03T17:57:02.3446014Z  4 files changed, 18 insertions(+), 17 deletions(-)
Release	Version packages and commit to main	2026-05-03T17:57:02.3446617Z  delete mode 100644 js/.changeset/issue-29-publish-detection.md
Release	Version packages and commit to main	2026-05-03T17:57:03.1818038Z To https://github.com/link-foundation/lino-objects-codec
Release	Version packages and commit to main	2026-05-03T17:57:03.1818508Z    ddbf255..e4d3978  main -> main
Release	Version packages and commit to main	2026-05-03T17:57:03.1863248Z ✅ Version bump committed and pushed to main
Release	Publish to npm	﻿2026-05-03T17:57:03.1965802Z ##[group]Run node scripts/publish-to-npm.mjs --should-pull
Release	Publish to npm	2026-05-03T17:57:03.1966209Z [36;1mnode scripts/publish-to-npm.mjs --should-pull[0m
Release	Publish to npm	2026-05-03T17:57:03.1986823Z shell: /usr/bin/bash -e {0}
Release	Publish to npm	2026-05-03T17:57:03.1987362Z env:
Release	Publish to npm	2026-05-03T17:57:03.1987591Z   NPM_CONFIG_USERCONFIG: /home/runner/work/_temp/.npmrc
Release	Publish to npm	2026-05-03T17:57:03.1987911Z   NODE_AUTH_TOKEN: XXXXX-XXXXX-XXXXX-XXXXX
Release	Publish to npm	2026-05-03T17:57:03.1988171Z ##[endgroup]
Release	Publish to npm	2026-05-03T17:57:04.3338126Z From https://github.com/link-foundation/lino-objects-codec
Release	Publish to npm	2026-05-03T17:57:04.3338970Z  * branch            main       -> FETCH_HEAD
Release	Publish to npm	2026-05-03T17:57:04.3398871Z Already up to date.
Release	Publish to npm	2026-05-03T17:57:04.3415081Z Package to publish: lino-objects-codec
Release	Publish to npm	2026-05-03T17:57:04.3415727Z Current version to publish: 0.3.4
Release	Publish to npm	2026-05-03T17:57:04.3416357Z Checking if version 0.3.4 is already published...
Release	Publish to npm	2026-05-03T17:57:04.7419715Z npm error code E404
Release	Publish to npm	2026-05-03T17:57:04.7420418Z npm error 404 No match found for version 0.3.4
Release	Publish to npm	2026-05-03T17:57:04.7421510Z npm error 404
Release	Publish to npm	2026-05-03T17:57:04.7422274Z npm error 404  'lino-objects-codec@0.3.4' is not in this registry.
Release	Publish to npm	2026-05-03T17:57:04.7422944Z npm error 404
Release	Publish to npm	2026-05-03T17:57:04.7423467Z npm error 404 Note that you can also install from a
Release	Publish to npm	2026-05-03T17:57:04.7424177Z npm error 404 tarball, folder, http url, or git url.
Release	Publish to npm	2026-05-03T17:57:04.7432628Z npm error A complete log of this run can be found in: /home/runner/.npm/_logs/2026-05-03T17_57_04_394Z-debug-0.log
Release	Publish to npm	2026-05-03T17:57:04.7493154Z Version 0.3.4 not found on npm, proceeding with publish...
Release	Publish to npm	2026-05-03T17:57:04.7493760Z Publish attempt 1 of 3...
Release	Publish to npm	2026-05-03T17:57:04.8461436Z 
Release	Publish to npm	2026-05-03T17:57:04.8462130Z > lino-objects-codec@0.3.4 changeset:publish
Release	Publish to npm	2026-05-03T17:57:04.8462637Z > changeset publish
Release	Publish to npm	2026-05-03T17:57:04.8462780Z 
Release	Publish to npm	2026-05-03T17:57:05.1425693Z 🦋  [36minfo[39m npm info lino-objects-codec
Release	Publish to npm	2026-05-03T17:57:05.4476795Z 🦋  [36minfo[39m lino-objects-codec is being published because our local version (0.3.4) has not been published on npm
Release	Publish to npm	2026-05-03T17:57:05.4478259Z 🦋  [36minfo[39m Publishing [36m"lino-objects-codec"[39m at [32m"0.3.4"[39m
Release	Publish to npm	2026-05-03T17:57:06.1149736Z 🦋  [31merror[39m an error occurred while publishing lino-objects-codec: E404 Not Found - PUT https://registry.npmjs.org/lino-objects-codec - Not found 
Release	Publish to npm	2026-05-03T17:57:06.1151965Z 🦋  [31merror[39m 'lino-objects-codec@0.3.4' is not in this registry.
Release	Publish to npm	2026-05-03T17:57:06.1152741Z 🦋  [31merror[39m 
Release	Publish to npm	2026-05-03T17:57:06.1153421Z 🦋  [31merror[39m Note that you can also install from a
Release	Publish to npm	2026-05-03T17:57:06.1154237Z 🦋  [31merror[39m tarball, folder, http url, or git url.
Release	Publish to npm	2026-05-03T17:57:06.1154732Z 🦋  [31merror[39m 
Release	Publish to npm	2026-05-03T17:57:06.1155469Z 🦋  [31merror[39m > lino-objects-codec@0.3.4 prepare
Release	Publish to npm	2026-05-03T17:57:06.1156291Z 🦋  [31merror[39m > husky || true
Release	Publish to npm	2026-05-03T17:57:06.1157127Z 🦋  [31merror[39m 
Release	Publish to npm	2026-05-03T17:57:06.1158784Z 🦋  [31merror[39m npm warn publish npm auto-corrected some errors in your package.json when publishing.  Please run "npm pkg fix" to address these errors.
Release	Publish to npm	2026-05-03T17:57:06.1160104Z 🦋  [31merror[39m npm warn publish errors corrected:
Release	Publish to npm	2026-05-03T17:57:06.1161501Z 🦋  [31merror[39m npm warn publish "repository.url" was normalized to "git+https://github.com/link-foundation/lino-objects-codec.git"
Release	Publish to npm	2026-05-03T17:57:06.1163087Z 🦋  [31merror[39m npm notice Publishing to https://registry.npmjs.org with tag latest and public access
Release	Publish to npm	2026-05-03T17:57:06.1163966Z 🦋  [31merror[39m npm error code E404
Release	Publish to npm	2026-05-03T17:57:06.1165046Z 🦋  [31merror[39m npm error 404 Not Found - PUT https://registry.npmjs.org/lino-objects-codec - Not found
Release	Publish to npm	2026-05-03T17:57:06.1166015Z 🦋  [31merror[39m npm error 404
Release	Publish to npm	2026-05-03T17:57:06.1167155Z 🦋  [31merror[39m npm error 404  'lino-objects-codec@0.3.4' is not in this registry.
Release	Publish to npm	2026-05-03T17:57:06.1167997Z 🦋  [31merror[39m npm error 404
Release	Publish to npm	2026-05-03T17:57:06.1168783Z 🦋  [31merror[39m npm error 404 Note that you can also install from a
Release	Publish to npm	2026-05-03T17:57:06.1169768Z 🦋  [31merror[39m npm error 404 tarball, folder, http url, or git url.
Release	Publish to npm	2026-05-03T17:57:06.1171612Z 🦋  [31merror[39m npm error A complete log of this run can be found in: /home/runner/.npm/_logs/2026-05-03T17_57_05_500Z-debug-0.log
Release	Publish to npm	2026-05-03T17:57:06.1172616Z 🦋  [31merror[39m 
Release	Publish to npm	2026-05-03T17:57:06.1173178Z 🦋  [31merror[39m packages failed to publish:
Release	Publish to npm	2026-05-03T17:57:06.1173775Z 🦋  lino-objects-codec@0.3.4
Release	Publish to npm	2026-05-03T17:57:06.1280336Z Changeset output:
Release	Publish to npm	2026-05-03T17:57:06.1280578Z 
Release	Publish to npm	2026-05-03T17:57:06.1280886Z > lino-objects-codec@0.3.4 changeset:publish
Release	Publish to npm	2026-05-03T17:57:06.1281198Z > changeset publish
Release	Publish to npm	2026-05-03T17:57:06.1281403Z 
Release	Publish to npm	2026-05-03T17:57:06.1281763Z 🦋  [36minfo[39m npm info lino-objects-codec
Release	Publish to npm	2026-05-03T17:57:06.1282546Z 🦋  [36minfo[39m lino-objects-codec is being published because our local version (0.3.4) has not been published on npm
Release	Publish to npm	2026-05-03T17:57:06.1283348Z 🦋  [36minfo[39m Publishing [36m"lino-objects-codec"[39m at [32m"0.3.4"[39m
Release	Publish to npm	2026-05-03T17:57:06.1283791Z 🦋  lino-objects-codec@0.3.4
Release	Publish to npm	2026-05-03T17:57:06.1283947Z 
Release	Publish to npm	2026-05-03T17:57:06.1284724Z 🦋  [31merror[39m an error occurred while publishing lino-objects-codec: E404 Not Found - PUT https://registry.npmjs.org/lino-objects-codec - Not found 
Release	Publish to npm	2026-05-03T17:57:06.1285598Z 🦋  [31merror[39m 'lino-objects-codec@0.3.4' is not in this registry.
Release	Publish to npm	2026-05-03T17:57:06.1285986Z 🦋  [31merror[39m 
Release	Publish to npm	2026-05-03T17:57:06.1286344Z 🦋  [31merror[39m Note that you can also install from a
Release	Publish to npm	2026-05-03T17:57:06.1286780Z 🦋  [31merror[39m tarball, folder, http url, or git url.
Release	Publish to npm	2026-05-03T17:57:06.1287539Z 🦋  [31merror[39m 
Release	Publish to npm	2026-05-03T17:57:06.1287972Z 🦋  [31merror[39m > lino-objects-codec@0.3.4 prepare
Release	Publish to npm	2026-05-03T17:57:06.1288339Z 🦋  [31merror[39m > husky || true
Release	Publish to npm	2026-05-03T17:57:06.1288607Z 🦋  [31merror[39m 
Release	Publish to npm	2026-05-03T17:57:06.1289422Z 🦋  [31merror[39m npm warn publish npm auto-corrected some errors in your package.json when publishing.  Please run "npm pkg fix" to address these errors.
Release	Publish to npm	2026-05-03T17:57:06.1290182Z 🦋  [31merror[39m npm warn publish errors corrected:
Release	Publish to npm	2026-05-03T17:57:06.1291019Z 🦋  [31merror[39m npm warn publish "repository.url" was normalized to "git+https://github.com/link-foundation/lino-objects-codec.git"
Release	Publish to npm	2026-05-03T17:57:06.1292195Z 🦋  [31merror[39m npm notice Publishing to https://registry.npmjs.org with tag latest and public access
Release	Publish to npm	2026-05-03T17:57:06.1292748Z 🦋  [31merror[39m npm error code E404
Release	Publish to npm	2026-05-03T17:57:06.1293383Z 🦋  [31merror[39m npm error 404 Not Found - PUT https://registry.npmjs.org/lino-objects-codec - Not found
Release	Publish to npm	2026-05-03T17:57:06.1293906Z 🦋  [31merror[39m npm error 404
Release	Publish to npm	2026-05-03T17:57:06.1294409Z 🦋  [31merror[39m npm error 404  'lino-objects-codec@0.3.4' is not in this registry.
Release	Publish to npm	2026-05-03T17:57:06.1294866Z 🦋  [31merror[39m npm error 404
Release	Publish to npm	2026-05-03T17:57:06.1295298Z 🦋  [31merror[39m npm error 404 Note that you can also install from a
Release	Publish to npm	2026-05-03T17:57:06.1295842Z 🦋  [31merror[39m npm error 404 tarball, folder, http url, or git url.
Release	Publish to npm	2026-05-03T17:57:06.1296671Z 🦋  [31merror[39m npm error A complete log of this run can be found in: /home/runner/.npm/_logs/2026-05-03T17_57_05_500Z-debug-0.log
Release	Publish to npm	2026-05-03T17:57:06.1297656Z 🦋  [31merror[39m 
Release	Publish to npm	2026-05-03T17:57:06.1297995Z 🦋  [31merror[39m packages failed to publish:
Release	Publish to npm	2026-05-03T17:57:06.1298197Z 
Release	Publish to npm	2026-05-03T17:57:06.1298681Z Publish failed: Publish failed: detected "packages failed to publish" in changeset output, waiting 10s before retry...
Release	Publish to npm	2026-05-03T17:57:16.1333012Z Publish attempt 2 of 3...
Release	Publish to npm	2026-05-03T17:57:16.2294806Z 
Release	Publish to npm	2026-05-03T17:57:16.2295630Z > lino-objects-codec@0.3.4 changeset:publish
Release	Publish to npm	2026-05-03T17:57:16.2296224Z > changeset publish
Release	Publish to npm	2026-05-03T17:57:16.2296449Z 
Release	Publish to npm	2026-05-03T17:57:16.5206106Z 🦋  [36minfo[39m npm info lino-objects-codec
Release	Publish to npm	2026-05-03T17:57:16.8080325Z 🦋  [36minfo[39m lino-objects-codec is being published because our local version (0.3.4) has not been published on npm
Release	Publish to npm	2026-05-03T17:57:16.8081846Z 🦋  [36minfo[39m Publishing [36m"lino-objects-codec"[39m at [32m"0.3.4"[39m
Release	Publish to npm	2026-05-03T17:57:17.4215298Z 🦋  [31merror[39m an error occurred while publishing lino-objects-codec: E404 Not Found - PUT https://registry.npmjs.org/lino-objects-codec - Not found 
Release	Publish to npm	2026-05-03T17:57:17.4217963Z 🦋  [31merror[39m 'lino-objects-codec@0.3.4' is not in this registry.
Release	Publish to npm	2026-05-03T17:57:17.4218689Z 🦋  [31merror[39m 
Release	Publish to npm	2026-05-03T17:57:17.4219406Z 🦋  [31merror[39m Note that you can also install from a
Release	Publish to npm	2026-05-03T17:57:17.4220211Z 🦋  [31merror[39m tarball, folder, http url, or git url.
Release	Publish to npm	2026-05-03T17:57:17.4220897Z 🦋  [31merror[39m 
Release	Publish to npm	2026-05-03T17:57:17.4221544Z 🦋  [31merror[39m > lino-objects-codec@0.3.4 prepare
Release	Publish to npm	2026-05-03T17:57:17.4221982Z 🦋  [31merror[39m > husky || true
Release	Publish to npm	2026-05-03T17:57:17.4222291Z 🦋  [31merror[39m 
Release	Publish to npm	2026-05-03T17:57:17.4223131Z 🦋  [31merror[39m npm warn publish npm auto-corrected some errors in your package.json when publishing.  Please run "npm pkg fix" to address these errors.
Release	Publish to npm	2026-05-03T17:57:17.4223922Z 🦋  [31merror[39m npm warn publish errors corrected:
Release	Publish to npm	2026-05-03T17:57:17.4224772Z 🦋  [31merror[39m npm warn publish "repository.url" was normalized to "git+https://github.com/link-foundation/lino-objects-codec.git"
Release	Publish to npm	2026-05-03T17:57:17.4225778Z 🦋  [31merror[39m npm notice Publishing to https://registry.npmjs.org with tag latest and public access
Release	Publish to npm	2026-05-03T17:57:17.4226345Z 🦋  [31merror[39m npm error code E404
Release	Publish to npm	2026-05-03T17:57:17.4227286Z 🦋  [31merror[39m npm error 404 Not Found - PUT https://registry.npmjs.org/lino-objects-codec - Not found
Release	Publish to npm	2026-05-03T17:57:17.4227853Z 🦋  [31merror[39m npm error 404
Release	Publish to npm	2026-05-03T17:57:17.4228548Z 🦋  [31merror[39m npm error 404  'lino-objects-codec@0.3.4' is not in this registry.
Release	Publish to npm	2026-05-03T17:57:17.4229355Z 🦋  [31merror[39m npm error 404
Release	Publish to npm	2026-05-03T17:57:17.4230128Z 🦋  [31merror[39m npm error 404 Note that you can also install from a
Release	Publish to npm	2026-05-03T17:57:17.4231103Z 🦋  [31merror[39m npm error 404 tarball, folder, http url, or git url.
Release	Publish to npm	2026-05-03T17:57:17.4232612Z 🦋  [31merror[39m npm error A complete log of this run can be found in: /home/runner/.npm/_logs/2026-05-03T17_57_16_857Z-debug-0.log
Release	Publish to npm	2026-05-03T17:57:17.4233600Z 🦋  [31merror[39m 
Release	Publish to npm	2026-05-03T17:57:17.4234384Z 🦋  [31merror[39m packages failed to publish:
Release	Publish to npm	2026-05-03T17:57:17.4234978Z 🦋  lino-objects-codec@0.3.4
Release	Publish to npm	2026-05-03T17:57:17.4340334Z Changeset output:
Release	Publish to npm	2026-05-03T17:57:17.4340607Z 
Release	Publish to npm	2026-05-03T17:57:17.4340911Z > lino-objects-codec@0.3.4 changeset:publish
Release	Publish to npm	2026-05-03T17:57:17.4341430Z > changeset publish
Release	Publish to npm	2026-05-03T17:57:17.4341649Z 
Release	Publish to npm	2026-05-03T17:57:17.4342058Z 🦋  [36minfo[39m npm info lino-objects-codec
Release	Publish to npm	2026-05-03T17:57:17.4342837Z 🦋  [36minfo[39m lino-objects-codec is being published because our local version (0.3.4) has not been published on npm
Release	Publish to npm	2026-05-03T17:57:17.4343624Z 🦋  [36minfo[39m Publishing [36m"lino-objects-codec"[39m at [32m"0.3.4"[39m
Release	Publish to npm	2026-05-03T17:57:17.4344050Z 🦋  lino-objects-codec@0.3.4
Release	Publish to npm	2026-05-03T17:57:17.4344210Z 
Release	Publish to npm	2026-05-03T17:57:17.4344934Z 🦋  [31merror[39m an error occurred while publishing lino-objects-codec: E404 Not Found - PUT https://registry.npmjs.org/lino-objects-codec - Not found 
Release	Publish to npm	2026-05-03T17:57:17.4345815Z 🦋  [31merror[39m 'lino-objects-codec@0.3.4' is not in this registry.
Release	Publish to npm	2026-05-03T17:57:17.4346191Z 🦋  [31merror[39m 
Release	Publish to npm	2026-05-03T17:57:17.4346543Z 🦋  [31merror[39m Note that you can also install from a
Release	Publish to npm	2026-05-03T17:57:17.4347545Z 🦋  [31merror[39m tarball, folder, http url, or git url.
Release	Publish to npm	2026-05-03T17:57:17.4347946Z 🦋  [31merror[39m 
Release	Publish to npm	2026-05-03T17:57:17.4348301Z 🦋  [31merror[39m > lino-objects-codec@0.3.4 prepare
Release	Publish to npm	2026-05-03T17:57:17.4348669Z 🦋  [31merror[39m > husky || true
Release	Publish to npm	2026-05-03T17:57:17.4348942Z 🦋  [31merror[39m 
Release	Publish to npm	2026-05-03T17:57:17.4349768Z 🦋  [31merror[39m npm warn publish npm auto-corrected some errors in your package.json when publishing.  Please run "npm pkg fix" to address these errors.
Release	Publish to npm	2026-05-03T17:57:17.4350525Z 🦋  [31merror[39m npm warn publish errors corrected:
Release	Publish to npm	2026-05-03T17:57:17.4351363Z 🦋  [31merror[39m npm warn publish "repository.url" was normalized to "git+https://github.com/link-foundation/lino-objects-codec.git"
Release	Publish to npm	2026-05-03T17:57:17.4352570Z 🦋  [31merror[39m npm notice Publishing to https://registry.npmjs.org with tag latest and public access
Release	Publish to npm	2026-05-03T17:57:17.4353142Z 🦋  [31merror[39m npm error code E404
Release	Publish to npm	2026-05-03T17:57:17.4353785Z 🦋  [31merror[39m npm error 404 Not Found - PUT https://registry.npmjs.org/lino-objects-codec - Not found
Release	Publish to npm	2026-05-03T17:57:17.4354315Z 🦋  [31merror[39m npm error 404
Release	Publish to npm	2026-05-03T17:57:17.4354815Z 🦋  [31merror[39m npm error 404  'lino-objects-codec@0.3.4' is not in this registry.
Release	Publish to npm	2026-05-03T17:57:17.4355266Z 🦋  [31merror[39m npm error 404
Release	Publish to npm	2026-05-03T17:57:17.4355707Z 🦋  [31merror[39m npm error 404 Note that you can also install from a
Release	Publish to npm	2026-05-03T17:57:17.4356247Z 🦋  [31merror[39m npm error 404 tarball, folder, http url, or git url.
Release	Publish to npm	2026-05-03T17:57:17.4357510Z 🦋  [31merror[39m npm error A complete log of this run can be found in: /home/runner/.npm/_logs/2026-05-03T17_57_16_857Z-debug-0.log
Release	Publish to npm	2026-05-03T17:57:17.4358162Z 🦋  [31merror[39m 
Release	Publish to npm	2026-05-03T17:57:17.4358501Z 🦋  [31merror[39m packages failed to publish:
Release	Publish to npm	2026-05-03T17:57:17.4358692Z 
Release	Publish to npm	2026-05-03T17:57:17.4359182Z Publish failed: Publish failed: detected "packages failed to publish" in changeset output, waiting 10s before retry...
Release	Publish to npm	2026-05-03T17:57:27.4447678Z Publish attempt 3 of 3...
Release	Publish to npm	2026-05-03T17:57:27.5436044Z 
Release	Publish to npm	2026-05-03T17:57:27.5436721Z > lino-objects-codec@0.3.4 changeset:publish
Release	Publish to npm	2026-05-03T17:57:27.5437489Z > changeset publish
Release	Publish to npm	2026-05-03T17:57:27.5437628Z 
Release	Publish to npm	2026-05-03T17:57:27.8340909Z 🦋  [36minfo[39m npm info lino-objects-codec
Release	Publish to npm	2026-05-03T17:57:28.1125923Z 🦋  [36minfo[39m lino-objects-codec is being published because our local version (0.3.4) has not been published on npm
Release	Publish to npm	2026-05-03T17:57:28.1127244Z 🦋  [36minfo[39m Publishing [36m"lino-objects-codec"[39m at [32m"0.3.4"[39m
Release	Publish to npm	2026-05-03T17:57:28.8356550Z 🦋  [31merror[39m an error occurred while publishing lino-objects-codec: E404 Not Found - PUT https://registry.npmjs.org/lino-objects-codec - Not found 
Release	Publish to npm	2026-05-03T17:57:28.8358651Z 🦋  [31merror[39m 'lino-objects-codec@0.3.4' is not in this registry.
Release	Publish to npm	2026-05-03T17:57:28.8359393Z 🦋  [31merror[39m 
Release	Publish to npm	2026-05-03T17:57:28.8359767Z 🦋  [31merror[39m Note that you can also install from a
Release	Publish to npm	2026-05-03T17:57:28.8360219Z 🦋  [31merror[39m tarball, folder, http url, or git url.
Release	Publish to npm	2026-05-03T17:57:28.8360572Z 🦋  [31merror[39m 
Release	Publish to npm	2026-05-03T17:57:28.8361144Z 🦋  [31merror[39m > lino-objects-codec@0.3.4 prepare
Release	Publish to npm	2026-05-03T17:57:28.8361795Z 🦋  [31merror[39m > husky || true
Release	Publish to npm	2026-05-03T17:57:28.8362271Z 🦋  [31merror[39m 
Release	Publish to npm	2026-05-03T17:57:28.8363743Z 🦋  [31merror[39m npm warn publish npm auto-corrected some errors in your package.json when publishing.  Please run "npm pkg fix" to address these errors.
Release	Publish to npm	2026-05-03T17:57:28.8364625Z 🦋  [31merror[39m npm warn publish errors corrected:
Release	Publish to npm	2026-05-03T17:57:28.8365468Z 🦋  [31merror[39m npm warn publish "repository.url" was normalized to "git+https://github.com/link-foundation/lino-objects-codec.git"
Release	Publish to npm	2026-05-03T17:57:28.8366446Z 🦋  [31merror[39m npm notice Publishing to https://registry.npmjs.org with tag latest and public access
Release	Publish to npm	2026-05-03T17:57:28.8367304Z 🦋  [31merror[39m npm error code E404
Release	Publish to npm	2026-05-03T17:57:28.8367969Z 🦋  [31merror[39m npm error 404 Not Found - PUT https://registry.npmjs.org/lino-objects-codec - Not found
Release	Publish to npm	2026-05-03T17:57:28.8368516Z 🦋  [31merror[39m npm error 404
Release	Publish to npm	2026-05-03T17:57:28.8369036Z 🦋  [31merror[39m npm error 404  'lino-objects-codec@0.3.4' is not in this registry.
Release	Publish to npm	2026-05-03T17:57:28.8369497Z 🦋  [31merror[39m npm error 404
Release	Publish to npm	2026-05-03T17:57:28.8369939Z 🦋  [31merror[39m npm error 404 Note that you can also install from a
Release	Publish to npm	2026-05-03T17:57:28.8370480Z 🦋  [31merror[39m npm error 404 tarball, folder, http url, or git url.
Release	Publish to npm	2026-05-03T17:57:28.8371315Z 🦋  [31merror[39m npm error A complete log of this run can be found in: /home/runner/.npm/_logs/2026-05-03T17_57_28_165Z-debug-0.log
Release	Publish to npm	2026-05-03T17:57:28.8371852Z 🦋  [31merror[39m 
Release	Publish to npm	2026-05-03T17:57:28.8372171Z 🦋  [31merror[39m packages failed to publish:
Release	Publish to npm	2026-05-03T17:57:28.8372755Z 🦋  lino-objects-codec@0.3.4
Release	Publish to npm	2026-05-03T17:57:28.8476456Z Changeset output:
Release	Publish to npm	2026-05-03T17:57:28.8476716Z 
Release	Publish to npm	2026-05-03T17:57:28.8477164Z > lino-objects-codec@0.3.4 changeset:publish
Release	Publish to npm	2026-05-03T17:57:28.8477477Z > changeset publish
Release	Publish to npm	2026-05-03T17:57:28.8477670Z 
Release	Publish to npm	2026-05-03T17:57:28.8478075Z 🦋  [36minfo[39m npm info lino-objects-codec
Release	Publish to npm	2026-05-03T17:57:28.8479208Z 🦋  [36minfo[39m lino-objects-codec is being published because our local version (0.3.4) has not been published on npm
Release	Publish to npm	2026-05-03T17:57:28.8480149Z 🦋  [36minfo[39m Publishing [36m"lino-objects-codec"[39m at [32m"0.3.4"[39m
Release	Publish to npm	2026-05-03T17:57:28.8480825Z 🦋  lino-objects-codec@0.3.4
Release	Publish to npm	2026-05-03T17:57:28.8481150Z 
Release	Publish to npm	2026-05-03T17:57:28.8482170Z 🦋  [31merror[39m an error occurred while publishing lino-objects-codec: E404 Not Found - PUT https://registry.npmjs.org/lino-objects-codec - Not found 
Release	Publish to npm	2026-05-03T17:57:28.8483066Z 🦋  [31merror[39m 'lino-objects-codec@0.3.4' is not in this registry.
Release	Publish to npm	2026-05-03T17:57:28.8483454Z 🦋  [31merror[39m 
Release	Publish to npm	2026-05-03T17:57:28.8483816Z 🦋  [31merror[39m Note that you can also install from a
Release	Publish to npm	2026-05-03T17:57:28.8484307Z 🦋  [31merror[39m tarball, folder, http url, or git url.
Release	Publish to npm	2026-05-03T17:57:28.8484634Z 🦋  [31merror[39m 
Release	Publish to npm	2026-05-03T17:57:28.8484972Z 🦋  [31merror[39m > lino-objects-codec@0.3.4 prepare
Release	Publish to npm	2026-05-03T17:57:28.8485323Z 🦋  [31merror[39m > husky || true
Release	Publish to npm	2026-05-03T17:57:28.8485587Z 🦋  [31merror[39m 
Release	Publish to npm	2026-05-03T17:57:28.8486415Z 🦋  [31merror[39m npm warn publish npm auto-corrected some errors in your package.json when publishing.  Please run "npm pkg fix" to address these errors.
Release	Publish to npm	2026-05-03T17:57:28.8487620Z 🦋  [31merror[39m npm warn publish errors corrected:
Release	Publish to npm	2026-05-03T17:57:28.8488751Z 🦋  [31merror[39m npm warn publish "repository.url" was normalized to "git+https://github.com/link-foundation/lino-objects-codec.git"
Release	Publish to npm	2026-05-03T17:57:28.8489854Z 🦋  [31merror[39m npm notice Publishing to https://registry.npmjs.org with tag latest and public access
Release	Publish to npm	2026-05-03T17:57:28.8490499Z 🦋  [31merror[39m npm error code E404
Release	Publish to npm	2026-05-03T17:57:28.8491339Z 🦋  [31merror[39m npm error 404 Not Found - PUT https://registry.npmjs.org/lino-objects-codec - Not found
Release	Publish to npm	2026-05-03T17:57:28.8491908Z 🦋  [31merror[39m npm error 404
Release	Publish to npm	2026-05-03T17:57:28.8492411Z 🦋  [31merror[39m npm error 404  'lino-objects-codec@0.3.4' is not in this registry.
Release	Publish to npm	2026-05-03T17:57:28.8492863Z 🦋  [31merror[39m npm error 404
Release	Publish to npm	2026-05-03T17:57:28.8493287Z 🦋  [31merror[39m npm error 404 Note that you can also install from a
Release	Publish to npm	2026-05-03T17:57:28.8493830Z 🦋  [31merror[39m npm error 404 tarball, folder, http url, or git url.
Release	Publish to npm	2026-05-03T17:57:28.8494657Z 🦋  [31merror[39m npm error A complete log of this run can be found in: /home/runner/.npm/_logs/2026-05-03T17_57_28_165Z-debug-0.log
Release	Publish to npm	2026-05-03T17:57:28.8495206Z 🦋  [31merror[39m 
Release	Publish to npm	2026-05-03T17:57:28.8495521Z 🦋  [31merror[39m packages failed to publish:
Release	Publish to npm	2026-05-03T17:57:28.8495712Z 
Release	Publish to npm	2026-05-03T17:57:28.8516390Z ##[error]3 attempts exhausted; lino-objects-codec@0.3.4 was not published.
Release	Publish to npm	2026-05-03T17:57:28.8524314Z See docs/case-studies/issue-29/README.md for the runbook.
Release	Publish to npm	2026-05-03T17:57:28.8539333Z ##[error]Process completed with exit code 1.
Release	Post Run actions/checkout@v4	﻿2026-05-03T17:57:28.8670791Z Post job cleanup.
Release	Post Run actions/checkout@v4	2026-05-03T17:57:28.9650390Z [command]/usr/bin/git version
Release	Post Run actions/checkout@v4	2026-05-03T17:57:28.9686278Z git version 2.53.0
Release	Post Run actions/checkout@v4	2026-05-03T17:57:28.9729541Z Temporarily overriding HOME='/home/runner/work/_temp/70f2f772-48cf-4c82-9fdd-62de2ee1d157' before making global git config changes
Release	Post Run actions/checkout@v4	2026-05-03T17:57:28.9741564Z Adding repository directory to the temporary git global config as a safe directory
Release	Post Run actions/checkout@v4	2026-05-03T17:57:28.9742562Z [command]/usr/bin/git config --global --add safe.directory /home/runner/work/lino-objects-codec/lino-objects-codec
Release	Post Run actions/checkout@v4	2026-05-03T17:57:28.9774270Z [command]/usr/bin/git config --local --name-only --get-regexp core\.sshCommand
Release	Post Run actions/checkout@v4	2026-05-03T17:57:28.9805328Z [command]/usr/bin/git submodule foreach --recursive sh -c "git config --local --name-only --get-regexp 'core\.sshCommand' && git config --local --unset-all 'core.sshCommand' || :"
Release	Post Run actions/checkout@v4	2026-05-03T17:57:29.0023221Z [command]/usr/bin/git config --local --name-only --get-regexp http\.https\:\/\/github\.com\/\.extraheader
Release	Post Run actions/checkout@v4	2026-05-03T17:57:29.0045333Z http.https://github.com/.extraheader
Release	Post Run actions/checkout@v4	2026-05-03T17:57:29.0058171Z [command]/usr/bin/git config --local --unset-all http.https://github.com/.extraheader
Release	Post Run actions/checkout@v4	2026-05-03T17:57:29.0086606Z [command]/usr/bin/git submodule foreach --recursive sh -c "git config --local --name-only --get-regexp 'http\.https\:\/\/github\.com\/\.extraheader' && git config --local --unset-all 'http.https://github.com/.extraheader' || :"
Release	Post Run actions/checkout@v4	2026-05-03T17:57:29.0299780Z [command]/usr/bin/git config --local --name-only --get-regexp ^includeIf\.gitdir:
Release	Post Run actions/checkout@v4	2026-05-03T17:57:29.0329962Z [command]/usr/bin/git submodule foreach --recursive git config --local --show-origin --name-only --get-regexp remote.origin.url
Release	Complete job	﻿2026-05-03T17:57:29.0664985Z Cleaning up orphan processes
Release	Complete job	2026-05-03T17:57:29.0944709Z ##[warning]Node.js 20 actions are deprecated. The following actions are running on Node.js 20 and may not work as expected: actions/checkout@v4, actions/setup-node@v4. Actions will be forced to run with Node.js 24 by default starting June 2nd, 2026. Node.js 20 will be removed from the runner on September 16th, 2026. Please check if updated versions of these actions are available that support Node.js 24. To opt into Node.js 24 now, set the FORCE_JAVASCRIPT_ACTIONS_TO_NODE24=true environment variable on the runner or in your workflow file. Once Node.js 24 becomes the default, you can temporarily opt out by setting ACTIONS_ALLOW_USE_UNSECURE_NODE_VERSION=true. For more information see: https://github.blog/changelog/2025-09-19-deprecation-of-node-20-on-github-actions-runners/
