Detect Changes	Set up job	﻿2026-05-03T17:55:58.9052261Z Current runner version: '2.334.0'
Detect Changes	Set up job	2026-05-03T17:55:58.9076877Z ##[group]Runner Image Provisioner
Detect Changes	Set up job	2026-05-03T17:55:58.9077639Z Hosted Compute Agent
Detect Changes	Set up job	2026-05-03T17:55:58.9078085Z Version: 20260213.493
Detect Changes	Set up job	2026-05-03T17:55:58.9078708Z Commit: 5c115507f6dd24b8de37d8bbe0bb4509d0cc0fa3
Detect Changes	Set up job	2026-05-03T17:55:58.9079376Z Build Date: 2026-02-13T00:28:41Z
Detect Changes	Set up job	2026-05-03T17:55:58.9079942Z Worker ID: {64ecdaa2-dea6-43a8-8300-bccd01fc9c58}
Detect Changes	Set up job	2026-05-03T17:55:58.9080750Z Azure Region: westcentralus
Detect Changes	Set up job	2026-05-03T17:55:58.9081242Z ##[endgroup]
Detect Changes	Set up job	2026-05-03T17:55:58.9082494Z ##[group]Operating System
Detect Changes	Set up job	2026-05-03T17:55:58.9083059Z Ubuntu
Detect Changes	Set up job	2026-05-03T17:55:58.9083514Z 24.04.4
Detect Changes	Set up job	2026-05-03T17:55:58.9083903Z LTS
Detect Changes	Set up job	2026-05-03T17:55:58.9084454Z ##[endgroup]
Detect Changes	Set up job	2026-05-03T17:55:58.9084873Z ##[group]Runner Image
Detect Changes	Set up job	2026-05-03T17:55:58.9085362Z Image: ubuntu-24.04
Detect Changes	Set up job	2026-05-03T17:55:58.9085857Z Version: 20260413.86.1
Detect Changes	Set up job	2026-05-03T17:55:58.9086731Z Included Software: https://github.com/actions/runner-images/blob/ubuntu24/20260413.86/images/ubuntu/Ubuntu2404-Readme.md
Detect Changes	Set up job	2026-05-03T17:55:58.9088268Z Image Release: https://github.com/actions/runner-images/releases/tag/ubuntu24%2F20260413.86
Detect Changes	Set up job	2026-05-03T17:55:58.9089120Z ##[endgroup]
Detect Changes	Set up job	2026-05-03T17:55:58.9091816Z ##[group]GITHUB_TOKEN Permissions
Detect Changes	Set up job	2026-05-03T17:55:58.9093862Z Actions: write
Detect Changes	Set up job	2026-05-03T17:55:58.9094354Z ArtifactMetadata: write
Detect Changes	Set up job	2026-05-03T17:55:58.9094856Z Attestations: write
Detect Changes	Set up job	2026-05-03T17:55:58.9095328Z Checks: write
Detect Changes	Set up job	2026-05-03T17:55:58.9095732Z Contents: write
Detect Changes	Set up job	2026-05-03T17:55:58.9096192Z Deployments: write
Detect Changes	Set up job	2026-05-03T17:55:58.9096654Z Discussions: write
Detect Changes	Set up job	2026-05-03T17:55:58.9097105Z Issues: write
Detect Changes	Set up job	2026-05-03T17:55:58.9097507Z Metadata: read
Detect Changes	Set up job	2026-05-03T17:55:58.9097971Z Models: read
Detect Changes	Set up job	2026-05-03T17:55:58.9098407Z Packages: write
Detect Changes	Set up job	2026-05-03T17:55:58.9098808Z Pages: write
Detect Changes	Set up job	2026-05-03T17:55:58.9099477Z PullRequests: write
Detect Changes	Set up job	2026-05-03T17:55:58.9099928Z RepositoryProjects: write
Detect Changes	Set up job	2026-05-03T17:55:58.9100735Z SecurityEvents: write
Detect Changes	Set up job	2026-05-03T17:55:58.9101371Z Statuses: write
Detect Changes	Set up job	2026-05-03T17:55:58.9101840Z VulnerabilityAlerts: read
Detect Changes	Set up job	2026-05-03T17:55:58.9102354Z ##[endgroup]
Detect Changes	Set up job	2026-05-03T17:55:58.9104527Z Secret source: Actions
Detect Changes	Set up job	2026-05-03T17:55:58.9105177Z Prepare workflow directory
Detect Changes	Set up job	2026-05-03T17:55:58.9509670Z Prepare all required actions
Detect Changes	Set up job	2026-05-03T17:55:58.9567263Z Getting action download info
Detect Changes	Set up job	2026-05-03T17:55:59.3555767Z Download action repository 'actions/checkout@v4' (SHA:34e114876b0b11c390a56381ad16ebd13914f8d5)
Detect Changes	Set up job	2026-05-03T17:55:59.4686388Z Download action repository 'actions/setup-node@v4' (SHA:49933ea5288caeca8642d1e84afbd3f7d6820020)
Detect Changes	Set up job	2026-05-03T17:55:59.6276373Z Complete job name: Detect Changes
Detect Changes	Run actions/checkout@v4	﻿2026-05-03T17:55:59.6937156Z ##[group]Run actions/checkout@v4
Detect Changes	Run actions/checkout@v4	2026-05-03T17:55:59.6938000Z with:
Detect Changes	Run actions/checkout@v4	2026-05-03T17:55:59.6938525Z   fetch-depth: 0
Detect Changes	Run actions/checkout@v4	2026-05-03T17:55:59.6939002Z   repository: link-foundation/lino-objects-codec
Detect Changes	Run actions/checkout@v4	2026-05-03T17:55:59.6939818Z   token: ***
Detect Changes	Run actions/checkout@v4	2026-05-03T17:55:59.6940295Z   ssh-strict: true
Detect Changes	Run actions/checkout@v4	2026-05-03T17:55:59.6940834Z   ssh-user: git
Detect Changes	Run actions/checkout@v4	2026-05-03T17:55:59.6941265Z   persist-credentials: true
Detect Changes	Run actions/checkout@v4	2026-05-03T17:55:59.6941742Z   clean: true
Detect Changes	Run actions/checkout@v4	2026-05-03T17:55:59.6942218Z   sparse-checkout-cone-mode: true
Detect Changes	Run actions/checkout@v4	2026-05-03T17:55:59.6942699Z   fetch-tags: false
Detect Changes	Run actions/checkout@v4	2026-05-03T17:55:59.6943186Z   show-progress: true
Detect Changes	Run actions/checkout@v4	2026-05-03T17:55:59.6943607Z   lfs: false
Detect Changes	Run actions/checkout@v4	2026-05-03T17:55:59.6944250Z   submodules: false
Detect Changes	Run actions/checkout@v4	2026-05-03T17:55:59.6944739Z   set-safe-directory: true
Detect Changes	Run actions/checkout@v4	2026-05-03T17:55:59.6945468Z env:
Detect Changes	Run actions/checkout@v4	2026-05-03T17:55:59.6945888Z   CARGO_TERM_COLOR: always
Detect Changes	Run actions/checkout@v4	2026-05-03T17:55:59.6946371Z   RUSTFLAGS: -Dwarnings
Detect Changes	Run actions/checkout@v4	2026-05-03T17:55:59.6946858Z ##[endgroup]
Detect Changes	Run actions/checkout@v4	2026-05-03T17:55:59.8038207Z Syncing repository: link-foundation/lino-objects-codec
Detect Changes	Run actions/checkout@v4	2026-05-03T17:55:59.8040537Z ##[group]Getting Git version info
Detect Changes	Run actions/checkout@v4	2026-05-03T17:55:59.8041461Z Working directory is '/home/runner/work/lino-objects-codec/lino-objects-codec'
Detect Changes	Run actions/checkout@v4	2026-05-03T17:55:59.8042480Z [command]/usr/bin/git version
Detect Changes	Run actions/checkout@v4	2026-05-03T17:55:59.8075155Z git version 2.53.0
Detect Changes	Run actions/checkout@v4	2026-05-03T17:55:59.8101966Z ##[endgroup]
Detect Changes	Run actions/checkout@v4	2026-05-03T17:55:59.8117012Z Temporarily overriding HOME='/home/runner/work/_temp/ddb8abbd-28ca-424a-901a-1c0def52ada9' before making global git config changes
Detect Changes	Run actions/checkout@v4	2026-05-03T17:55:59.8119781Z Adding repository directory to the temporary git global config as a safe directory
Detect Changes	Run actions/checkout@v4	2026-05-03T17:55:59.8124181Z [command]/usr/bin/git config --global --add safe.directory /home/runner/work/lino-objects-codec/lino-objects-codec
Detect Changes	Run actions/checkout@v4	2026-05-03T17:55:59.8156102Z Deleting the contents of '/home/runner/work/lino-objects-codec/lino-objects-codec'
Detect Changes	Run actions/checkout@v4	2026-05-03T17:55:59.8161434Z ##[group]Initializing the repository
Detect Changes	Run actions/checkout@v4	2026-05-03T17:55:59.8165660Z [command]/usr/bin/git init /home/runner/work/lino-objects-codec/lino-objects-codec
Detect Changes	Run actions/checkout@v4	2026-05-03T17:55:59.8262895Z hint: Using 'master' as the name for the initial branch. This default branch name
Detect Changes	Run actions/checkout@v4	2026-05-03T17:55:59.8264582Z hint: will change to "main" in Git 3.0. To configure the initial branch name
Detect Changes	Run actions/checkout@v4	2026-05-03T17:55:59.8266169Z hint: to use in all of your new repositories, which will suppress this warning,
Detect Changes	Run actions/checkout@v4	2026-05-03T17:55:59.8267503Z hint: call:
Detect Changes	Run actions/checkout@v4	2026-05-03T17:55:59.8268227Z hint:
Detect Changes	Run actions/checkout@v4	2026-05-03T17:55:59.8269068Z hint: 	git config --global init.defaultBranch <name>
Detect Changes	Run actions/checkout@v4	2026-05-03T17:55:59.8270087Z hint:
Detect Changes	Run actions/checkout@v4	2026-05-03T17:55:59.8271214Z hint: Names commonly chosen instead of 'master' are 'main', 'trunk' and
Detect Changes	Run actions/checkout@v4	2026-05-03T17:55:59.8272660Z hint: 'development'. The just-created branch can be renamed via this command:
Detect Changes	Run actions/checkout@v4	2026-05-03T17:55:59.8273904Z hint:
Detect Changes	Run actions/checkout@v4	2026-05-03T17:55:59.8274520Z hint: 	git branch -m <name>
Detect Changes	Run actions/checkout@v4	2026-05-03T17:55:59.8275231Z hint:
Detect Changes	Run actions/checkout@v4	2026-05-03T17:55:59.8421332Z hint: Disable this message with "git config set advice.defaultBranchName false"
Detect Changes	Run actions/checkout@v4	2026-05-03T17:55:59.8423152Z Initialized empty Git repository in /home/runner/work/lino-objects-codec/lino-objects-codec/.git/
Detect Changes	Run actions/checkout@v4	2026-05-03T17:55:59.8426052Z [command]/usr/bin/git remote add origin https://github.com/link-foundation/lino-objects-codec
Detect Changes	Run actions/checkout@v4	2026-05-03T17:55:59.8428628Z ##[endgroup]
Detect Changes	Run actions/checkout@v4	2026-05-03T17:55:59.8429504Z ##[group]Disabling automatic garbage collection
Detect Changes	Run actions/checkout@v4	2026-05-03T17:55:59.8430531Z [command]/usr/bin/git config --local gc.auto 0
Detect Changes	Run actions/checkout@v4	2026-05-03T17:55:59.8432436Z ##[endgroup]
Detect Changes	Run actions/checkout@v4	2026-05-03T17:55:59.8433418Z ##[group]Setting up auth
Detect Changes	Run actions/checkout@v4	2026-05-03T17:55:59.8434453Z [command]/usr/bin/git config --local --name-only --get-regexp core\.sshCommand
Detect Changes	Run actions/checkout@v4	2026-05-03T17:55:59.8437662Z [command]/usr/bin/git submodule foreach --recursive sh -c "git config --local --name-only --get-regexp 'core\.sshCommand' && git config --local --unset-all 'core.sshCommand' || :"
Detect Changes	Run actions/checkout@v4	2026-05-03T17:55:59.8665065Z [command]/usr/bin/git config --local --name-only --get-regexp http\.https\:\/\/github\.com\/\.extraheader
Detect Changes	Run actions/checkout@v4	2026-05-03T17:55:59.8697357Z [command]/usr/bin/git submodule foreach --recursive sh -c "git config --local --name-only --get-regexp 'http\.https\:\/\/github\.com\/\.extraheader' && git config --local --unset-all 'http.https://github.com/.extraheader' || :"
Detect Changes	Run actions/checkout@v4	2026-05-03T17:55:59.8902759Z [command]/usr/bin/git config --local --name-only --get-regexp ^includeIf\.gitdir:
Detect Changes	Run actions/checkout@v4	2026-05-03T17:55:59.8941939Z [command]/usr/bin/git submodule foreach --recursive git config --local --show-origin --name-only --get-regexp remote.origin.url
Detect Changes	Run actions/checkout@v4	2026-05-03T17:55:59.9136670Z [command]/usr/bin/git config --local http.https://github.com/.extraheader AUTHORIZATION: basic ***
Detect Changes	Run actions/checkout@v4	2026-05-03T17:55:59.9169053Z ##[endgroup]
Detect Changes	Run actions/checkout@v4	2026-05-03T17:55:59.9169827Z ##[group]Fetching the repository
Detect Changes	Run actions/checkout@v4	2026-05-03T17:55:59.9178008Z [command]/usr/bin/git -c protocol.version=2 fetch --prune --no-recurse-submodules origin +refs/heads/*:refs/remotes/origin/* +refs/tags/*:refs/tags/*
Detect Changes	Run actions/checkout@v4	2026-05-03T17:56:00.7164197Z From https://github.com/link-foundation/lino-objects-codec
Detect Changes	Run actions/checkout@v4	2026-05-03T17:56:00.7172680Z  * [new branch]      issue-1-843d779c4cdb  -> origin/issue-1-843d779c4cdb
Detect Changes	Run actions/checkout@v4	2026-05-03T17:56:00.7174430Z  * [new branch]      issue-11-c74c0836aeba -> origin/issue-11-c74c0836aeba
Detect Changes	Run actions/checkout@v4	2026-05-03T17:56:00.7176305Z  * [new branch]      issue-15-b28422959bc5 -> origin/issue-15-b28422959bc5
Detect Changes	Run actions/checkout@v4	2026-05-03T17:56:00.7177857Z  * [new branch]      issue-17-ace5a094a724 -> origin/issue-17-ace5a094a724
Detect Changes	Run actions/checkout@v4	2026-05-03T17:56:00.7179610Z  * [new branch]      issue-19-d88ab983ff7d -> origin/issue-19-d88ab983ff7d
Detect Changes	Run actions/checkout@v4	2026-05-03T17:56:00.7181768Z  * [new branch]      issue-20-d21ab54e8ff1 -> origin/issue-20-d21ab54e8ff1
Detect Changes	Run actions/checkout@v4	2026-05-03T17:56:00.7183520Z  * [new branch]      issue-22-e5ea3b44ef6b -> origin/issue-22-e5ea3b44ef6b
Detect Changes	Run actions/checkout@v4	2026-05-03T17:56:00.7185151Z  * [new branch]      issue-25-76b0e5ea19d6 -> origin/issue-25-76b0e5ea19d6
Detect Changes	Run actions/checkout@v4	2026-05-03T17:56:00.7186580Z  * [new branch]      issue-27-eb86cc75f92a -> origin/issue-27-eb86cc75f92a
Detect Changes	Run actions/checkout@v4	2026-05-03T17:56:00.7187854Z  * [new branch]      issue-29-7f70f0d87db9 -> origin/issue-29-7f70f0d87db9
Detect Changes	Run actions/checkout@v4	2026-05-03T17:56:00.7189179Z  * [new branch]      issue-3-397c5eeac29f  -> origin/issue-3-397c5eeac29f
Detect Changes	Run actions/checkout@v4	2026-05-03T17:56:00.7190798Z  * [new branch]      issue-5-9641b6fb00d3  -> origin/issue-5-9641b6fb00d3
Detect Changes	Run actions/checkout@v4	2026-05-03T17:56:00.7192063Z  * [new branch]      issue-7-7a98520cd689  -> origin/issue-7-7a98520cd689
Detect Changes	Run actions/checkout@v4	2026-05-03T17:56:00.7193586Z  * [new branch]      issue-8-8f8d9acce5f1  -> origin/issue-8-8f8d9acce5f1
Detect Changes	Run actions/checkout@v4	2026-05-03T17:56:00.7194876Z  * [new branch]      issue-9-bef9e95e65ef  -> origin/issue-9-bef9e95e65ef
Detect Changes	Run actions/checkout@v4	2026-05-03T17:56:00.7196157Z  * [new branch]      main                  -> origin/main
Detect Changes	Run actions/checkout@v4	2026-05-03T17:56:00.7197216Z  * [new tag]         csharp-v0.2.0         -> csharp-v0.2.0
Detect Changes	Run actions/checkout@v4	2026-05-03T17:56:00.7198309Z  * [new tag]         rust-v0.2.0           -> rust-v0.2.0
Detect Changes	Run actions/checkout@v4	2026-05-03T17:56:00.7199232Z  * [new tag]         v0.1.1                -> v0.1.1
Detect Changes	Run actions/checkout@v4	2026-05-03T17:56:00.7200193Z  * [new tag]         v0.3.0                -> v0.3.0
Detect Changes	Run actions/checkout@v4	2026-05-03T17:56:00.7201438Z  * [new tag]         v0.3.1                -> v0.3.1
Detect Changes	Run actions/checkout@v4	2026-05-03T17:56:00.7202684Z  * [new tag]         v0.3.2                -> v0.3.2
Detect Changes	Run actions/checkout@v4	2026-05-03T17:56:00.7204051Z  * [new tag]         v0.3.3                -> v0.3.3
Detect Changes	Run actions/checkout@v4	2026-05-03T17:56:00.7224560Z [command]/usr/bin/git branch --list --remote origin/main
Detect Changes	Run actions/checkout@v4	2026-05-03T17:56:00.7249023Z   origin/main
Detect Changes	Run actions/checkout@v4	2026-05-03T17:56:00.7258988Z [command]/usr/bin/git rev-parse refs/remotes/origin/main
Detect Changes	Run actions/checkout@v4	2026-05-03T17:56:00.7280099Z ddbf2556b5b0e91a05c053f321b85ce9eb02355a
Detect Changes	Run actions/checkout@v4	2026-05-03T17:56:00.7284293Z ##[endgroup]
Detect Changes	Run actions/checkout@v4	2026-05-03T17:56:00.7285488Z ##[group]Determining the checkout info
Detect Changes	Run actions/checkout@v4	2026-05-03T17:56:00.7286886Z ##[endgroup]
Detect Changes	Run actions/checkout@v4	2026-05-03T17:56:00.7297642Z [command]/usr/bin/git sparse-checkout disable
Detect Changes	Run actions/checkout@v4	2026-05-03T17:56:00.7330454Z [command]/usr/bin/git config --local --unset-all extensions.worktreeConfig
Detect Changes	Run actions/checkout@v4	2026-05-03T17:56:00.7357891Z ##[group]Checking out the ref
Detect Changes	Run actions/checkout@v4	2026-05-03T17:56:00.7364366Z [command]/usr/bin/git checkout --progress --force -B main refs/remotes/origin/main
Detect Changes	Run actions/checkout@v4	2026-05-03T17:56:00.7514978Z Switched to a new branch 'main'
Detect Changes	Run actions/checkout@v4	2026-05-03T17:56:00.7516697Z branch 'main' set up to track 'origin/main'.
Detect Changes	Run actions/checkout@v4	2026-05-03T17:56:00.7519968Z ##[endgroup]
Detect Changes	Run actions/checkout@v4	2026-05-03T17:56:00.7552937Z [command]/usr/bin/git log -1 --format=%H
Detect Changes	Run actions/checkout@v4	2026-05-03T17:56:00.7574955Z ddbf2556b5b0e91a05c053f321b85ce9eb02355a
Detect Changes	Setup Node.js	﻿2026-05-03T17:56:00.7871452Z ##[group]Run actions/setup-node@v4
Detect Changes	Setup Node.js	2026-05-03T17:56:00.7872521Z with:
Detect Changes	Setup Node.js	2026-05-03T17:56:00.7873197Z   node-version: 22
Detect Changes	Setup Node.js	2026-05-03T17:56:00.7873965Z   always-auth: false
Detect Changes	Setup Node.js	2026-05-03T17:56:00.7874746Z   check-latest: false
Detect Changes	Setup Node.js	2026-05-03T17:56:00.7875915Z   token: ***
Detect Changes	Setup Node.js	2026-05-03T17:56:00.7876588Z env:
Detect Changes	Setup Node.js	2026-05-03T17:56:00.7877253Z   CARGO_TERM_COLOR: always
Detect Changes	Setup Node.js	2026-05-03T17:56:00.7878124Z   RUSTFLAGS: -Dwarnings
Detect Changes	Setup Node.js	2026-05-03T17:56:00.7878938Z ##[endgroup]
Detect Changes	Setup Node.js	2026-05-03T17:56:00.9669675Z Found in cache @ /opt/hostedtoolcache/node/22.22.2/x64
Detect Changes	Setup Node.js	2026-05-03T17:56:00.9675958Z ##[group]Environment details
Detect Changes	Setup Node.js	2026-05-03T17:56:08.8204226Z node: v22.22.2
Detect Changes	Setup Node.js	2026-05-03T17:56:08.8204802Z npm: 10.9.7
Detect Changes	Setup Node.js	2026-05-03T17:56:08.8205106Z yarn: 1.22.22
Detect Changes	Setup Node.js	2026-05-03T17:56:08.8206676Z ##[endgroup]
Detect Changes	Detect changes	﻿2026-05-03T17:56:08.8313738Z ##[group]Run node scripts/detect-code-changes.mjs
Detect Changes	Detect changes	2026-05-03T17:56:08.8314293Z [36;1mnode scripts/detect-code-changes.mjs[0m
Detect Changes	Detect changes	2026-05-03T17:56:08.8344187Z shell: /usr/bin/bash -e {0}
Detect Changes	Detect changes	2026-05-03T17:56:08.8344534Z env:
Detect Changes	Detect changes	2026-05-03T17:56:08.8344758Z   CARGO_TERM_COLOR: always
Detect Changes	Detect changes	2026-05-03T17:56:08.8345015Z   RUSTFLAGS: -Dwarnings
Detect Changes	Detect changes	2026-05-03T17:56:08.8345283Z   GITHUB_EVENT_NAME: push
Detect Changes	Detect changes	2026-05-03T17:56:08.8345516Z   GITHUB_BASE_SHA: 
Detect Changes	Detect changes	2026-05-03T17:56:08.8345742Z   GITHUB_HEAD_SHA: 
Detect Changes	Detect changes	2026-05-03T17:56:08.8346212Z ##[endgroup]
Detect Changes	Detect changes	2026-05-03T17:56:08.8717128Z Detecting file changes for CI/CD...
Detect Changes	Detect changes	2026-05-03T17:56:08.8717581Z 
Detect Changes	Detect changes	2026-05-03T17:56:08.8717785Z Comparing HEAD^ to HEAD
Detect Changes	Detect changes	2026-05-03T17:56:08.8755507Z Changed files:
Detect Changes	Detect changes	2026-05-03T17:56:08.8756188Z   .github/workflows/csharp.yml
Detect Changes	Detect changes	2026-05-03T17:56:08.8756686Z   .github/workflows/js.yml
Detect Changes	Detect changes	2026-05-03T17:56:08.8757147Z   .github/workflows/python.yml
Detect Changes	Detect changes	2026-05-03T17:56:08.8757614Z   .github/workflows/rust.yml
Detect Changes	Detect changes	2026-05-03T17:56:08.8758163Z   docs/case-studies/issue-29/README.md
Detect Changes	Detect changes	2026-05-03T17:56:08.8758947Z   docs/case-studies/issue-29/registry-npm.txt
Detect Changes	Detect changes	2026-05-03T17:56:08.8759666Z   docs/case-studies/issue-29/registry-presence.txt
Detect Changes	Detect changes	2026-05-03T17:56:08.8763173Z   docs/case-studies/issue-29/run-25279435356-csharp-failure.json
Detect Changes	Detect changes	2026-05-03T17:56:08.8764205Z   docs/case-studies/issue-29/run-25279435356-csharp.log
Detect Changes	Detect changes	2026-05-03T17:56:08.8765014Z   docs/case-studies/issue-29/run-25280681545-python-failure.json
Detect Changes	Detect changes	2026-05-03T17:56:08.8765792Z   docs/case-studies/issue-29/run-25280681545-python.log
Detect Changes	Detect changes	2026-05-03T17:56:08.8766723Z   docs/case-studies/issue-29/run-25280681547-js-falsepositive.json
Detect Changes	Detect changes	2026-05-03T17:56:08.8767478Z   docs/case-studies/issue-29/run-25280681547-js.log
Detect Changes	Detect changes	2026-05-03T17:56:08.8768187Z   experiments/issue-29/test-failure-detection.mjs
Detect Changes	Detect changes	2026-05-03T17:56:08.8768860Z   js/.changeset/issue-29-publish-detection.md
Detect Changes	Detect changes	2026-05-03T17:56:08.8769494Z   js/scripts/create-github-release.mjs
Detect Changes	Detect changes	2026-05-03T17:56:08.8770094Z   js/scripts/create-manual-changeset.mjs
Detect Changes	Detect changes	2026-05-03T17:56:08.8770804Z   js/scripts/format-github-release.mjs
Detect Changes	Detect changes	2026-05-03T17:56:08.8771453Z   js/scripts/format-release-notes.mjs
Detect Changes	Detect changes	2026-05-03T17:56:08.8772023Z   js/scripts/publish-to-npm.mjs
Detect Changes	Detect changes	2026-05-03T17:56:08.8772325Z 
Detect Changes	Detect changes	2026-05-03T17:56:08.8772508Z rs-changed=false
Detect Changes	Detect changes	2026-05-03T17:56:08.8772957Z toml-changed=false
Detect Changes	Detect changes	2026-05-03T17:56:08.8773357Z mjs-changed=true
Detect Changes	Detect changes	2026-05-03T17:56:08.8773787Z docs-changed=true
Detect Changes	Detect changes	2026-05-03T17:56:08.8774042Z workflow-changed=true
Detect Changes	Detect changes	2026-05-03T17:56:08.8774212Z 
Detect Changes	Detect changes	2026-05-03T17:56:08.8774404Z Files considered as code changes:
Detect Changes	Detect changes	2026-05-03T17:56:08.8774751Z   .github/workflows/csharp.yml
Detect Changes	Detect changes	2026-05-03T17:56:08.8775085Z   .github/workflows/js.yml
Detect Changes	Detect changes	2026-05-03T17:56:08.8775449Z   .github/workflows/python.yml
Detect Changes	Detect changes	2026-05-03T17:56:08.8775799Z   .github/workflows/rust.yml
Detect Changes	Detect changes	2026-05-03T17:56:08.8776167Z   js/scripts/create-github-release.mjs
Detect Changes	Detect changes	2026-05-03T17:56:08.8776572Z   js/scripts/create-manual-changeset.mjs
Detect Changes	Detect changes	2026-05-03T17:56:08.8776970Z   js/scripts/format-github-release.mjs
Detect Changes	Detect changes	2026-05-03T17:56:08.8777390Z   js/scripts/format-release-notes.mjs
Detect Changes	Detect changes	2026-05-03T17:56:08.8777820Z   js/scripts/publish-to-npm.mjs
Detect Changes	Detect changes	2026-05-03T17:56:08.8778045Z 
Detect Changes	Detect changes	2026-05-03T17:56:08.8778198Z any-code-changed=true
Detect Changes	Detect changes	2026-05-03T17:56:08.8778403Z 
Detect Changes	Detect changes	2026-05-03T17:56:08.8778571Z Change detection completed.
Detect Changes	Post Setup Node.js	﻿2026-05-03T17:56:08.8901428Z Post job cleanup.
Detect Changes	Post Run actions/checkout@v4	﻿2026-05-03T17:56:09.0545188Z Post job cleanup.
Detect Changes	Post Run actions/checkout@v4	2026-05-03T17:56:09.1473998Z [command]/usr/bin/git version
Detect Changes	Post Run actions/checkout@v4	2026-05-03T17:56:09.1507191Z git version 2.53.0
Detect Changes	Post Run actions/checkout@v4	2026-05-03T17:56:09.1553488Z Temporarily overriding HOME='/home/runner/work/_temp/5092ddc6-1025-4f3e-921d-01f44613ca0e' before making global git config changes
Detect Changes	Post Run actions/checkout@v4	2026-05-03T17:56:09.1554488Z Adding repository directory to the temporary git global config as a safe directory
Detect Changes	Post Run actions/checkout@v4	2026-05-03T17:56:09.1558415Z [command]/usr/bin/git config --global --add safe.directory /home/runner/work/lino-objects-codec/lino-objects-codec
Detect Changes	Post Run actions/checkout@v4	2026-05-03T17:56:09.1589007Z [command]/usr/bin/git config --local --name-only --get-regexp core\.sshCommand
Detect Changes	Post Run actions/checkout@v4	2026-05-03T17:56:09.1619620Z [command]/usr/bin/git submodule foreach --recursive sh -c "git config --local --name-only --get-regexp 'core\.sshCommand' && git config --local --unset-all 'core.sshCommand' || :"
Detect Changes	Post Run actions/checkout@v4	2026-05-03T17:56:09.1801366Z [command]/usr/bin/git config --local --name-only --get-regexp http\.https\:\/\/github\.com\/\.extraheader
Detect Changes	Post Run actions/checkout@v4	2026-05-03T17:56:09.1820166Z http.https://github.com/.extraheader
Detect Changes	Post Run actions/checkout@v4	2026-05-03T17:56:09.1831150Z [command]/usr/bin/git config --local --unset-all http.https://github.com/.extraheader
Detect Changes	Post Run actions/checkout@v4	2026-05-03T17:56:09.1858661Z [command]/usr/bin/git submodule foreach --recursive sh -c "git config --local --name-only --get-regexp 'http\.https\:\/\/github\.com\/\.extraheader' && git config --local --unset-all 'http.https://github.com/.extraheader' || :"
Detect Changes	Post Run actions/checkout@v4	2026-05-03T17:56:09.2038681Z [command]/usr/bin/git config --local --name-only --get-regexp ^includeIf\.gitdir:
Detect Changes	Post Run actions/checkout@v4	2026-05-03T17:56:09.2067707Z [command]/usr/bin/git submodule foreach --recursive git config --local --show-origin --name-only --get-regexp remote.origin.url
Detect Changes	Complete job	﻿2026-05-03T17:56:09.2357064Z Evaluate and set job outputs
Detect Changes	Complete job	2026-05-03T17:56:09.2366315Z Set output 'rs-changed'
Detect Changes	Complete job	2026-05-03T17:56:09.2368205Z Set output 'toml-changed'
Detect Changes	Complete job	2026-05-03T17:56:09.2368920Z Set output 'mjs-changed'
Detect Changes	Complete job	2026-05-03T17:56:09.2369266Z Set output 'docs-changed'
Detect Changes	Complete job	2026-05-03T17:56:09.2369606Z Set output 'workflow-changed'
Detect Changes	Complete job	2026-05-03T17:56:09.2369955Z Set output 'any-code-changed'
Detect Changes	Complete job	2026-05-03T17:56:09.2370947Z Cleaning up orphan processes
Detect Changes	Complete job	2026-05-03T17:56:09.2642503Z ##[warning]Node.js 20 actions are deprecated. The following actions are running on Node.js 20 and may not work as expected: actions/checkout@v4, actions/setup-node@v4. Actions will be forced to run with Node.js 24 by default starting June 2nd, 2026. Node.js 20 will be removed from the runner on September 16th, 2026. Please check if updated versions of these actions are available that support Node.js 24. To opt into Node.js 24 now, set the FORCE_JAVASCRIPT_ACTIONS_TO_NODE24=true environment variable on the runner or in your workflow file. Once Node.js 24 becomes the default, you can temporarily opt out by setting ACTIONS_ALLOW_USE_UNSECURE_NODE_VERSION=true. For more information see: https://github.blog/changelog/2025-09-19-deprecation-of-node-20-on-github-actions-runners/
Lint and Format Check	Set up job	﻿2026-05-03T17:56:19.6422289Z Current runner version: '2.334.0'
Lint and Format Check	Set up job	2026-05-03T17:56:19.6457977Z ##[group]Runner Image Provisioner
Lint and Format Check	Set up job	2026-05-03T17:56:19.6459228Z Hosted Compute Agent
Lint and Format Check	Set up job	2026-05-03T17:56:19.6460113Z Version: 20260213.493
Lint and Format Check	Set up job	2026-05-03T17:56:19.6461245Z Commit: 5c115507f6dd24b8de37d8bbe0bb4509d0cc0fa3
Lint and Format Check	Set up job	2026-05-03T17:56:19.6462441Z Build Date: 2026-02-13T00:28:41Z
Lint and Format Check	Set up job	2026-05-03T17:56:19.6463519Z Worker ID: {5b7f0525-4299-4ce4-a5d7-c8048bddfe81}
Lint and Format Check	Set up job	2026-05-03T17:56:19.6465047Z Azure Region: eastus2
Lint and Format Check	Set up job	2026-05-03T17:56:19.6466013Z ##[endgroup]
Lint and Format Check	Set up job	2026-05-03T17:56:19.6468152Z ##[group]Operating System
Lint and Format Check	Set up job	2026-05-03T17:56:19.6469530Z Ubuntu
Lint and Format Check	Set up job	2026-05-03T17:56:19.6470425Z 24.04.4
Lint and Format Check	Set up job	2026-05-03T17:56:19.6471237Z LTS
Lint and Format Check	Set up job	2026-05-03T17:56:19.6472088Z ##[endgroup]
Lint and Format Check	Set up job	2026-05-03T17:56:19.6472829Z ##[group]Runner Image
Lint and Format Check	Set up job	2026-05-03T17:56:19.6473687Z Image: ubuntu-24.04
Lint and Format Check	Set up job	2026-05-03T17:56:19.6474975Z Version: 20260413.86.1
Lint and Format Check	Set up job	2026-05-03T17:56:19.6476737Z Included Software: https://github.com/actions/runner-images/blob/ubuntu24/20260413.86/images/ubuntu/Ubuntu2404-Readme.md
Lint and Format Check	Set up job	2026-05-03T17:56:19.6479729Z Image Release: https://github.com/actions/runner-images/releases/tag/ubuntu24%2F20260413.86
Lint and Format Check	Set up job	2026-05-03T17:56:19.6481412Z ##[endgroup]
Lint and Format Check	Set up job	2026-05-03T17:56:19.6486697Z ##[group]GITHUB_TOKEN Permissions
Lint and Format Check	Set up job	2026-05-03T17:56:19.6489805Z Actions: write
Lint and Format Check	Set up job	2026-05-03T17:56:19.6490596Z ArtifactMetadata: write
Lint and Format Check	Set up job	2026-05-03T17:56:19.6491556Z Attestations: write
Lint and Format Check	Set up job	2026-05-03T17:56:19.6492311Z Checks: write
Lint and Format Check	Set up job	2026-05-03T17:56:19.6493118Z Contents: write
Lint and Format Check	Set up job	2026-05-03T17:56:19.6494228Z Deployments: write
Lint and Format Check	Set up job	2026-05-03T17:56:19.6495049Z Discussions: write
Lint and Format Check	Set up job	2026-05-03T17:56:19.6496029Z Issues: write
Lint and Format Check	Set up job	2026-05-03T17:56:19.6496837Z Metadata: read
Lint and Format Check	Set up job	2026-05-03T17:56:19.6497664Z Models: read
Lint and Format Check	Set up job	2026-05-03T17:56:19.6498369Z Packages: write
Lint and Format Check	Set up job	2026-05-03T17:56:19.6499303Z Pages: write
Lint and Format Check	Set up job	2026-05-03T17:56:19.6500244Z PullRequests: write
Lint and Format Check	Set up job	2026-05-03T17:56:19.6501252Z RepositoryProjects: write
Lint and Format Check	Set up job	2026-05-03T17:56:19.6502198Z SecurityEvents: write
Lint and Format Check	Set up job	2026-05-03T17:56:19.6502964Z Statuses: write
Lint and Format Check	Set up job	2026-05-03T17:56:19.6503850Z VulnerabilityAlerts: read
Lint and Format Check	Set up job	2026-05-03T17:56:19.6505019Z ##[endgroup]
Lint and Format Check	Set up job	2026-05-03T17:56:19.6508229Z Secret source: Actions
Lint and Format Check	Set up job	2026-05-03T17:56:19.6509461Z Prepare workflow directory
Lint and Format Check	Set up job	2026-05-03T17:56:19.7074406Z Prepare all required actions
Lint and Format Check	Set up job	2026-05-03T17:56:19.7129405Z Getting action download info
Lint and Format Check	Set up job	2026-05-03T17:56:20.0561159Z Download action repository 'actions/checkout@v4' (SHA:34e114876b0b11c390a56381ad16ebd13914f8d5)
Lint and Format Check	Set up job	2026-05-03T17:56:20.2003289Z Download action repository 'dtolnay/rust-toolchain@stable' (SHA:29eef336d9b2848a0b548edc03f92a220660cdb8)
Lint and Format Check	Set up job	2026-05-03T17:56:20.2890459Z Download action repository 'actions/setup-node@v4' (SHA:49933ea5288caeca8642d1e84afbd3f7d6820020)
Lint and Format Check	Set up job	2026-05-03T17:56:20.4284536Z Download action repository 'actions/cache@v4' (SHA:0057852bfaa89a56745cba8c7296529d2fc39830)
Lint and Format Check	Set up job	2026-05-03T17:56:20.7755640Z Complete job name: Lint and Format Check
Lint and Format Check	Run actions/checkout@v4	﻿2026-05-03T17:56:20.8614597Z ##[group]Run actions/checkout@v4
Lint and Format Check	Run actions/checkout@v4	2026-05-03T17:56:20.8615926Z with:
Lint and Format Check	Run actions/checkout@v4	2026-05-03T17:56:20.8616761Z   repository: link-foundation/lino-objects-codec
Lint and Format Check	Run actions/checkout@v4	2026-05-03T17:56:20.8618176Z   token: ***
Lint and Format Check	Run actions/checkout@v4	2026-05-03T17:56:20.8618886Z   ssh-strict: true
Lint and Format Check	Run actions/checkout@v4	2026-05-03T17:56:20.8619619Z   ssh-user: git
Lint and Format Check	Run actions/checkout@v4	2026-05-03T17:56:20.8620374Z   persist-credentials: true
Lint and Format Check	Run actions/checkout@v4	2026-05-03T17:56:20.8621218Z   clean: true
Lint and Format Check	Run actions/checkout@v4	2026-05-03T17:56:20.8621969Z   sparse-checkout-cone-mode: true
Lint and Format Check	Run actions/checkout@v4	2026-05-03T17:56:20.8622877Z   fetch-depth: 1
Lint and Format Check	Run actions/checkout@v4	2026-05-03T17:56:20.8623620Z   fetch-tags: false
Lint and Format Check	Run actions/checkout@v4	2026-05-03T17:56:20.8624631Z   show-progress: true
Lint and Format Check	Run actions/checkout@v4	2026-05-03T17:56:20.8625421Z   lfs: false
Lint and Format Check	Run actions/checkout@v4	2026-05-03T17:56:20.8626115Z   submodules: false
Lint and Format Check	Run actions/checkout@v4	2026-05-03T17:56:20.8626869Z   set-safe-directory: true
Lint and Format Check	Run actions/checkout@v4	2026-05-03T17:56:20.8627929Z env:
Lint and Format Check	Run actions/checkout@v4	2026-05-03T17:56:20.8628637Z   CARGO_TERM_COLOR: always
Lint and Format Check	Run actions/checkout@v4	2026-05-03T17:56:20.8629489Z   RUSTFLAGS: -Dwarnings
Lint and Format Check	Run actions/checkout@v4	2026-05-03T17:56:20.8630268Z ##[endgroup]
Lint and Format Check	Run actions/checkout@v4	2026-05-03T17:56:20.9781923Z Syncing repository: link-foundation/lino-objects-codec
Lint and Format Check	Run actions/checkout@v4	2026-05-03T17:56:20.9785067Z ##[group]Getting Git version info
Lint and Format Check	Run actions/checkout@v4	2026-05-03T17:56:20.9786533Z Working directory is '/home/runner/work/lino-objects-codec/lino-objects-codec'
Lint and Format Check	Run actions/checkout@v4	2026-05-03T17:56:20.9788844Z [command]/usr/bin/git version
Lint and Format Check	Run actions/checkout@v4	2026-05-03T17:56:20.9823901Z git version 2.53.0
Lint and Format Check	Run actions/checkout@v4	2026-05-03T17:56:20.9850269Z ##[endgroup]
Lint and Format Check	Run actions/checkout@v4	2026-05-03T17:56:20.9865397Z Temporarily overriding HOME='/home/runner/work/_temp/3486635e-b800-4c95-959b-43e70d2122fb' before making global git config changes
Lint and Format Check	Run actions/checkout@v4	2026-05-03T17:56:20.9868012Z Adding repository directory to the temporary git global config as a safe directory
Lint and Format Check	Run actions/checkout@v4	2026-05-03T17:56:20.9870961Z [command]/usr/bin/git config --global --add safe.directory /home/runner/work/lino-objects-codec/lino-objects-codec
Lint and Format Check	Run actions/checkout@v4	2026-05-03T17:56:20.9902580Z Deleting the contents of '/home/runner/work/lino-objects-codec/lino-objects-codec'
Lint and Format Check	Run actions/checkout@v4	2026-05-03T17:56:20.9906092Z ##[group]Initializing the repository
Lint and Format Check	Run actions/checkout@v4	2026-05-03T17:56:20.9910099Z [command]/usr/bin/git init /home/runner/work/lino-objects-codec/lino-objects-codec
Lint and Format Check	Run actions/checkout@v4	2026-05-03T17:56:21.0004989Z hint: Using 'master' as the name for the initial branch. This default branch name
Lint and Format Check	Run actions/checkout@v4	2026-05-03T17:56:21.0008526Z hint: will change to "main" in Git 3.0. To configure the initial branch name
Lint and Format Check	Run actions/checkout@v4	2026-05-03T17:56:21.0012002Z hint: to use in all of your new repositories, which will suppress this warning,
Lint and Format Check	Run actions/checkout@v4	2026-05-03T17:56:21.0014826Z hint: call:
Lint and Format Check	Run actions/checkout@v4	2026-05-03T17:56:21.0016149Z hint:
Lint and Format Check	Run actions/checkout@v4	2026-05-03T17:56:21.0017766Z hint: 	git config --global init.defaultBranch <name>
Lint and Format Check	Run actions/checkout@v4	2026-05-03T17:56:21.0019890Z hint:
Lint and Format Check	Run actions/checkout@v4	2026-05-03T17:56:21.0021733Z hint: Names commonly chosen instead of 'master' are 'main', 'trunk' and
Lint and Format Check	Run actions/checkout@v4	2026-05-03T17:56:21.0025177Z hint: 'development'. The just-created branch can be renamed via this command:
Lint and Format Check	Run actions/checkout@v4	2026-05-03T17:56:21.0026657Z hint:
Lint and Format Check	Run actions/checkout@v4	2026-05-03T17:56:21.0027408Z hint: 	git branch -m <name>
Lint and Format Check	Run actions/checkout@v4	2026-05-03T17:56:21.0028299Z hint:
Lint and Format Check	Run actions/checkout@v4	2026-05-03T17:56:21.0029683Z hint: Disable this message with "git config set advice.defaultBranchName false"
Lint and Format Check	Run actions/checkout@v4	2026-05-03T17:56:21.0033451Z Initialized empty Git repository in /home/runner/work/lino-objects-codec/lino-objects-codec/.git/
Lint and Format Check	Run actions/checkout@v4	2026-05-03T17:56:21.0037513Z [command]/usr/bin/git remote add origin https://github.com/link-foundation/lino-objects-codec
Lint and Format Check	Run actions/checkout@v4	2026-05-03T17:56:21.0056765Z ##[endgroup]
Lint and Format Check	Run actions/checkout@v4	2026-05-03T17:56:21.0059117Z ##[group]Disabling automatic garbage collection
Lint and Format Check	Run actions/checkout@v4	2026-05-03T17:56:21.0061281Z [command]/usr/bin/git config --local gc.auto 0
Lint and Format Check	Run actions/checkout@v4	2026-05-03T17:56:21.0090337Z ##[endgroup]
Lint and Format Check	Run actions/checkout@v4	2026-05-03T17:56:21.0092667Z ##[group]Setting up auth
Lint and Format Check	Run actions/checkout@v4	2026-05-03T17:56:21.0098272Z [command]/usr/bin/git config --local --name-only --get-regexp core\.sshCommand
Lint and Format Check	Run actions/checkout@v4	2026-05-03T17:56:21.0130861Z [command]/usr/bin/git submodule foreach --recursive sh -c "git config --local --name-only --get-regexp 'core\.sshCommand' && git config --local --unset-all 'core.sshCommand' || :"
Lint and Format Check	Run actions/checkout@v4	2026-05-03T17:56:21.0418125Z [command]/usr/bin/git config --local --name-only --get-regexp http\.https\:\/\/github\.com\/\.extraheader
Lint and Format Check	Run actions/checkout@v4	2026-05-03T17:56:21.0446941Z [command]/usr/bin/git submodule foreach --recursive sh -c "git config --local --name-only --get-regexp 'http\.https\:\/\/github\.com\/\.extraheader' && git config --local --unset-all 'http.https://github.com/.extraheader' || :"
Lint and Format Check	Run actions/checkout@v4	2026-05-03T17:56:21.0661084Z [command]/usr/bin/git config --local --name-only --get-regexp ^includeIf\.gitdir:
Lint and Format Check	Run actions/checkout@v4	2026-05-03T17:56:21.0691426Z [command]/usr/bin/git submodule foreach --recursive git config --local --show-origin --name-only --get-regexp remote.origin.url
Lint and Format Check	Run actions/checkout@v4	2026-05-03T17:56:21.0907988Z [command]/usr/bin/git config --local http.https://github.com/.extraheader AUTHORIZATION: basic ***
Lint and Format Check	Run actions/checkout@v4	2026-05-03T17:56:21.0940933Z ##[endgroup]
Lint and Format Check	Run actions/checkout@v4	2026-05-03T17:56:21.0943427Z ##[group]Fetching the repository
Lint and Format Check	Run actions/checkout@v4	2026-05-03T17:56:21.0952446Z [command]/usr/bin/git -c protocol.version=2 fetch --no-tags --prune --no-recurse-submodules --depth=1 origin +ddbf2556b5b0e91a05c053f321b85ce9eb02355a:refs/remotes/origin/main
Lint and Format Check	Run actions/checkout@v4	2026-05-03T17:56:21.4248436Z From https://github.com/link-foundation/lino-objects-codec
Lint and Format Check	Run actions/checkout@v4	2026-05-03T17:56:21.4251068Z  * [new ref]         ddbf2556b5b0e91a05c053f321b85ce9eb02355a -> origin/main
Lint and Format Check	Run actions/checkout@v4	2026-05-03T17:56:21.4279153Z ##[endgroup]
Lint and Format Check	Run actions/checkout@v4	2026-05-03T17:56:21.4280960Z ##[group]Determining the checkout info
Lint and Format Check	Run actions/checkout@v4	2026-05-03T17:56:21.4282830Z ##[endgroup]
Lint and Format Check	Run actions/checkout@v4	2026-05-03T17:56:21.4286005Z [command]/usr/bin/git sparse-checkout disable
Lint and Format Check	Run actions/checkout@v4	2026-05-03T17:56:21.4321715Z [command]/usr/bin/git config --local --unset-all extensions.worktreeConfig
Lint and Format Check	Run actions/checkout@v4	2026-05-03T17:56:21.4346535Z ##[group]Checking out the ref
Lint and Format Check	Run actions/checkout@v4	2026-05-03T17:56:21.4349741Z [command]/usr/bin/git checkout --progress --force -B main refs/remotes/origin/main
Lint and Format Check	Run actions/checkout@v4	2026-05-03T17:56:21.4516370Z Switched to a new branch 'main'
Lint and Format Check	Run actions/checkout@v4	2026-05-03T17:56:21.4519462Z branch 'main' set up to track 'origin/main'.
Lint and Format Check	Run actions/checkout@v4	2026-05-03T17:56:21.4527434Z ##[endgroup]
Lint and Format Check	Run actions/checkout@v4	2026-05-03T17:56:21.4559268Z [command]/usr/bin/git log -1 --format=%H
Lint and Format Check	Run actions/checkout@v4	2026-05-03T17:56:21.4579846Z ddbf2556b5b0e91a05c053f321b85ce9eb02355a
Lint and Format Check	Set up Rust	﻿2026-05-03T17:56:21.5155434Z ##[group]Run dtolnay/rust-toolchain@stable
Lint and Format Check	Set up Rust	2026-05-03T17:56:21.5156462Z with:
Lint and Format Check	Set up Rust	2026-05-03T17:56:21.5157134Z   components: rustfmt, clippy
Lint and Format Check	Set up Rust	2026-05-03T17:56:21.5157966Z   toolchain: stable
Lint and Format Check	Set up Rust	2026-05-03T17:56:21.5158643Z env:
Lint and Format Check	Set up Rust	2026-05-03T17:56:21.5159278Z   CARGO_TERM_COLOR: always
Lint and Format Check	Set up Rust	2026-05-03T17:56:21.5160065Z   RUSTFLAGS: -Dwarnings
Lint and Format Check	Set up Rust	2026-05-03T17:56:21.5160821Z ##[endgroup]
Lint and Format Check	Set up Rust	2026-05-03T17:56:21.5308763Z ##[group]Run : parse toolchain version
Lint and Format Check	Set up Rust	2026-05-03T17:56:21.5309898Z [36;1m: parse toolchain version[0m
Lint and Format Check	Set up Rust	2026-05-03T17:56:21.5310841Z [36;1mif [[ -z $toolchain ]]; then[0m
Lint and Format Check	Set up Rust	2026-05-03T17:56:21.5312506Z [36;1m  # GitHub does not enforce `required: true` inputs itself. https://github.com/actions/runner/issues/1070[0m
Lint and Format Check	Set up Rust	2026-05-03T17:56:21.5314545Z [36;1m  echo "'toolchain' is a required input" >&2[0m
Lint and Format Check	Set up Rust	2026-05-03T17:56:21.5315562Z [36;1m  exit 1[0m
Lint and Format Check	Set up Rust	2026-05-03T17:56:21.5316663Z [36;1melif [[ $toolchain =~ ^stable' '[0-9]+' '(year|month|week|day)s?' 'ago$ ]]; then[0m
Lint and Format Check	Set up Rust	2026-05-03T17:56:21.5318028Z [36;1m  if [[ Linux == macOS ]]; then[0m
Lint and Format Check	Set up Rust	2026-05-03T17:56:21.5319795Z [36;1m    echo "toolchain=1.$((($(date -v-$(sed 's/stable \([0-9]*\) \(.\).*/\1\2/' <<< $toolchain) +%s)/60/60/24-16569)/7/6))" >> $GITHUB_OUTPUT[0m
Lint and Format Check	Set up Rust	2026-05-03T17:56:21.5321512Z [36;1m  else[0m
Lint and Format Check	Set up Rust	2026-05-03T17:56:21.5322838Z [36;1m    echo "toolchain=1.$((($(date --date "${toolchain#stable }" +%s)/60/60/24-16569)/7/6))" >> $GITHUB_OUTPUT[0m
Lint and Format Check	Set up Rust	2026-05-03T17:56:21.5324535Z [36;1m  fi[0m
Lint and Format Check	Set up Rust	2026-05-03T17:56:21.5325525Z [36;1melif [[ $toolchain =~ ^stable' 'minus' '[0-9]+' 'releases?$ ]]; then[0m
Lint and Format Check	Set up Rust	2026-05-03T17:56:21.5327303Z [36;1m  echo "toolchain=1.$((($(date +%s)/60/60/24-16569)/7/6-${toolchain//[^0-9]/}))" >> $GITHUB_OUTPUT[0m
Lint and Format Check	Set up Rust	2026-05-03T17:56:21.5328872Z [36;1melif [[ $toolchain =~ ^1\.[0-9]+$ ]]; then[0m
Lint and Format Check	Set up Rust	2026-05-03T17:56:21.5330611Z [36;1m  echo "toolchain=1.$((i=${toolchain#1.}, c=($(date +%s)/60/60/24-16569)/7/6, i+9*i*(10*i<=c)+90*i*(100*i<=c)))" >> $GITHUB_OUTPUT[0m
Lint and Format Check	Set up Rust	2026-05-03T17:56:21.5332283Z [36;1melse[0m
Lint and Format Check	Set up Rust	2026-05-03T17:56:21.5333106Z [36;1m  echo "toolchain=$toolchain" >> $GITHUB_OUTPUT[0m
Lint and Format Check	Set up Rust	2026-05-03T17:56:21.5334259Z [36;1mfi[0m
Lint and Format Check	Set up Rust	2026-05-03T17:56:21.5360977Z shell: /usr/bin/bash --noprofile --norc -e -o pipefail {0}
Lint and Format Check	Set up Rust	2026-05-03T17:56:21.5362108Z env:
Lint and Format Check	Set up Rust	2026-05-03T17:56:21.5362762Z   CARGO_TERM_COLOR: always
Lint and Format Check	Set up Rust	2026-05-03T17:56:21.5363557Z   RUSTFLAGS: -Dwarnings
Lint and Format Check	Set up Rust	2026-05-03T17:56:21.5364550Z   toolchain: stable
Lint and Format Check	Set up Rust	2026-05-03T17:56:21.5365251Z ##[endgroup]
Lint and Format Check	Set up Rust	2026-05-03T17:56:21.5570308Z ##[group]Run : construct rustup command line
Lint and Format Check	Set up Rust	2026-05-03T17:56:21.5571378Z [36;1m: construct rustup command line[0m
Lint and Format Check	Set up Rust	2026-05-03T17:56:21.5572834Z [36;1mecho "targets=$(for t in ${targets//,/ }; do echo -n ' --target' $t; done)" >> $GITHUB_OUTPUT[0m
Lint and Format Check	Set up Rust	2026-05-03T17:56:21.5575070Z [36;1mecho "components=$(for c in ${components//,/ }; do echo -n ' --component' $c; done)" >> $GITHUB_OUTPUT[0m
Lint and Format Check	Set up Rust	2026-05-03T17:56:21.5576701Z [36;1mecho "downgrade=" >> $GITHUB_OUTPUT[0m
Lint and Format Check	Set up Rust	2026-05-03T17:56:21.5598103Z shell: /usr/bin/bash --noprofile --norc -e -o pipefail {0}
Lint and Format Check	Set up Rust	2026-05-03T17:56:21.5599222Z env:
Lint and Format Check	Set up Rust	2026-05-03T17:56:21.5599865Z   CARGO_TERM_COLOR: always
Lint and Format Check	Set up Rust	2026-05-03T17:56:21.5600662Z   RUSTFLAGS: -Dwarnings
Lint and Format Check	Set up Rust	2026-05-03T17:56:21.5601390Z   targets: 
Lint and Format Check	Set up Rust	2026-05-03T17:56:21.5602064Z   components: rustfmt, clippy
Lint and Format Check	Set up Rust	2026-05-03T17:56:21.5602862Z ##[endgroup]
Lint and Format Check	Set up Rust	2026-05-03T17:56:21.5708356Z ##[group]Run : set $CARGO_HOME
Lint and Format Check	Set up Rust	2026-05-03T17:56:21.5709658Z [36;1m: set $CARGO_HOME[0m
Lint and Format Check	Set up Rust	2026-05-03T17:56:21.5710828Z [36;1mecho CARGO_HOME=${CARGO_HOME:-"$HOME/.cargo"} >> $GITHUB_ENV[0m
Lint and Format Check	Set up Rust	2026-05-03T17:56:21.5732806Z shell: /usr/bin/bash --noprofile --norc -e -o pipefail {0}
Lint and Format Check	Set up Rust	2026-05-03T17:56:21.5734231Z env:
Lint and Format Check	Set up Rust	2026-05-03T17:56:21.5735003Z   CARGO_TERM_COLOR: always
Lint and Format Check	Set up Rust	2026-05-03T17:56:21.5735956Z   RUSTFLAGS: -Dwarnings
Lint and Format Check	Set up Rust	2026-05-03T17:56:21.5736781Z ##[endgroup]
Lint and Format Check	Set up Rust	2026-05-03T17:56:21.5840496Z ##[group]Run : install rustup if needed
Lint and Format Check	Set up Rust	2026-05-03T17:56:21.5841504Z [36;1m: install rustup if needed[0m
Lint and Format Check	Set up Rust	2026-05-03T17:56:21.5842529Z [36;1mif ! command -v rustup &>/dev/null; then[0m
Lint and Format Check	Set up Rust	2026-05-03T17:56:21.5845180Z [36;1m  curl --proto '=https' --tlsv1.2 --retry 10 --retry-connrefused --location --silent --show-error --fail https://sh.rustup.rs | sh -s -- --default-toolchain none -y[0m
Lint and Format Check	Set up Rust	2026-05-03T17:56:21.5847850Z [36;1m  echo "$CARGO_HOME/bin" >> $GITHUB_PATH[0m
Lint and Format Check	Set up Rust	2026-05-03T17:56:21.5848834Z [36;1mfi[0m
Lint and Format Check	Set up Rust	2026-05-03T17:56:21.5870194Z shell: /usr/bin/bash --noprofile --norc -e -o pipefail {0}
Lint and Format Check	Set up Rust	2026-05-03T17:56:21.5871321Z env:
Lint and Format Check	Set up Rust	2026-05-03T17:56:21.5871982Z   CARGO_TERM_COLOR: always
Lint and Format Check	Set up Rust	2026-05-03T17:56:21.5872807Z   RUSTFLAGS: -Dwarnings
Lint and Format Check	Set up Rust	2026-05-03T17:56:21.5873617Z   CARGO_HOME: /home/runner/.cargo
Lint and Format Check	Set up Rust	2026-05-03T17:56:21.5874673Z ##[endgroup]
Lint and Format Check	Set up Rust	2026-05-03T17:56:21.5984390Z ##[group]Run rustup toolchain install stable --component rustfmt --component clippy --profile minimal --no-self-update
Lint and Format Check	Set up Rust	2026-05-03T17:56:21.5987128Z [36;1mrustup toolchain install stable --component rustfmt --component clippy --profile minimal --no-self-update[0m
Lint and Format Check	Set up Rust	2026-05-03T17:56:21.6009652Z shell: /usr/bin/bash --noprofile --norc -e -o pipefail {0}
Lint and Format Check	Set up Rust	2026-05-03T17:56:21.6010855Z env:
Lint and Format Check	Set up Rust	2026-05-03T17:56:21.6011588Z   CARGO_TERM_COLOR: always
Lint and Format Check	Set up Rust	2026-05-03T17:56:21.6012478Z   RUSTFLAGS: -Dwarnings
Lint and Format Check	Set up Rust	2026-05-03T17:56:21.6013349Z   CARGO_HOME: /home/runner/.cargo
Lint and Format Check	Set up Rust	2026-05-03T17:56:21.6014567Z   RUSTUP_PERMIT_COPY_RENAME: 1
Lint and Format Check	Set up Rust	2026-05-03T17:56:21.6015482Z ##[endgroup]
Lint and Format Check	Set up Rust	2026-05-03T17:56:21.8276361Z info: syncing channel updates for stable-x86_64-unknown-linux-gnu
Lint and Format Check	Set up Rust	2026-05-03T17:56:21.9889906Z info: latest update on 2026-04-16 for version 1.95.0 (59807616e 2026-04-14)
Lint and Format Check	Set up Rust	2026-05-03T17:56:22.0014718Z info: removing previous version of component clippy
Lint and Format Check	Set up Rust	2026-05-03T17:56:22.0061022Z info: removing previous version of component rustfmt
Lint and Format Check	Set up Rust	2026-05-03T17:56:22.0073153Z info: removing previous version of component cargo
Lint and Format Check	Set up Rust	2026-05-03T17:56:22.0132157Z info: removing previous version of component rust-std
Lint and Format Check	Set up Rust	2026-05-03T17:56:22.0182070Z info: removing previous version of component rustc
Lint and Format Check	Set up Rust	2026-05-03T17:56:22.0247638Z info: downloading 5 components
Lint and Format Check	Set up Rust	2026-05-03T17:56:30.1741485Z 
Lint and Format Check	Set up Rust	2026-05-03T17:56:30.1819418Z   stable-x86_64-unknown-linux-gnu updated - rustc 1.95.0 (59807616e 2026-04-14) (from rustc 1.94.1 (e408947bf 2026-03-25))
Lint and Format Check	Set up Rust	2026-05-03T17:56:30.1820604Z 
Lint and Format Check	Set up Rust	2026-05-03T17:56:30.1912729Z ##[group]Run rustup default stable
Lint and Format Check	Set up Rust	2026-05-03T17:56:30.1913098Z [36;1mrustup default stable[0m
Lint and Format Check	Set up Rust	2026-05-03T17:56:30.1935541Z shell: /usr/bin/bash --noprofile --norc -e -o pipefail {0}
Lint and Format Check	Set up Rust	2026-05-03T17:56:30.1935917Z env:
Lint and Format Check	Set up Rust	2026-05-03T17:56:30.1936132Z   CARGO_TERM_COLOR: always
Lint and Format Check	Set up Rust	2026-05-03T17:56:30.1936389Z   RUSTFLAGS: -Dwarnings
Lint and Format Check	Set up Rust	2026-05-03T17:56:30.1936639Z   CARGO_HOME: /home/runner/.cargo
Lint and Format Check	Set up Rust	2026-05-03T17:56:30.1936909Z ##[endgroup]
Lint and Format Check	Set up Rust	2026-05-03T17:56:30.2030536Z info: using existing install for stable-x86_64-unknown-linux-gnu
Lint and Format Check	Set up Rust	2026-05-03T17:56:30.2039130Z info: default toolchain set to stable-x86_64-unknown-linux-gnu
Lint and Format Check	Set up Rust	2026-05-03T17:56:30.2039696Z 
Lint and Format Check	Set up Rust	2026-05-03T17:56:30.2107380Z   stable-x86_64-unknown-linux-gnu unchanged - rustc 1.95.0 (59807616e 2026-04-14)
Lint and Format Check	Set up Rust	2026-05-03T17:56:30.2107951Z 
Lint and Format Check	Set up Rust	2026-05-03T17:56:30.2148755Z ##[group]Run : create cachekey
Lint and Format Check	Set up Rust	2026-05-03T17:56:30.2149078Z [36;1m: create cachekey[0m
Lint and Format Check	Set up Rust	2026-05-03T17:56:30.2149597Z [36;1mDATE=$(rustc +stable --version --verbose | sed -ne 's/^commit-date: \(20[0-9][0-9]\)-\([01][0-9]\)-\([0-3][0-9]\)$/\1\2\3/p')[0m
Lint and Format Check	Set up Rust	2026-05-03T17:56:30.2150250Z [36;1mHASH=$(rustc +stable --version --verbose | sed -ne 's/^commit-hash: //p')[0m
Lint and Format Check	Set up Rust	2026-05-03T17:56:30.2151009Z [36;1mecho "cachekey=$(echo $DATE$HASH | head -c12)" >> $GITHUB_OUTPUT[0m
Lint and Format Check	Set up Rust	2026-05-03T17:56:30.2172671Z shell: /usr/bin/bash --noprofile --norc -e -o pipefail {0}
Lint and Format Check	Set up Rust	2026-05-03T17:56:30.2173033Z env:
Lint and Format Check	Set up Rust	2026-05-03T17:56:30.2173239Z   CARGO_TERM_COLOR: always
Lint and Format Check	Set up Rust	2026-05-03T17:56:30.2173491Z   RUSTFLAGS: -Dwarnings
Lint and Format Check	Set up Rust	2026-05-03T17:56:30.2173734Z   CARGO_HOME: /home/runner/.cargo
Lint and Format Check	Set up Rust	2026-05-03T17:56:30.2174424Z ##[endgroup]
Lint and Format Check	Set up Rust	2026-05-03T17:56:30.2515187Z ##[group]Run : disable incremental compilation
Lint and Format Check	Set up Rust	2026-05-03T17:56:30.2515605Z [36;1m: disable incremental compilation[0m
Lint and Format Check	Set up Rust	2026-05-03T17:56:30.2515972Z [36;1mif [ -z "${CARGO_INCREMENTAL+set}" ]; then[0m
Lint and Format Check	Set up Rust	2026-05-03T17:56:30.2516527Z [36;1m  echo CARGO_INCREMENTAL=0 >> $GITHUB_ENV[0m
Lint and Format Check	Set up Rust	2026-05-03T17:56:30.2516822Z [36;1mfi[0m
Lint and Format Check	Set up Rust	2026-05-03T17:56:30.2537990Z shell: /usr/bin/bash --noprofile --norc -e -o pipefail {0}
Lint and Format Check	Set up Rust	2026-05-03T17:56:30.2538355Z env:
Lint and Format Check	Set up Rust	2026-05-03T17:56:30.2538615Z   CARGO_TERM_COLOR: always
Lint and Format Check	Set up Rust	2026-05-03T17:56:30.2538884Z   RUSTFLAGS: -Dwarnings
Lint and Format Check	Set up Rust	2026-05-03T17:56:30.2539137Z   CARGO_HOME: /home/runner/.cargo
Lint and Format Check	Set up Rust	2026-05-03T17:56:30.2539398Z ##[endgroup]
Lint and Format Check	Set up Rust	2026-05-03T17:56:30.2605733Z ##[group]Run : enable colors in Cargo output
Lint and Format Check	Set up Rust	2026-05-03T17:56:30.2606116Z [36;1m: enable colors in Cargo output[0m
Lint and Format Check	Set up Rust	2026-05-03T17:56:30.2606454Z [36;1mif [ -z "${CARGO_TERM_COLOR+set}" ]; then[0m
Lint and Format Check	Set up Rust	2026-05-03T17:56:30.2606811Z [36;1m  echo CARGO_TERM_COLOR=always >> $GITHUB_ENV[0m
Lint and Format Check	Set up Rust	2026-05-03T17:56:30.2607114Z [36;1mfi[0m
Lint and Format Check	Set up Rust	2026-05-03T17:56:30.2626863Z shell: /usr/bin/bash --noprofile --norc -e -o pipefail {0}
Lint and Format Check	Set up Rust	2026-05-03T17:56:30.2627232Z env:
Lint and Format Check	Set up Rust	2026-05-03T17:56:30.2627488Z   CARGO_TERM_COLOR: always
Lint and Format Check	Set up Rust	2026-05-03T17:56:30.2627737Z   RUSTFLAGS: -Dwarnings
Lint and Format Check	Set up Rust	2026-05-03T17:56:30.2628105Z   CARGO_HOME: /home/runner/.cargo
Lint and Format Check	Set up Rust	2026-05-03T17:56:30.2628505Z   CARGO_INCREMENTAL: 0
Lint and Format Check	Set up Rust	2026-05-03T17:56:30.2628741Z ##[endgroup]
Lint and Format Check	Set up Rust	2026-05-03T17:56:30.2742034Z ##[group]Run : enable Cargo sparse registry
Lint and Format Check	Set up Rust	2026-05-03T17:56:30.2742392Z [36;1m: enable Cargo sparse registry[0m
Lint and Format Check	Set up Rust	2026-05-03T17:56:30.2742776Z [36;1m# implemented in 1.66, stabilized in 1.68, made default in 1.70[0m
Lint and Format Check	Set up Rust	2026-05-03T17:56:30.2743496Z [36;1mif [ -z "${CARGO_REGISTRIES_CRATES_IO_PROTOCOL+set}" -o -f "/home/runner/work/_temp"/.implicit_cargo_registries_crates_io_protocol ]; then[0m
Lint and Format Check	Set up Rust	2026-05-03T17:56:30.2765619Z [36;1m  if rustc +stable --version --verbose | grep -q '^release: 1\.6[89]\.'; then[0m
Lint and Format Check	Set up Rust	2026-05-03T17:56:30.2766351Z [36;1m    touch "/home/runner/work/_temp"/.implicit_cargo_registries_crates_io_protocol || true[0m
Lint and Format Check	Set up Rust	2026-05-03T17:56:30.2766923Z [36;1m    echo CARGO_REGISTRIES_CRATES_IO_PROTOCOL=sparse >> $GITHUB_ENV[0m
Lint and Format Check	Set up Rust	2026-05-03T17:56:30.2767432Z [36;1m  elif rustc +stable --version --verbose | grep -q '^release: 1\.6[67]\.'; then[0m
Lint and Format Check	Set up Rust	2026-05-03T17:56:30.2768047Z [36;1m    touch "/home/runner/work/_temp"/.implicit_cargo_registries_crates_io_protocol || true[0m
Lint and Format Check	Set up Rust	2026-05-03T17:56:30.2768579Z [36;1m    echo CARGO_REGISTRIES_CRATES_IO_PROTOCOL=git >> $GITHUB_ENV[0m
Lint and Format Check	Set up Rust	2026-05-03T17:56:30.2768928Z [36;1m  fi[0m
Lint and Format Check	Set up Rust	2026-05-03T17:56:30.2769139Z [36;1mfi[0m
Lint and Format Check	Set up Rust	2026-05-03T17:56:30.2789164Z shell: /usr/bin/bash --noprofile --norc -e -o pipefail {0}
Lint and Format Check	Set up Rust	2026-05-03T17:56:30.2789531Z env:
Lint and Format Check	Set up Rust	2026-05-03T17:56:30.2789732Z   CARGO_TERM_COLOR: always
Lint and Format Check	Set up Rust	2026-05-03T17:56:30.2789982Z   RUSTFLAGS: -Dwarnings
Lint and Format Check	Set up Rust	2026-05-03T17:56:30.2790238Z   CARGO_HOME: /home/runner/.cargo
Lint and Format Check	Set up Rust	2026-05-03T17:56:30.2790503Z   CARGO_INCREMENTAL: 0
Lint and Format Check	Set up Rust	2026-05-03T17:56:30.2790730Z ##[endgroup]
Lint and Format Check	Set up Rust	2026-05-03T17:56:30.3108886Z ##[group]Run : work around spurious network errors in curl 8.0
Lint and Format Check	Set up Rust	2026-05-03T17:56:30.3109381Z [36;1m: work around spurious network errors in curl 8.0[0m
Lint and Format Check	Set up Rust	2026-05-03T17:56:30.3110128Z [36;1m# https://rust-lang.zulipchat.com/#narrow/stream/246057-t-cargo/topic/timeout.20investigation[0m
Lint and Format Check	Set up Rust	2026-05-03T17:56:30.3110778Z [36;1mif rustc +stable --version --verbose | grep -q '^release: 1\.7[01]\.'; then[0m
Lint and Format Check	Set up Rust	2026-05-03T17:56:30.3111249Z [36;1m  echo CARGO_HTTP_MULTIPLEXING=false >> $GITHUB_ENV[0m
Lint and Format Check	Set up Rust	2026-05-03T17:56:30.3111574Z [36;1mfi[0m
Lint and Format Check	Set up Rust	2026-05-03T17:56:30.3133173Z shell: /usr/bin/bash --noprofile --norc -e -o pipefail {0}
Lint and Format Check	Set up Rust	2026-05-03T17:56:30.3133545Z env:
Lint and Format Check	Set up Rust	2026-05-03T17:56:30.3133761Z   CARGO_TERM_COLOR: always
Lint and Format Check	Set up Rust	2026-05-03T17:56:30.3134320Z   RUSTFLAGS: -Dwarnings
Lint and Format Check	Set up Rust	2026-05-03T17:56:30.3134591Z   CARGO_HOME: /home/runner/.cargo
Lint and Format Check	Set up Rust	2026-05-03T17:56:30.3134862Z   CARGO_INCREMENTAL: 0
Lint and Format Check	Set up Rust	2026-05-03T17:56:30.3135094Z ##[endgroup]
Lint and Format Check	Set up Rust	2026-05-03T17:56:30.3331611Z ##[group]Run rustc +stable --version --verbose
Lint and Format Check	Set up Rust	2026-05-03T17:56:30.3332014Z [36;1mrustc +stable --version --verbose[0m
Lint and Format Check	Set up Rust	2026-05-03T17:56:30.3352837Z shell: /usr/bin/bash --noprofile --norc -e -o pipefail {0}
Lint and Format Check	Set up Rust	2026-05-03T17:56:30.3353207Z env:
Lint and Format Check	Set up Rust	2026-05-03T17:56:30.3353423Z   CARGO_TERM_COLOR: always
Lint and Format Check	Set up Rust	2026-05-03T17:56:30.3353848Z   RUSTFLAGS: -Dwarnings
Lint and Format Check	Set up Rust	2026-05-03T17:56:30.3354374Z   CARGO_HOME: /home/runner/.cargo
Lint and Format Check	Set up Rust	2026-05-03T17:56:30.3354653Z   CARGO_INCREMENTAL: 0
Lint and Format Check	Set up Rust	2026-05-03T17:56:30.3354878Z ##[endgroup]
Lint and Format Check	Set up Rust	2026-05-03T17:56:30.3505502Z rustc 1.95.0 (59807616e 2026-04-14)
Lint and Format Check	Set up Rust	2026-05-03T17:56:30.3506423Z binary: rustc
Lint and Format Check	Set up Rust	2026-05-03T17:56:30.3507035Z commit-hash: 59807616e1fa2540724bfbac14d7976d7e4a3860
Lint and Format Check	Set up Rust	2026-05-03T17:56:30.3507470Z commit-date: 2026-04-14
Lint and Format Check	Set up Rust	2026-05-03T17:56:30.3507794Z host: x86_64-unknown-linux-gnu
Lint and Format Check	Set up Rust	2026-05-03T17:56:30.3508118Z release: 1.95.0
Lint and Format Check	Set up Rust	2026-05-03T17:56:30.3508392Z LLVM version: 22.1.2
Lint and Format Check	Setup Node.js	﻿2026-05-03T17:56:30.3629463Z ##[group]Run actions/setup-node@v4
Lint and Format Check	Setup Node.js	2026-05-03T17:56:30.3629796Z with:
Lint and Format Check	Setup Node.js	2026-05-03T17:56:30.3630005Z   node-version: 22
Lint and Format Check	Setup Node.js	2026-05-03T17:56:30.3630233Z   always-auth: false
Lint and Format Check	Setup Node.js	2026-05-03T17:56:30.3630462Z   check-latest: false
Lint and Format Check	Setup Node.js	2026-05-03T17:56:30.3630814Z   token: ***
Lint and Format Check	Setup Node.js	2026-05-03T17:56:30.3631024Z env:
Lint and Format Check	Setup Node.js	2026-05-03T17:56:30.3631224Z   CARGO_TERM_COLOR: always
Lint and Format Check	Setup Node.js	2026-05-03T17:56:30.3631482Z   RUSTFLAGS: -Dwarnings
Lint and Format Check	Setup Node.js	2026-05-03T17:56:30.3631732Z   CARGO_HOME: /home/runner/.cargo
Lint and Format Check	Setup Node.js	2026-05-03T17:56:30.3632005Z   CARGO_INCREMENTAL: 0
Lint and Format Check	Setup Node.js	2026-05-03T17:56:30.3632229Z ##[endgroup]
Lint and Format Check	Setup Node.js	2026-05-03T17:56:30.5987224Z Found in cache @ /opt/hostedtoolcache/node/22.22.2/x64
Lint and Format Check	Setup Node.js	2026-05-03T17:56:30.5996393Z ##[group]Environment details
Lint and Format Check	Setup Node.js	2026-05-03T17:56:34.2245249Z node: v22.22.2
Lint and Format Check	Setup Node.js	2026-05-03T17:56:34.2245745Z npm: 10.9.7
Lint and Format Check	Setup Node.js	2026-05-03T17:56:34.2246043Z yarn: 1.22.22
Lint and Format Check	Setup Node.js	2026-05-03T17:56:34.2247558Z ##[endgroup]
Lint and Format Check	Cache cargo dependencies	﻿2026-05-03T17:56:34.2904689Z ##[group]Run actions/cache@v4
Lint and Format Check	Cache cargo dependencies	2026-05-03T17:56:34.2904990Z with:
Lint and Format Check	Cache cargo dependencies	2026-05-03T17:56:34.2905357Z   path: ~/.cargo/bin/
Lint and Format Check	Cache cargo dependencies	~/.cargo/registry/index/
Lint and Format Check	Cache cargo dependencies	~/.cargo/registry/cache/
Lint and Format Check	Cache cargo dependencies	~/.cargo/git/db/
Lint and Format Check	Cache cargo dependencies	rust/target/
Lint and Format Check	Cache cargo dependencies	
Lint and Format Check	Cache cargo dependencies	2026-05-03T17:56:34.2905972Z   key: Linux-cargo-3bdf1052f98aec50857f27e3615100242b9f9c1f98c417d8384cf7fd70b81aba
Lint and Format Check	Cache cargo dependencies	2026-05-03T17:56:34.2906400Z   enableCrossOsArchive: false
Lint and Format Check	Cache cargo dependencies	2026-05-03T17:56:34.2906636Z   fail-on-cache-miss: false
Lint and Format Check	Cache cargo dependencies	2026-05-03T17:56:34.2906857Z   lookup-only: false
Lint and Format Check	Cache cargo dependencies	2026-05-03T17:56:34.2907047Z   save-always: false
Lint and Format Check	Cache cargo dependencies	2026-05-03T17:56:34.2907230Z env:
Lint and Format Check	Cache cargo dependencies	2026-05-03T17:56:34.2907396Z   CARGO_TERM_COLOR: always
Lint and Format Check	Cache cargo dependencies	2026-05-03T17:56:34.2907614Z   RUSTFLAGS: -Dwarnings
Lint and Format Check	Cache cargo dependencies	2026-05-03T17:56:34.2907826Z   CARGO_HOME: /home/runner/.cargo
Lint and Format Check	Cache cargo dependencies	2026-05-03T17:56:34.2908060Z   CARGO_INCREMENTAL: 0
Lint and Format Check	Cache cargo dependencies	2026-05-03T17:56:34.2908248Z ##[endgroup]
Lint and Format Check	Cache cargo dependencies	2026-05-03T17:56:34.5340960Z Cache hit for: Linux-cargo-3bdf1052f98aec50857f27e3615100242b9f9c1f98c417d8384cf7fd70b81aba
Lint and Format Check	Cache cargo dependencies	2026-05-03T17:56:34.7550128Z Received 17948946 of 17948946 (100.0%), 92.0 MBs/sec
Lint and Format Check	Cache cargo dependencies	2026-05-03T17:56:34.7553698Z Cache Size: ~17 MB (17948946 B)
Lint and Format Check	Cache cargo dependencies	2026-05-03T17:56:34.7583096Z [command]/usr/bin/tar -xf /home/runner/work/_temp/7b7cb033-2253-4ad5-bc13-a45f79b5f582/cache.tzst -P -C /home/runner/work/lino-objects-codec/lino-objects-codec --use-compress-program unzstd
Lint and Format Check	Cache cargo dependencies	2026-05-03T17:56:34.8572896Z Cache restored successfully
Lint and Format Check	Cache cargo dependencies	2026-05-03T17:56:34.8661681Z Cache restored from key: Linux-cargo-3bdf1052f98aec50857f27e3615100242b9f9c1f98c417d8384cf7fd70b81aba
Lint and Format Check	Check formatting	﻿2026-05-03T17:56:34.8748022Z ##[group]Run cargo fmt --check
Lint and Format Check	Check formatting	2026-05-03T17:56:34.8748352Z [36;1mcargo fmt --check[0m
Lint and Format Check	Check formatting	2026-05-03T17:56:34.8778908Z shell: /usr/bin/bash -e {0}
Lint and Format Check	Check formatting	2026-05-03T17:56:34.8779157Z env:
Lint and Format Check	Check formatting	2026-05-03T17:56:34.8779335Z   CARGO_TERM_COLOR: always
Lint and Format Check	Check formatting	2026-05-03T17:56:34.8779568Z   RUSTFLAGS: -Dwarnings
Lint and Format Check	Check formatting	2026-05-03T17:56:34.8779797Z   CARGO_HOME: /home/runner/.cargo
Lint and Format Check	Check formatting	2026-05-03T17:56:34.8780204Z   CARGO_INCREMENTAL: 0
Lint and Format Check	Check formatting	2026-05-03T17:56:34.8780407Z ##[endgroup]
Lint and Format Check	Run clippy	﻿2026-05-03T17:56:34.9405607Z ##[group]Run cargo clippy --all-targets --all-features
Lint and Format Check	Run clippy	2026-05-03T17:56:34.9406045Z [36;1mcargo clippy --all-targets --all-features[0m
Lint and Format Check	Run clippy	2026-05-03T17:56:34.9426636Z shell: /usr/bin/bash -e {0}
Lint and Format Check	Run clippy	2026-05-03T17:56:34.9426881Z env:
Lint and Format Check	Run clippy	2026-05-03T17:56:34.9427062Z   CARGO_TERM_COLOR: always
Lint and Format Check	Run clippy	2026-05-03T17:56:34.9427283Z   RUSTFLAGS: -Dwarnings
Lint and Format Check	Run clippy	2026-05-03T17:56:34.9427506Z   CARGO_HOME: /home/runner/.cargo
Lint and Format Check	Run clippy	2026-05-03T17:56:34.9427743Z   CARGO_INCREMENTAL: 0
Lint and Format Check	Run clippy	2026-05-03T17:56:34.9427938Z ##[endgroup]
Lint and Format Check	Run clippy	2026-05-03T17:56:35.0360281Z [1m[92m    Checking[0m memchr v2.7.6
Lint and Format Check	Run clippy	2026-05-03T17:56:35.0361219Z [1m[92m    Checking[0m base64 v0.22.1
Lint and Format Check	Run clippy	2026-05-03T17:56:35.3088089Z [1m[92m    Checking[0m nom v8.0.0
Lint and Format Check	Run clippy	2026-05-03T17:56:36.7721152Z [1m[92m    Checking[0m links-notation v0.13.0
Lint and Format Check	Run clippy	2026-05-03T17:56:36.9075391Z [1m[92m    Checking[0m lino-objects-codec v0.2.0 (/home/runner/work/lino-objects-codec/lino-objects-codec/rust)
Lint and Format Check	Run clippy	2026-05-03T17:56:37.1465269Z [1m[92m    Finished[0m `dev` profile [unoptimized + debuginfo] target(s) in 2.17s
Lint and Format Check	Check file size limit	﻿2026-05-03T17:56:37.1519149Z ##[group]Run node scripts/check-file-size.mjs
Lint and Format Check	Check file size limit	2026-05-03T17:56:37.1519510Z [36;1mnode scripts/check-file-size.mjs[0m
Lint and Format Check	Check file size limit	2026-05-03T17:56:37.1539993Z shell: /usr/bin/bash -e {0}
Lint and Format Check	Check file size limit	2026-05-03T17:56:37.1540237Z env:
Lint and Format Check	Check file size limit	2026-05-03T17:56:37.1540422Z   CARGO_TERM_COLOR: always
Lint and Format Check	Check file size limit	2026-05-03T17:56:37.1540647Z   RUSTFLAGS: -Dwarnings
Lint and Format Check	Check file size limit	2026-05-03T17:56:37.1540871Z   CARGO_HOME: /home/runner/.cargo
Lint and Format Check	Check file size limit	2026-05-03T17:56:37.1541115Z   CARGO_INCREMENTAL: 0
Lint and Format Check	Check file size limit	2026-05-03T17:56:37.1541323Z ##[endgroup]
Lint and Format Check	Check file size limit	2026-05-03T17:56:37.1854203Z 
Lint and Format Check	Check file size limit	2026-05-03T17:56:37.1855479Z Checking Rust files for maximum 2000 lines...
Lint and Format Check	Check file size limit	2026-05-03T17:56:37.1856119Z 
Lint and Format Check	Check file size limit	2026-05-03T17:56:37.1868545Z All files are within the line limit
Lint and Format Check	Check file size limit	2026-05-03T17:56:37.1868978Z 
Lint and Format Check	Post Cache cargo dependencies	﻿2026-05-03T17:56:37.2535295Z Post job cleanup.
Lint and Format Check	Post Cache cargo dependencies	2026-05-03T17:56:37.3842437Z Cache hit occurred on the primary key Linux-cargo-3bdf1052f98aec50857f27e3615100242b9f9c1f98c417d8384cf7fd70b81aba, not saving cache.
Lint and Format Check	Post Setup Node.js	﻿2026-05-03T17:56:37.3925836Z Post job cleanup.
Lint and Format Check	Post Run actions/checkout@v4	﻿2026-05-03T17:56:37.5601312Z Post job cleanup.
Lint and Format Check	Post Run actions/checkout@v4	2026-05-03T17:56:37.6585781Z [command]/usr/bin/git version
Lint and Format Check	Post Run actions/checkout@v4	2026-05-03T17:56:37.6621118Z git version 2.53.0
Lint and Format Check	Post Run actions/checkout@v4	2026-05-03T17:56:37.6670024Z Temporarily overriding HOME='/home/runner/work/_temp/ac1a6971-aef3-41f8-99fe-6711100f5486' before making global git config changes
Lint and Format Check	Post Run actions/checkout@v4	2026-05-03T17:56:37.6671159Z Adding repository directory to the temporary git global config as a safe directory
Lint and Format Check	Post Run actions/checkout@v4	2026-05-03T17:56:37.6675632Z [command]/usr/bin/git config --global --add safe.directory /home/runner/work/lino-objects-codec/lino-objects-codec
Lint and Format Check	Post Run actions/checkout@v4	2026-05-03T17:56:37.6707524Z [command]/usr/bin/git config --local --name-only --get-regexp core\.sshCommand
Lint and Format Check	Post Run actions/checkout@v4	2026-05-03T17:56:37.6739702Z [command]/usr/bin/git submodule foreach --recursive sh -c "git config --local --name-only --get-regexp 'core\.sshCommand' && git config --local --unset-all 'core.sshCommand' || :"
Lint and Format Check	Post Run actions/checkout@v4	2026-05-03T17:56:37.6957894Z [command]/usr/bin/git config --local --name-only --get-regexp http\.https\:\/\/github\.com\/\.extraheader
Lint and Format Check	Post Run actions/checkout@v4	2026-05-03T17:56:37.6977123Z http.https://github.com/.extraheader
Lint and Format Check	Post Run actions/checkout@v4	2026-05-03T17:56:37.6989342Z [command]/usr/bin/git config --local --unset-all http.https://github.com/.extraheader
Lint and Format Check	Post Run actions/checkout@v4	2026-05-03T17:56:37.7018784Z [command]/usr/bin/git submodule foreach --recursive sh -c "git config --local --name-only --get-regexp 'http\.https\:\/\/github\.com\/\.extraheader' && git config --local --unset-all 'http.https://github.com/.extraheader' || :"
Lint and Format Check	Post Run actions/checkout@v4	2026-05-03T17:56:37.7232626Z [command]/usr/bin/git config --local --name-only --get-regexp ^includeIf\.gitdir:
Lint and Format Check	Post Run actions/checkout@v4	2026-05-03T17:56:37.7262353Z [command]/usr/bin/git submodule foreach --recursive git config --local --show-origin --name-only --get-regexp remote.origin.url
Lint and Format Check	Complete job	﻿2026-05-03T17:56:37.7578811Z Cleaning up orphan processes
Lint and Format Check	Complete job	2026-05-03T17:56:37.7954198Z ##[warning]Node.js 20 actions are deprecated. The following actions are running on Node.js 20 and may not work as expected: actions/cache@v4, actions/checkout@v4, actions/setup-node@v4. Actions will be forced to run with Node.js 24 by default starting June 2nd, 2026. Node.js 20 will be removed from the runner on September 16th, 2026. Please check if updated versions of these actions are available that support Node.js 24. To opt into Node.js 24 now, set the FORCE_JAVASCRIPT_ACTIONS_TO_NODE24=true environment variable on the runner or in your workflow file. Once Node.js 24 becomes the default, you can temporarily opt out by setting ACTIONS_ALLOW_USE_UNSECURE_NODE_VERSION=true. For more information see: https://github.blog/changelog/2025-09-19-deprecation-of-node-20-on-github-actions-runners/
Test (Rust on windows-latest)	Set up job	﻿2026-05-03T17:56:13.9371027Z Current runner version: '2.334.0'
Test (Rust on windows-latest)	Set up job	2026-05-03T17:56:13.9433089Z ##[group]Runner Image Provisioner
Test (Rust on windows-latest)	Set up job	2026-05-03T17:56:13.9433874Z Hosted Compute Agent
Test (Rust on windows-latest)	Set up job	2026-05-03T17:56:13.9434409Z Version: 20260213.493
Test (Rust on windows-latest)	Set up job	2026-05-03T17:56:13.9434917Z Commit: 5c115507f6dd24b8de37d8bbe0bb4509d0cc0fa3
Test (Rust on windows-latest)	Set up job	2026-05-03T17:56:13.9435542Z Build Date: 2026-02-13T00:28:41Z
Test (Rust on windows-latest)	Set up job	2026-05-03T17:56:13.9436192Z Worker ID: {043cb13c-9231-43c2-81bf-ba4c02064cc0}
Test (Rust on windows-latest)	Set up job	2026-05-03T17:56:13.9436940Z Azure Region: northcentralus
Test (Rust on windows-latest)	Set up job	2026-05-03T17:56:13.9437547Z ##[endgroup]
Test (Rust on windows-latest)	Set up job	2026-05-03T17:56:13.9439084Z ##[group]Operating System
Test (Rust on windows-latest)	Set up job	2026-05-03T17:56:13.9439689Z Microsoft Windows Server 2025
Test (Rust on windows-latest)	Set up job	2026-05-03T17:56:13.9440246Z 10.0.26100
Test (Rust on windows-latest)	Set up job	2026-05-03T17:56:13.9440741Z Datacenter
Test (Rust on windows-latest)	Set up job	2026-05-03T17:56:13.9441128Z ##[endgroup]
Test (Rust on windows-latest)	Set up job	2026-05-03T17:56:13.9441558Z ##[group]Runner Image
Test (Rust on windows-latest)	Set up job	2026-05-03T17:56:13.9442057Z Image: windows-2025
Test (Rust on windows-latest)	Set up job	2026-05-03T17:56:13.9442480Z Version: 20260413.84.1
Test (Rust on windows-latest)	Set up job	2026-05-03T17:56:13.9443408Z Included Software: https://github.com/actions/runner-images/blob/win25/20260413.84/images/windows/Windows2025-Readme.md
Test (Rust on windows-latest)	Set up job	2026-05-03T17:56:13.9445670Z Image Release: https://github.com/actions/runner-images/releases/tag/win25%2F20260413.84
Test (Rust on windows-latest)	Set up job	2026-05-03T17:56:13.9446516Z ##[endgroup]
Test (Rust on windows-latest)	Set up job	2026-05-03T17:56:13.9449168Z ##[group]GITHUB_TOKEN Permissions
Test (Rust on windows-latest)	Set up job	2026-05-03T17:56:13.9450995Z Actions: write
Test (Rust on windows-latest)	Set up job	2026-05-03T17:56:13.9451511Z ArtifactMetadata: write
Test (Rust on windows-latest)	Set up job	2026-05-03T17:56:13.9452110Z Attestations: write
Test (Rust on windows-latest)	Set up job	2026-05-03T17:56:13.9452543Z Checks: write
Test (Rust on windows-latest)	Set up job	2026-05-03T17:56:13.9452965Z Contents: write
Test (Rust on windows-latest)	Set up job	2026-05-03T17:56:13.9453426Z Deployments: write
Test (Rust on windows-latest)	Set up job	2026-05-03T17:56:13.9453867Z Discussions: write
Test (Rust on windows-latest)	Set up job	2026-05-03T17:56:13.9454268Z Issues: write
Test (Rust on windows-latest)	Set up job	2026-05-03T17:56:13.9454691Z Metadata: read
Test (Rust on windows-latest)	Set up job	2026-05-03T17:56:13.9455072Z Models: read
Test (Rust on windows-latest)	Set up job	2026-05-03T17:56:13.9455510Z Packages: write
Test (Rust on windows-latest)	Set up job	2026-05-03T17:56:13.9455969Z Pages: write
Test (Rust on windows-latest)	Set up job	2026-05-03T17:56:13.9456431Z PullRequests: write
Test (Rust on windows-latest)	Set up job	2026-05-03T17:56:13.9456925Z RepositoryProjects: write
Test (Rust on windows-latest)	Set up job	2026-05-03T17:56:13.9457398Z SecurityEvents: write
Test (Rust on windows-latest)	Set up job	2026-05-03T17:56:13.9457871Z Statuses: write
Test (Rust on windows-latest)	Set up job	2026-05-03T17:56:13.9458313Z VulnerabilityAlerts: read
Test (Rust on windows-latest)	Set up job	2026-05-03T17:56:13.9458830Z ##[endgroup]
Test (Rust on windows-latest)	Set up job	2026-05-03T17:56:13.9460719Z Secret source: Actions
Test (Rust on windows-latest)	Set up job	2026-05-03T17:56:13.9461337Z Prepare workflow directory
Test (Rust on windows-latest)	Set up job	2026-05-03T17:56:13.9914172Z Prepare all required actions
Test (Rust on windows-latest)	Set up job	2026-05-03T17:56:13.9952313Z Getting action download info
Test (Rust on windows-latest)	Set up job	2026-05-03T17:56:14.2684183Z Download action repository 'actions/checkout@v4' (SHA:34e114876b0b11c390a56381ad16ebd13914f8d5)
Test (Rust on windows-latest)	Set up job	2026-05-03T17:56:14.3851133Z Download action repository 'dtolnay/rust-toolchain@stable' (SHA:29eef336d9b2848a0b548edc03f92a220660cdb8)
Test (Rust on windows-latest)	Set up job	2026-05-03T17:56:14.5154100Z Download action repository 'actions/cache@v4' (SHA:0057852bfaa89a56745cba8c7296529d2fc39830)
Test (Rust on windows-latest)	Set up job	2026-05-03T17:56:14.7958521Z Complete job name: Test (Rust on windows-latest)
Test (Rust on windows-latest)	Run actions/checkout@v4	﻿2026-05-03T17:56:14.9210495Z ##[group]Run actions/checkout@v4
Test (Rust on windows-latest)	Run actions/checkout@v4	2026-05-03T17:56:14.9211650Z with:
Test (Rust on windows-latest)	Run actions/checkout@v4	2026-05-03T17:56:14.9212168Z   repository: link-foundation/lino-objects-codec
Test (Rust on windows-latest)	Run actions/checkout@v4	2026-05-03T17:56:14.9213508Z   token: ***
Test (Rust on windows-latest)	Run actions/checkout@v4	2026-05-03T17:56:14.9213973Z   ssh-strict: true
Test (Rust on windows-latest)	Run actions/checkout@v4	2026-05-03T17:56:14.9214414Z   ssh-user: git
Test (Rust on windows-latest)	Run actions/checkout@v4	2026-05-03T17:56:14.9214858Z   persist-credentials: true
Test (Rust on windows-latest)	Run actions/checkout@v4	2026-05-03T17:56:14.9215355Z   clean: true
Test (Rust on windows-latest)	Run actions/checkout@v4	2026-05-03T17:56:14.9215786Z   sparse-checkout-cone-mode: true
Test (Rust on windows-latest)	Run actions/checkout@v4	2026-05-03T17:56:14.9216324Z   fetch-depth: 1
Test (Rust on windows-latest)	Run actions/checkout@v4	2026-05-03T17:56:14.9216741Z   fetch-tags: false
Test (Rust on windows-latest)	Run actions/checkout@v4	2026-05-03T17:56:14.9217180Z   show-progress: true
Test (Rust on windows-latest)	Run actions/checkout@v4	2026-05-03T17:56:14.9217619Z   lfs: false
Test (Rust on windows-latest)	Run actions/checkout@v4	2026-05-03T17:56:14.9218014Z   submodules: false
Test (Rust on windows-latest)	Run actions/checkout@v4	2026-05-03T17:56:14.9218457Z   set-safe-directory: true
Test (Rust on windows-latest)	Run actions/checkout@v4	2026-05-03T17:56:14.9219234Z env:
Test (Rust on windows-latest)	Run actions/checkout@v4	2026-05-03T17:56:14.9219643Z   CARGO_TERM_COLOR: always
Test (Rust on windows-latest)	Run actions/checkout@v4	2026-05-03T17:56:14.9220156Z   RUSTFLAGS: -Dwarnings
Test (Rust on windows-latest)	Run actions/checkout@v4	2026-05-03T17:56:14.9220528Z ##[endgroup]
Test (Rust on windows-latest)	Run actions/checkout@v4	2026-05-03T17:56:15.0950330Z Syncing repository: link-foundation/lino-objects-codec
Test (Rust on windows-latest)	Run actions/checkout@v4	2026-05-03T17:56:15.0952097Z ##[group]Getting Git version info
Test (Rust on windows-latest)	Run actions/checkout@v4	2026-05-03T17:56:15.0953226Z Working directory is 'D:\a\lino-objects-codec\lino-objects-codec'
Test (Rust on windows-latest)	Run actions/checkout@v4	2026-05-03T17:56:15.1871739Z [command]"C:\Program Files\Git\bin\git.exe" version
Test (Rust on windows-latest)	Run actions/checkout@v4	2026-05-03T17:56:15.3315626Z git version 2.53.0.windows.2
Test (Rust on windows-latest)	Run actions/checkout@v4	2026-05-03T17:56:15.3367627Z ##[endgroup]
Test (Rust on windows-latest)	Run actions/checkout@v4	2026-05-03T17:56:15.3387277Z Temporarily overriding HOME='D:\a\_temp\9141085b-cf09-4e20-90c4-d48ef5596ad5' before making global git config changes
Test (Rust on windows-latest)	Run actions/checkout@v4	2026-05-03T17:56:15.3388823Z Adding repository directory to the temporary git global config as a safe directory
Test (Rust on windows-latest)	Run actions/checkout@v4	2026-05-03T17:56:15.3398904Z [command]"C:\Program Files\Git\bin\git.exe" config --global --add safe.directory D:\a\lino-objects-codec\lino-objects-codec
Test (Rust on windows-latest)	Run actions/checkout@v4	2026-05-03T17:56:15.3685659Z Deleting the contents of 'D:\a\lino-objects-codec\lino-objects-codec'
Test (Rust on windows-latest)	Run actions/checkout@v4	2026-05-03T17:56:15.3692111Z ##[group]Initializing the repository
Test (Rust on windows-latest)	Run actions/checkout@v4	2026-05-03T17:56:15.3702158Z [command]"C:\Program Files\Git\bin\git.exe" init D:\a\lino-objects-codec\lino-objects-codec
Test (Rust on windows-latest)	Run actions/checkout@v4	2026-05-03T17:56:15.4103671Z Initialized empty Git repository in D:/a/lino-objects-codec/lino-objects-codec/.git/
Test (Rust on windows-latest)	Run actions/checkout@v4	2026-05-03T17:56:15.4143363Z [command]"C:\Program Files\Git\bin\git.exe" remote add origin https://github.com/link-foundation/lino-objects-codec
Test (Rust on windows-latest)	Run actions/checkout@v4	2026-05-03T17:56:15.4453283Z ##[endgroup]
Test (Rust on windows-latest)	Run actions/checkout@v4	2026-05-03T17:56:15.4454197Z ##[group]Disabling automatic garbage collection
Test (Rust on windows-latest)	Run actions/checkout@v4	2026-05-03T17:56:15.4454906Z [command]"C:\Program Files\Git\bin\git.exe" config --local gc.auto 0
Test (Rust on windows-latest)	Run actions/checkout@v4	2026-05-03T17:56:15.4737317Z ##[endgroup]
Test (Rust on windows-latest)	Run actions/checkout@v4	2026-05-03T17:56:15.4737989Z ##[group]Setting up auth
Test (Rust on windows-latest)	Run actions/checkout@v4	2026-05-03T17:56:15.4756287Z [command]"C:\Program Files\Git\bin\git.exe" config --local --name-only --get-regexp core\.sshCommand
Test (Rust on windows-latest)	Run actions/checkout@v4	2026-05-03T17:56:15.5047803Z [command]"C:\Program Files\Git\bin\git.exe" submodule foreach --recursive "sh -c \"git config --local --name-only --get-regexp 'core\.sshCommand' && git config --local --unset-all 'core.sshCommand' || :\""
Test (Rust on windows-latest)	Run actions/checkout@v4	2026-05-03T17:56:16.3332893Z [command]"C:\Program Files\Git\bin\git.exe" config --local --name-only --get-regexp http\.https\:\/\/github\.com\/\.extraheader
Test (Rust on windows-latest)	Run actions/checkout@v4	2026-05-03T17:56:16.3622468Z [command]"C:\Program Files\Git\bin\git.exe" submodule foreach --recursive "sh -c \"git config --local --name-only --get-regexp 'http\.https\:\/\/github\.com\/\.extraheader' && git config --local --unset-all 'http.https://github.com/.extraheader' || :\""
Test (Rust on windows-latest)	Run actions/checkout@v4	2026-05-03T17:56:16.9017554Z [command]"C:\Program Files\Git\bin\git.exe" config --local --name-only --get-regexp ^includeIf\.gitdir:
Test (Rust on windows-latest)	Run actions/checkout@v4	2026-05-03T17:56:16.9310326Z [command]"C:\Program Files\Git\bin\git.exe" submodule foreach --recursive "git config --local --show-origin --name-only --get-regexp remote.origin.url"
Test (Rust on windows-latest)	Run actions/checkout@v4	2026-05-03T17:56:17.4888988Z [command]"C:\Program Files\Git\bin\git.exe" config --local http.https://github.com/.extraheader "AUTHORIZATION: basic ***"
Test (Rust on windows-latest)	Run actions/checkout@v4	2026-05-03T17:56:17.5185361Z ##[endgroup]
Test (Rust on windows-latest)	Run actions/checkout@v4	2026-05-03T17:56:17.5185986Z ##[group]Fetching the repository
Test (Rust on windows-latest)	Run actions/checkout@v4	2026-05-03T17:56:17.5198906Z [command]"C:\Program Files\Git\bin\git.exe" -c protocol.version=2 fetch --no-tags --prune --no-recurse-submodules --depth=1 origin +ddbf2556b5b0e91a05c053f321b85ce9eb02355a:refs/remotes/origin/main
Test (Rust on windows-latest)	Run actions/checkout@v4	2026-05-03T17:56:18.1868458Z From https://github.com/link-foundation/lino-objects-codec
Test (Rust on windows-latest)	Run actions/checkout@v4	2026-05-03T17:56:18.2090174Z  * [new ref]         ddbf2556b5b0e91a05c053f321b85ce9eb02355a -> origin/main
Test (Rust on windows-latest)	Run actions/checkout@v4	2026-05-03T17:56:18.2091869Z ##[endgroup]
Test (Rust on windows-latest)	Run actions/checkout@v4	2026-05-03T17:56:18.2092277Z ##[group]Determining the checkout info
Test (Rust on windows-latest)	Run actions/checkout@v4	2026-05-03T17:56:18.2094133Z ##[endgroup]
Test (Rust on windows-latest)	Run actions/checkout@v4	2026-05-03T17:56:18.2104876Z [command]"C:\Program Files\Git\bin\git.exe" sparse-checkout disable
Test (Rust on windows-latest)	Run actions/checkout@v4	2026-05-03T17:56:18.2432081Z [command]"C:\Program Files\Git\bin\git.exe" config --local --unset-all extensions.worktreeConfig
Test (Rust on windows-latest)	Run actions/checkout@v4	2026-05-03T17:56:18.2715744Z ##[group]Checking out the ref
Test (Rust on windows-latest)	Run actions/checkout@v4	2026-05-03T17:56:18.2725197Z [command]"C:\Program Files\Git\bin\git.exe" checkout --progress --force -B main refs/remotes/origin/main
Test (Rust on windows-latest)	Run actions/checkout@v4	2026-05-03T17:56:18.3639759Z Switched to a new branch 'main'
Test (Rust on windows-latest)	Run actions/checkout@v4	2026-05-03T17:56:18.3655092Z branch 'main' set up to track 'origin/main'.
Test (Rust on windows-latest)	Run actions/checkout@v4	2026-05-03T17:56:18.3702315Z ##[endgroup]
Test (Rust on windows-latest)	Run actions/checkout@v4	2026-05-03T17:56:18.4019921Z [command]"C:\Program Files\Git\bin\git.exe" log -1 --format=%H
Test (Rust on windows-latest)	Run actions/checkout@v4	2026-05-03T17:56:18.4286603Z ddbf2556b5b0e91a05c053f321b85ce9eb02355a
Test (Rust on windows-latest)	Set up Rust	﻿2026-05-03T17:56:18.4815224Z ##[group]Run dtolnay/rust-toolchain@stable
Test (Rust on windows-latest)	Set up Rust	2026-05-03T17:56:18.4815616Z with:
Test (Rust on windows-latest)	Set up Rust	2026-05-03T17:56:18.4815776Z   toolchain: stable
Test (Rust on windows-latest)	Set up Rust	2026-05-03T17:56:18.4815939Z env:
Test (Rust on windows-latest)	Set up Rust	2026-05-03T17:56:18.4816089Z   CARGO_TERM_COLOR: always
Test (Rust on windows-latest)	Set up Rust	2026-05-03T17:56:18.4816288Z   RUSTFLAGS: -Dwarnings
Test (Rust on windows-latest)	Set up Rust	2026-05-03T17:56:18.4816460Z ##[endgroup]
Test (Rust on windows-latest)	Set up Rust	2026-05-03T17:56:18.5043888Z ##[group]Run : parse toolchain version
Test (Rust on windows-latest)	Set up Rust	2026-05-03T17:56:18.5044300Z [36;1m: parse toolchain version[0m
Test (Rust on windows-latest)	Set up Rust	2026-05-03T17:56:18.5044557Z [36;1mif [[ -z $toolchain ]]; then[0m
Test (Rust on windows-latest)	Set up Rust	2026-05-03T17:56:18.5045089Z [36;1m  # GitHub does not enforce `required: true` inputs itself. https://github.com/actions/runner/issues/1070[0m
Test (Rust on windows-latest)	Set up Rust	2026-05-03T17:56:18.5045614Z [36;1m  echo "'toolchain' is a required input" >&2[0m
Test (Rust on windows-latest)	Set up Rust	2026-05-03T17:56:18.5045875Z [36;1m  exit 1[0m
Test (Rust on windows-latest)	Set up Rust	2026-05-03T17:56:18.5046165Z [36;1melif [[ $toolchain =~ ^stable' '[0-9]+' '(year|month|week|day)s?' 'ago$ ]]; then[0m
Test (Rust on windows-latest)	Set up Rust	2026-05-03T17:56:18.5046575Z [36;1m  if [[ Windows == macOS ]]; then[0m
Test (Rust on windows-latest)	Set up Rust	2026-05-03T17:56:18.5047108Z [36;1m    echo "toolchain=1.$((($(date -v-$(sed 's/stable \([0-9]*\) \(.\).*/\1\2/' <<< $toolchain) +%s)/60/60/24-16569)/7/6))" >> $GITHUB_OUTPUT[0m
Test (Rust on windows-latest)	Set up Rust	2026-05-03T17:56:18.5047592Z [36;1m  else[0m
Test (Rust on windows-latest)	Set up Rust	2026-05-03T17:56:18.5047944Z [36;1m    echo "toolchain=1.$((($(date --date "${toolchain#stable }" +%s)/60/60/24-16569)/7/6))" >> $GITHUB_OUTPUT[0m
Test (Rust on windows-latest)	Set up Rust	2026-05-03T17:56:18.5048365Z [36;1m  fi[0m
Test (Rust on windows-latest)	Set up Rust	2026-05-03T17:56:18.5048616Z [36;1melif [[ $toolchain =~ ^stable' 'minus' '[0-9]+' 'releases?$ ]]; then[0m
Test (Rust on windows-latest)	Set up Rust	2026-05-03T17:56:18.5049103Z [36;1m  echo "toolchain=1.$((($(date +%s)/60/60/24-16569)/7/6-${toolchain//[^0-9]/}))" >> $GITHUB_OUTPUT[0m
Test (Rust on windows-latest)	Set up Rust	2026-05-03T17:56:18.5049524Z [36;1melif [[ $toolchain =~ ^1\.[0-9]+$ ]]; then[0m
Test (Rust on windows-latest)	Set up Rust	2026-05-03T17:56:18.5050002Z [36;1m  echo "toolchain=1.$((i=${toolchain#1.}, c=($(date +%s)/60/60/24-16569)/7/6, i+9*i*(10*i<=c)+90*i*(100*i<=c)))" >> $GITHUB_OUTPUT[0m
Test (Rust on windows-latest)	Set up Rust	2026-05-03T17:56:18.5050467Z [36;1melse[0m
Test (Rust on windows-latest)	Set up Rust	2026-05-03T17:56:18.5050668Z [36;1m  echo "toolchain=$toolchain" >> $GITHUB_OUTPUT[0m
Test (Rust on windows-latest)	Set up Rust	2026-05-03T17:56:18.5050925Z [36;1mfi[0m
Test (Rust on windows-latest)	Set up Rust	2026-05-03T17:56:18.5069906Z shell: C:\Program Files\Git\bin\bash.EXE --noprofile --norc -e -o pipefail {0}
Test (Rust on windows-latest)	Set up Rust	2026-05-03T17:56:18.5070322Z env:
Test (Rust on windows-latest)	Set up Rust	2026-05-03T17:56:18.5070475Z   CARGO_TERM_COLOR: always
Test (Rust on windows-latest)	Set up Rust	2026-05-03T17:56:18.5070674Z   RUSTFLAGS: -Dwarnings
Test (Rust on windows-latest)	Set up Rust	2026-05-03T17:56:18.5070849Z   toolchain: stable
Test (Rust on windows-latest)	Set up Rust	2026-05-03T17:56:18.5071017Z ##[endgroup]
Test (Rust on windows-latest)	Set up Rust	2026-05-03T17:56:18.6129166Z ##[group]Run : construct rustup command line
Test (Rust on windows-latest)	Set up Rust	2026-05-03T17:56:18.6129507Z [36;1m: construct rustup command line[0m
Test (Rust on windows-latest)	Set up Rust	2026-05-03T17:56:18.6129934Z [36;1mecho "targets=$(for t in ${targets//,/ }; do echo -n ' --target' $t; done)" >> $GITHUB_OUTPUT[0m
Test (Rust on windows-latest)	Set up Rust	2026-05-03T17:56:18.6130979Z [36;1mecho "components=$(for c in ${components//,/ }; do echo -n ' --component' $c; done)" >> $GITHUB_OUTPUT[0m
Test (Rust on windows-latest)	Set up Rust	2026-05-03T17:56:18.6131466Z [36;1mecho "downgrade=" >> $GITHUB_OUTPUT[0m
Test (Rust on windows-latest)	Set up Rust	2026-05-03T17:56:18.6146944Z shell: C:\Program Files\Git\bin\bash.EXE --noprofile --norc -e -o pipefail {0}
Test (Rust on windows-latest)	Set up Rust	2026-05-03T17:56:18.6147567Z env:
Test (Rust on windows-latest)	Set up Rust	2026-05-03T17:56:18.6147737Z   CARGO_TERM_COLOR: always
Test (Rust on windows-latest)	Set up Rust	2026-05-03T17:56:18.6147949Z   RUSTFLAGS: -Dwarnings
Test (Rust on windows-latest)	Set up Rust	2026-05-03T17:56:18.6148159Z   targets: 
Test (Rust on windows-latest)	Set up Rust	2026-05-03T17:56:18.6148324Z   components: 
Test (Rust on windows-latest)	Set up Rust	2026-05-03T17:56:18.6148489Z ##[endgroup]
Test (Rust on windows-latest)	Set up Rust	2026-05-03T17:56:18.6876981Z ##[group]Run : set $CARGO_HOME
Test (Rust on windows-latest)	Set up Rust	2026-05-03T17:56:18.6877249Z [36;1m: set $CARGO_HOME[0m
Test (Rust on windows-latest)	Set up Rust	2026-05-03T17:56:18.6877549Z [36;1mecho CARGO_HOME=${CARGO_HOME:-"$USERPROFILE\.cargo"} >> $GITHUB_ENV[0m
Test (Rust on windows-latest)	Set up Rust	2026-05-03T17:56:18.6891993Z shell: C:\Program Files\Git\bin\bash.EXE --noprofile --norc -e -o pipefail {0}
Test (Rust on windows-latest)	Set up Rust	2026-05-03T17:56:18.6892378Z env:
Test (Rust on windows-latest)	Set up Rust	2026-05-03T17:56:18.6892536Z   CARGO_TERM_COLOR: always
Test (Rust on windows-latest)	Set up Rust	2026-05-03T17:56:18.6892745Z   RUSTFLAGS: -Dwarnings
Test (Rust on windows-latest)	Set up Rust	2026-05-03T17:56:18.6892920Z ##[endgroup]
Test (Rust on windows-latest)	Set up Rust	2026-05-03T17:56:18.7402401Z ##[group]Run : install rustup if needed on windows
Test (Rust on windows-latest)	Set up Rust	2026-05-03T17:56:18.7402777Z [36;1m: install rustup if needed on windows[0m
Test (Rust on windows-latest)	Set up Rust	2026-05-03T17:56:18.7403243Z [36;1mif ! command -v rustup &>/dev/null; then[0m
Test (Rust on windows-latest)	Set up Rust	2026-05-03T17:56:18.7405907Z [36;1m  curl --proto '=https' --tlsv1.2 --retry 10 --retry-connrefused --location --silent --show-error --fail https://win.rustup.rs/x86_64 --output 'D:\a\_temp\rustup-init.exe'[0m
Test (Rust on windows-latest)	Set up Rust	2026-05-03T17:56:18.7406780Z [36;1m  'D:\a\_temp\rustup-init.exe' --default-toolchain none --no-modify-path -y[0m
Test (Rust on windows-latest)	Set up Rust	2026-05-03T17:56:18.7407182Z [36;1m  echo "$CARGO_HOME\bin" >> $GITHUB_PATH[0m
Test (Rust on windows-latest)	Set up Rust	2026-05-03T17:56:18.7407434Z [36;1mfi[0m
Test (Rust on windows-latest)	Set up Rust	2026-05-03T17:56:18.7422951Z shell: C:\Program Files\Git\bin\bash.EXE --noprofile --norc -e -o pipefail {0}
Test (Rust on windows-latest)	Set up Rust	2026-05-03T17:56:18.7423348Z env:
Test (Rust on windows-latest)	Set up Rust	2026-05-03T17:56:18.7423510Z   CARGO_TERM_COLOR: always
Test (Rust on windows-latest)	Set up Rust	2026-05-03T17:56:18.7423713Z   RUSTFLAGS: -Dwarnings
Test (Rust on windows-latest)	Set up Rust	2026-05-03T17:56:18.7423931Z   CARGO_HOME: C:\Users\runneradmin\.cargo
Test (Rust on windows-latest)	Set up Rust	2026-05-03T17:56:18.7424166Z ##[endgroup]
Test (Rust on windows-latest)	Set up Rust	2026-05-03T17:56:18.8000997Z ##[group]Run rustup toolchain install stable --profile minimal --no-self-update
Test (Rust on windows-latest)	Set up Rust	2026-05-03T17:56:18.8001575Z [36;1mrustup toolchain install stable --profile minimal --no-self-update[0m
Test (Rust on windows-latest)	Set up Rust	2026-05-03T17:56:18.8015773Z shell: C:\Program Files\Git\bin\bash.EXE --noprofile --norc -e -o pipefail {0}
Test (Rust on windows-latest)	Set up Rust	2026-05-03T17:56:18.8016167Z env:
Test (Rust on windows-latest)	Set up Rust	2026-05-03T17:56:18.8016332Z   CARGO_TERM_COLOR: always
Test (Rust on windows-latest)	Set up Rust	2026-05-03T17:56:18.8016527Z   RUSTFLAGS: -Dwarnings
Test (Rust on windows-latest)	Set up Rust	2026-05-03T17:56:18.8016731Z   CARGO_HOME: C:\Users\runneradmin\.cargo
Test (Rust on windows-latest)	Set up Rust	2026-05-03T17:56:18.8016968Z   RUSTUP_PERMIT_COPY_RENAME: 1
Test (Rust on windows-latest)	Set up Rust	2026-05-03T17:56:18.8017174Z ##[endgroup]
Test (Rust on windows-latest)	Set up Rust	2026-05-03T17:56:21.9175573Z info: syncing channel updates for stable-x86_64-pc-windows-msvc
Test (Rust on windows-latest)	Set up Rust	2026-05-03T17:56:22.4305375Z info: latest update on 2026-04-16 for version 1.95.0 (59807616e 2026-04-14)
Test (Rust on windows-latest)	Set up Rust	2026-05-03T17:56:22.4671808Z info: removing previous version of component clippy
Test (Rust on windows-latest)	Set up Rust	2026-05-03T17:56:22.4843804Z info: removing previous version of component rustfmt
Test (Rust on windows-latest)	Set up Rust	2026-05-03T17:56:22.4997756Z info: removing previous version of component rust-std for target x86_64-pc-windows-gnu
Test (Rust on windows-latest)	Set up Rust	2026-05-03T17:56:22.6195571Z info: removing previous version of component rust-std for target i686-pc-windows-msvc
Test (Rust on windows-latest)	Set up Rust	2026-05-03T17:56:22.7113506Z info: removing previous version of component cargo
Test (Rust on windows-latest)	Set up Rust	2026-05-03T17:56:22.7714795Z info: removing previous version of component rust-std
Test (Rust on windows-latest)	Set up Rust	2026-05-03T17:56:22.8565145Z info: removing previous version of component rustc
Test (Rust on windows-latest)	Set up Rust	2026-05-03T17:56:22.9329506Z info: downloading 7 components
Test (Rust on windows-latest)	Set up Rust	2026-05-03T17:56:36.5342071Z 
Test (Rust on windows-latest)	Set up Rust	2026-05-03T17:56:36.5626534Z   stable-x86_64-pc-windows-msvc updated - rustc 1.95.0 (59807616e 2026-04-14) (from rustc 1.94.1 (e408947bf 2026-03-25))
Test (Rust on windows-latest)	Set up Rust	2026-05-03T17:56:36.5627469Z 
Test (Rust on windows-latest)	Set up Rust	2026-05-03T17:56:36.5923875Z ##[group]Run rustup default stable
Test (Rust on windows-latest)	Set up Rust	2026-05-03T17:56:36.5924148Z [36;1mrustup default stable[0m
Test (Rust on windows-latest)	Set up Rust	2026-05-03T17:56:36.5938217Z shell: C:\Program Files\Git\bin\bash.EXE --noprofile --norc -e -o pipefail {0}
Test (Rust on windows-latest)	Set up Rust	2026-05-03T17:56:36.5938597Z env:
Test (Rust on windows-latest)	Set up Rust	2026-05-03T17:56:36.5938761Z   CARGO_TERM_COLOR: always
Test (Rust on windows-latest)	Set up Rust	2026-05-03T17:56:36.5938973Z   RUSTFLAGS: -Dwarnings
Test (Rust on windows-latest)	Set up Rust	2026-05-03T17:56:36.5939198Z   CARGO_HOME: C:\Users\runneradmin\.cargo
Test (Rust on windows-latest)	Set up Rust	2026-05-03T17:56:36.5939706Z ##[endgroup]
Test (Rust on windows-latest)	Set up Rust	2026-05-03T17:56:36.6607208Z info: using existing install for stable-x86_64-pc-windows-msvc
Test (Rust on windows-latest)	Set up Rust	2026-05-03T17:56:36.6695100Z info: default toolchain set to stable-x86_64-pc-windows-msvc
Test (Rust on windows-latest)	Set up Rust	2026-05-03T17:56:36.6695582Z 
Test (Rust on windows-latest)	Set up Rust	2026-05-03T17:56:36.6882814Z   stable-x86_64-pc-windows-msvc unchanged - rustc 1.95.0 (59807616e 2026-04-14)
Test (Rust on windows-latest)	Set up Rust	2026-05-03T17:56:36.6883264Z 
Test (Rust on windows-latest)	Set up Rust	2026-05-03T17:56:36.7085708Z ##[group]Run : create cachekey
Test (Rust on windows-latest)	Set up Rust	2026-05-03T17:56:36.7085966Z [36;1m: create cachekey[0m
Test (Rust on windows-latest)	Set up Rust	2026-05-03T17:56:36.7086455Z [36;1mDATE=$(rustc +stable --version --verbose | sed -ne 's/^commit-date: \(20[0-9][0-9]\)-\([01][0-9]\)-\([0-3][0-9]\)$/\1\2\3/p')[0m
Test (Rust on windows-latest)	Set up Rust	2026-05-03T17:56:36.7087127Z [36;1mHASH=$(rustc +stable --version --verbose | sed -ne 's/^commit-hash: //p')[0m
Test (Rust on windows-latest)	Set up Rust	2026-05-03T17:56:36.7087610Z [36;1mecho "cachekey=$(echo $DATE$HASH | head -c12)" >> $GITHUB_OUTPUT[0m
Test (Rust on windows-latest)	Set up Rust	2026-05-03T17:56:36.7102397Z shell: C:\Program Files\Git\bin\bash.EXE --noprofile --norc -e -o pipefail {0}
Test (Rust on windows-latest)	Set up Rust	2026-05-03T17:56:36.7103576Z env:
Test (Rust on windows-latest)	Set up Rust	2026-05-03T17:56:36.7103731Z   CARGO_TERM_COLOR: always
Test (Rust on windows-latest)	Set up Rust	2026-05-03T17:56:36.7103975Z   RUSTFLAGS: -Dwarnings
Test (Rust on windows-latest)	Set up Rust	2026-05-03T17:56:36.7104187Z   CARGO_HOME: C:\Users\runneradmin\.cargo
Test (Rust on windows-latest)	Set up Rust	2026-05-03T17:56:36.7104425Z ##[endgroup]
Test (Rust on windows-latest)	Set up Rust	2026-05-03T17:56:37.4888786Z ##[group]Run : disable incremental compilation
Test (Rust on windows-latest)	Set up Rust	2026-05-03T17:56:37.4889117Z [36;1m: disable incremental compilation[0m
Test (Rust on windows-latest)	Set up Rust	2026-05-03T17:56:37.4889401Z [36;1mif [ -z "${CARGO_INCREMENTAL+set}" ]; then[0m
Test (Rust on windows-latest)	Set up Rust	2026-05-03T17:56:37.4889700Z [36;1m  echo CARGO_INCREMENTAL=0 >> $GITHUB_ENV[0m
Test (Rust on windows-latest)	Set up Rust	2026-05-03T17:56:37.4889987Z [36;1mfi[0m
Test (Rust on windows-latest)	Set up Rust	2026-05-03T17:56:37.4902706Z shell: C:\Program Files\Git\bin\bash.EXE --noprofile --norc -e -o pipefail {0}
Test (Rust on windows-latest)	Set up Rust	2026-05-03T17:56:37.4903082Z env:
Test (Rust on windows-latest)	Set up Rust	2026-05-03T17:56:37.4903230Z   CARGO_TERM_COLOR: always
Test (Rust on windows-latest)	Set up Rust	2026-05-03T17:56:37.4903426Z   RUSTFLAGS: -Dwarnings
Test (Rust on windows-latest)	Set up Rust	2026-05-03T17:56:37.4903630Z   CARGO_HOME: C:\Users\runneradmin\.cargo
Test (Rust on windows-latest)	Set up Rust	2026-05-03T17:56:37.4903875Z ##[endgroup]
Test (Rust on windows-latest)	Set up Rust	2026-05-03T17:56:37.5470077Z ##[group]Run : enable colors in Cargo output
Test (Rust on windows-latest)	Set up Rust	2026-05-03T17:56:37.5470408Z [36;1m: enable colors in Cargo output[0m
Test (Rust on windows-latest)	Set up Rust	2026-05-03T17:56:37.5470689Z [36;1mif [ -z "${CARGO_TERM_COLOR+set}" ]; then[0m
Test (Rust on windows-latest)	Set up Rust	2026-05-03T17:56:37.5470993Z [36;1m  echo CARGO_TERM_COLOR=always >> $GITHUB_ENV[0m
Test (Rust on windows-latest)	Set up Rust	2026-05-03T17:56:37.5471252Z [36;1mfi[0m
Test (Rust on windows-latest)	Set up Rust	2026-05-03T17:56:37.5485145Z shell: C:\Program Files\Git\bin\bash.EXE --noprofile --norc -e -o pipefail {0}
Test (Rust on windows-latest)	Set up Rust	2026-05-03T17:56:37.5485514Z env:
Test (Rust on windows-latest)	Set up Rust	2026-05-03T17:56:37.5485664Z   CARGO_TERM_COLOR: always
Test (Rust on windows-latest)	Set up Rust	2026-05-03T17:56:37.5485869Z   RUSTFLAGS: -Dwarnings
Test (Rust on windows-latest)	Set up Rust	2026-05-03T17:56:37.5486067Z   CARGO_HOME: C:\Users\runneradmin\.cargo
Test (Rust on windows-latest)	Set up Rust	2026-05-03T17:56:37.5486306Z   CARGO_INCREMENTAL: 0
Test (Rust on windows-latest)	Set up Rust	2026-05-03T17:56:37.5486474Z ##[endgroup]
Test (Rust on windows-latest)	Set up Rust	2026-05-03T17:56:37.6000178Z ##[group]Run : enable Cargo sparse registry
Test (Rust on windows-latest)	Set up Rust	2026-05-03T17:56:37.6000482Z [36;1m: enable Cargo sparse registry[0m
Test (Rust on windows-latest)	Set up Rust	2026-05-03T17:56:37.6000803Z [36;1m# implemented in 1.66, stabilized in 1.68, made default in 1.70[0m
Test (Rust on windows-latest)	Set up Rust	2026-05-03T17:56:37.6001451Z [36;1mif [ -z "${CARGO_REGISTRIES_CRATES_IO_PROTOCOL+set}" -o -f "D:\a\_temp"/.implicit_cargo_registries_crates_io_protocol ]; then[0m
Test (Rust on windows-latest)	Set up Rust	2026-05-03T17:56:37.6002087Z [36;1m  if rustc +stable --version --verbose | grep -q '^release: 1\.6[89]\.'; then[0m
Test (Rust on windows-latest)	Set up Rust	2026-05-03T17:56:37.6002568Z [36;1m    touch "D:\a\_temp"/.implicit_cargo_registries_crates_io_protocol || true[0m
Test (Rust on windows-latest)	Set up Rust	2026-05-03T17:56:37.6003038Z [36;1m    echo CARGO_REGISTRIES_CRATES_IO_PROTOCOL=sparse >> $GITHUB_ENV[0m
Test (Rust on windows-latest)	Set up Rust	2026-05-03T17:56:37.6003497Z [36;1m  elif rustc +stable --version --verbose | grep -q '^release: 1\.6[67]\.'; then[0m
Test (Rust on windows-latest)	Set up Rust	2026-05-03T17:56:37.6003972Z [36;1m    touch "D:\a\_temp"/.implicit_cargo_registries_crates_io_protocol || true[0m
Test (Rust on windows-latest)	Set up Rust	2026-05-03T17:56:37.6004399Z [36;1m    echo CARGO_REGISTRIES_CRATES_IO_PROTOCOL=git >> $GITHUB_ENV[0m
Test (Rust on windows-latest)	Set up Rust	2026-05-03T17:56:37.6004716Z [36;1m  fi[0m
Test (Rust on windows-latest)	Set up Rust	2026-05-03T17:56:37.6004860Z [36;1mfi[0m
Test (Rust on windows-latest)	Set up Rust	2026-05-03T17:56:37.6017908Z shell: C:\Program Files\Git\bin\bash.EXE --noprofile --norc -e -o pipefail {0}
Test (Rust on windows-latest)	Set up Rust	2026-05-03T17:56:37.6018303Z env:
Test (Rust on windows-latest)	Set up Rust	2026-05-03T17:56:37.6018452Z   CARGO_TERM_COLOR: always
Test (Rust on windows-latest)	Set up Rust	2026-05-03T17:56:37.6018653Z   RUSTFLAGS: -Dwarnings
Test (Rust on windows-latest)	Set up Rust	2026-05-03T17:56:37.6018870Z   CARGO_HOME: C:\Users\runneradmin\.cargo
Test (Rust on windows-latest)	Set up Rust	2026-05-03T17:56:37.6019111Z   CARGO_INCREMENTAL: 0
Test (Rust on windows-latest)	Set up Rust	2026-05-03T17:56:37.6019283Z ##[endgroup]
Test (Rust on windows-latest)	Set up Rust	2026-05-03T17:56:37.7857048Z ##[group]Run : work around spurious network errors in curl 8.0
Test (Rust on windows-latest)	Set up Rust	2026-05-03T17:56:37.7857463Z [36;1m: work around spurious network errors in curl 8.0[0m
Test (Rust on windows-latest)	Set up Rust	2026-05-03T17:56:37.7857972Z [36;1m# https://rust-lang.zulipchat.com/#narrow/stream/246057-t-cargo/topic/timeout.20investigation[0m
Test (Rust on windows-latest)	Set up Rust	2026-05-03T17:56:37.7858574Z [36;1mif rustc +stable --version --verbose | grep -q '^release: 1\.7[01]\.'; then[0m
Test (Rust on windows-latest)	Set up Rust	2026-05-03T17:56:37.7859051Z [36;1m  echo CARGO_HTTP_MULTIPLEXING=false >> $GITHUB_ENV[0m
Test (Rust on windows-latest)	Set up Rust	2026-05-03T17:56:37.7859320Z [36;1mfi[0m
Test (Rust on windows-latest)	Set up Rust	2026-05-03T17:56:37.7873331Z shell: C:\Program Files\Git\bin\bash.EXE --noprofile --norc -e -o pipefail {0}
Test (Rust on windows-latest)	Set up Rust	2026-05-03T17:56:37.7874696Z env:
Test (Rust on windows-latest)	Set up Rust	2026-05-03T17:56:37.7874848Z   CARGO_TERM_COLOR: always
Test (Rust on windows-latest)	Set up Rust	2026-05-03T17:56:37.7875048Z   RUSTFLAGS: -Dwarnings
Test (Rust on windows-latest)	Set up Rust	2026-05-03T17:56:37.7875250Z   CARGO_HOME: C:\Users\runneradmin\.cargo
Test (Rust on windows-latest)	Set up Rust	2026-05-03T17:56:37.7875483Z   CARGO_INCREMENTAL: 0
Test (Rust on windows-latest)	Set up Rust	2026-05-03T17:56:37.7875648Z ##[endgroup]
Test (Rust on windows-latest)	Set up Rust	2026-05-03T17:56:37.8963789Z ##[group]Run rustc +stable --version --verbose
Test (Rust on windows-latest)	Set up Rust	2026-05-03T17:56:37.8964109Z [36;1mrustc +stable --version --verbose[0m
Test (Rust on windows-latest)	Set up Rust	2026-05-03T17:56:37.8977483Z shell: C:\Program Files\Git\bin\bash.EXE --noprofile --norc -e -o pipefail {0}
Test (Rust on windows-latest)	Set up Rust	2026-05-03T17:56:37.8978025Z env:
Test (Rust on windows-latest)	Set up Rust	2026-05-03T17:56:37.8978232Z   CARGO_TERM_COLOR: always
Test (Rust on windows-latest)	Set up Rust	2026-05-03T17:56:37.8978494Z   RUSTFLAGS: -Dwarnings
Test (Rust on windows-latest)	Set up Rust	2026-05-03T17:56:37.8978746Z   CARGO_HOME: C:\Users\runneradmin\.cargo
Test (Rust on windows-latest)	Set up Rust	2026-05-03T17:56:37.8978976Z   CARGO_INCREMENTAL: 0
Test (Rust on windows-latest)	Set up Rust	2026-05-03T17:56:37.8979143Z ##[endgroup]
Test (Rust on windows-latest)	Set up Rust	2026-05-03T17:56:37.9782845Z rustc 1.95.0 (59807616e 2026-04-14)
Test (Rust on windows-latest)	Set up Rust	2026-05-03T17:56:37.9783253Z binary: rustc
Test (Rust on windows-latest)	Set up Rust	2026-05-03T17:56:37.9783527Z commit-hash: 59807616e1fa2540724bfbac14d7976d7e4a3860
Test (Rust on windows-latest)	Set up Rust	2026-05-03T17:56:37.9783889Z commit-date: 2026-04-14
Test (Rust on windows-latest)	Set up Rust	2026-05-03T17:56:37.9784132Z host: x86_64-pc-windows-msvc
Test (Rust on windows-latest)	Set up Rust	2026-05-03T17:56:37.9784372Z release: 1.95.0
Test (Rust on windows-latest)	Set up Rust	2026-05-03T17:56:37.9785315Z LLVM version: 22.1.2
Test (Rust on windows-latest)	Cache cargo dependencies	﻿2026-05-03T17:56:38.1094860Z ##[group]Run actions/cache@v4
Test (Rust on windows-latest)	Cache cargo dependencies	2026-05-03T17:56:38.1095169Z with:
Test (Rust on windows-latest)	Cache cargo dependencies	2026-05-03T17:56:38.1095545Z   path: ~/.cargo/bin/
Test (Rust on windows-latest)	Cache cargo dependencies	~/.cargo/registry/index/
Test (Rust on windows-latest)	Cache cargo dependencies	~/.cargo/registry/cache/
Test (Rust on windows-latest)	Cache cargo dependencies	~/.cargo/git/db/
Test (Rust on windows-latest)	Cache cargo dependencies	rust/target/
Test (Rust on windows-latest)	Cache cargo dependencies	
Test (Rust on windows-latest)	Cache cargo dependencies	2026-05-03T17:56:38.1096166Z   key: Windows-cargo-06d79b45cf01dd89665cb7e81015e9ed0cc5bbb8f1a0c5dda8ea1287080b6af5
Test (Rust on windows-latest)	Cache cargo dependencies	2026-05-03T17:56:38.1096586Z   enableCrossOsArchive: false
Test (Rust on windows-latest)	Cache cargo dependencies	2026-05-03T17:56:38.1096801Z   fail-on-cache-miss: false
Test (Rust on windows-latest)	Cache cargo dependencies	2026-05-03T17:56:38.1096987Z   lookup-only: false
Test (Rust on windows-latest)	Cache cargo dependencies	2026-05-03T17:56:38.1097156Z   save-always: false
Test (Rust on windows-latest)	Cache cargo dependencies	2026-05-03T17:56:38.1097304Z env:
Test (Rust on windows-latest)	Cache cargo dependencies	2026-05-03T17:56:38.1097452Z   CARGO_TERM_COLOR: always
Test (Rust on windows-latest)	Cache cargo dependencies	2026-05-03T17:56:38.1097664Z   RUSTFLAGS: -Dwarnings
Test (Rust on windows-latest)	Cache cargo dependencies	2026-05-03T17:56:38.1097861Z   CARGO_HOME: C:\Users\runneradmin\.cargo
Test (Rust on windows-latest)	Cache cargo dependencies	2026-05-03T17:56:38.1098092Z   CARGO_INCREMENTAL: 0
Test (Rust on windows-latest)	Cache cargo dependencies	2026-05-03T17:56:38.1098253Z ##[endgroup]
Test (Rust on windows-latest)	Cache cargo dependencies	2026-05-03T17:56:38.6581820Z Cache hit for: Windows-cargo-06d79b45cf01dd89665cb7e81015e9ed0cc5bbb8f1a0c5dda8ea1287080b6af5
Test (Rust on windows-latest)	Cache cargo dependencies	2026-05-03T17:56:39.7993851Z Received 77103171 of 81297475 (94.8%), 73.3 MBs/sec
Test (Rust on windows-latest)	Cache cargo dependencies	2026-05-03T17:56:40.0997613Z Received 81297475 of 81297475 (100.0%), 59.5 MBs/sec
Test (Rust on windows-latest)	Cache cargo dependencies	2026-05-03T17:56:40.1001073Z Cache Size: ~78 MB (81297475 B)
Test (Rust on windows-latest)	Cache cargo dependencies	2026-05-03T17:56:40.1032757Z [command]"C:\Program Files\Git\usr\bin\tar.exe" -xf D:/a/_temp/517cc055-9e6f-4f21-90e6-959ad9e2041a/cache.tzst -P -C D:/a/lino-objects-codec/lino-objects-codec --force-local --use-compress-program "zstd -d"
Test (Rust on windows-latest)	Cache cargo dependencies	2026-05-03T17:56:41.0976838Z Cache restored successfully
Test (Rust on windows-latest)	Cache cargo dependencies	2026-05-03T17:56:41.1200679Z Cache restored from key: Windows-cargo-06d79b45cf01dd89665cb7e81015e9ed0cc5bbb8f1a0c5dda8ea1287080b6af5
Test (Rust on windows-latest)	Run tests	﻿2026-05-03T17:56:41.1509301Z ##[group]Run cargo test --verbose
Test (Rust on windows-latest)	Run tests	2026-05-03T17:56:41.1509672Z [36;1mcargo test --verbose[0m
Test (Rust on windows-latest)	Run tests	2026-05-03T17:56:41.1638296Z shell: C:\Program Files\PowerShell\7\pwsh.EXE -command ". '{0}'"
Test (Rust on windows-latest)	Run tests	2026-05-03T17:56:41.1638625Z env:
Test (Rust on windows-latest)	Run tests	2026-05-03T17:56:41.1638785Z   CARGO_TERM_COLOR: always
Test (Rust on windows-latest)	Run tests	2026-05-03T17:56:41.1638993Z   RUSTFLAGS: -Dwarnings
Test (Rust on windows-latest)	Run tests	2026-05-03T17:56:41.1639194Z   CARGO_HOME: C:\Users\runneradmin\.cargo
Test (Rust on windows-latest)	Run tests	2026-05-03T17:56:41.1639437Z   CARGO_INCREMENTAL: 0
Test (Rust on windows-latest)	Run tests	2026-05-03T17:56:41.1639613Z ##[endgroup]
Test (Rust on windows-latest)	Run tests	2026-05-03T17:56:47.1602598Z [1m[92m       Fresh[0m memchr v2.7.6
Test (Rust on windows-latest)	Run tests	2026-05-03T17:56:47.1603399Z [1m[92m       Fresh[0m nom v8.0.0
Test (Rust on windows-latest)	Run tests	2026-05-03T17:56:47.1605126Z [1m[92m       Fresh[0m base64 v0.22.1
Test (Rust on windows-latest)	Run tests	2026-05-03T17:56:47.1606343Z [1m[92m       Fresh[0m links-notation v0.13.0
Test (Rust on windows-latest)	Run tests	2026-05-03T17:56:47.1609456Z [1m[92m       Dirty[0m lino-objects-codec v0.2.0 (D:\a\lino-objects-codec\lino-objects-codec\rust): the file `src\lib.rs` has changed (13422304578.350861200s, 5h 14m 46s after last build at 13422285692.887858800s)
Test (Rust on windows-latest)	Run tests	2026-05-03T17:56:47.1611914Z [1m[92m   Compiling[0m lino-objects-codec v0.2.0 (D:\a\lino-objects-codec\lino-objects-codec\rust)
Test (Rust on windows-latest)	Run tests	2026-05-03T17:56:47.1626265Z [1m[92m     Running[0m `C:\Users\runneradmin\.rustup\toolchains\stable-x86_64-pc-windows-msvc\bin\rustc.exe --crate-name lino_objects_codec --edition=2021 src\lib.rs --error-format=json --json=diagnostic-rendered-ansi,artifacts,future-incompat --emit=dep-info,link -C embed-bitcode=no -C debuginfo=2 --warn=clippy::pedantic --warn=clippy::nursery --warn=clippy::all --allow=clippy::use_self --allow=clippy::unused_self --allow=clippy::unreadable_literal --allow=clippy::uninlined_format_args --allow=clippy::too_many_lines --allow=clippy::similar_names --allow=clippy::redundant_closure_for_method_calls --allow=clippy::redundant_clone --allow=clippy::option_if_let_else --allow=clippy::must_use_candidate --allow=clippy::module_name_repetitions --allow=clippy::missing_panics_doc --allow=clippy::missing_errors_doc --allow=clippy::missing_const_for_fn --allow=clippy::inefficient_to_string --allow=clippy::ignored_unit_patterns --allow=clippy::if_not_else --allow=clippy::doc_markdown --allow=clippy::derive_partial_eq_without_eq --allow=clippy::cast_precision_loss --allow=clippy::cast_lossless --allow=clippy::assigning_clones --allow=clippy::approx_constant --test --check-cfg cfg(docsrs,test) --check-cfg "cfg(feature, values())" -C metadata=41ac373b1ff1455b -C extra-filename=-a56b43ac514bcb08 --out-dir D:\a\lino-objects-codec\lino-objects-codec\rust\target\debug\deps -L dependency=D:\a\lino-objects-codec\lino-objects-codec\rust\target\debug\deps --extern base64=D:\a\lino-objects-codec\lino-objects-codec\rust\target\debug\deps\libbase64-19c0972e70d576e3.rlib --extern links_notation=D:\a\lino-objects-codec\lino-objects-codec\rust\target\debug\deps\liblinks_notation-85becb110d22d202.rlib -Dwarnings`
Test (Rust on windows-latest)	Run tests	2026-05-03T17:56:47.1644868Z [1m[92m     Running[0m `C:\Users\runneradmin\.rustup\toolchains\stable-x86_64-pc-windows-msvc\bin\rustc.exe --crate-name lino_objects_codec --edition=2021 src\lib.rs --error-format=json --json=diagnostic-rendered-ansi,artifacts,future-incompat --crate-type lib --emit=dep-info,metadata,link -C embed-bitcode=no -C debuginfo=2 --warn=clippy::pedantic --warn=clippy::nursery --warn=clippy::all --allow=clippy::use_self --allow=clippy::unused_self --allow=clippy::unreadable_literal --allow=clippy::uninlined_format_args --allow=clippy::too_many_lines --allow=clippy::similar_names --allow=clippy::redundant_closure_for_method_calls --allow=clippy::redundant_clone --allow=clippy::option_if_let_else --allow=clippy::must_use_candidate --allow=clippy::module_name_repetitions --allow=clippy::missing_panics_doc --allow=clippy::missing_errors_doc --allow=clippy::missing_const_for_fn --allow=clippy::inefficient_to_string --allow=clippy::ignored_unit_patterns --allow=clippy::if_not_else --allow=clippy::doc_markdown --allow=clippy::derive_partial_eq_without_eq --allow=clippy::cast_precision_loss --allow=clippy::cast_lossless --allow=clippy::assigning_clones --allow=clippy::approx_constant --check-cfg cfg(docsrs,test) --check-cfg "cfg(feature, values())" -C metadata=e9b7f3b06c34149e -C extra-filename=-70465c148d6e9edf --out-dir D:\a\lino-objects-codec\lino-objects-codec\rust\target\debug\deps -L dependency=D:\a\lino-objects-codec\lino-objects-codec\rust\target\debug\deps --extern base64=D:\a\lino-objects-codec\lino-objects-codec\rust\target\debug\deps\libbase64-19c0972e70d576e3.rmeta --extern links_notation=D:\a\lino-objects-codec\lino-objects-codec\rust\target\debug\deps\liblinks_notation-85becb110d22d202.rmeta -Dwarnings`
Test (Rust on windows-latest)	Run tests	2026-05-03T17:56:47.9406663Z [1m[92m     Running[0m `C:\Users\runneradmin\.rustup\toolchains\stable-x86_64-pc-windows-msvc\bin\rustc.exe --crate-name basic_usage --edition=2021 examples\basic_usage.rs --error-format=json --json=diagnostic-rendered-ansi,artifacts,future-incompat --crate-type bin --emit=dep-info,link -C embed-bitcode=no -C debuginfo=2 --warn=clippy::pedantic --warn=clippy::nursery --warn=clippy::all --allow=clippy::use_self --allow=clippy::unused_self --allow=clippy::unreadable_literal --allow=clippy::uninlined_format_args --allow=clippy::too_many_lines --allow=clippy::similar_names --allow=clippy::redundant_closure_for_method_calls --allow=clippy::redundant_clone --allow=clippy::option_if_let_else --allow=clippy::must_use_candidate --allow=clippy::module_name_repetitions --allow=clippy::missing_panics_doc --allow=clippy::missing_errors_doc --allow=clippy::missing_const_for_fn --allow=clippy::inefficient_to_string --allow=clippy::ignored_unit_patterns --allow=clippy::if_not_else --allow=clippy::doc_markdown --allow=clippy::derive_partial_eq_without_eq --allow=clippy::cast_precision_loss --allow=clippy::cast_lossless --allow=clippy::assigning_clones --allow=clippy::approx_constant --check-cfg cfg(docsrs,test) --check-cfg "cfg(feature, values())" -C metadata=f5ea3b39a137be59 --out-dir D:\a\lino-objects-codec\lino-objects-codec\rust\target\debug\examples -L dependency=D:\a\lino-objects-codec\lino-objects-codec\rust\target\debug\deps --extern base64=D:\a\lino-objects-codec\lino-objects-codec\rust\target\debug\deps\libbase64-19c0972e70d576e3.rlib --extern links_notation=D:\a\lino-objects-codec\lino-objects-codec\rust\target\debug\deps\liblinks_notation-85becb110d22d202.rlib --extern lino_objects_codec=D:\a\lino-objects-codec\lino-objects-codec\rust\target\debug\deps\liblino_objects_codec-70465c148d6e9edf.rlib -Dwarnings`
Test (Rust on windows-latest)	Run tests	2026-05-03T17:56:49.1622558Z [1m[92m    Finished[0m `test` profile [unoptimized + debuginfo] target(s) in 2.36s
Test (Rust on windows-latest)	Run tests	2026-05-03T17:56:49.1638155Z [1m[92m     Running[0m `D:\a\lino-objects-codec\lino-objects-codec\rust\target\debug\deps\lino_objects_codec-a56b43ac514bcb08.exe`
Test (Rust on windows-latest)	Run tests	2026-05-03T17:56:49.1781068Z 
Test (Rust on windows-latest)	Run tests	2026-05-03T17:56:49.1781394Z running 32 tests
Test (Rust on windows-latest)	Run tests	2026-05-03T17:56:49.1788354Z test format_tests::test_escape_reference_string_with_single_quotes ... ok
Test (Rust on windows-latest)	Run tests	2026-05-03T17:56:49.1789181Z test format_tests::test_escape_reference_string_with_spaces ... ok
Test (Rust on windows-latest)	Run tests	2026-05-03T17:56:49.1790261Z test format_tests::test_escape_reference_string_with_double_quotes ... ok
Test (Rust on windows-latest)	Run tests	2026-05-03T17:56:49.1791375Z test format_tests::test_escape_reference_simple_string ... ok
Test (Rust on windows-latest)	Run tests	2026-05-03T17:56:49.1795079Z test format_tests::test_format_indented_requires_id ... ok
Test (Rust on windows-latest)	Run tests	2026-05-03T17:56:49.1796380Z test format_tests::test_format_indented_ordered_basic ... ok
Test (Rust on windows-latest)	Run tests	2026-05-03T17:56:49.1797510Z test format_tests::test_format_indented_value_with_quotes ... ok
Test (Rust on windows-latest)	Run tests	2026-05-03T17:56:49.1801581Z test format_tests::test_parse_indented_basic ... ok
Test (Rust on windows-latest)	Run tests	2026-05-03T17:56:49.1803435Z test format_tests::test_parse_indented_empty_lines_skipped ... ok
Test (Rust on windows-latest)	Run tests	2026-05-03T17:56:49.1804591Z test format_tests::test_parse_indented_requires_text ... ok
Test (Rust on windows-latest)	Run tests	2026-05-03T17:56:49.1806020Z test format_tests::test_parse_indented_with_quotes ... ok
Test (Rust on windows-latest)	Run tests	2026-05-03T17:56:49.1807875Z test format_tests::test_roundtrip_with_quotes ... ok
Test (Rust on windows-latest)	Run tests	2026-05-03T17:56:49.1809953Z test format_tests::test_unescape_reference_doubled_quotes ... ok
Test (Rust on windows-latest)	Run tests	2026-05-03T17:56:49.1816092Z test format_tests::test_roundtrip_format_indented ... ok
Test (Rust on windows-latest)	Run tests	2026-05-03T17:56:49.1818650Z test tests::test_float_special_values ... ok
Test (Rust on windows-latest)	Run tests	2026-05-03T17:56:49.1819410Z test tests::test_dict_of_lists ... ok
Test (Rust on windows-latest)	Run tests	2026-05-03T17:56:49.1823353Z test tests::test_complex_structure ... ok
Test (Rust on windows-latest)	Run tests	2026-05-03T17:56:49.1826230Z test tests::test_nested_arrays ... ok
Test (Rust on windows-latest)	Run tests	2026-05-03T17:56:49.1829249Z test tests::test_nested_objects ... ok
Test (Rust on windows-latest)	Run tests	2026-05-03T17:56:49.1830032Z test tests::test_list_of_dicts ... ok
Test (Rust on windows-latest)	Run tests	2026-05-03T17:56:49.1831452Z test tests::test_roundtrip_bool ... ok
Test (Rust on windows-latest)	Run tests	2026-05-03T17:56:49.1832676Z test tests::test_roundtrip_empty_array ... ok
Test (Rust on windows-latest)	Run tests	2026-05-03T17:56:49.1835378Z test tests::test_roundtrip_empty_object ... ok
Test (Rust on windows-latest)	Run tests	2026-05-03T17:56:49.1837978Z test tests::test_roundtrip_float ... ok
Test (Rust on windows-latest)	Run tests	2026-05-03T17:56:49.1839258Z test tests::test_roundtrip_mixed_array ... ok
Test (Rust on windows-latest)	Run tests	2026-05-03T17:56:49.1840597Z test tests::test_roundtrip_null ... ok
Test (Rust on windows-latest)	Run tests	2026-05-03T17:56:49.1843199Z test tests::test_roundtrip_int ... ok
Test (Rust on windows-latest)	Run tests	2026-05-03T17:56:49.1845532Z test tests::test_roundtrip_simple_array ... ok
Test (Rust on windows-latest)	Run tests	2026-05-03T17:56:49.1846413Z test tests::test_roundtrip_simple_object ... ok
Test (Rust on windows-latest)	Run tests	2026-05-03T17:56:49.1847289Z test tests::test_roundtrip_string ... ok
Test (Rust on windows-latest)	Run tests	2026-05-03T17:56:49.1849845Z test tests::test_unicode_string ... ok
Test (Rust on windows-latest)	Run tests	2026-05-03T17:56:49.1850512Z test tests::test_string_with_quotes ... ok
Test (Rust on windows-latest)	Run tests	2026-05-03T17:56:49.1850873Z 
Test (Rust on windows-latest)	Run tests	2026-05-03T17:56:49.1851223Z test result: ok. 32 passed; 0 failed; 0 ignored; 0 measured; 0 filtered out; finished in 0.01s
Test (Rust on windows-latest)	Run tests	2026-05-03T17:56:49.1851589Z 
Test (Rust on windows-latest)	Run tests	2026-05-03T17:56:49.1869325Z [1m[92m   Doc-tests[0m lino_objects_codec
Test (Rust on windows-latest)	Run tests	2026-05-03T17:56:49.1925856Z [1m[92m     Running[0m `C:\Users\runneradmin\.rustup\toolchains\stable-x86_64-pc-windows-msvc\bin\rustdoc.exe --edition=2021 --crate-type lib --color always --crate-name lino_objects_codec --test src\lib.rs --test-run-directory D:\a\lino-objects-codec\lino-objects-codec\rust --warn=clippy::pedantic --warn=clippy::nursery --warn=clippy::all --allow=clippy::use_self --allow=clippy::unused_self --allow=clippy::unreadable_literal --allow=clippy::uninlined_format_args --allow=clippy::too_many_lines --allow=clippy::similar_names --allow=clippy::redundant_closure_for_method_calls --allow=clippy::redundant_clone --allow=clippy::option_if_let_else --allow=clippy::must_use_candidate --allow=clippy::module_name_repetitions --allow=clippy::missing_panics_doc --allow=clippy::missing_errors_doc --allow=clippy::missing_const_for_fn --allow=clippy::inefficient_to_string --allow=clippy::ignored_unit_patterns --allow=clippy::if_not_else --allow=clippy::doc_markdown --allow=clippy::derive_partial_eq_without_eq --allow=clippy::cast_precision_loss --allow=clippy::cast_lossless --allow=clippy::assigning_clones --allow=clippy::approx_constant --extern base64=D:\a\lino-objects-codec\lino-objects-codec\rust\target\debug\deps\libbase64-19c0972e70d576e3.rlib --extern links_notation=D:\a\lino-objects-codec\lino-objects-codec\rust\target\debug\deps\liblinks_notation-85becb110d22d202.rlib --extern lino_objects_codec=D:\a\lino-objects-codec\lino-objects-codec\rust\target\debug\deps\liblino_objects_codec-70465c148d6e9edf.rlib -L dependency=D:\a\lino-objects-codec\lino-objects-codec\rust\target\debug\deps -C embed-bitcode=no --check-cfg cfg(docsrs,test) --check-cfg "cfg(feature, values())" --error-format human`
Test (Rust on windows-latest)	Run tests	2026-05-03T17:56:49.2584017Z 
Test (Rust on windows-latest)	Run tests	2026-05-03T17:56:49.2585094Z running 5 tests
Test (Rust on windows-latest)	Run tests	2026-05-03T17:56:49.7011871Z test src\lib.rs - format::format_indented (line 1043) ... ok
Test (Rust on windows-latest)	Run tests	2026-05-03T17:56:49.7156670Z test src\lib.rs - decode (line 887) ... ok
Test (Rust on windows-latest)	Run tests	2026-05-03T17:56:49.7580051Z test src\lib.rs - (line 19) ... ok
Test (Rust on windows-latest)	Run tests	2026-05-03T17:56:49.8083278Z test src\lib.rs - encode (line 858) ... ok
Test (Rust on windows-latest)	Run tests	2026-05-03T17:56:49.9533498Z test src\lib.rs - format::parse_indented (line 1139) ... ok
Test (Rust on windows-latest)	Run tests	2026-05-03T17:56:49.9533984Z 
Test (Rust on windows-latest)	Run tests	2026-05-03T17:56:49.9534443Z test result: ok. 5 passed; 0 failed; 0 ignored; 0 measured; 0 filtered out; finished in 0.69s
Test (Rust on windows-latest)	Run tests	2026-05-03T17:56:49.9535034Z 
Test (Rust on windows-latest)	Run doc tests	﻿2026-05-03T17:56:50.5419071Z ##[group]Run cargo test --doc --verbose
Test (Rust on windows-latest)	Run doc tests	2026-05-03T17:56:50.5419461Z [36;1mcargo test --doc --verbose[0m
Test (Rust on windows-latest)	Run doc tests	2026-05-03T17:56:50.5483437Z shell: C:\Program Files\PowerShell\7\pwsh.EXE -command ". '{0}'"
Test (Rust on windows-latest)	Run doc tests	2026-05-03T17:56:50.5483863Z env:
Test (Rust on windows-latest)	Run doc tests	2026-05-03T17:56:50.5484154Z   CARGO_TERM_COLOR: always
Test (Rust on windows-latest)	Run doc tests	2026-05-03T17:56:50.5484407Z   RUSTFLAGS: -Dwarnings
Test (Rust on windows-latest)	Run doc tests	2026-05-03T17:56:50.5484627Z   CARGO_HOME: C:\Users\runneradmin\.cargo
Test (Rust on windows-latest)	Run doc tests	2026-05-03T17:56:50.5484866Z   CARGO_INCREMENTAL: 0
Test (Rust on windows-latest)	Run doc tests	2026-05-03T17:56:50.5485035Z ##[endgroup]
Test (Rust on windows-latest)	Run doc tests	2026-05-03T17:56:50.9032351Z [1m[92m       Fresh[0m memchr v2.7.6
Test (Rust on windows-latest)	Run doc tests	2026-05-03T17:56:50.9034200Z [1m[92m       Fresh[0m nom v8.0.0
Test (Rust on windows-latest)	Run doc tests	2026-05-03T17:56:50.9034778Z [1m[92m       Fresh[0m base64 v0.22.1
Test (Rust on windows-latest)	Run doc tests	2026-05-03T17:56:50.9035367Z [1m[92m       Fresh[0m links-notation v0.13.0
Test (Rust on windows-latest)	Run doc tests	2026-05-03T17:56:50.9038653Z [1m[92m       Fresh[0m lino-objects-codec v0.2.0 (D:\a\lino-objects-codec\lino-objects-codec\rust)
Test (Rust on windows-latest)	Run doc tests	2026-05-03T17:56:50.9039780Z [1m[92m    Finished[0m `test` profile [unoptimized + debuginfo] target(s) in 0.02s
Test (Rust on windows-latest)	Run doc tests	2026-05-03T17:56:50.9044518Z [1m[92m   Doc-tests[0m lino_objects_codec
Test (Rust on windows-latest)	Run doc tests	2026-05-03T17:56:50.9090772Z [1m[92m     Running[0m `C:\Users\runneradmin\.rustup\toolchains\stable-x86_64-pc-windows-msvc\bin\rustdoc.exe --edition=2021 --crate-type lib --color always --crate-name lino_objects_codec --test src\lib.rs --test-run-directory D:\a\lino-objects-codec\lino-objects-codec\rust --warn=clippy::pedantic --warn=clippy::nursery --warn=clippy::all --allow=clippy::use_self --allow=clippy::unused_self --allow=clippy::unreadable_literal --allow=clippy::uninlined_format_args --allow=clippy::too_many_lines --allow=clippy::similar_names --allow=clippy::redundant_closure_for_method_calls --allow=clippy::redundant_clone --allow=clippy::option_if_let_else --allow=clippy::must_use_candidate --allow=clippy::module_name_repetitions --allow=clippy::missing_panics_doc --allow=clippy::missing_errors_doc --allow=clippy::missing_const_for_fn --allow=clippy::inefficient_to_string --allow=clippy::ignored_unit_patterns --allow=clippy::if_not_else --allow=clippy::doc_markdown --allow=clippy::derive_partial_eq_without_eq --allow=clippy::cast_precision_loss --allow=clippy::cast_lossless --allow=clippy::assigning_clones --allow=clippy::approx_constant --extern base64=D:\a\lino-objects-codec\lino-objects-codec\rust\target\debug\deps\libbase64-19c0972e70d576e3.rlib --extern links_notation=D:\a\lino-objects-codec\lino-objects-codec\rust\target\debug\deps\liblinks_notation-85becb110d22d202.rlib --extern lino_objects_codec=D:\a\lino-objects-codec\lino-objects-codec\rust\target\debug\deps\liblino_objects_codec-70465c148d6e9edf.rlib -L dependency=D:\a\lino-objects-codec\lino-objects-codec\rust\target\debug\deps -C embed-bitcode=no --check-cfg cfg(docsrs,test) --check-cfg "cfg(feature, values())" --error-format human`
Test (Rust on windows-latest)	Run doc tests	2026-05-03T17:56:50.9578670Z 
Test (Rust on windows-latest)	Run doc tests	2026-05-03T17:56:50.9579181Z running 5 tests
Test (Rust on windows-latest)	Run doc tests	2026-05-03T17:56:51.3684749Z test src\lib.rs - format::format_indented (line 1043) ... ok
Test (Rust on windows-latest)	Run doc tests	2026-05-03T17:56:51.3849241Z test src\lib.rs - encode (line 858) ... ok
Test (Rust on windows-latest)	Run doc tests	2026-05-03T17:56:51.4124913Z test src\lib.rs - decode (line 887) ... ok
Test (Rust on windows-latest)	Run doc tests	2026-05-03T17:56:51.4788290Z test src\lib.rs - (line 19) ... ok
Test (Rust on windows-latest)	Run doc tests	2026-05-03T17:56:51.6314715Z test src\lib.rs - format::parse_indented (line 1139) ... ok
Test (Rust on windows-latest)	Run doc tests	2026-05-03T17:56:51.6315092Z 
Test (Rust on windows-latest)	Run doc tests	2026-05-03T17:56:51.6315333Z test result: ok. 5 passed; 0 failed; 0 ignored; 0 measured; 0 filtered out; finished in 0.67s
Test (Rust on windows-latest)	Run doc tests	2026-05-03T17:56:51.6315669Z 
Test (Rust on windows-latest)	Run example	﻿2026-05-03T17:56:51.7626929Z ##[group]Run cargo run --example basic_usage
Test (Rust on windows-latest)	Run example	2026-05-03T17:56:51.7627332Z [36;1mcargo run --example basic_usage[0m
Test (Rust on windows-latest)	Run example	2026-05-03T17:56:51.7692780Z shell: C:\Program Files\PowerShell\7\pwsh.EXE -command ". '{0}'"
Test (Rust on windows-latest)	Run example	2026-05-03T17:56:51.7693114Z env:
Test (Rust on windows-latest)	Run example	2026-05-03T17:56:51.7693276Z   CARGO_TERM_COLOR: always
Test (Rust on windows-latest)	Run example	2026-05-03T17:56:51.7693479Z   RUSTFLAGS: -Dwarnings
Test (Rust on windows-latest)	Run example	2026-05-03T17:56:51.7693685Z   CARGO_HOME: C:\Users\runneradmin\.cargo
Test (Rust on windows-latest)	Run example	2026-05-03T17:56:51.7693929Z   CARGO_INCREMENTAL: 0
Test (Rust on windows-latest)	Run example	2026-05-03T17:56:51.7694106Z ##[endgroup]
Test (Rust on windows-latest)	Run example	2026-05-03T17:56:52.0626080Z [1m[92m    Finished[0m `dev` profile [unoptimized + debuginfo] target(s) in 0.02s
Test (Rust on windows-latest)	Run example	2026-05-03T17:56:52.0632962Z [1m[92m     Running[0m `target\debug\examples\basic_usage.exe`
Test (Rust on windows-latest)	Run example	2026-05-03T17:56:52.0728325Z === Links Notation Objects Codec - Rust Example ===
Test (Rust on windows-latest)	Run example	2026-05-03T17:56:52.0728752Z 
Test (Rust on windows-latest)	Run example	2026-05-03T17:56:52.0728866Z 1. Basic Types:
Test (Rust on windows-latest)	Run example	2026-05-03T17:56:52.0732115Z    Null: (null) -> decoded: Null
Test (Rust on windows-latest)	Run example	2026-05-03T17:56:52.0732530Z    true: (bool true) -> decoded: Bool(true)
Test (Rust on windows-latest)	Run example	2026-05-03T17:56:52.0733248Z    42: (int 42) -> decoded: Int(42)
Test (Rust on windows-latest)	Run example	2026-05-03T17:56:52.0734696Z    3.14159: (float 3.14159) -> decoded: Float(3.14159)
Test (Rust on windows-latest)	Run example	2026-05-03T17:56:52.0735220Z    Infinity: (float Infinity) -> decoded: Float(inf)
Test (Rust on windows-latest)	Run example	2026-05-03T17:56:52.0736922Z    NaN: (float NaN) -> decoded is_nan: true
Test (Rust on windows-latest)	Run example	2026-05-03T17:56:52.0737694Z    'Hello, World!': (str SGVsbG8sIFdvcmxkIQ==) -> decoded: String("Hello, World!")
Test (Rust on windows-latest)	Run example	2026-05-03T17:56:52.0738792Z    Unicode: (str 5L2g5aW95LiW55WMIPCfjI0=) -> decoded: String("你好世界 🌍")
Test (Rust on windows-latest)	Run example	2026-05-03T17:56:52.0739303Z 
Test (Rust on windows-latest)	Run example	2026-05-03T17:56:52.0739417Z 2. Collections:
Test (Rust on windows-latest)	Run example	2026-05-03T17:56:52.0739772Z    Array [1, 2, 3]: (array (int 1) (int 2) (int 3))
Test (Rust on windows-latest)	Run example	2026-05-03T17:56:52.0740615Z    Decoded: Array([Int(1), Int(2), Int(3)])
Test (Rust on windows-latest)	Run example	2026-05-03T17:56:52.0742949Z    Object {name, age, active}: (object ((str bmFtZQ==) (str QWxpY2U=)) ((str YWdl) (int 30)) ((str YWN0aXZl) (bool true)))
Test (Rust on windows-latest)	Run example	2026-05-03T17:56:52.0744098Z    Decoded: Object([("name", String("Alice")), ("age", Int(30)), ("active", Bool(true))])
Test (Rust on windows-latest)	Run example	2026-05-03T17:56:52.0744689Z 
Test (Rust on windows-latest)	Run example	2026-05-03T17:56:52.0744816Z 3. Nested Structure:
Test (Rust on windows-latest)	Run example	2026-05-03T17:56:52.0748254Z    Encoded: (object ((str aWQ=) (int 123)) ((str bmFtZQ==) (str VGVzdCBPYmplY3Q=)) ((str dGFncw==) (array (str dGFnMQ==) (str dGFnMg==))) ((str bWV0YWRhdGE=) (object ((str dmVyc2lvbg==) (int 1)) ((str Y3JlYXRlZA==) (str MjAyNS0wMS0wMQ==)))))
Test (Rust on windows-latest)	Run example	2026-05-03T17:56:52.0749879Z    Decoded name: Some(String("Test Object"))
Test (Rust on windows-latest)	Run example	2026-05-03T17:56:52.0750461Z    Decoded tags: Some(Array([String("tag1"), String("tag2")]))
Test (Rust on windows-latest)	Run example	2026-05-03T17:56:52.0751043Z    Decoded metadata.version: Some(Int(1))
Test (Rust on windows-latest)	Run example	2026-05-03T17:56:52.0751369Z 
Test (Rust on windows-latest)	Run example	2026-05-03T17:56:52.0751500Z 4. Mixed Type Array:
Test (Rust on windows-latest)	Run example	2026-05-03T17:56:52.0752003Z    Encoded: (array (int 1) (str aGVsbG8=) (bool true) (null) (float 2.5))
Test (Rust on windows-latest)	Run example	2026-05-03T17:56:52.0752785Z    Decoded: Array([Int(1), String("hello"), Bool(true), Null, Float(2.5)])
Test (Rust on windows-latest)	Run example	2026-05-03T17:56:52.0753253Z 
Test (Rust on windows-latest)	Run example	2026-05-03T17:56:52.0753398Z 5. Roundtrip Verification:
Test (Rust on windows-latest)	Run example	2026-05-03T17:56:52.0753757Z    Original == Decoded: true
Test (Rust on windows-latest)	Run example	2026-05-03T17:56:52.0754020Z 
Test (Rust on windows-latest)	Run example	2026-05-03T17:56:52.0754163Z === Example completed successfully! ===
Test (Rust on windows-latest)	Post Cache cargo dependencies	﻿2026-05-03T17:56:52.3050405Z Post job cleanup.
Test (Rust on windows-latest)	Post Cache cargo dependencies	2026-05-03T17:56:52.4869151Z Cache hit occurred on the primary key Windows-cargo-06d79b45cf01dd89665cb7e81015e9ed0cc5bbb8f1a0c5dda8ea1287080b6af5, not saving cache.
Test (Rust on windows-latest)	Post Run actions/checkout@v4	﻿2026-05-03T17:56:52.5138129Z Post job cleanup.
Test (Rust on windows-latest)	Post Run actions/checkout@v4	2026-05-03T17:56:52.7384605Z [command]"C:\Program Files\Git\bin\git.exe" version
Test (Rust on windows-latest)	Post Run actions/checkout@v4	2026-05-03T17:56:52.7649477Z git version 2.53.0.windows.2
Test (Rust on windows-latest)	Post Run actions/checkout@v4	2026-05-03T17:56:52.7731831Z Temporarily overriding HOME='D:\a\_temp\e27f83da-c106-4c53-b3b7-bfe7699cf753' before making global git config changes
Test (Rust on windows-latest)	Post Run actions/checkout@v4	2026-05-03T17:56:52.7733177Z Adding repository directory to the temporary git global config as a safe directory
Test (Rust on windows-latest)	Post Run actions/checkout@v4	2026-05-03T17:56:52.7743146Z [command]"C:\Program Files\Git\bin\git.exe" config --global --add safe.directory D:\a\lino-objects-codec\lino-objects-codec
Test (Rust on windows-latest)	Post Run actions/checkout@v4	2026-05-03T17:56:52.8041342Z [command]"C:\Program Files\Git\bin\git.exe" config --local --name-only --get-regexp core\.sshCommand
Test (Rust on windows-latest)	Post Run actions/checkout@v4	2026-05-03T17:56:52.8348605Z [command]"C:\Program Files\Git\bin\git.exe" submodule foreach --recursive "sh -c \"git config --local --name-only --get-regexp 'core\.sshCommand' && git config --local --unset-all 'core.sshCommand' || :\""
Test (Rust on windows-latest)	Post Run actions/checkout@v4	2026-05-03T17:56:53.3653175Z [command]"C:\Program Files\Git\bin\git.exe" config --local --name-only --get-regexp http\.https\:\/\/github\.com\/\.extraheader
Test (Rust on windows-latest)	Post Run actions/checkout@v4	2026-05-03T17:56:53.3922498Z http.https://github.com/.extraheader
Test (Rust on windows-latest)	Post Run actions/checkout@v4	2026-05-03T17:56:53.3976513Z [command]"C:\Program Files\Git\bin\git.exe" config --local --unset-all http.https://github.com/.extraheader
Test (Rust on windows-latest)	Post Run actions/checkout@v4	2026-05-03T17:56:53.4270890Z [command]"C:\Program Files\Git\bin\git.exe" submodule foreach --recursive "sh -c \"git config --local --name-only --get-regexp 'http\.https\:\/\/github\.com\/\.extraheader' && git config --local --unset-all 'http.https://github.com/.extraheader' || :\""
Test (Rust on windows-latest)	Post Run actions/checkout@v4	2026-05-03T17:56:53.9645699Z [command]"C:\Program Files\Git\bin\git.exe" config --local --name-only --get-regexp ^includeIf\.gitdir:
Test (Rust on windows-latest)	Post Run actions/checkout@v4	2026-05-03T17:56:53.9940995Z [command]"C:\Program Files\Git\bin\git.exe" submodule foreach --recursive "git config --local --show-origin --name-only --get-regexp remote.origin.url"
Test (Rust on windows-latest)	Complete job	﻿2026-05-03T17:56:54.5094005Z Cleaning up orphan processes
Test (Rust on windows-latest)	Complete job	2026-05-03T17:56:54.5323036Z Terminate orphan process: pid (4980) (vctip)
Test (Rust on windows-latest)	Complete job	2026-05-03T17:56:54.5351708Z ##[warning]Node.js 20 actions are deprecated. The following actions are running on Node.js 20 and may not work as expected: actions/cache@v4, actions/checkout@v4. Actions will be forced to run with Node.js 24 by default starting June 2nd, 2026. Node.js 20 will be removed from the runner on September 16th, 2026. Please check if updated versions of these actions are available that support Node.js 24. To opt into Node.js 24 now, set the FORCE_JAVASCRIPT_ACTIONS_TO_NODE24=true environment variable on the runner or in your workflow file. Once Node.js 24 becomes the default, you can temporarily opt out by setting ACTIONS_ALLOW_USE_UNSECURE_NODE_VERSION=true. For more information see: https://github.blog/changelog/2025-09-19-deprecation-of-node-20-on-github-actions-runners/
Test (Rust on macos-latest)	Set up job	﻿2026-05-03T17:56:14.7484410Z Current runner version: '2.334.0'
Test (Rust on macos-latest)	Set up job	2026-05-03T17:56:14.7499860Z ##[group]Runner Image Provisioner
Test (Rust on macos-latest)	Set up job	2026-05-03T17:56:14.7500350Z Hosted Compute Agent
Test (Rust on macos-latest)	Set up job	2026-05-03T17:56:14.7500690Z Version: 20260422.526
Test (Rust on macos-latest)	Set up job	2026-05-03T17:56:14.7501050Z Commit: e1a9e573f4d0838b3a7c1b07401aeb29ed3635a9
Test (Rust on macos-latest)	Set up job	2026-05-03T17:56:14.7501490Z Build Date: 2026-04-22T09:31:31Z
Test (Rust on macos-latest)	Set up job	2026-05-03T17:56:14.7501890Z Worker ID: {b4d29192-4b86-497a-9b9f-de826fd83e42}
Test (Rust on macos-latest)	Set up job	2026-05-03T17:56:14.7502310Z Azure Region: westus
Test (Rust on macos-latest)	Set up job	2026-05-03T17:56:14.7502640Z ##[endgroup]
Test (Rust on macos-latest)	Set up job	2026-05-03T17:56:14.7503480Z ##[group]Operating System
Test (Rust on macos-latest)	Set up job	2026-05-03T17:56:14.7503830Z macOS
Test (Rust on macos-latest)	Set up job	2026-05-03T17:56:14.7504100Z 15.7.4
Test (Rust on macos-latest)	Set up job	2026-05-03T17:56:14.7504360Z 24G517
Test (Rust on macos-latest)	Set up job	2026-05-03T17:56:14.7504670Z ##[endgroup]
Test (Rust on macos-latest)	Set up job	2026-05-03T17:56:14.7504970Z ##[group]Runner Image
Test (Rust on macos-latest)	Set up job	2026-05-03T17:56:14.7505290Z Image: macos-15-arm64
Test (Rust on macos-latest)	Set up job	2026-05-03T17:56:14.7505600Z Version: 20260427.0018.1
Test (Rust on macos-latest)	Set up job	2026-05-03T17:56:14.7506370Z Included Software: https://github.com/actions/runner-images/blob/macos-15-arm64/20260427.0018/images/macos/macos-15-arm64-Readme.md
Test (Rust on macos-latest)	Set up job	2026-05-03T17:56:14.7507380Z Image Release: https://github.com/actions/runner-images/releases/tag/macos-15-arm64%2F20260427.0018
Test (Rust on macos-latest)	Set up job	2026-05-03T17:56:14.7507970Z ##[endgroup]
Test (Rust on macos-latest)	Set up job	2026-05-03T17:56:14.7509870Z ##[group]GITHUB_TOKEN Permissions
Test (Rust on macos-latest)	Set up job	2026-05-03T17:56:14.7511090Z Actions: write
Test (Rust on macos-latest)	Set up job	2026-05-03T17:56:14.7511400Z ArtifactMetadata: write
Test (Rust on macos-latest)	Set up job	2026-05-03T17:56:14.7511720Z Attestations: write
Test (Rust on macos-latest)	Set up job	2026-05-03T17:56:14.7512020Z Checks: write
Test (Rust on macos-latest)	Set up job	2026-05-03T17:56:14.7512310Z Contents: write
Test (Rust on macos-latest)	Set up job	2026-05-03T17:56:14.7512680Z Deployments: write
Test (Rust on macos-latest)	Set up job	2026-05-03T17:56:14.7513040Z Discussions: write
Test (Rust on macos-latest)	Set up job	2026-05-03T17:56:14.7513350Z Issues: write
Test (Rust on macos-latest)	Set up job	2026-05-03T17:56:14.7513640Z Metadata: read
Test (Rust on macos-latest)	Set up job	2026-05-03T17:56:14.7513930Z Models: read
Test (Rust on macos-latest)	Set up job	2026-05-03T17:56:14.7514220Z Packages: write
Test (Rust on macos-latest)	Set up job	2026-05-03T17:56:14.7514510Z Pages: write
Test (Rust on macos-latest)	Set up job	2026-05-03T17:56:14.7514840Z PullRequests: write
Test (Rust on macos-latest)	Set up job	2026-05-03T17:56:14.7515160Z RepositoryProjects: write
Test (Rust on macos-latest)	Set up job	2026-05-03T17:56:14.7515500Z SecurityEvents: write
Test (Rust on macos-latest)	Set up job	2026-05-03T17:56:14.7515810Z Statuses: write
Test (Rust on macos-latest)	Set up job	2026-05-03T17:56:14.7516120Z VulnerabilityAlerts: read
Test (Rust on macos-latest)	Set up job	2026-05-03T17:56:14.7516460Z ##[endgroup]
Test (Rust on macos-latest)	Set up job	2026-05-03T17:56:14.7517750Z Secret source: Actions
Test (Rust on macos-latest)	Set up job	2026-05-03T17:56:14.7518130Z Prepare workflow directory
Test (Rust on macos-latest)	Set up job	2026-05-03T17:56:14.7771420Z Prepare all required actions
Test (Rust on macos-latest)	Set up job	2026-05-03T17:56:14.7797870Z Getting action download info
Test (Rust on macos-latest)	Set up job	2026-05-03T17:56:15.2587230Z Download action repository 'actions/checkout@v4' (SHA:34e114876b0b11c390a56381ad16ebd13914f8d5)
Test (Rust on macos-latest)	Set up job	2026-05-03T17:56:15.7073670Z Download action repository 'dtolnay/rust-toolchain@stable' (SHA:29eef336d9b2848a0b548edc03f92a220660cdb8)
Test (Rust on macos-latest)	Set up job	2026-05-03T17:56:16.0131020Z Download action repository 'actions/cache@v4' (SHA:0057852bfaa89a56745cba8c7296529d2fc39830)
Test (Rust on macos-latest)	Set up job	2026-05-03T17:56:16.2155450Z Complete job name: Test (Rust on macos-latest)
Test (Rust on macos-latest)	Run actions/checkout@v4	﻿2026-05-03T17:56:16.2537060Z ##[group]Run actions/checkout@v4
Test (Rust on macos-latest)	Run actions/checkout@v4	2026-05-03T17:56:16.2537650Z with:
Test (Rust on macos-latest)	Run actions/checkout@v4	2026-05-03T17:56:16.2538020Z   repository: link-foundation/lino-objects-codec
Test (Rust on macos-latest)	Run actions/checkout@v4	2026-05-03T17:56:16.2538650Z   token: ***
Test (Rust on macos-latest)	Run actions/checkout@v4	2026-05-03T17:56:16.2538940Z   ssh-strict: true
Test (Rust on macos-latest)	Run actions/checkout@v4	2026-05-03T17:56:16.2539260Z   ssh-user: git
Test (Rust on macos-latest)	Run actions/checkout@v4	2026-05-03T17:56:16.2539570Z   persist-credentials: true
Test (Rust on macos-latest)	Run actions/checkout@v4	2026-05-03T17:56:16.2539910Z   clean: true
Test (Rust on macos-latest)	Run actions/checkout@v4	2026-05-03T17:56:16.2540220Z   sparse-checkout-cone-mode: true
Test (Rust on macos-latest)	Run actions/checkout@v4	2026-05-03T17:56:16.2540590Z   fetch-depth: 1
Test (Rust on macos-latest)	Run actions/checkout@v4	2026-05-03T17:56:16.2540890Z   fetch-tags: false
Test (Rust on macos-latest)	Run actions/checkout@v4	2026-05-03T17:56:16.2541230Z   show-progress: true
Test (Rust on macos-latest)	Run actions/checkout@v4	2026-05-03T17:56:16.2541540Z   lfs: false
Test (Rust on macos-latest)	Run actions/checkout@v4	2026-05-03T17:56:16.2541820Z   submodules: false
Test (Rust on macos-latest)	Run actions/checkout@v4	2026-05-03T17:56:16.2542150Z   set-safe-directory: true
Test (Rust on macos-latest)	Run actions/checkout@v4	2026-05-03T17:56:16.2542590Z env:
Test (Rust on macos-latest)	Run actions/checkout@v4	2026-05-03T17:56:16.2542880Z   CARGO_TERM_COLOR: always
Test (Rust on macos-latest)	Run actions/checkout@v4	2026-05-03T17:56:16.2543230Z   RUSTFLAGS: -Dwarnings
Test (Rust on macos-latest)	Run actions/checkout@v4	2026-05-03T17:56:16.2543550Z ##[endgroup]
Test (Rust on macos-latest)	Run actions/checkout@v4	2026-05-03T17:56:16.5874510Z Syncing repository: link-foundation/lino-objects-codec
Test (Rust on macos-latest)	Run actions/checkout@v4	2026-05-03T17:56:16.5876530Z ##[group]Getting Git version info
Test (Rust on macos-latest)	Run actions/checkout@v4	2026-05-03T17:56:16.5877310Z Working directory is '/Users/runner/work/lino-objects-codec/lino-objects-codec'
Test (Rust on macos-latest)	Run actions/checkout@v4	2026-05-03T17:56:16.5878450Z [command]/opt/homebrew/bin/git version
Test (Rust on macos-latest)	Run actions/checkout@v4	2026-05-03T17:56:16.6493460Z git version 2.54.0
Test (Rust on macos-latest)	Run actions/checkout@v4	2026-05-03T17:56:16.6528710Z ##[endgroup]
Test (Rust on macos-latest)	Run actions/checkout@v4	2026-05-03T17:56:16.6536460Z Copying '/Users/runner/.gitconfig' to '/Users/runner/work/_temp/0e4ea45f-cb91-4119-a2f6-9e536a371ff3/.gitconfig'
Test (Rust on macos-latest)	Run actions/checkout@v4	2026-05-03T17:56:16.6543980Z Temporarily overriding HOME='/Users/runner/work/_temp/0e4ea45f-cb91-4119-a2f6-9e536a371ff3' before making global git config changes
Test (Rust on macos-latest)	Run actions/checkout@v4	2026-05-03T17:56:16.6545850Z Adding repository directory to the temporary git global config as a safe directory
Test (Rust on macos-latest)	Run actions/checkout@v4	2026-05-03T17:56:16.6548040Z [command]/opt/homebrew/bin/git config --global --add safe.directory /Users/runner/work/lino-objects-codec/lino-objects-codec
Test (Rust on macos-latest)	Run actions/checkout@v4	2026-05-03T17:56:16.6648780Z Deleting the contents of '/Users/runner/work/lino-objects-codec/lino-objects-codec'
Test (Rust on macos-latest)	Run actions/checkout@v4	2026-05-03T17:56:16.6650780Z ##[group]Initializing the repository
Test (Rust on macos-latest)	Run actions/checkout@v4	2026-05-03T17:56:16.6654540Z [command]/opt/homebrew/bin/git init /Users/runner/work/lino-objects-codec/lino-objects-codec
Test (Rust on macos-latest)	Run actions/checkout@v4	2026-05-03T17:56:16.6891820Z hint: Using 'master' as the name for the initial branch. This default branch name
Test (Rust on macos-latest)	Run actions/checkout@v4	2026-05-03T17:56:16.6894810Z hint: will change to "main" in Git 3.0. To configure the initial branch name
Test (Rust on macos-latest)	Run actions/checkout@v4	2026-05-03T17:56:16.6896800Z hint: to use in all of your new repositories, which will suppress this warning,
Test (Rust on macos-latest)	Run actions/checkout@v4	2026-05-03T17:56:16.6898160Z hint: call:
Test (Rust on macos-latest)	Run actions/checkout@v4	2026-05-03T17:56:16.6898870Z hint:
Test (Rust on macos-latest)	Run actions/checkout@v4	2026-05-03T17:56:16.6899720Z hint: 	git config --global init.defaultBranch <name>
Test (Rust on macos-latest)	Run actions/checkout@v4	2026-05-03T17:56:16.6900780Z hint:
Test (Rust on macos-latest)	Run actions/checkout@v4	2026-05-03T17:56:16.6901760Z hint: Names commonly chosen instead of 'master' are 'main', 'trunk' and
Test (Rust on macos-latest)	Run actions/checkout@v4	2026-05-03T17:56:16.6903380Z hint: 'development'. The just-created branch can be renamed via this command:
Test (Rust on macos-latest)	Run actions/checkout@v4	2026-05-03T17:56:16.6904720Z hint:
Test (Rust on macos-latest)	Run actions/checkout@v4	2026-05-03T17:56:16.6905490Z hint: 	git branch -m <name>
Test (Rust on macos-latest)	Run actions/checkout@v4	2026-05-03T17:56:16.6906290Z hint:
Test (Rust on macos-latest)	Run actions/checkout@v4	2026-05-03T17:56:16.6907400Z hint: Disable this message with "git config set advice.defaultBranchName false"
Test (Rust on macos-latest)	Run actions/checkout@v4	2026-05-03T17:56:16.6909450Z Initialized empty Git repository in /Users/runner/work/lino-objects-codec/lino-objects-codec/.git/
Test (Rust on macos-latest)	Run actions/checkout@v4	2026-05-03T17:56:16.6915140Z [command]/opt/homebrew/bin/git remote add origin https://github.com/link-foundation/lino-objects-codec
Test (Rust on macos-latest)	Run actions/checkout@v4	2026-05-03T17:56:16.6989310Z ##[endgroup]
Test (Rust on macos-latest)	Run actions/checkout@v4	2026-05-03T17:56:16.6990710Z ##[group]Disabling automatic garbage collection
Test (Rust on macos-latest)	Run actions/checkout@v4	2026-05-03T17:56:16.6992120Z [command]/opt/homebrew/bin/git config --local gc.auto 0
Test (Rust on macos-latest)	Run actions/checkout@v4	2026-05-03T17:56:16.7068970Z ##[endgroup]
Test (Rust on macos-latest)	Run actions/checkout@v4	2026-05-03T17:56:16.7070470Z ##[group]Setting up auth
Test (Rust on macos-latest)	Run actions/checkout@v4	2026-05-03T17:56:16.7078460Z [command]/opt/homebrew/bin/git config --local --name-only --get-regexp core\.sshCommand
Test (Rust on macos-latest)	Run actions/checkout@v4	2026-05-03T17:56:16.7149290Z [command]/opt/homebrew/bin/git submodule foreach --recursive sh -c "git config --local --name-only --get-regexp 'core\.sshCommand' && git config --local --unset-all 'core.sshCommand' || :"
Test (Rust on macos-latest)	Run actions/checkout@v4	2026-05-03T17:56:16.8211700Z [command]/opt/homebrew/bin/git config --local --name-only --get-regexp http\.https\:\/\/github\.com\/\.extraheader
Test (Rust on macos-latest)	Run actions/checkout@v4	2026-05-03T17:56:16.8267770Z [command]/opt/homebrew/bin/git submodule foreach --recursive sh -c "git config --local --name-only --get-regexp 'http\.https\:\/\/github\.com\/\.extraheader' && git config --local --unset-all 'http.https://github.com/.extraheader' || :"
Test (Rust on macos-latest)	Run actions/checkout@v4	2026-05-03T17:56:16.8969690Z [command]/opt/homebrew/bin/git config --local --name-only --get-regexp ^includeIf\.gitdir:
Test (Rust on macos-latest)	Run actions/checkout@v4	2026-05-03T17:56:16.9026150Z [command]/opt/homebrew/bin/git submodule foreach --recursive git config --local --show-origin --name-only --get-regexp remote.origin.url
Test (Rust on macos-latest)	Run actions/checkout@v4	2026-05-03T17:56:16.9947230Z [command]/opt/homebrew/bin/git config --local http.https://github.com/.extraheader AUTHORIZATION: basic ***
Test (Rust on macos-latest)	Run actions/checkout@v4	2026-05-03T17:56:16.9971190Z ##[endgroup]
Test (Rust on macos-latest)	Run actions/checkout@v4	2026-05-03T17:56:16.9972390Z ##[group]Fetching the repository
Test (Rust on macos-latest)	Run actions/checkout@v4	2026-05-03T17:56:16.9983120Z [command]/opt/homebrew/bin/git -c protocol.version=2 fetch --no-tags --prune --no-recurse-submodules --depth=1 origin +ddbf2556b5b0e91a05c053f321b85ce9eb02355a:refs/remotes/origin/main
Test (Rust on macos-latest)	Run actions/checkout@v4	2026-05-03T17:56:17.8963580Z From https://github.com/link-foundation/lino-objects-codec
Test (Rust on macos-latest)	Run actions/checkout@v4	2026-05-03T17:56:17.8965350Z  * [new ref]         ddbf2556b5b0e91a05c053f321b85ce9eb02355a -> origin/main
Test (Rust on macos-latest)	Run actions/checkout@v4	2026-05-03T17:56:17.9038630Z ##[endgroup]
Test (Rust on macos-latest)	Run actions/checkout@v4	2026-05-03T17:56:17.9039800Z ##[group]Determining the checkout info
Test (Rust on macos-latest)	Run actions/checkout@v4	2026-05-03T17:56:17.9041010Z ##[endgroup]
Test (Rust on macos-latest)	Run actions/checkout@v4	2026-05-03T17:56:17.9041820Z [command]/opt/homebrew/bin/git sparse-checkout disable
Test (Rust on macos-latest)	Run actions/checkout@v4	2026-05-03T17:56:17.9108380Z [command]/opt/homebrew/bin/git config --local --unset-all extensions.worktreeConfig
Test (Rust on macos-latest)	Run actions/checkout@v4	2026-05-03T17:56:17.9164220Z ##[group]Checking out the ref
Test (Rust on macos-latest)	Run actions/checkout@v4	2026-05-03T17:56:17.9166360Z [command]/opt/homebrew/bin/git checkout --progress --force -B main refs/remotes/origin/main
Test (Rust on macos-latest)	Run actions/checkout@v4	2026-05-03T17:56:17.9863010Z Switched to a new branch 'main'
Test (Rust on macos-latest)	Run actions/checkout@v4	2026-05-03T17:56:17.9963030Z branch 'main' set up to track 'origin/main'.
Test (Rust on macos-latest)	Run actions/checkout@v4	2026-05-03T17:56:18.0100410Z ##[endgroup]
Test (Rust on macos-latest)	Run actions/checkout@v4	2026-05-03T17:56:18.0114690Z [command]/opt/homebrew/bin/git log -1 --format=%H
Test (Rust on macos-latest)	Run actions/checkout@v4	2026-05-03T17:56:18.0119740Z ddbf2556b5b0e91a05c053f321b85ce9eb02355a
Test (Rust on macos-latest)	Set up Rust	﻿2026-05-03T17:56:18.0554850Z ##[group]Run dtolnay/rust-toolchain@stable
Test (Rust on macos-latest)	Set up Rust	2026-05-03T17:56:18.0555770Z with:
Test (Rust on macos-latest)	Set up Rust	2026-05-03T17:56:18.0556330Z   toolchain: stable
Test (Rust on macos-latest)	Set up Rust	2026-05-03T17:56:18.0556870Z env:
Test (Rust on macos-latest)	Set up Rust	2026-05-03T17:56:18.0557390Z   CARGO_TERM_COLOR: always
Test (Rust on macos-latest)	Set up Rust	2026-05-03T17:56:18.0558010Z   RUSTFLAGS: -Dwarnings
Test (Rust on macos-latest)	Set up Rust	2026-05-03T17:56:18.0558630Z ##[endgroup]
Test (Rust on macos-latest)	Set up Rust	2026-05-03T17:56:18.0706230Z ##[group]Run : parse toolchain version
Test (Rust on macos-latest)	Set up Rust	2026-05-03T17:56:18.0707090Z [36;1m: parse toolchain version[0m
Test (Rust on macos-latest)	Set up Rust	2026-05-03T17:56:18.0707770Z [36;1mif [[ -z $toolchain ]]; then[0m
Test (Rust on macos-latest)	Set up Rust	2026-05-03T17:56:18.0708940Z [36;1m  # GitHub does not enforce `required: true` inputs itself. https://github.com/actions/runner/issues/1070[0m
Test (Rust on macos-latest)	Set up Rust	2026-05-03T17:56:18.0710230Z [36;1m  echo "'toolchain' is a required input" >&2[0m
Test (Rust on macos-latest)	Set up Rust	2026-05-03T17:56:18.0710950Z [36;1m  exit 1[0m
Test (Rust on macos-latest)	Set up Rust	2026-05-03T17:56:18.0711740Z [36;1melif [[ $toolchain =~ ^stable' '[0-9]+' '(year|month|week|day)s?' 'ago$ ]]; then[0m
Test (Rust on macos-latest)	Set up Rust	2026-05-03T17:56:18.0712710Z [36;1m  if [[ macOS == macOS ]]; then[0m
Test (Rust on macos-latest)	Set up Rust	2026-05-03T17:56:18.0713940Z [36;1m    echo "toolchain=1.$((($(date -v-$(sed 's/stable \([0-9]*\) \(.\).*/\1\2/' <<< $toolchain) +%s)/60/60/24-16569)/7/6))" >> $GITHUB_OUTPUT[0m
Test (Rust on macos-latest)	Set up Rust	2026-05-03T17:56:18.0715230Z [36;1m  else[0m
Test (Rust on macos-latest)	Set up Rust	2026-05-03T17:56:18.0716250Z [36;1m    echo "toolchain=1.$((($(date --date "${toolchain#stable }" +%s)/60/60/24-16569)/7/6))" >> $GITHUB_OUTPUT[0m
Test (Rust on macos-latest)	Set up Rust	2026-05-03T17:56:18.0717420Z [36;1m  fi[0m
Test (Rust on macos-latest)	Set up Rust	2026-05-03T17:56:18.0718130Z [36;1melif [[ $toolchain =~ ^stable' 'minus' '[0-9]+' 'releases?$ ]]; then[0m
Test (Rust on macos-latest)	Set up Rust	2026-05-03T17:56:18.0719380Z [36;1m  echo "toolchain=1.$((($(date +%s)/60/60/24-16569)/7/6-${toolchain//[^0-9]/}))" >> $GITHUB_OUTPUT[0m
Test (Rust on macos-latest)	Set up Rust	2026-05-03T17:56:18.0720480Z [36;1melif [[ $toolchain =~ ^1\.[0-9]+$ ]]; then[0m
Test (Rust on macos-latest)	Set up Rust	2026-05-03T17:56:18.0721750Z [36;1m  echo "toolchain=1.$((i=${toolchain#1.}, c=($(date +%s)/60/60/24-16569)/7/6, i+9*i*(10*i<=c)+90*i*(100*i<=c)))" >> $GITHUB_OUTPUT[0m
Test (Rust on macos-latest)	Set up Rust	2026-05-03T17:56:18.0723000Z [36;1melse[0m
Test (Rust on macos-latest)	Set up Rust	2026-05-03T17:56:18.0723600Z [36;1m  echo "toolchain=$toolchain" >> $GITHUB_OUTPUT[0m
Test (Rust on macos-latest)	Set up Rust	2026-05-03T17:56:18.0724370Z [36;1mfi[0m
Test (Rust on macos-latest)	Set up Rust	2026-05-03T17:56:18.0773490Z shell: /bin/bash --noprofile --norc -e -o pipefail {0}
Test (Rust on macos-latest)	Set up Rust	2026-05-03T17:56:18.0774380Z env:
Test (Rust on macos-latest)	Set up Rust	2026-05-03T17:56:18.0774860Z   CARGO_TERM_COLOR: always
Test (Rust on macos-latest)	Set up Rust	2026-05-03T17:56:18.0775440Z   RUSTFLAGS: -Dwarnings
Test (Rust on macos-latest)	Set up Rust	2026-05-03T17:56:18.0775970Z   toolchain: stable
Test (Rust on macos-latest)	Set up Rust	2026-05-03T17:56:18.0776520Z ##[endgroup]
Test (Rust on macos-latest)	Set up Rust	2026-05-03T17:56:18.1215950Z ##[group]Run : construct rustup command line
Test (Rust on macos-latest)	Set up Rust	2026-05-03T17:56:18.1216870Z [36;1m: construct rustup command line[0m
Test (Rust on macos-latest)	Set up Rust	2026-05-03T17:56:18.1217970Z [36;1mecho "targets=$(for t in ${targets//,/ }; do echo -n ' --target' $t; done)" >> $GITHUB_OUTPUT[0m
Test (Rust on macos-latest)	Set up Rust	2026-05-03T17:56:18.1219440Z [36;1mecho "components=$(for c in ${components//,/ }; do echo -n ' --component' $c; done)" >> $GITHUB_OUTPUT[0m
Test (Rust on macos-latest)	Set up Rust	2026-05-03T17:56:18.1220610Z [36;1mecho "downgrade=" >> $GITHUB_OUTPUT[0m
Test (Rust on macos-latest)	Set up Rust	2026-05-03T17:56:18.1257070Z shell: /bin/bash --noprofile --norc -e -o pipefail {0}
Test (Rust on macos-latest)	Set up Rust	2026-05-03T17:56:18.1257880Z env:
Test (Rust on macos-latest)	Set up Rust	2026-05-03T17:56:18.1258380Z   CARGO_TERM_COLOR: always
Test (Rust on macos-latest)	Set up Rust	2026-05-03T17:56:18.1259000Z   RUSTFLAGS: -Dwarnings
Test (Rust on macos-latest)	Set up Rust	2026-05-03T17:56:18.1259540Z   targets: 
Test (Rust on macos-latest)	Set up Rust	2026-05-03T17:56:18.1260290Z   components: 
Test (Rust on macos-latest)	Set up Rust	2026-05-03T17:56:18.1260780Z ##[endgroup]
Test (Rust on macos-latest)	Set up Rust	2026-05-03T17:56:18.1600590Z ##[group]Run : set $CARGO_HOME
Test (Rust on macos-latest)	Set up Rust	2026-05-03T17:56:18.1601610Z [36;1m: set $CARGO_HOME[0m
Test (Rust on macos-latest)	Set up Rust	2026-05-03T17:56:18.1602390Z [36;1mecho CARGO_HOME=${CARGO_HOME:-"$HOME/.cargo"} >> $GITHUB_ENV[0m
Test (Rust on macos-latest)	Set up Rust	2026-05-03T17:56:18.1637640Z shell: /bin/bash --noprofile --norc -e -o pipefail {0}
Test (Rust on macos-latest)	Set up Rust	2026-05-03T17:56:18.1638440Z env:
Test (Rust on macos-latest)	Set up Rust	2026-05-03T17:56:18.1638950Z   CARGO_TERM_COLOR: always
Test (Rust on macos-latest)	Set up Rust	2026-05-03T17:56:18.1639530Z   RUSTFLAGS: -Dwarnings
Test (Rust on macos-latest)	Set up Rust	2026-05-03T17:56:18.1640070Z ##[endgroup]
Test (Rust on macos-latest)	Set up Rust	2026-05-03T17:56:18.1957840Z ##[group]Run : install rustup if needed
Test (Rust on macos-latest)	Set up Rust	2026-05-03T17:56:18.1958660Z [36;1m: install rustup if needed[0m
Test (Rust on macos-latest)	Set up Rust	2026-05-03T17:56:18.1959390Z [36;1mif ! command -v rustup &>/dev/null; then[0m
Test (Rust on macos-latest)	Set up Rust	2026-05-03T17:56:18.1961050Z [36;1m  curl --proto '=https' --tlsv1.2 --retry 10 --retry-connrefused --location --silent --show-error --fail https://sh.rustup.rs | sh -s -- --default-toolchain none -y[0m
Test (Rust on macos-latest)	Set up Rust	2026-05-03T17:56:18.1963130Z [36;1m  echo "$CARGO_HOME/bin" >> $GITHUB_PATH[0m
Test (Rust on macos-latest)	Set up Rust	2026-05-03T17:56:18.1963860Z [36;1mfi[0m
Test (Rust on macos-latest)	Set up Rust	2026-05-03T17:56:18.2002090Z shell: /bin/bash --noprofile --norc -e -o pipefail {0}
Test (Rust on macos-latest)	Set up Rust	2026-05-03T17:56:18.2002980Z env:
Test (Rust on macos-latest)	Set up Rust	2026-05-03T17:56:18.2003720Z   CARGO_TERM_COLOR: always
Test (Rust on macos-latest)	Set up Rust	2026-05-03T17:56:18.2004370Z   RUSTFLAGS: -Dwarnings
Test (Rust on macos-latest)	Set up Rust	2026-05-03T17:56:18.2004950Z   CARGO_HOME: /Users/runner/.cargo
Test (Rust on macos-latest)	Set up Rust	2026-05-03T17:56:18.2005610Z ##[endgroup]
Test (Rust on macos-latest)	Set up Rust	2026-05-03T17:56:18.2332370Z ##[group]Run rustup toolchain install stable --profile minimal --no-self-update
Test (Rust on macos-latest)	Set up Rust	2026-05-03T17:56:18.2333720Z [36;1mrustup toolchain install stable --profile minimal --no-self-update[0m
Test (Rust on macos-latest)	Set up Rust	2026-05-03T17:56:18.2372490Z shell: /bin/bash --noprofile --norc -e -o pipefail {0}
Test (Rust on macos-latest)	Set up Rust	2026-05-03T17:56:18.2373320Z env:
Test (Rust on macos-latest)	Set up Rust	2026-05-03T17:56:18.2373940Z   CARGO_TERM_COLOR: always
Test (Rust on macos-latest)	Set up Rust	2026-05-03T17:56:18.2374520Z   RUSTFLAGS: -Dwarnings
Test (Rust on macos-latest)	Set up Rust	2026-05-03T17:56:18.2375110Z   CARGO_HOME: /Users/runner/.cargo
Test (Rust on macos-latest)	Set up Rust	2026-05-03T17:56:18.2375760Z   RUSTUP_PERMIT_COPY_RENAME: 1
Test (Rust on macos-latest)	Set up Rust	2026-05-03T17:56:18.2376340Z ##[endgroup]
Test (Rust on macos-latest)	Set up Rust	2026-05-03T17:56:18.5012690Z info: syncing channel updates for stable-aarch64-apple-darwin
Test (Rust on macos-latest)	Set up Rust	2026-05-03T17:56:18.6018720Z 
Test (Rust on macos-latest)	Set up Rust	2026-05-03T17:56:18.6102150Z info: self-update is disabled for this build of rustup
Test (Rust on macos-latest)	Set up Rust	2026-05-03T17:56:18.6103470Z info: any updates to rustup will need to be fetched with your system package manager
Test (Rust on macos-latest)	Set up Rust	2026-05-03T17:56:18.6104770Z   stable-aarch64-apple-darwin unchanged - rustc 1.95.0 (59807616e 2026-04-14)
Test (Rust on macos-latest)	Set up Rust	2026-05-03T17:56:18.6105510Z 
Test (Rust on macos-latest)	Set up Rust	2026-05-03T17:56:18.6146580Z ##[group]Run rustup default stable
Test (Rust on macos-latest)	Set up Rust	2026-05-03T17:56:18.6147270Z [36;1mrustup default stable[0m
Test (Rust on macos-latest)	Set up Rust	2026-05-03T17:56:18.6194020Z shell: /bin/bash --noprofile --norc -e -o pipefail {0}
Test (Rust on macos-latest)	Set up Rust	2026-05-03T17:56:18.6194860Z env:
Test (Rust on macos-latest)	Set up Rust	2026-05-03T17:56:18.6195340Z   CARGO_TERM_COLOR: always
Test (Rust on macos-latest)	Set up Rust	2026-05-03T17:56:18.6195930Z   RUSTFLAGS: -Dwarnings
Test (Rust on macos-latest)	Set up Rust	2026-05-03T17:56:18.6196480Z   CARGO_HOME: /Users/runner/.cargo
Test (Rust on macos-latest)	Set up Rust	2026-05-03T17:56:18.6197100Z ##[endgroup]
Test (Rust on macos-latest)	Set up Rust	2026-05-03T17:56:18.6957340Z info: using existing install for stable-aarch64-apple-darwin
Test (Rust on macos-latest)	Set up Rust	2026-05-03T17:56:18.6997090Z info: default toolchain set to stable-aarch64-apple-darwin
Test (Rust on macos-latest)	Set up Rust	2026-05-03T17:56:18.6997720Z 
Test (Rust on macos-latest)	Set up Rust	2026-05-03T17:56:18.7114210Z   stable-aarch64-apple-darwin unchanged - rustc 1.95.0 (59807616e 2026-04-14)
Test (Rust on macos-latest)	Set up Rust	2026-05-03T17:56:18.7215460Z 
Test (Rust on macos-latest)	Set up Rust	2026-05-03T17:56:18.7292180Z ##[group]Run : create cachekey
Test (Rust on macos-latest)	Set up Rust	2026-05-03T17:56:18.7292840Z [36;1m: create cachekey[0m
Test (Rust on macos-latest)	Set up Rust	2026-05-03T17:56:18.7293960Z [36;1mDATE=$(rustc +stable --version --verbose | sed -ne 's/^commit-date: \(20[0-9][0-9]\)-\([01][0-9]\)-\([0-3][0-9]\)$/\1\2\3/p')[0m
Test (Rust on macos-latest)	Set up Rust	2026-05-03T17:56:18.7295400Z [36;1mHASH=$(rustc +stable --version --verbose | sed -ne 's/^commit-hash: //p')[0m
Test (Rust on macos-latest)	Set up Rust	2026-05-03T17:56:18.7296490Z [36;1mecho "cachekey=$(echo $DATE$HASH | head -c12)" >> $GITHUB_OUTPUT[0m
Test (Rust on macos-latest)	Set up Rust	2026-05-03T17:56:18.7332620Z shell: /bin/bash --noprofile --norc -e -o pipefail {0}
Test (Rust on macos-latest)	Set up Rust	2026-05-03T17:56:18.7333360Z env:
Test (Rust on macos-latest)	Set up Rust	2026-05-03T17:56:18.7333860Z   CARGO_TERM_COLOR: always
Test (Rust on macos-latest)	Set up Rust	2026-05-03T17:56:18.7334460Z   RUSTFLAGS: -Dwarnings
Test (Rust on macos-latest)	Set up Rust	2026-05-03T17:56:18.7335020Z   CARGO_HOME: /Users/runner/.cargo
Test (Rust on macos-latest)	Set up Rust	2026-05-03T17:56:18.7335820Z ##[endgroup]
Test (Rust on macos-latest)	Set up Rust	2026-05-03T17:56:18.8316820Z ##[group]Run : disable incremental compilation
Test (Rust on macos-latest)	Set up Rust	2026-05-03T17:56:18.8317680Z [36;1m: disable incremental compilation[0m
Test (Rust on macos-latest)	Set up Rust	2026-05-03T17:56:18.8318400Z [36;1mif [ -z "${CARGO_INCREMENTAL+set}" ]; then[0m
Test (Rust on macos-latest)	Set up Rust	2026-05-03T17:56:18.8319160Z [36;1m  echo CARGO_INCREMENTAL=0 >> $GITHUB_ENV[0m
Test (Rust on macos-latest)	Set up Rust	2026-05-03T17:56:18.8319850Z [36;1mfi[0m
Test (Rust on macos-latest)	Set up Rust	2026-05-03T17:56:18.8354500Z shell: /bin/bash --noprofile --norc -e -o pipefail {0}
Test (Rust on macos-latest)	Set up Rust	2026-05-03T17:56:18.8355220Z env:
Test (Rust on macos-latest)	Set up Rust	2026-05-03T17:56:18.8355690Z   CARGO_TERM_COLOR: always
Test (Rust on macos-latest)	Set up Rust	2026-05-03T17:56:18.8356240Z   RUSTFLAGS: -Dwarnings
Test (Rust on macos-latest)	Set up Rust	2026-05-03T17:56:18.8356800Z   CARGO_HOME: /Users/runner/.cargo
Test (Rust on macos-latest)	Set up Rust	2026-05-03T17:56:18.8357400Z ##[endgroup]
Test (Rust on macos-latest)	Set up Rust	2026-05-03T17:56:18.8720500Z ##[group]Run : enable colors in Cargo output
Test (Rust on macos-latest)	Set up Rust	2026-05-03T17:56:18.8721290Z [36;1m: enable colors in Cargo output[0m
Test (Rust on macos-latest)	Set up Rust	2026-05-03T17:56:18.8722210Z [36;1mif [ -z "${CARGO_TERM_COLOR+set}" ]; then[0m
Test (Rust on macos-latest)	Set up Rust	2026-05-03T17:56:18.8722960Z [36;1m  echo CARGO_TERM_COLOR=always >> $GITHUB_ENV[0m
Test (Rust on macos-latest)	Set up Rust	2026-05-03T17:56:18.8723790Z [36;1mfi[0m
Test (Rust on macos-latest)	Set up Rust	2026-05-03T17:56:18.8761570Z shell: /bin/bash --noprofile --norc -e -o pipefail {0}
Test (Rust on macos-latest)	Set up Rust	2026-05-03T17:56:18.8762400Z env:
Test (Rust on macos-latest)	Set up Rust	2026-05-03T17:56:18.8762890Z   CARGO_TERM_COLOR: always
Test (Rust on macos-latest)	Set up Rust	2026-05-03T17:56:18.8763450Z   RUSTFLAGS: -Dwarnings
Test (Rust on macos-latest)	Set up Rust	2026-05-03T17:56:18.8764000Z   CARGO_HOME: /Users/runner/.cargo
Test (Rust on macos-latest)	Set up Rust	2026-05-03T17:56:18.8764610Z   CARGO_INCREMENTAL: 0
Test (Rust on macos-latest)	Set up Rust	2026-05-03T17:56:18.8765110Z ##[endgroup]
Test (Rust on macos-latest)	Set up Rust	2026-05-03T17:56:18.9192750Z ##[group]Run : enable Cargo sparse registry
Test (Rust on macos-latest)	Set up Rust	2026-05-03T17:56:18.9193580Z [36;1m: enable Cargo sparse registry[0m
Test (Rust on macos-latest)	Set up Rust	2026-05-03T17:56:18.9194390Z [36;1m# implemented in 1.66, stabilized in 1.68, made default in 1.70[0m
Test (Rust on macos-latest)	Set up Rust	2026-05-03T17:56:18.9195930Z [36;1mif [ -z "${CARGO_REGISTRIES_CRATES_IO_PROTOCOL+set}" -o -f "/Users/runner/work/_temp"/.implicit_cargo_registries_crates_io_protocol ]; then[0m
Test (Rust on macos-latest)	Set up Rust	2026-05-03T17:56:18.9198010Z [36;1m  if rustc +stable --version --verbose | grep -q '^release: 1\.6[89]\.'; then[0m
Test (Rust on macos-latest)	Set up Rust	2026-05-03T17:56:18.9199370Z [36;1m    touch "/Users/runner/work/_temp"/.implicit_cargo_registries_crates_io_protocol || true[0m
Test (Rust on macos-latest)	Set up Rust	2026-05-03T17:56:18.9200580Z [36;1m    echo CARGO_REGISTRIES_CRATES_IO_PROTOCOL=sparse >> $GITHUB_ENV[0m
Test (Rust on macos-latest)	Set up Rust	2026-05-03T17:56:18.9201710Z [36;1m  elif rustc +stable --version --verbose | grep -q '^release: 1\.6[67]\.'; then[0m
Test (Rust on macos-latest)	Set up Rust	2026-05-03T17:56:18.9203210Z [36;1m    touch "/Users/runner/work/_temp"/.implicit_cargo_registries_crates_io_protocol || true[0m
Test (Rust on macos-latest)	Set up Rust	2026-05-03T17:56:18.9204410Z [36;1m    echo CARGO_REGISTRIES_CRATES_IO_PROTOCOL=git >> $GITHUB_ENV[0m
Test (Rust on macos-latest)	Set up Rust	2026-05-03T17:56:18.9205210Z [36;1m  fi[0m
Test (Rust on macos-latest)	Set up Rust	2026-05-03T17:56:18.9205690Z [36;1mfi[0m
Test (Rust on macos-latest)	Set up Rust	2026-05-03T17:56:18.9250580Z shell: /bin/bash --noprofile --norc -e -o pipefail {0}
Test (Rust on macos-latest)	Set up Rust	2026-05-03T17:56:18.9251430Z env:
Test (Rust on macos-latest)	Set up Rust	2026-05-03T17:56:18.9251920Z   CARGO_TERM_COLOR: always
Test (Rust on macos-latest)	Set up Rust	2026-05-03T17:56:18.9252830Z   RUSTFLAGS: -Dwarnings
Test (Rust on macos-latest)	Set up Rust	2026-05-03T17:56:18.9253430Z   CARGO_HOME: /Users/runner/.cargo
Test (Rust on macos-latest)	Set up Rust	2026-05-03T17:56:18.9254090Z   CARGO_INCREMENTAL: 0
Test (Rust on macos-latest)	Set up Rust	2026-05-03T17:56:18.9254630Z ##[endgroup]
Test (Rust on macos-latest)	Set up Rust	2026-05-03T17:56:18.9957070Z ##[group]Run : work around spurious network errors in curl 8.0
Test (Rust on macos-latest)	Set up Rust	2026-05-03T17:56:18.9958060Z [36;1m: work around spurious network errors in curl 8.0[0m
Test (Rust on macos-latest)	Set up Rust	2026-05-03T17:56:18.9959210Z [36;1m# https://rust-lang.zulipchat.com/#narrow/stream/246057-t-cargo/topic/timeout.20investigation[0m
Test (Rust on macos-latest)	Set up Rust	2026-05-03T17:56:18.9960620Z [36;1mif rustc +stable --version --verbose | grep -q '^release: 1\.7[01]\.'; then[0m
Test (Rust on macos-latest)	Set up Rust	2026-05-03T17:56:18.9961650Z [36;1m  echo CARGO_HTTP_MULTIPLEXING=false >> $GITHUB_ENV[0m
Test (Rust on macos-latest)	Set up Rust	2026-05-03T17:56:18.9962360Z [36;1mfi[0m
Test (Rust on macos-latest)	Set up Rust	2026-05-03T17:56:19.0000960Z shell: /bin/bash --noprofile --norc -e -o pipefail {0}
Test (Rust on macos-latest)	Set up Rust	2026-05-03T17:56:19.0001710Z env:
Test (Rust on macos-latest)	Set up Rust	2026-05-03T17:56:19.0002160Z   CARGO_TERM_COLOR: always
Test (Rust on macos-latest)	Set up Rust	2026-05-03T17:56:19.0002710Z   RUSTFLAGS: -Dwarnings
Test (Rust on macos-latest)	Set up Rust	2026-05-03T17:56:19.0003290Z   CARGO_HOME: /Users/runner/.cargo
Test (Rust on macos-latest)	Set up Rust	2026-05-03T17:56:19.0003870Z   CARGO_INCREMENTAL: 0
Test (Rust on macos-latest)	Set up Rust	2026-05-03T17:56:19.0004390Z ##[endgroup]
Test (Rust on macos-latest)	Set up Rust	2026-05-03T17:56:19.0484030Z ##[group]Run rustc +stable --version --verbose
Test (Rust on macos-latest)	Set up Rust	2026-05-03T17:56:19.0485080Z [36;1mrustc +stable --version --verbose[0m
Test (Rust on macos-latest)	Set up Rust	2026-05-03T17:56:19.0519850Z shell: /bin/bash --noprofile --norc -e -o pipefail {0}
Test (Rust on macos-latest)	Set up Rust	2026-05-03T17:56:19.0520610Z env:
Test (Rust on macos-latest)	Set up Rust	2026-05-03T17:56:19.0521050Z   CARGO_TERM_COLOR: always
Test (Rust on macos-latest)	Set up Rust	2026-05-03T17:56:19.0521610Z   RUSTFLAGS: -Dwarnings
Test (Rust on macos-latest)	Set up Rust	2026-05-03T17:56:19.0522150Z   CARGO_HOME: /Users/runner/.cargo
Test (Rust on macos-latest)	Set up Rust	2026-05-03T17:56:19.0522720Z   CARGO_INCREMENTAL: 0
Test (Rust on macos-latest)	Set up Rust	2026-05-03T17:56:19.0523230Z ##[endgroup]
Test (Rust on macos-latest)	Set up Rust	2026-05-03T17:56:19.0974790Z rustc 1.95.0 (59807616e 2026-04-14)
Test (Rust on macos-latest)	Set up Rust	2026-05-03T17:56:19.0975970Z binary: rustc
Test (Rust on macos-latest)	Set up Rust	2026-05-03T17:56:19.0976730Z commit-hash: 59807616e1fa2540724bfbac14d7976d7e4a3860
Test (Rust on macos-latest)	Set up Rust	2026-05-03T17:56:19.0977570Z commit-date: 2026-04-14
Test (Rust on macos-latest)	Set up Rust	2026-05-03T17:56:19.0978210Z host: aarch64-apple-darwin
Test (Rust on macos-latest)	Set up Rust	2026-05-03T17:56:19.0978870Z release: 1.95.0
Test (Rust on macos-latest)	Set up Rust	2026-05-03T17:56:19.0979580Z LLVM version: 22.1.2
Test (Rust on macos-latest)	Cache cargo dependencies	﻿2026-05-03T17:56:19.1794410Z ##[group]Run actions/cache@v4
Test (Rust on macos-latest)	Cache cargo dependencies	2026-05-03T17:56:19.1795060Z with:
Test (Rust on macos-latest)	Cache cargo dependencies	2026-05-03T17:56:19.1795930Z   path: ~/.cargo/bin/
Test (Rust on macos-latest)	Cache cargo dependencies	~/.cargo/registry/index/
Test (Rust on macos-latest)	Cache cargo dependencies	~/.cargo/registry/cache/
Test (Rust on macos-latest)	Cache cargo dependencies	~/.cargo/git/db/
Test (Rust on macos-latest)	Cache cargo dependencies	rust/target/
Test (Rust on macos-latest)	Cache cargo dependencies	
Test (Rust on macos-latest)	Cache cargo dependencies	2026-05-03T17:56:19.1797340Z   key: macOS-cargo-3bdf1052f98aec50857f27e3615100242b9f9c1f98c417d8384cf7fd70b81aba
Test (Rust on macos-latest)	Cache cargo dependencies	2026-05-03T17:56:19.1798310Z   enableCrossOsArchive: false
Test (Rust on macos-latest)	Cache cargo dependencies	2026-05-03T17:56:19.1798880Z   fail-on-cache-miss: false
Test (Rust on macos-latest)	Cache cargo dependencies	2026-05-03T17:56:19.1799440Z   lookup-only: false
Test (Rust on macos-latest)	Cache cargo dependencies	2026-05-03T17:56:19.1799920Z   save-always: false
Test (Rust on macos-latest)	Cache cargo dependencies	2026-05-03T17:56:19.1800390Z env:
Test (Rust on macos-latest)	Cache cargo dependencies	2026-05-03T17:56:19.1800870Z   CARGO_TERM_COLOR: always
Test (Rust on macos-latest)	Cache cargo dependencies	2026-05-03T17:56:19.1801400Z   RUSTFLAGS: -Dwarnings
Test (Rust on macos-latest)	Cache cargo dependencies	2026-05-03T17:56:19.1801930Z   CARGO_HOME: /Users/runner/.cargo
Test (Rust on macos-latest)	Cache cargo dependencies	2026-05-03T17:56:19.1802510Z   CARGO_INCREMENTAL: 0
Test (Rust on macos-latest)	Cache cargo dependencies	2026-05-03T17:56:19.1803000Z ##[endgroup]
Test (Rust on macos-latest)	Cache cargo dependencies	2026-05-03T17:56:19.5661640Z Cache hit for: macOS-cargo-3bdf1052f98aec50857f27e3615100242b9f9c1f98c417d8384cf7fd70b81aba
Test (Rust on macos-latest)	Cache cargo dependencies	2026-05-03T17:56:20.8847240Z Received 0 of 8105804 (0.0%), 0.0 MBs/sec
Test (Rust on macos-latest)	Cache cargo dependencies	2026-05-03T17:56:21.0134890Z Received 8105804 of 8105804 (100.0%), 6.8 MBs/sec
Test (Rust on macos-latest)	Cache cargo dependencies	2026-05-03T17:56:21.0139700Z Cache Size: ~8 MB (8105804 B)
Test (Rust on macos-latest)	Cache cargo dependencies	2026-05-03T17:56:21.0198180Z [command]/opt/homebrew/bin/gtar -xf /Users/runner/work/_temp/7f7ef4a4-de48-4b53-98fc-31e5a9ebacb9/cache.tzst -P -C /Users/runner/work/lino-objects-codec/lino-objects-codec --delay-directory-restore --use-compress-program unzstd
Test (Rust on macos-latest)	Cache cargo dependencies	2026-05-03T17:56:21.0954570Z Cache restored successfully
Test (Rust on macos-latest)	Cache cargo dependencies	2026-05-03T17:56:21.1240310Z Cache restored from key: macOS-cargo-3bdf1052f98aec50857f27e3615100242b9f9c1f98c417d8384cf7fd70b81aba
Test (Rust on macos-latest)	Run tests	﻿2026-05-03T17:56:21.1358500Z ##[group]Run cargo test --verbose
Test (Rust on macos-latest)	Run tests	2026-05-03T17:56:21.1358830Z [36;1mcargo test --verbose[0m
Test (Rust on macos-latest)	Run tests	2026-05-03T17:56:21.1408950Z shell: /bin/bash -e {0}
Test (Rust on macos-latest)	Run tests	2026-05-03T17:56:21.1409240Z env:
Test (Rust on macos-latest)	Run tests	2026-05-03T17:56:21.1409410Z   CARGO_TERM_COLOR: always
Test (Rust on macos-latest)	Run tests	2026-05-03T17:56:21.1409640Z   RUSTFLAGS: -Dwarnings
Test (Rust on macos-latest)	Run tests	2026-05-03T17:56:21.1409830Z   CARGO_HOME: /Users/runner/.cargo
Test (Rust on macos-latest)	Run tests	2026-05-03T17:56:21.1410050Z   CARGO_INCREMENTAL: 0
Test (Rust on macos-latest)	Run tests	2026-05-03T17:56:21.1410660Z ##[endgroup]
Test (Rust on macos-latest)	Run tests	2026-05-03T17:56:21.3579530Z [1m[92m       Fresh[0m memchr v2.7.6
Test (Rust on macos-latest)	Run tests	2026-05-03T17:56:21.3580290Z [1m[92m       Fresh[0m nom v8.0.0
Test (Rust on macos-latest)	Run tests	2026-05-03T17:56:21.3580550Z [1m[92m       Fresh[0m base64 v0.22.1
Test (Rust on macos-latest)	Run tests	2026-05-03T17:56:21.3580820Z [1m[92m       Fresh[0m links-notation v0.13.0
Test (Rust on macos-latest)	Run tests	2026-05-03T17:56:21.3583170Z [1m[92m       Dirty[0m lino-objects-codec v0.2.0 (/Users/runner/work/lino-objects-codec/lino-objects-codec/rust): the file `src/lib.rs` has changed (1777830977.978543302s, 5h 15m 12s after last build at 1777812065.035611458s)
Test (Rust on macos-latest)	Run tests	2026-05-03T17:56:21.3584220Z [1m[92m   Compiling[0m lino-objects-codec v0.2.0 (/Users/runner/work/lino-objects-codec/lino-objects-codec/rust)
Test (Rust on macos-latest)	Run tests	2026-05-03T17:56:21.3596990Z [1m[92m     Running[0m `/Users/runner/.rustup/toolchains/stable-aarch64-apple-darwin/bin/rustc --crate-name lino_objects_codec --edition=2021 src/lib.rs --error-format=json --json=diagnostic-rendered-ansi,artifacts,future-incompat --emit=dep-info,link -C embed-bitcode=no -C debuginfo=2 -C split-debuginfo=unpacked '--warn=clippy::pedantic' '--warn=clippy::nursery' '--warn=clippy::all' '--allow=clippy::use_self' '--allow=clippy::unused_self' '--allow=clippy::unreadable_literal' '--allow=clippy::uninlined_format_args' '--allow=clippy::too_many_lines' '--allow=clippy::similar_names' '--allow=clippy::redundant_closure_for_method_calls' '--allow=clippy::redundant_clone' '--allow=clippy::option_if_let_else' '--allow=clippy::must_use_candidate' '--allow=clippy::module_name_repetitions' '--allow=clippy::missing_panics_doc' '--allow=clippy::missing_errors_doc' '--allow=clippy::missing_const_for_fn' '--allow=clippy::inefficient_to_string' '--allow=clippy::ignored_unit_patterns' '--allow=clippy::if_not_else' '--allow=clippy::doc_markdown' '--allow=clippy::derive_partial_eq_without_eq' '--allow=clippy::cast_precision_loss' '--allow=clippy::cast_lossless' '--allow=clippy::assigning_clones' '--allow=clippy::approx_constant' --test --check-cfg 'cfg(docsrs,test)' --check-cfg 'cfg(feature, values())' -C metadata=d99b3b19c353159d -C extra-filename=-bf685453b06b727d --out-dir /Users/runner/work/lino-objects-codec/lino-objects-codec/rust/target/debug/deps -L dependency=/Users/runner/work/lino-objects-codec/lino-objects-codec/rust/target/debug/deps --extern base64=/Users/runner/work/lino-objects-codec/lino-objects-codec/rust/target/debug/deps/libbase64-e6ccf7ceb64fea1e.rlib --extern links_notation=/Users/runner/work/lino-objects-codec/lino-objects-codec/rust/target/debug/deps/liblinks_notation-fd52463b3b04e353.rlib -Dwarnings`
Test (Rust on macos-latest)	Run tests	2026-05-03T17:56:21.3608920Z [1m[92m     Running[0m `/Users/runner/.rustup/toolchains/stable-aarch64-apple-darwin/bin/rustc --crate-name lino_objects_codec --edition=2021 src/lib.rs --error-format=json --json=diagnostic-rendered-ansi,artifacts,future-incompat --crate-type lib --emit=dep-info,metadata,link -C embed-bitcode=no -C debuginfo=2 -C split-debuginfo=unpacked '--warn=clippy::pedantic' '--warn=clippy::nursery' '--warn=clippy::all' '--allow=clippy::use_self' '--allow=clippy::unused_self' '--allow=clippy::unreadable_literal' '--allow=clippy::uninlined_format_args' '--allow=clippy::too_many_lines' '--allow=clippy::similar_names' '--allow=clippy::redundant_closure_for_method_calls' '--allow=clippy::redundant_clone' '--allow=clippy::option_if_let_else' '--allow=clippy::must_use_candidate' '--allow=clippy::module_name_repetitions' '--allow=clippy::missing_panics_doc' '--allow=clippy::missing_errors_doc' '--allow=clippy::missing_const_for_fn' '--allow=clippy::inefficient_to_string' '--allow=clippy::ignored_unit_patterns' '--allow=clippy::if_not_else' '--allow=clippy::doc_markdown' '--allow=clippy::derive_partial_eq_without_eq' '--allow=clippy::cast_precision_loss' '--allow=clippy::cast_lossless' '--allow=clippy::assigning_clones' '--allow=clippy::approx_constant' --check-cfg 'cfg(docsrs,test)' --check-cfg 'cfg(feature, values())' -C metadata=a4d919ea0c4968b0 -C extra-filename=-e285a9dcf0357d35 --out-dir /Users/runner/work/lino-objects-codec/lino-objects-codec/rust/target/debug/deps -L dependency=/Users/runner/work/lino-objects-codec/lino-objects-codec/rust/target/debug/deps --extern base64=/Users/runner/work/lino-objects-codec/lino-objects-codec/rust/target/debug/deps/libbase64-e6ccf7ceb64fea1e.rmeta --extern links_notation=/Users/runner/work/lino-objects-codec/lino-objects-codec/rust/target/debug/deps/liblinks_notation-fd52463b3b04e353.rmeta -Dwarnings`
Test (Rust on macos-latest)	Run tests	2026-05-03T17:56:22.4975430Z [1m[92m     Running[0m `/Users/runner/.rustup/toolchains/stable-aarch64-apple-darwin/bin/rustc --crate-name basic_usage --edition=2021 examples/basic_usage.rs --error-format=json --json=diagnostic-rendered-ansi,artifacts,future-incompat --crate-type bin --emit=dep-info,link -C embed-bitcode=no -C debuginfo=2 -C split-debuginfo=unpacked '--warn=clippy::pedantic' '--warn=clippy::nursery' '--warn=clippy::all' '--allow=clippy::use_self' '--allow=clippy::unused_self' '--allow=clippy::unreadable_literal' '--allow=clippy::uninlined_format_args' '--allow=clippy::too_many_lines' '--allow=clippy::similar_names' '--allow=clippy::redundant_closure_for_method_calls' '--allow=clippy::redundant_clone' '--allow=clippy::option_if_let_else' '--allow=clippy::must_use_candidate' '--allow=clippy::module_name_repetitions' '--allow=clippy::missing_panics_doc' '--allow=clippy::missing_errors_doc' '--allow=clippy::missing_const_for_fn' '--allow=clippy::inefficient_to_string' '--allow=clippy::ignored_unit_patterns' '--allow=clippy::if_not_else' '--allow=clippy::doc_markdown' '--allow=clippy::derive_partial_eq_without_eq' '--allow=clippy::cast_precision_loss' '--allow=clippy::cast_lossless' '--allow=clippy::assigning_clones' '--allow=clippy::approx_constant' --check-cfg 'cfg(docsrs,test)' --check-cfg 'cfg(feature, values())' -C metadata=ef9ef8e481691419 -C extra-filename=-52da84996f79a4c0 --out-dir /Users/runner/work/lino-objects-codec/lino-objects-codec/rust/target/debug/examples -L dependency=/Users/runner/work/lino-objects-codec/lino-objects-codec/rust/target/debug/deps --extern base64=/Users/runner/work/lino-objects-codec/lino-objects-codec/rust/target/debug/deps/libbase64-e6ccf7ceb64fea1e.rlib --extern links_notation=/Users/runner/work/lino-objects-codec/lino-objects-codec/rust/target/debug/deps/liblinks_notation-fd52463b3b04e353.rlib --extern lino_objects_codec=/Users/runner/work/lino-objects-codec/lino-objects-codec/rust/target/debug/deps/liblino_objects_codec-e285a9dcf0357d35.rlib -Dwarnings`
Test (Rust on macos-latest)	Run tests	2026-05-03T17:56:24.6329860Z [1m[92m    Finished[0m `test` profile [unoptimized + debuginfo] target(s) in 3.37s
Test (Rust on macos-latest)	Run tests	2026-05-03T17:56:24.6334200Z [1m[92m     Running[0m `/Users/runner/work/lino-objects-codec/lino-objects-codec/rust/target/debug/deps/lino_objects_codec-bf685453b06b727d`
Test (Rust on macos-latest)	Run tests	2026-05-03T17:56:24.6393020Z 
Test (Rust on macos-latest)	Run tests	2026-05-03T17:56:24.6395090Z running 32 tests
Test (Rust on macos-latest)	Run tests	2026-05-03T17:56:24.6395880Z test format_tests::test_escape_reference_string_with_single_quotes ... ok
Test (Rust on macos-latest)	Run tests	2026-05-03T17:56:24.6397100Z test format_tests::test_escape_reference_string_with_double_quotes ... ok
Test (Rust on macos-latest)	Run tests	2026-05-03T17:56:24.6397580Z test format_tests::test_escape_reference_simple_string ... ok
Test (Rust on macos-latest)	Run tests	2026-05-03T17:56:24.6400420Z test format_tests::test_escape_reference_string_with_spaces ... ok
Test (Rust on macos-latest)	Run tests	2026-05-03T17:56:24.6403100Z test format_tests::test_format_indented_ordered_basic ... ok
Test (Rust on macos-latest)	Run tests	2026-05-03T17:56:24.6403580Z test format_tests::test_format_indented_requires_id ... ok
Test (Rust on macos-latest)	Run tests	2026-05-03T17:56:24.6419030Z test format_tests::test_format_indented_value_with_quotes ... ok
Test (Rust on macos-latest)	Run tests	2026-05-03T17:56:24.6419630Z test format_tests::test_parse_indented_empty_lines_skipped ... ok
Test (Rust on macos-latest)	Run tests	2026-05-03T17:56:24.6420100Z test format_tests::test_parse_indented_basic ... ok
Test (Rust on macos-latest)	Run tests	2026-05-03T17:56:24.6421050Z test format_tests::test_parse_indented_requires_text ... ok
Test (Rust on macos-latest)	Run tests	2026-05-03T17:56:24.6422500Z [1m[92m   Doc-tests[0m lino_objects_codec
Test (Rust on macos-latest)	Run tests	2026-05-03T17:56:24.6422970Z test format_tests::test_parse_indented_with_quotes ... ok
Test (Rust on macos-latest)	Run tests	2026-05-03T17:56:24.6423530Z test format_tests::test_roundtrip_with_quotes ... ok
Test (Rust on macos-latest)	Run tests	2026-05-03T17:56:24.6424030Z test format_tests::test_roundtrip_format_indented ... ok
Test (Rust on macos-latest)	Run tests	2026-05-03T17:56:24.6432630Z [1m[92m     Running[0m `/Users/runner/.rustup/toolchains/stable-aarch64-apple-darwin/bin/rustdoc --edition=2021 --crate-type lib --color always --crate-name lino_objects_codec --test src/lib.rs --test-run-directory /Users/runner/work/lino-objects-codec/lino-objects-codec/rust '--warn=clippy::pedantic' '--warn=clippy::nursery' '--warn=clippy::all' '--allow=clippy::use_self' '--allow=clippy::unused_self' '--allow=clippy::unreadable_literal' '--allow=clippy::uninlined_format_args' '--allow=clippy::too_many_lines' '--allow=clippy::similar_names' '--allow=clippy::redundant_closure_for_method_calls' '--allow=clippy::redundant_clone' '--allow=clippy::option_if_let_else' '--allow=clippy::must_use_candidate' '--allow=clippy::module_name_repetitions' '--allow=clippy::missing_panics_doc' '--allow=clippy::missing_errors_doc' '--allow=clippy::missing_const_for_fn' '--allow=clippy::inefficient_to_string' '--allow=clippy::ignored_unit_patterns' '--allow=clippy::if_not_else' '--allow=clippy::doc_markdown' '--allow=clippy::derive_partial_eq_without_eq' '--allow=clippy::cast_precision_loss' '--allow=clippy::cast_lossless' '--allow=clippy::assigning_clones' '--allow=clippy::approx_constant' --extern base64=/Users/runner/work/lino-objects-codec/lino-objects-codec/rust/target/debug/deps/libbase64-e6ccf7ceb64fea1e.rlib --extern links_notation=/Users/runner/work/lino-objects-codec/lino-objects-codec/rust/target/debug/deps/liblinks_notation-fd52463b3b04e353.rlib --extern lino_objects_codec=/Users/runner/work/lino-objects-codec/lino-objects-codec/rust/target/debug/deps/liblino_objects_codec-e285a9dcf0357d35.rlib -L dependency=/Users/runner/work/lino-objects-codec/lino-objects-codec/rust/target/debug/deps -C embed-bitcode=no --check-cfg 'cfg(docsrs,test)' --check-cfg 'cfg(feature, values())' --error-format human`
Test (Rust on macos-latest)	Run tests	2026-05-03T17:56:24.6441000Z test format_tests::test_unescape_reference_doubled_quotes ... ok
Test (Rust on macos-latest)	Run tests	2026-05-03T17:56:24.6441380Z test tests::test_dict_of_lists ... ok
Test (Rust on macos-latest)	Run tests	2026-05-03T17:56:24.6442950Z test tests::test_float_special_values ... ok
Test (Rust on macos-latest)	Run tests	2026-05-03T17:56:24.6443260Z test tests::test_complex_structure ... ok
Test (Rust on macos-latest)	Run tests	2026-05-03T17:56:24.6443510Z test tests::test_list_of_dicts ... ok
Test (Rust on macos-latest)	Run tests	2026-05-03T17:56:24.6443750Z test tests::test_nested_arrays ... ok
Test (Rust on macos-latest)	Run tests	2026-05-03T17:56:24.6443960Z test tests::test_roundtrip_bool ... ok
Test (Rust on macos-latest)	Run tests	2026-05-03T17:56:24.6444220Z test tests::test_roundtrip_empty_array ... ok
Test (Rust on macos-latest)	Run tests	2026-05-03T17:56:24.6444450Z test tests::test_nested_objects ... ok
Test (Rust on macos-latest)	Run tests	2026-05-03T17:56:24.6444690Z test tests::test_roundtrip_empty_object ... ok
Test (Rust on macos-latest)	Run tests	2026-05-03T17:56:24.6444970Z test tests::test_roundtrip_float ... ok
Test (Rust on macos-latest)	Run tests	2026-05-03T17:56:24.6445310Z test tests::test_roundtrip_int ... ok
Test (Rust on macos-latest)	Run tests	2026-05-03T17:56:24.6445560Z test tests::test_roundtrip_null ... ok
Test (Rust on macos-latest)	Run tests	2026-05-03T17:56:24.6445840Z test tests::test_roundtrip_mixed_array ... ok
Test (Rust on macos-latest)	Run tests	2026-05-03T17:56:24.6446080Z test tests::test_roundtrip_simple_object ... ok
Test (Rust on macos-latest)	Run tests	2026-05-03T17:56:24.6446350Z test tests::test_roundtrip_simple_array ... ok
Test (Rust on macos-latest)	Run tests	2026-05-03T17:56:24.6446600Z test tests::test_string_with_quotes ... ok
Test (Rust on macos-latest)	Run tests	2026-05-03T17:56:24.6447470Z test tests::test_roundtrip_string ... ok
Test (Rust on macos-latest)	Run tests	2026-05-03T17:56:24.6447720Z test tests::test_unicode_string ... ok
Test (Rust on macos-latest)	Run tests	2026-05-03T17:56:24.6447880Z 
Test (Rust on macos-latest)	Run tests	2026-05-03T17:56:24.6448100Z test result: ok. 32 passed; 0 failed; 0 ignored; 0 measured; 0 filtered out; finished in 0.00s
Test (Rust on macos-latest)	Run tests	2026-05-03T17:56:24.6448390Z 
Test (Rust on macos-latest)	Run tests	2026-05-03T17:56:24.7078430Z 
Test (Rust on macos-latest)	Run tests	2026-05-03T17:56:24.7078810Z running 5 tests
Test (Rust on macos-latest)	Run tests	2026-05-03T17:56:24.8776340Z test src/lib.rs - decode (line 887) ... ok
Test (Rust on macos-latest)	Run tests	2026-05-03T17:56:24.8779280Z test src/lib.rs - (line 19) ... ok
Test (Rust on macos-latest)	Run tests	2026-05-03T17:56:24.8800150Z test src/lib.rs - encode (line 858) ... ok
Test (Rust on macos-latest)	Run tests	2026-05-03T17:56:24.9930310Z test src/lib.rs - format::format_indented (line 1043) ... ok
Test (Rust on macos-latest)	Run tests	2026-05-03T17:56:24.9934960Z test src/lib.rs - format::parse_indented (line 1139) ... ok
Test (Rust on macos-latest)	Run tests	2026-05-03T17:56:24.9935390Z 
Test (Rust on macos-latest)	Run tests	2026-05-03T17:56:24.9940680Z test result: ok. 5 passed; 0 failed; 0 ignored; 0 measured; 0 filtered out; finished in 0.29s
Test (Rust on macos-latest)	Run tests	2026-05-03T17:56:24.9941100Z 
Test (Rust on macos-latest)	Run doc tests	﻿2026-05-03T17:56:25.0001510Z ##[group]Run cargo test --doc --verbose
Test (Rust on macos-latest)	Run doc tests	2026-05-03T17:56:25.0001790Z [36;1mcargo test --doc --verbose[0m
Test (Rust on macos-latest)	Run doc tests	2026-05-03T17:56:25.0038130Z shell: /bin/bash -e {0}
Test (Rust on macos-latest)	Run doc tests	2026-05-03T17:56:25.0038360Z env:
Test (Rust on macos-latest)	Run doc tests	2026-05-03T17:56:25.0038530Z   CARGO_TERM_COLOR: always
Test (Rust on macos-latest)	Run doc tests	2026-05-03T17:56:25.0038710Z   RUSTFLAGS: -Dwarnings
Test (Rust on macos-latest)	Run doc tests	2026-05-03T17:56:25.0038890Z   CARGO_HOME: /Users/runner/.cargo
Test (Rust on macos-latest)	Run doc tests	2026-05-03T17:56:25.0039120Z   CARGO_INCREMENTAL: 0
Test (Rust on macos-latest)	Run doc tests	2026-05-03T17:56:25.0039290Z ##[endgroup]
Test (Rust on macos-latest)	Run doc tests	2026-05-03T17:56:25.0579760Z [1m[92m       Fresh[0m memchr v2.7.6
Test (Rust on macos-latest)	Run doc tests	2026-05-03T17:56:25.0580170Z [1m[92m       Fresh[0m nom v8.0.0
Test (Rust on macos-latest)	Run doc tests	2026-05-03T17:56:25.0580450Z [1m[92m       Fresh[0m links-notation v0.13.0
Test (Rust on macos-latest)	Run doc tests	2026-05-03T17:56:25.0580710Z [1m[92m       Fresh[0m base64 v0.22.1
Test (Rust on macos-latest)	Run doc tests	2026-05-03T17:56:25.0581170Z [1m[92m       Fresh[0m lino-objects-codec v0.2.0 (/Users/runner/work/lino-objects-codec/lino-objects-codec/rust)
Test (Rust on macos-latest)	Run doc tests	2026-05-03T17:56:25.0581750Z [1m[92m    Finished[0m `test` profile [unoptimized + debuginfo] target(s) in 0.00s
Test (Rust on macos-latest)	Run doc tests	2026-05-03T17:56:25.0582220Z [1m[92m   Doc-tests[0m lino_objects_codec
Test (Rust on macos-latest)	Run doc tests	2026-05-03T17:56:25.0588050Z [1m[92m     Running[0m `/Users/runner/.rustup/toolchains/stable-aarch64-apple-darwin/bin/rustdoc --edition=2021 --crate-type lib --color always --crate-name lino_objects_codec --test src/lib.rs --test-run-directory /Users/runner/work/lino-objects-codec/lino-objects-codec/rust '--warn=clippy::pedantic' '--warn=clippy::nursery' '--warn=clippy::all' '--allow=clippy::use_self' '--allow=clippy::unused_self' '--allow=clippy::unreadable_literal' '--allow=clippy::uninlined_format_args' '--allow=clippy::too_many_lines' '--allow=clippy::similar_names' '--allow=clippy::redundant_closure_for_method_calls' '--allow=clippy::redundant_clone' '--allow=clippy::option_if_let_else' '--allow=clippy::must_use_candidate' '--allow=clippy::module_name_repetitions' '--allow=clippy::missing_panics_doc' '--allow=clippy::missing_errors_doc' '--allow=clippy::missing_const_for_fn' '--allow=clippy::inefficient_to_string' '--allow=clippy::ignored_unit_patterns' '--allow=clippy::if_not_else' '--allow=clippy::doc_markdown' '--allow=clippy::derive_partial_eq_without_eq' '--allow=clippy::cast_precision_loss' '--allow=clippy::cast_lossless' '--allow=clippy::assigning_clones' '--allow=clippy::approx_constant' --extern base64=/Users/runner/work/lino-objects-codec/lino-objects-codec/rust/target/debug/deps/libbase64-e6ccf7ceb64fea1e.rlib --extern links_notation=/Users/runner/work/lino-objects-codec/lino-objects-codec/rust/target/debug/deps/liblinks_notation-fd52463b3b04e353.rlib --extern lino_objects_codec=/Users/runner/work/lino-objects-codec/lino-objects-codec/rust/target/debug/deps/liblino_objects_codec-e285a9dcf0357d35.rlib -L dependency=/Users/runner/work/lino-objects-codec/lino-objects-codec/rust/target/debug/deps -C embed-bitcode=no --check-cfg 'cfg(docsrs,test)' --check-cfg 'cfg(feature, values())' --error-format human`
Test (Rust on macos-latest)	Run doc tests	2026-05-03T17:56:25.0802530Z 
Test (Rust on macos-latest)	Run doc tests	2026-05-03T17:56:25.0802820Z running 5 tests
Test (Rust on macos-latest)	Run doc tests	2026-05-03T17:56:25.2005820Z test src/lib.rs - decode (line 887) ... ok
Test (Rust on macos-latest)	Run doc tests	2026-05-03T17:56:25.2053370Z test src/lib.rs - encode (line 858) ... ok
Test (Rust on macos-latest)	Run doc tests	2026-05-03T17:56:25.2053740Z test src/lib.rs - (line 19) ... ok
Test (Rust on macos-latest)	Run doc tests	2026-05-03T17:56:25.2954960Z test src/lib.rs - format::format_indented (line 1043) ... ok
Test (Rust on macos-latest)	Run doc tests	2026-05-03T17:56:25.3054750Z test src/lib.rs - format::parse_indented (line 1139) ... ok
Test (Rust on macos-latest)	Run doc tests	2026-05-03T17:56:25.3055070Z 
Test (Rust on macos-latest)	Run doc tests	2026-05-03T17:56:25.3055290Z test result: ok. 5 passed; 0 failed; 0 ignored; 0 measured; 0 filtered out; finished in 0.23s
Test (Rust on macos-latest)	Run doc tests	2026-05-03T17:56:25.3055570Z 
Test (Rust on macos-latest)	Run example	﻿2026-05-03T17:56:25.3091500Z ##[group]Run cargo run --example basic_usage
Test (Rust on macos-latest)	Run example	2026-05-03T17:56:25.3091810Z [36;1mcargo run --example basic_usage[0m
Test (Rust on macos-latest)	Run example	2026-05-03T17:56:25.3131140Z shell: /bin/bash -e {0}
Test (Rust on macos-latest)	Run example	2026-05-03T17:56:25.3131400Z env:
Test (Rust on macos-latest)	Run example	2026-05-03T17:56:25.3131600Z   CARGO_TERM_COLOR: always
Test (Rust on macos-latest)	Run example	2026-05-03T17:56:25.3131880Z   RUSTFLAGS: -Dwarnings
Test (Rust on macos-latest)	Run example	2026-05-03T17:56:25.3132130Z   CARGO_HOME: /Users/runner/.cargo
Test (Rust on macos-latest)	Run example	2026-05-03T17:56:25.3132390Z   CARGO_INCREMENTAL: 0
Test (Rust on macos-latest)	Run example	2026-05-03T17:56:25.3132600Z ##[endgroup]
Test (Rust on macos-latest)	Run example	2026-05-03T17:56:25.3631570Z [1m[92m    Finished[0m `dev` profile [unoptimized + debuginfo] target(s) in 0.00s
Test (Rust on macos-latest)	Run example	2026-05-03T17:56:25.3632450Z [1m[92m     Running[0m `target/debug/examples/basic_usage`
Test (Rust on macos-latest)	Run example	2026-05-03T17:56:25.3668540Z === Links Notation Objects Codec - Rust Example ===
Test (Rust on macos-latest)	Run example	2026-05-03T17:56:25.3668800Z 
Test (Rust on macos-latest)	Run example	2026-05-03T17:56:25.3668850Z 1. Basic Types:
Test (Rust on macos-latest)	Run example	2026-05-03T17:56:25.3676610Z    Null: (null) -> decoded: Null
Test (Rust on macos-latest)	Run example	2026-05-03T17:56:25.3676920Z    true: (bool true) -> decoded: Bool(true)
Test (Rust on macos-latest)	Run example	2026-05-03T17:56:25.3677150Z    42: (int 42) -> decoded: Int(42)
Test (Rust on macos-latest)	Run example	2026-05-03T17:56:25.3677480Z    3.14159: (float 3.14159) -> decoded: Float(3.14159)
Test (Rust on macos-latest)	Run example	2026-05-03T17:56:25.3677770Z    Infinity: (float Infinity) -> decoded: Float(inf)
Test (Rust on macos-latest)	Run example	2026-05-03T17:56:25.3678020Z    NaN: (float NaN) -> decoded is_nan: true
Test (Rust on macos-latest)	Run example	2026-05-03T17:56:25.3678450Z    'Hello, World!': (str SGVsbG8sIFdvcmxkIQ==) -> decoded: String("Hello, World!")
Test (Rust on macos-latest)	Run example	2026-05-03T17:56:25.3679100Z    Unicode: (str 5L2g5aW95LiW55WMIPCfjI0=) -> decoded: String("你好世界 🌍")
Test (Rust on macos-latest)	Run example	2026-05-03T17:56:25.3679330Z 
Test (Rust on macos-latest)	Run example	2026-05-03T17:56:25.3679390Z 2. Collections:
Test (Rust on macos-latest)	Run example	2026-05-03T17:56:25.3679580Z    Array [1, 2, 3]: (array (int 1) (int 2) (int 3))
Test (Rust on macos-latest)	Run example	2026-05-03T17:56:25.3679830Z    Decoded: Array([Int(1), Int(2), Int(3)])
Test (Rust on macos-latest)	Run example	2026-05-03T17:56:25.3680680Z    Object {name, age, active}: (object ((str bmFtZQ==) (str QWxpY2U=)) ((str YWdl) (int 30)) ((str YWN0aXZl) (bool true)))
Test (Rust on macos-latest)	Run example	2026-05-03T17:56:25.3681200Z    Decoded: Object([("name", String("Alice")), ("age", Int(30)), ("active", Bool(true))])
Test (Rust on macos-latest)	Run example	2026-05-03T17:56:25.3681450Z 
Test (Rust on macos-latest)	Run example	2026-05-03T17:56:25.3681520Z 3. Nested Structure:
Test (Rust on macos-latest)	Run example	2026-05-03T17:56:25.3682160Z    Encoded: (object ((str aWQ=) (int 123)) ((str bmFtZQ==) (str VGVzdCBPYmplY3Q=)) ((str dGFncw==) (array (str dGFnMQ==) (str dGFnMg==))) ((str bWV0YWRhdGE=) (object ((str dmVyc2lvbg==) (int 1)) ((str Y3JlYXRlZA==) (str MjAyNS0wMS0wMQ==)))))
Test (Rust on macos-latest)	Run example	2026-05-03T17:56:25.3682910Z    Decoded name: Some(String("Test Object"))
Test (Rust on macos-latest)	Run example	2026-05-03T17:56:25.3683190Z    Decoded tags: Some(Array([String("tag1"), String("tag2")]))
Test (Rust on macos-latest)	Run example	2026-05-03T17:56:25.3683470Z    Decoded metadata.version: Some(Int(1))
Test (Rust on macos-latest)	Run example	2026-05-03T17:56:25.3683630Z 
Test (Rust on macos-latest)	Run example	2026-05-03T17:56:25.3683690Z 4. Mixed Type Array:
Test (Rust on macos-latest)	Run example	2026-05-03T17:56:25.3683950Z    Encoded: (array (int 1) (str aGVsbG8=) (bool true) (null) (float 2.5))
Test (Rust on macos-latest)	Run example	2026-05-03T17:56:25.3684320Z    Decoded: Array([Int(1), String("hello"), Bool(true), Null, Float(2.5)])
Test (Rust on macos-latest)	Run example	2026-05-03T17:56:25.3684620Z 
Test (Rust on macos-latest)	Run example	2026-05-03T17:56:25.3684710Z 5. Roundtrip Verification:
Test (Rust on macos-latest)	Run example	2026-05-03T17:56:25.3684910Z    Original == Decoded: true
Test (Rust on macos-latest)	Run example	2026-05-03T17:56:25.3685040Z 
Test (Rust on macos-latest)	Run example	2026-05-03T17:56:25.3685120Z === Example completed successfully! ===
Test (Rust on macos-latest)	Post Cache cargo dependencies	﻿2026-05-03T17:56:25.4382590Z Post job cleanup.
Test (Rust on macos-latest)	Post Cache cargo dependencies	2026-05-03T17:56:25.5496180Z Cache hit occurred on the primary key macOS-cargo-3bdf1052f98aec50857f27e3615100242b9f9c1f98c417d8384cf7fd70b81aba, not saving cache.
Test (Rust on macos-latest)	Post Run actions/checkout@v4	﻿2026-05-03T17:56:25.5570240Z Post job cleanup.
Test (Rust on macos-latest)	Post Run actions/checkout@v4	2026-05-03T17:56:25.6464410Z [command]/opt/homebrew/bin/git version
Test (Rust on macos-latest)	Post Run actions/checkout@v4	2026-05-03T17:56:25.6530050Z git version 2.54.0
Test (Rust on macos-latest)	Post Run actions/checkout@v4	2026-05-03T17:56:25.6554320Z Copying '/Users/runner/.gitconfig' to '/Users/runner/work/_temp/f2045534-30d6-4f7e-96f3-cd4fe93bf152/.gitconfig'
Test (Rust on macos-latest)	Post Run actions/checkout@v4	2026-05-03T17:56:25.6560760Z Temporarily overriding HOME='/Users/runner/work/_temp/f2045534-30d6-4f7e-96f3-cd4fe93bf152' before making global git config changes
Test (Rust on macos-latest)	Post Run actions/checkout@v4	2026-05-03T17:56:25.6561410Z Adding repository directory to the temporary git global config as a safe directory
Test (Rust on macos-latest)	Post Run actions/checkout@v4	2026-05-03T17:56:25.6564060Z [command]/opt/homebrew/bin/git config --global --add safe.directory /Users/runner/work/lino-objects-codec/lino-objects-codec
Test (Rust on macos-latest)	Post Run actions/checkout@v4	2026-05-03T17:56:25.6622700Z [command]/opt/homebrew/bin/git config --local --name-only --get-regexp core\.sshCommand
Test (Rust on macos-latest)	Post Run actions/checkout@v4	2026-05-03T17:56:25.6680040Z [command]/opt/homebrew/bin/git submodule foreach --recursive sh -c "git config --local --name-only --get-regexp 'core\.sshCommand' && git config --local --unset-all 'core.sshCommand' || :"
Test (Rust on macos-latest)	Post Run actions/checkout@v4	2026-05-03T17:56:25.7353340Z [command]/opt/homebrew/bin/git config --local --name-only --get-regexp http\.https\:\/\/github\.com\/\.extraheader
Test (Rust on macos-latest)	Post Run actions/checkout@v4	2026-05-03T17:56:25.7399230Z http.https://github.com/.extraheader
Test (Rust on macos-latest)	Post Run actions/checkout@v4	2026-05-03T17:56:25.7407640Z [command]/opt/homebrew/bin/git config --local --unset-all http.https://github.com/.extraheader
Test (Rust on macos-latest)	Post Run actions/checkout@v4	2026-05-03T17:56:25.7460960Z [command]/opt/homebrew/bin/git submodule foreach --recursive sh -c "git config --local --name-only --get-regexp 'http\.https\:\/\/github\.com\/\.extraheader' && git config --local --unset-all 'http.https://github.com/.extraheader' || :"
Test (Rust on macos-latest)	Post Run actions/checkout@v4	2026-05-03T17:56:25.8103410Z [command]/opt/homebrew/bin/git config --local --name-only --get-regexp ^includeIf\.gitdir:
Test (Rust on macos-latest)	Post Run actions/checkout@v4	2026-05-03T17:56:25.8155720Z [command]/opt/homebrew/bin/git submodule foreach --recursive git config --local --show-origin --name-only --get-regexp remote.origin.url
Test (Rust on macos-latest)	Complete job	﻿2026-05-03T17:56:25.8919980Z Cleaning up orphan processes
Test (Rust on macos-latest)	Complete job	2026-05-03T17:56:26.1388020Z ##[warning]Node.js 20 actions are deprecated. The following actions are running on Node.js 20 and may not work as expected: actions/cache@v4, actions/checkout@v4. Actions will be forced to run with Node.js 24 by default starting June 2nd, 2026. Node.js 20 will be removed from the runner on September 16th, 2026. Please check if updated versions of these actions are available that support Node.js 24. To opt into Node.js 24 now, set the FORCE_JAVASCRIPT_ACTIONS_TO_NODE24=true environment variable on the runner or in your workflow file. Once Node.js 24 becomes the default, you can temporarily opt out by setting ACTIONS_ALLOW_USE_UNSECURE_NODE_VERSION=true. For more information see: https://github.blog/changelog/2025-09-19-deprecation-of-node-20-on-github-actions-runners/
Test (Rust on ubuntu-latest)	Set up job	﻿2026-05-03T17:56:14.2377945Z Current runner version: '2.334.0'
Test (Rust on ubuntu-latest)	Set up job	2026-05-03T17:56:14.2402954Z ##[group]Runner Image Provisioner
Test (Rust on ubuntu-latest)	Set up job	2026-05-03T17:56:14.2403802Z Hosted Compute Agent
Test (Rust on ubuntu-latest)	Set up job	2026-05-03T17:56:14.2404332Z Version: 20260213.493
Test (Rust on ubuntu-latest)	Set up job	2026-05-03T17:56:14.2404950Z Commit: 5c115507f6dd24b8de37d8bbe0bb4509d0cc0fa3
Test (Rust on ubuntu-latest)	Set up job	2026-05-03T17:56:14.2405710Z Build Date: 2026-02-13T00:28:41Z
Test (Rust on ubuntu-latest)	Set up job	2026-05-03T17:56:14.2406343Z Worker ID: {b97ed3bc-311e-4a13-bfd7-36d59e68c540}
Test (Rust on ubuntu-latest)	Set up job	2026-05-03T17:56:14.2407019Z Azure Region: centralus
Test (Rust on ubuntu-latest)	Set up job	2026-05-03T17:56:14.2407512Z ##[endgroup]
Test (Rust on ubuntu-latest)	Set up job	2026-05-03T17:56:14.2408968Z ##[group]Operating System
Test (Rust on ubuntu-latest)	Set up job	2026-05-03T17:56:14.2409550Z Ubuntu
Test (Rust on ubuntu-latest)	Set up job	2026-05-03T17:56:14.2410448Z 24.04.4
Test (Rust on ubuntu-latest)	Set up job	2026-05-03T17:56:14.2411011Z LTS
Test (Rust on ubuntu-latest)	Set up job	2026-05-03T17:56:14.2411479Z ##[endgroup]
Test (Rust on ubuntu-latest)	Set up job	2026-05-03T17:56:14.2411935Z ##[group]Runner Image
Test (Rust on ubuntu-latest)	Set up job	2026-05-03T17:56:14.2412530Z Image: ubuntu-24.04
Test (Rust on ubuntu-latest)	Set up job	2026-05-03T17:56:14.2413037Z Version: 20260413.86.1
Test (Rust on ubuntu-latest)	Set up job	2026-05-03T17:56:14.2414020Z Included Software: https://github.com/actions/runner-images/blob/ubuntu24/20260413.86/images/ubuntu/Ubuntu2404-Readme.md
Test (Rust on ubuntu-latest)	Set up job	2026-05-03T17:56:14.2415664Z Image Release: https://github.com/actions/runner-images/releases/tag/ubuntu24%2F20260413.86
Test (Rust on ubuntu-latest)	Set up job	2026-05-03T17:56:14.2416525Z ##[endgroup]
Test (Rust on ubuntu-latest)	Set up job	2026-05-03T17:56:14.2419309Z ##[group]GITHUB_TOKEN Permissions
Test (Rust on ubuntu-latest)	Set up job	2026-05-03T17:56:14.2421720Z Actions: write
Test (Rust on ubuntu-latest)	Set up job	2026-05-03T17:56:14.2422417Z ArtifactMetadata: write
Test (Rust on ubuntu-latest)	Set up job	2026-05-03T17:56:14.2422949Z Attestations: write
Test (Rust on ubuntu-latest)	Set up job	2026-05-03T17:56:14.2423459Z Checks: write
Test (Rust on ubuntu-latest)	Set up job	2026-05-03T17:56:14.2423945Z Contents: write
Test (Rust on ubuntu-latest)	Set up job	2026-05-03T17:56:14.2424471Z Deployments: write
Test (Rust on ubuntu-latest)	Set up job	2026-05-03T17:56:14.2424980Z Discussions: write
Test (Rust on ubuntu-latest)	Set up job	2026-05-03T17:56:14.2425511Z Issues: write
Test (Rust on ubuntu-latest)	Set up job	2026-05-03T17:56:14.2425974Z Metadata: read
Test (Rust on ubuntu-latest)	Set up job	2026-05-03T17:56:14.2426449Z Models: read
Test (Rust on ubuntu-latest)	Set up job	2026-05-03T17:56:14.2426875Z Packages: write
Test (Rust on ubuntu-latest)	Set up job	2026-05-03T17:56:14.2427424Z Pages: write
Test (Rust on ubuntu-latest)	Set up job	2026-05-03T17:56:14.2428037Z PullRequests: write
Test (Rust on ubuntu-latest)	Set up job	2026-05-03T17:56:14.2428528Z RepositoryProjects: write
Test (Rust on ubuntu-latest)	Set up job	2026-05-03T17:56:14.2429164Z SecurityEvents: write
Test (Rust on ubuntu-latest)	Set up job	2026-05-03T17:56:14.2429650Z Statuses: write
Test (Rust on ubuntu-latest)	Set up job	2026-05-03T17:56:14.2430368Z VulnerabilityAlerts: read
Test (Rust on ubuntu-latest)	Set up job	2026-05-03T17:56:14.2431014Z ##[endgroup]
Test (Rust on ubuntu-latest)	Set up job	2026-05-03T17:56:14.2433038Z Secret source: Actions
Test (Rust on ubuntu-latest)	Set up job	2026-05-03T17:56:14.2434054Z Prepare workflow directory
Test (Rust on ubuntu-latest)	Set up job	2026-05-03T17:56:14.2838037Z Prepare all required actions
Test (Rust on ubuntu-latest)	Set up job	2026-05-03T17:56:14.2876013Z Getting action download info
Test (Rust on ubuntu-latest)	Set up job	2026-05-03T17:56:14.6909456Z Download action repository 'actions/checkout@v4' (SHA:34e114876b0b11c390a56381ad16ebd13914f8d5)
Test (Rust on ubuntu-latest)	Set up job	2026-05-03T17:56:14.8376685Z Download action repository 'dtolnay/rust-toolchain@stable' (SHA:29eef336d9b2848a0b548edc03f92a220660cdb8)
Test (Rust on ubuntu-latest)	Set up job	2026-05-03T17:56:14.9996483Z Download action repository 'actions/cache@v4' (SHA:0057852bfaa89a56745cba8c7296529d2fc39830)
Test (Rust on ubuntu-latest)	Set up job	2026-05-03T17:56:15.2263211Z Complete job name: Test (Rust on ubuntu-latest)
Test (Rust on ubuntu-latest)	Run actions/checkout@v4	﻿2026-05-03T17:56:15.3015372Z ##[group]Run actions/checkout@v4
Test (Rust on ubuntu-latest)	Run actions/checkout@v4	2026-05-03T17:56:15.3016296Z with:
Test (Rust on ubuntu-latest)	Run actions/checkout@v4	2026-05-03T17:56:15.3016805Z   repository: link-foundation/lino-objects-codec
Test (Rust on ubuntu-latest)	Run actions/checkout@v4	2026-05-03T17:56:15.3017607Z   token: ***
Test (Rust on ubuntu-latest)	Run actions/checkout@v4	2026-05-03T17:56:15.3018025Z   ssh-strict: true
Test (Rust on ubuntu-latest)	Run actions/checkout@v4	2026-05-03T17:56:15.3018437Z   ssh-user: git
Test (Rust on ubuntu-latest)	Run actions/checkout@v4	2026-05-03T17:56:15.3018894Z   persist-credentials: true
Test (Rust on ubuntu-latest)	Run actions/checkout@v4	2026-05-03T17:56:15.3019366Z   clean: true
Test (Rust on ubuntu-latest)	Run actions/checkout@v4	2026-05-03T17:56:15.3019796Z   sparse-checkout-cone-mode: true
Test (Rust on ubuntu-latest)	Run actions/checkout@v4	2026-05-03T17:56:15.3020553Z   fetch-depth: 1
Test (Rust on ubuntu-latest)	Run actions/checkout@v4	2026-05-03T17:56:15.3020966Z   fetch-tags: false
Test (Rust on ubuntu-latest)	Run actions/checkout@v4	2026-05-03T17:56:15.3021411Z   show-progress: true
Test (Rust on ubuntu-latest)	Run actions/checkout@v4	2026-05-03T17:56:15.3021842Z   lfs: false
Test (Rust on ubuntu-latest)	Run actions/checkout@v4	2026-05-03T17:56:15.3022232Z   submodules: false
Test (Rust on ubuntu-latest)	Run actions/checkout@v4	2026-05-03T17:56:15.3022658Z   set-safe-directory: true
Test (Rust on ubuntu-latest)	Run actions/checkout@v4	2026-05-03T17:56:15.3023392Z env:
Test (Rust on ubuntu-latest)	Run actions/checkout@v4	2026-05-03T17:56:15.3023810Z   CARGO_TERM_COLOR: always
Test (Rust on ubuntu-latest)	Run actions/checkout@v4	2026-05-03T17:56:15.3024299Z   RUSTFLAGS: -Dwarnings
Test (Rust on ubuntu-latest)	Run actions/checkout@v4	2026-05-03T17:56:15.3024730Z ##[endgroup]
Test (Rust on ubuntu-latest)	Run actions/checkout@v4	2026-05-03T17:56:15.4125712Z Syncing repository: link-foundation/lino-objects-codec
Test (Rust on ubuntu-latest)	Run actions/checkout@v4	2026-05-03T17:56:15.4127735Z ##[group]Getting Git version info
Test (Rust on ubuntu-latest)	Run actions/checkout@v4	2026-05-03T17:56:15.4128616Z Working directory is '/home/runner/work/lino-objects-codec/lino-objects-codec'
Test (Rust on ubuntu-latest)	Run actions/checkout@v4	2026-05-03T17:56:15.4129770Z [command]/usr/bin/git version
Test (Rust on ubuntu-latest)	Run actions/checkout@v4	2026-05-03T17:56:15.4172074Z git version 2.53.0
Test (Rust on ubuntu-latest)	Run actions/checkout@v4	2026-05-03T17:56:15.4198739Z ##[endgroup]
Test (Rust on ubuntu-latest)	Run actions/checkout@v4	2026-05-03T17:56:15.4215778Z Temporarily overriding HOME='/home/runner/work/_temp/e2005e93-84e1-4f4f-9a21-40d09eebae7a' before making global git config changes
Test (Rust on ubuntu-latest)	Run actions/checkout@v4	2026-05-03T17:56:15.4218603Z Adding repository directory to the temporary git global config as a safe directory
Test (Rust on ubuntu-latest)	Run actions/checkout@v4	2026-05-03T17:56:15.4222315Z [command]/usr/bin/git config --global --add safe.directory /home/runner/work/lino-objects-codec/lino-objects-codec
Test (Rust on ubuntu-latest)	Run actions/checkout@v4	2026-05-03T17:56:15.4255436Z Deleting the contents of '/home/runner/work/lino-objects-codec/lino-objects-codec'
Test (Rust on ubuntu-latest)	Run actions/checkout@v4	2026-05-03T17:56:15.4260289Z ##[group]Initializing the repository
Test (Rust on ubuntu-latest)	Run actions/checkout@v4	2026-05-03T17:56:15.4265472Z [command]/usr/bin/git init /home/runner/work/lino-objects-codec/lino-objects-codec
Test (Rust on ubuntu-latest)	Run actions/checkout@v4	2026-05-03T17:56:15.4356398Z hint: Using 'master' as the name for the initial branch. This default branch name
Test (Rust on ubuntu-latest)	Run actions/checkout@v4	2026-05-03T17:56:15.4358148Z hint: will change to "main" in Git 3.0. To configure the initial branch name
Test (Rust on ubuntu-latest)	Run actions/checkout@v4	2026-05-03T17:56:15.4359806Z hint: to use in all of your new repositories, which will suppress this warning,
Test (Rust on ubuntu-latest)	Run actions/checkout@v4	2026-05-03T17:56:15.4361174Z hint: call:
Test (Rust on ubuntu-latest)	Run actions/checkout@v4	2026-05-03T17:56:15.4361573Z hint:
Test (Rust on ubuntu-latest)	Run actions/checkout@v4	2026-05-03T17:56:15.4362087Z hint: 	git config --global init.defaultBranch <name>
Test (Rust on ubuntu-latest)	Run actions/checkout@v4	2026-05-03T17:56:15.4362980Z hint:
Test (Rust on ubuntu-latest)	Run actions/checkout@v4	2026-05-03T17:56:15.4363605Z hint: Names commonly chosen instead of 'master' are 'main', 'trunk' and
Test (Rust on ubuntu-latest)	Run actions/checkout@v4	2026-05-03T17:56:15.4364849Z hint: 'development'. The just-created branch can be renamed via this command:
Test (Rust on ubuntu-latest)	Run actions/checkout@v4	2026-05-03T17:56:15.4365686Z hint:
Test (Rust on ubuntu-latest)	Run actions/checkout@v4	2026-05-03T17:56:15.4366102Z hint: 	git branch -m <name>
Test (Rust on ubuntu-latest)	Run actions/checkout@v4	2026-05-03T17:56:15.4366583Z hint:
Test (Rust on ubuntu-latest)	Run actions/checkout@v4	2026-05-03T17:56:15.4367241Z hint: Disable this message with "git config set advice.defaultBranchName false"
Test (Rust on ubuntu-latest)	Run actions/checkout@v4	2026-05-03T17:56:15.4368733Z Initialized empty Git repository in /home/runner/work/lino-objects-codec/lino-objects-codec/.git/
Test (Rust on ubuntu-latest)	Run actions/checkout@v4	2026-05-03T17:56:15.4371875Z [command]/usr/bin/git remote add origin https://github.com/link-foundation/lino-objects-codec
Test (Rust on ubuntu-latest)	Run actions/checkout@v4	2026-05-03T17:56:15.4399758Z ##[endgroup]
Test (Rust on ubuntu-latest)	Run actions/checkout@v4	2026-05-03T17:56:15.4400765Z ##[group]Disabling automatic garbage collection
Test (Rust on ubuntu-latest)	Run actions/checkout@v4	2026-05-03T17:56:15.4404432Z [command]/usr/bin/git config --local gc.auto 0
Test (Rust on ubuntu-latest)	Run actions/checkout@v4	2026-05-03T17:56:15.4433454Z ##[endgroup]
Test (Rust on ubuntu-latest)	Run actions/checkout@v4	2026-05-03T17:56:15.4434857Z ##[group]Setting up auth
Test (Rust on ubuntu-latest)	Run actions/checkout@v4	2026-05-03T17:56:15.4441257Z [command]/usr/bin/git config --local --name-only --get-regexp core\.sshCommand
Test (Rust on ubuntu-latest)	Run actions/checkout@v4	2026-05-03T17:56:15.4472070Z [command]/usr/bin/git submodule foreach --recursive sh -c "git config --local --name-only --get-regexp 'core\.sshCommand' && git config --local --unset-all 'core.sshCommand' || :"
Test (Rust on ubuntu-latest)	Run actions/checkout@v4	2026-05-03T17:56:15.4755393Z [command]/usr/bin/git config --local --name-only --get-regexp http\.https\:\/\/github\.com\/\.extraheader
Test (Rust on ubuntu-latest)	Run actions/checkout@v4	2026-05-03T17:56:15.4788604Z [command]/usr/bin/git submodule foreach --recursive sh -c "git config --local --name-only --get-regexp 'http\.https\:\/\/github\.com\/\.extraheader' && git config --local --unset-all 'http.https://github.com/.extraheader' || :"
Test (Rust on ubuntu-latest)	Run actions/checkout@v4	2026-05-03T17:56:15.5006196Z [command]/usr/bin/git config --local --name-only --get-regexp ^includeIf\.gitdir:
Test (Rust on ubuntu-latest)	Run actions/checkout@v4	2026-05-03T17:56:15.5044623Z [command]/usr/bin/git submodule foreach --recursive git config --local --show-origin --name-only --get-regexp remote.origin.url
Test (Rust on ubuntu-latest)	Run actions/checkout@v4	2026-05-03T17:56:15.5262901Z [command]/usr/bin/git config --local http.https://github.com/.extraheader AUTHORIZATION: basic ***
Test (Rust on ubuntu-latest)	Run actions/checkout@v4	2026-05-03T17:56:15.5297742Z ##[endgroup]
Test (Rust on ubuntu-latest)	Run actions/checkout@v4	2026-05-03T17:56:15.5299287Z ##[group]Fetching the repository
Test (Rust on ubuntu-latest)	Run actions/checkout@v4	2026-05-03T17:56:15.5308391Z [command]/usr/bin/git -c protocol.version=2 fetch --no-tags --prune --no-recurse-submodules --depth=1 origin +ddbf2556b5b0e91a05c053f321b85ce9eb02355a:refs/remotes/origin/main
Test (Rust on ubuntu-latest)	Run actions/checkout@v4	2026-05-03T17:56:15.9300558Z From https://github.com/link-foundation/lino-objects-codec
Test (Rust on ubuntu-latest)	Run actions/checkout@v4	2026-05-03T17:56:15.9302413Z  * [new ref]         ddbf2556b5b0e91a05c053f321b85ce9eb02355a -> origin/main
Test (Rust on ubuntu-latest)	Run actions/checkout@v4	2026-05-03T17:56:15.9330651Z ##[endgroup]
Test (Rust on ubuntu-latest)	Run actions/checkout@v4	2026-05-03T17:56:15.9332553Z ##[group]Determining the checkout info
Test (Rust on ubuntu-latest)	Run actions/checkout@v4	2026-05-03T17:56:15.9334594Z ##[endgroup]
Test (Rust on ubuntu-latest)	Run actions/checkout@v4	2026-05-03T17:56:15.9339377Z [command]/usr/bin/git sparse-checkout disable
Test (Rust on ubuntu-latest)	Run actions/checkout@v4	2026-05-03T17:56:15.9377396Z [command]/usr/bin/git config --local --unset-all extensions.worktreeConfig
Test (Rust on ubuntu-latest)	Run actions/checkout@v4	2026-05-03T17:56:15.9404472Z ##[group]Checking out the ref
Test (Rust on ubuntu-latest)	Run actions/checkout@v4	2026-05-03T17:56:15.9408901Z [command]/usr/bin/git checkout --progress --force -B main refs/remotes/origin/main
Test (Rust on ubuntu-latest)	Run actions/checkout@v4	2026-05-03T17:56:15.9579391Z Switched to a new branch 'main'
Test (Rust on ubuntu-latest)	Run actions/checkout@v4	2026-05-03T17:56:15.9581771Z branch 'main' set up to track 'origin/main'.
Test (Rust on ubuntu-latest)	Run actions/checkout@v4	2026-05-03T17:56:15.9589758Z ##[endgroup]
Test (Rust on ubuntu-latest)	Run actions/checkout@v4	2026-05-03T17:56:15.9623472Z [command]/usr/bin/git log -1 --format=%H
Test (Rust on ubuntu-latest)	Run actions/checkout@v4	2026-05-03T17:56:15.9645348Z ddbf2556b5b0e91a05c053f321b85ce9eb02355a
Test (Rust on ubuntu-latest)	Set up Rust	﻿2026-05-03T17:56:16.0222404Z ##[group]Run dtolnay/rust-toolchain@stable
Test (Rust on ubuntu-latest)	Set up Rust	2026-05-03T17:56:16.0223597Z with:
Test (Rust on ubuntu-latest)	Set up Rust	2026-05-03T17:56:16.0224368Z   toolchain: stable
Test (Rust on ubuntu-latest)	Set up Rust	2026-05-03T17:56:16.0225197Z env:
Test (Rust on ubuntu-latest)	Set up Rust	2026-05-03T17:56:16.0225952Z   CARGO_TERM_COLOR: always
Test (Rust on ubuntu-latest)	Set up Rust	2026-05-03T17:56:16.0226909Z   RUSTFLAGS: -Dwarnings
Test (Rust on ubuntu-latest)	Set up Rust	2026-05-03T17:56:16.0227793Z ##[endgroup]
Test (Rust on ubuntu-latest)	Set up Rust	2026-05-03T17:56:16.0391624Z ##[group]Run : parse toolchain version
Test (Rust on ubuntu-latest)	Set up Rust	2026-05-03T17:56:16.0392895Z [36;1m: parse toolchain version[0m
Test (Rust on ubuntu-latest)	Set up Rust	2026-05-03T17:56:16.0393972Z [36;1mif [[ -z $toolchain ]]; then[0m
Test (Rust on ubuntu-latest)	Set up Rust	2026-05-03T17:56:16.0395838Z [36;1m  # GitHub does not enforce `required: true` inputs itself. https://github.com/actions/runner/issues/1070[0m
Test (Rust on ubuntu-latest)	Set up Rust	2026-05-03T17:56:16.0397873Z [36;1m  echo "'toolchain' is a required input" >&2[0m
Test (Rust on ubuntu-latest)	Set up Rust	2026-05-03T17:56:16.0399025Z [36;1m  exit 1[0m
Test (Rust on ubuntu-latest)	Set up Rust	2026-05-03T17:56:16.0473437Z [36;1melif [[ $toolchain =~ ^stable' '[0-9]+' '(year|month|week|day)s?' 'ago$ ]]; then[0m
Test (Rust on ubuntu-latest)	Set up Rust	2026-05-03T17:56:16.0475349Z [36;1m  if [[ Linux == macOS ]]; then[0m
Test (Rust on ubuntu-latest)	Set up Rust	2026-05-03T17:56:16.0477350Z [36;1m    echo "toolchain=1.$((($(date -v-$(sed 's/stable \([0-9]*\) \(.\).*/\1\2/' <<< $toolchain) +%s)/60/60/24-16569)/7/6))" >> $GITHUB_OUTPUT[0m
Test (Rust on ubuntu-latest)	Set up Rust	2026-05-03T17:56:16.0479333Z [36;1m  else[0m
Test (Rust on ubuntu-latest)	Set up Rust	2026-05-03T17:56:16.0481041Z [36;1m    echo "toolchain=1.$((($(date --date "${toolchain#stable }" +%s)/60/60/24-16569)/7/6))" >> $GITHUB_OUTPUT[0m
Test (Rust on ubuntu-latest)	Set up Rust	2026-05-03T17:56:16.0482797Z [36;1m  fi[0m
Test (Rust on ubuntu-latest)	Set up Rust	2026-05-03T17:56:16.0483907Z [36;1melif [[ $toolchain =~ ^stable' 'minus' '[0-9]+' 'releases?$ ]]; then[0m
Test (Rust on ubuntu-latest)	Set up Rust	2026-05-03T17:56:16.0485910Z [36;1m  echo "toolchain=1.$((($(date +%s)/60/60/24-16569)/7/6-${toolchain//[^0-9]/}))" >> $GITHUB_OUTPUT[0m
Test (Rust on ubuntu-latest)	Set up Rust	2026-05-03T17:56:16.0487649Z [36;1melif [[ $toolchain =~ ^1\.[0-9]+$ ]]; then[0m
Test (Rust on ubuntu-latest)	Set up Rust	2026-05-03T17:56:16.0489618Z [36;1m  echo "toolchain=1.$((i=${toolchain#1.}, c=($(date +%s)/60/60/24-16569)/7/6, i+9*i*(10*i<=c)+90*i*(100*i<=c)))" >> $GITHUB_OUTPUT[0m
Test (Rust on ubuntu-latest)	Set up Rust	2026-05-03T17:56:16.0491621Z [36;1melse[0m
Test (Rust on ubuntu-latest)	Set up Rust	2026-05-03T17:56:16.0492550Z [36;1m  echo "toolchain=$toolchain" >> $GITHUB_OUTPUT[0m
Test (Rust on ubuntu-latest)	Set up Rust	2026-05-03T17:56:16.0493721Z [36;1mfi[0m
Test (Rust on ubuntu-latest)	Set up Rust	2026-05-03T17:56:16.0522948Z shell: /usr/bin/bash --noprofile --norc -e -o pipefail {0}
Test (Rust on ubuntu-latest)	Set up Rust	2026-05-03T17:56:16.0524219Z env:
Test (Rust on ubuntu-latest)	Set up Rust	2026-05-03T17:56:16.0524949Z   CARGO_TERM_COLOR: always
Test (Rust on ubuntu-latest)	Set up Rust	2026-05-03T17:56:16.0525851Z   RUSTFLAGS: -Dwarnings
Test (Rust on ubuntu-latest)	Set up Rust	2026-05-03T17:56:16.0526698Z   toolchain: stable
Test (Rust on ubuntu-latest)	Set up Rust	2026-05-03T17:56:16.0527469Z ##[endgroup]
Test (Rust on ubuntu-latest)	Set up Rust	2026-05-03T17:56:16.0749345Z ##[group]Run : construct rustup command line
Test (Rust on ubuntu-latest)	Set up Rust	2026-05-03T17:56:16.0750869Z [36;1m: construct rustup command line[0m
Test (Rust on ubuntu-latest)	Set up Rust	2026-05-03T17:56:16.0752533Z [36;1mecho "targets=$(for t in ${targets//,/ }; do echo -n ' --target' $t; done)" >> $GITHUB_OUTPUT[0m
Test (Rust on ubuntu-latest)	Set up Rust	2026-05-03T17:56:16.0754878Z [36;1mecho "components=$(for c in ${components//,/ }; do echo -n ' --component' $c; done)" >> $GITHUB_OUTPUT[0m
Test (Rust on ubuntu-latest)	Set up Rust	2026-05-03T17:56:16.0756709Z [36;1mecho "downgrade=" >> $GITHUB_OUTPUT[0m
Test (Rust on ubuntu-latest)	Set up Rust	2026-05-03T17:56:16.0780172Z shell: /usr/bin/bash --noprofile --norc -e -o pipefail {0}
Test (Rust on ubuntu-latest)	Set up Rust	2026-05-03T17:56:16.0781434Z env:
Test (Rust on ubuntu-latest)	Set up Rust	2026-05-03T17:56:16.0782163Z   CARGO_TERM_COLOR: always
Test (Rust on ubuntu-latest)	Set up Rust	2026-05-03T17:56:16.0783095Z   RUSTFLAGS: -Dwarnings
Test (Rust on ubuntu-latest)	Set up Rust	2026-05-03T17:56:16.0783926Z   targets: 
Test (Rust on ubuntu-latest)	Set up Rust	2026-05-03T17:56:16.0784645Z   components: 
Test (Rust on ubuntu-latest)	Set up Rust	2026-05-03T17:56:16.0785389Z ##[endgroup]
Test (Rust on ubuntu-latest)	Set up Rust	2026-05-03T17:56:16.0894758Z ##[group]Run : set $CARGO_HOME
Test (Rust on ubuntu-latest)	Set up Rust	2026-05-03T17:56:16.0895704Z [36;1m: set $CARGO_HOME[0m
Test (Rust on ubuntu-latest)	Set up Rust	2026-05-03T17:56:16.0896889Z [36;1mecho CARGO_HOME=${CARGO_HOME:-"$HOME/.cargo"} >> $GITHUB_ENV[0m
Test (Rust on ubuntu-latest)	Set up Rust	2026-05-03T17:56:16.0919585Z shell: /usr/bin/bash --noprofile --norc -e -o pipefail {0}
Test (Rust on ubuntu-latest)	Set up Rust	2026-05-03T17:56:16.0921097Z env:
Test (Rust on ubuntu-latest)	Set up Rust	2026-05-03T17:56:16.0921802Z   CARGO_TERM_COLOR: always
Test (Rust on ubuntu-latest)	Set up Rust	2026-05-03T17:56:16.0922689Z   RUSTFLAGS: -Dwarnings
Test (Rust on ubuntu-latest)	Set up Rust	2026-05-03T17:56:16.0923488Z ##[endgroup]
Test (Rust on ubuntu-latest)	Set up Rust	2026-05-03T17:56:16.1032860Z ##[group]Run : install rustup if needed
Test (Rust on ubuntu-latest)	Set up Rust	2026-05-03T17:56:16.1033945Z [36;1m: install rustup if needed[0m
Test (Rust on ubuntu-latest)	Set up Rust	2026-05-03T17:56:16.1035054Z [36;1mif ! command -v rustup &>/dev/null; then[0m
Test (Rust on ubuntu-latest)	Set up Rust	2026-05-03T17:56:16.1037682Z [36;1m  curl --proto '=https' --tlsv1.2 --retry 10 --retry-connrefused --location --silent --show-error --fail https://sh.rustup.rs | sh -s -- --default-toolchain none -y[0m
Test (Rust on ubuntu-latest)	Set up Rust	2026-05-03T17:56:16.1040907Z [36;1m  echo "$CARGO_HOME/bin" >> $GITHUB_PATH[0m
Test (Rust on ubuntu-latest)	Set up Rust	2026-05-03T17:56:16.1042016Z [36;1mfi[0m
Test (Rust on ubuntu-latest)	Set up Rust	2026-05-03T17:56:16.1063876Z shell: /usr/bin/bash --noprofile --norc -e -o pipefail {0}
Test (Rust on ubuntu-latest)	Set up Rust	2026-05-03T17:56:16.1065108Z env:
Test (Rust on ubuntu-latest)	Set up Rust	2026-05-03T17:56:16.1065826Z   CARGO_TERM_COLOR: always
Test (Rust on ubuntu-latest)	Set up Rust	2026-05-03T17:56:16.1066720Z   RUSTFLAGS: -Dwarnings
Test (Rust on ubuntu-latest)	Set up Rust	2026-05-03T17:56:16.1067609Z   CARGO_HOME: /home/runner/.cargo
Test (Rust on ubuntu-latest)	Set up Rust	2026-05-03T17:56:16.1068549Z ##[endgroup]
Test (Rust on ubuntu-latest)	Set up Rust	2026-05-03T17:56:16.1182655Z ##[group]Run rustup toolchain install stable --profile minimal --no-self-update
Test (Rust on ubuntu-latest)	Set up Rust	2026-05-03T17:56:16.1184614Z [36;1mrustup toolchain install stable --profile minimal --no-self-update[0m
Test (Rust on ubuntu-latest)	Set up Rust	2026-05-03T17:56:16.1207016Z shell: /usr/bin/bash --noprofile --norc -e -o pipefail {0}
Test (Rust on ubuntu-latest)	Set up Rust	2026-05-03T17:56:16.1208206Z env:
Test (Rust on ubuntu-latest)	Set up Rust	2026-05-03T17:56:16.1208893Z   CARGO_TERM_COLOR: always
Test (Rust on ubuntu-latest)	Set up Rust	2026-05-03T17:56:16.1209766Z   RUSTFLAGS: -Dwarnings
Test (Rust on ubuntu-latest)	Set up Rust	2026-05-03T17:56:16.1210998Z   CARGO_HOME: /home/runner/.cargo
Test (Rust on ubuntu-latest)	Set up Rust	2026-05-03T17:56:16.1212000Z   RUSTUP_PERMIT_COPY_RENAME: 1
Test (Rust on ubuntu-latest)	Set up Rust	2026-05-03T17:56:16.1212885Z ##[endgroup]
Test (Rust on ubuntu-latest)	Set up Rust	2026-05-03T17:56:16.2873554Z info: syncing channel updates for stable-x86_64-unknown-linux-gnu
Test (Rust on ubuntu-latest)	Set up Rust	2026-05-03T17:56:16.5332840Z info: latest update on 2026-04-16 for version 1.95.0 (59807616e 2026-04-14)
Test (Rust on ubuntu-latest)	Set up Rust	2026-05-03T17:56:16.5495663Z info: removing previous version of component clippy
Test (Rust on ubuntu-latest)	Set up Rust	2026-05-03T17:56:16.5633441Z info: removing previous version of component rustfmt
Test (Rust on ubuntu-latest)	Set up Rust	2026-05-03T17:56:16.5644462Z info: removing previous version of component cargo
Test (Rust on ubuntu-latest)	Set up Rust	2026-05-03T17:56:16.5727340Z info: removing previous version of component rust-std
Test (Rust on ubuntu-latest)	Set up Rust	2026-05-03T17:56:16.5813131Z info: removing previous version of component rustc
Test (Rust on ubuntu-latest)	Set up Rust	2026-05-03T17:56:16.5867817Z info: downloading 5 components
Test (Rust on ubuntu-latest)	Set up Rust	2026-05-03T17:56:24.7744192Z 
Test (Rust on ubuntu-latest)	Set up Rust	2026-05-03T17:56:24.7817229Z   stable-x86_64-unknown-linux-gnu updated - rustc 1.95.0 (59807616e 2026-04-14) (from rustc 1.94.1 (e408947bf 2026-03-25))
Test (Rust on ubuntu-latest)	Set up Rust	2026-05-03T17:56:24.7819124Z 
Test (Rust on ubuntu-latest)	Set up Rust	2026-05-03T17:56:24.7896571Z ##[group]Run rustup default stable
Test (Rust on ubuntu-latest)	Set up Rust	2026-05-03T17:56:24.7896898Z [36;1mrustup default stable[0m
Test (Rust on ubuntu-latest)	Set up Rust	2026-05-03T17:56:24.7918363Z shell: /usr/bin/bash --noprofile --norc -e -o pipefail {0}
Test (Rust on ubuntu-latest)	Set up Rust	2026-05-03T17:56:24.7918726Z env:
Test (Rust on ubuntu-latest)	Set up Rust	2026-05-03T17:56:24.7918946Z   CARGO_TERM_COLOR: always
Test (Rust on ubuntu-latest)	Set up Rust	2026-05-03T17:56:24.7919201Z   RUSTFLAGS: -Dwarnings
Test (Rust on ubuntu-latest)	Set up Rust	2026-05-03T17:56:24.7919456Z   CARGO_HOME: /home/runner/.cargo
Test (Rust on ubuntu-latest)	Set up Rust	2026-05-03T17:56:24.7919740Z ##[endgroup]
Test (Rust on ubuntu-latest)	Set up Rust	2026-05-03T17:56:24.8013198Z info: using existing install for stable-x86_64-unknown-linux-gnu
Test (Rust on ubuntu-latest)	Set up Rust	2026-05-03T17:56:24.8020189Z info: default toolchain set to stable-x86_64-unknown-linux-gnu
Test (Rust on ubuntu-latest)	Set up Rust	2026-05-03T17:56:24.8020609Z 
Test (Rust on ubuntu-latest)	Set up Rust	2026-05-03T17:56:24.8086954Z   stable-x86_64-unknown-linux-gnu unchanged - rustc 1.95.0 (59807616e 2026-04-14)
Test (Rust on ubuntu-latest)	Set up Rust	2026-05-03T17:56:24.8087502Z 
Test (Rust on ubuntu-latest)	Set up Rust	2026-05-03T17:56:24.8128408Z ##[group]Run : create cachekey
Test (Rust on ubuntu-latest)	Set up Rust	2026-05-03T17:56:24.8128720Z [36;1m: create cachekey[0m
Test (Rust on ubuntu-latest)	Set up Rust	2026-05-03T17:56:24.8129242Z [36;1mDATE=$(rustc +stable --version --verbose | sed -ne 's/^commit-date: \(20[0-9][0-9]\)-\([01][0-9]\)-\([0-3][0-9]\)$/\1\2\3/p')[0m
Test (Rust on ubuntu-latest)	Set up Rust	2026-05-03T17:56:24.8130233Z [36;1mHASH=$(rustc +stable --version --verbose | sed -ne 's/^commit-hash: //p')[0m
Test (Rust on ubuntu-latest)	Set up Rust	2026-05-03T17:56:24.8130781Z [36;1mecho "cachekey=$(echo $DATE$HASH | head -c12)" >> $GITHUB_OUTPUT[0m
Test (Rust on ubuntu-latest)	Set up Rust	2026-05-03T17:56:24.8152075Z shell: /usr/bin/bash --noprofile --norc -e -o pipefail {0}
Test (Rust on ubuntu-latest)	Set up Rust	2026-05-03T17:56:24.8152444Z env:
Test (Rust on ubuntu-latest)	Set up Rust	2026-05-03T17:56:24.8152921Z   CARGO_TERM_COLOR: always
Test (Rust on ubuntu-latest)	Set up Rust	2026-05-03T17:56:24.8153179Z   RUSTFLAGS: -Dwarnings
Test (Rust on ubuntu-latest)	Set up Rust	2026-05-03T17:56:24.8153426Z   CARGO_HOME: /home/runner/.cargo
Test (Rust on ubuntu-latest)	Set up Rust	2026-05-03T17:56:24.8153697Z ##[endgroup]
Test (Rust on ubuntu-latest)	Set up Rust	2026-05-03T17:56:24.8494091Z ##[group]Run : disable incremental compilation
Test (Rust on ubuntu-latest)	Set up Rust	2026-05-03T17:56:24.8494500Z [36;1m: disable incremental compilation[0m
Test (Rust on ubuntu-latest)	Set up Rust	2026-05-03T17:56:24.8494883Z [36;1mif [ -z "${CARGO_INCREMENTAL+set}" ]; then[0m
Test (Rust on ubuntu-latest)	Set up Rust	2026-05-03T17:56:24.8495263Z [36;1m  echo CARGO_INCREMENTAL=0 >> $GITHUB_ENV[0m
Test (Rust on ubuntu-latest)	Set up Rust	2026-05-03T17:56:24.8495562Z [36;1mfi[0m
Test (Rust on ubuntu-latest)	Set up Rust	2026-05-03T17:56:24.8516881Z shell: /usr/bin/bash --noprofile --norc -e -o pipefail {0}
Test (Rust on ubuntu-latest)	Set up Rust	2026-05-03T17:56:24.8517464Z env:
Test (Rust on ubuntu-latest)	Set up Rust	2026-05-03T17:56:24.8517718Z   CARGO_TERM_COLOR: always
Test (Rust on ubuntu-latest)	Set up Rust	2026-05-03T17:56:24.8517968Z   RUSTFLAGS: -Dwarnings
Test (Rust on ubuntu-latest)	Set up Rust	2026-05-03T17:56:24.8518224Z   CARGO_HOME: /home/runner/.cargo
Test (Rust on ubuntu-latest)	Set up Rust	2026-05-03T17:56:24.8518487Z ##[endgroup]
Test (Rust on ubuntu-latest)	Set up Rust	2026-05-03T17:56:24.8588407Z ##[group]Run : enable colors in Cargo output
Test (Rust on ubuntu-latest)	Set up Rust	2026-05-03T17:56:24.8588793Z [36;1m: enable colors in Cargo output[0m
Test (Rust on ubuntu-latest)	Set up Rust	2026-05-03T17:56:24.8589179Z [36;1mif [ -z "${CARGO_TERM_COLOR+set}" ]; then[0m
Test (Rust on ubuntu-latest)	Set up Rust	2026-05-03T17:56:24.8589551Z [36;1m  echo CARGO_TERM_COLOR=always >> $GITHUB_ENV[0m
Test (Rust on ubuntu-latest)	Set up Rust	2026-05-03T17:56:24.8590185Z [36;1mfi[0m
Test (Rust on ubuntu-latest)	Set up Rust	2026-05-03T17:56:24.8610461Z shell: /usr/bin/bash --noprofile --norc -e -o pipefail {0}
Test (Rust on ubuntu-latest)	Set up Rust	2026-05-03T17:56:24.8610841Z env:
Test (Rust on ubuntu-latest)	Set up Rust	2026-05-03T17:56:24.8611073Z   CARGO_TERM_COLOR: always
Test (Rust on ubuntu-latest)	Set up Rust	2026-05-03T17:56:24.8611336Z   RUSTFLAGS: -Dwarnings
Test (Rust on ubuntu-latest)	Set up Rust	2026-05-03T17:56:24.8611613Z   CARGO_HOME: /home/runner/.cargo
Test (Rust on ubuntu-latest)	Set up Rust	2026-05-03T17:56:24.8611893Z   CARGO_INCREMENTAL: 0
Test (Rust on ubuntu-latest)	Set up Rust	2026-05-03T17:56:24.8612139Z ##[endgroup]
Test (Rust on ubuntu-latest)	Set up Rust	2026-05-03T17:56:24.8726964Z ##[group]Run : enable Cargo sparse registry
Test (Rust on ubuntu-latest)	Set up Rust	2026-05-03T17:56:24.8727329Z [36;1m: enable Cargo sparse registry[0m
Test (Rust on ubuntu-latest)	Set up Rust	2026-05-03T17:56:24.8727733Z [36;1m# implemented in 1.66, stabilized in 1.68, made default in 1.70[0m
Test (Rust on ubuntu-latest)	Set up Rust	2026-05-03T17:56:24.8728473Z [36;1mif [ -z "${CARGO_REGISTRIES_CRATES_IO_PROTOCOL+set}" -o -f "/home/runner/work/_temp"/.implicit_cargo_registries_crates_io_protocol ]; then[0m
Test (Rust on ubuntu-latest)	Set up Rust	2026-05-03T17:56:24.8729234Z [36;1m  if rustc +stable --version --verbose | grep -q '^release: 1\.6[89]\.'; then[0m
Test (Rust on ubuntu-latest)	Set up Rust	2026-05-03T17:56:24.8730093Z [36;1m    touch "/home/runner/work/_temp"/.implicit_cargo_registries_crates_io_protocol || true[0m
Test (Rust on ubuntu-latest)	Set up Rust	2026-05-03T17:56:24.8730680Z [36;1m    echo CARGO_REGISTRIES_CRATES_IO_PROTOCOL=sparse >> $GITHUB_ENV[0m
Test (Rust on ubuntu-latest)	Set up Rust	2026-05-03T17:56:24.8731199Z [36;1m  elif rustc +stable --version --verbose | grep -q '^release: 1\.6[67]\.'; then[0m
Test (Rust on ubuntu-latest)	Set up Rust	2026-05-03T17:56:24.8731775Z [36;1m    touch "/home/runner/work/_temp"/.implicit_cargo_registries_crates_io_protocol || true[0m
Test (Rust on ubuntu-latest)	Set up Rust	2026-05-03T17:56:24.8732368Z [36;1m    echo CARGO_REGISTRIES_CRATES_IO_PROTOCOL=git >> $GITHUB_ENV[0m
Test (Rust on ubuntu-latest)	Set up Rust	2026-05-03T17:56:24.8732729Z [36;1m  fi[0m
Test (Rust on ubuntu-latest)	Set up Rust	2026-05-03T17:56:24.8732945Z [36;1mfi[0m
Test (Rust on ubuntu-latest)	Set up Rust	2026-05-03T17:56:24.8753217Z shell: /usr/bin/bash --noprofile --norc -e -o pipefail {0}
Test (Rust on ubuntu-latest)	Set up Rust	2026-05-03T17:56:24.8753580Z env:
Test (Rust on ubuntu-latest)	Set up Rust	2026-05-03T17:56:24.8753794Z   CARGO_TERM_COLOR: always
Test (Rust on ubuntu-latest)	Set up Rust	2026-05-03T17:56:24.8754051Z   RUSTFLAGS: -Dwarnings
Test (Rust on ubuntu-latest)	Set up Rust	2026-05-03T17:56:24.8754319Z   CARGO_HOME: /home/runner/.cargo
Test (Rust on ubuntu-latest)	Set up Rust	2026-05-03T17:56:24.8754584Z   CARGO_INCREMENTAL: 0
Test (Rust on ubuntu-latest)	Set up Rust	2026-05-03T17:56:24.8754821Z ##[endgroup]
Test (Rust on ubuntu-latest)	Set up Rust	2026-05-03T17:56:24.9080746Z ##[group]Run : work around spurious network errors in curl 8.0
Test (Rust on ubuntu-latest)	Set up Rust	2026-05-03T17:56:24.9081265Z [36;1m: work around spurious network errors in curl 8.0[0m
Test (Rust on ubuntu-latest)	Set up Rust	2026-05-03T17:56:24.9082032Z [36;1m# https://rust-lang.zulipchat.com/#narrow/stream/246057-t-cargo/topic/timeout.20investigation[0m
Test (Rust on ubuntu-latest)	Set up Rust	2026-05-03T17:56:24.9082684Z [36;1mif rustc +stable --version --verbose | grep -q '^release: 1\.7[01]\.'; then[0m
Test (Rust on ubuntu-latest)	Set up Rust	2026-05-03T17:56:24.9083199Z [36;1m  echo CARGO_HTTP_MULTIPLEXING=false >> $GITHUB_ENV[0m
Test (Rust on ubuntu-latest)	Set up Rust	2026-05-03T17:56:24.9083543Z [36;1mfi[0m
Test (Rust on ubuntu-latest)	Set up Rust	2026-05-03T17:56:24.9104919Z shell: /usr/bin/bash --noprofile --norc -e -o pipefail {0}
Test (Rust on ubuntu-latest)	Set up Rust	2026-05-03T17:56:24.9105312Z env:
Test (Rust on ubuntu-latest)	Set up Rust	2026-05-03T17:56:24.9105536Z   CARGO_TERM_COLOR: always
Test (Rust on ubuntu-latest)	Set up Rust	2026-05-03T17:56:24.9105819Z   RUSTFLAGS: -Dwarnings
Test (Rust on ubuntu-latest)	Set up Rust	2026-05-03T17:56:24.9106092Z   CARGO_HOME: /home/runner/.cargo
Test (Rust on ubuntu-latest)	Set up Rust	2026-05-03T17:56:24.9106565Z   CARGO_INCREMENTAL: 0
Test (Rust on ubuntu-latest)	Set up Rust	2026-05-03T17:56:24.9129004Z ##[endgroup]
Test (Rust on ubuntu-latest)	Set up Rust	2026-05-03T17:56:24.9329161Z ##[group]Run rustc +stable --version --verbose
Test (Rust on ubuntu-latest)	Set up Rust	2026-05-03T17:56:24.9329563Z [36;1mrustc +stable --version --verbose[0m
Test (Rust on ubuntu-latest)	Set up Rust	2026-05-03T17:56:24.9351619Z shell: /usr/bin/bash --noprofile --norc -e -o pipefail {0}
Test (Rust on ubuntu-latest)	Set up Rust	2026-05-03T17:56:24.9351995Z env:
Test (Rust on ubuntu-latest)	Set up Rust	2026-05-03T17:56:24.9352203Z   CARGO_TERM_COLOR: always
Test (Rust on ubuntu-latest)	Set up Rust	2026-05-03T17:56:24.9352467Z   RUSTFLAGS: -Dwarnings
Test (Rust on ubuntu-latest)	Set up Rust	2026-05-03T17:56:24.9352726Z   CARGO_HOME: /home/runner/.cargo
Test (Rust on ubuntu-latest)	Set up Rust	2026-05-03T17:56:24.9352990Z   CARGO_INCREMENTAL: 0
Test (Rust on ubuntu-latest)	Set up Rust	2026-05-03T17:56:24.9353406Z ##[endgroup]
Test (Rust on ubuntu-latest)	Set up Rust	2026-05-03T17:56:24.9508711Z rustc 1.95.0 (59807616e 2026-04-14)
Test (Rust on ubuntu-latest)	Set up Rust	2026-05-03T17:56:24.9509732Z binary: rustc
Test (Rust on ubuntu-latest)	Set up Rust	2026-05-03T17:56:24.9510562Z commit-hash: 59807616e1fa2540724bfbac14d7976d7e4a3860
Test (Rust on ubuntu-latest)	Set up Rust	2026-05-03T17:56:24.9511198Z commit-date: 2026-04-14
Test (Rust on ubuntu-latest)	Set up Rust	2026-05-03T17:56:24.9511677Z host: x86_64-unknown-linux-gnu
Test (Rust on ubuntu-latest)	Set up Rust	2026-05-03T17:56:24.9512109Z release: 1.95.0
Test (Rust on ubuntu-latest)	Set up Rust	2026-05-03T17:56:24.9512348Z LLVM version: 22.1.2
Test (Rust on ubuntu-latest)	Cache cargo dependencies	﻿2026-05-03T17:56:25.0184185Z ##[group]Run actions/cache@v4
Test (Rust on ubuntu-latest)	Cache cargo dependencies	2026-05-03T17:56:25.0184524Z with:
Test (Rust on ubuntu-latest)	Cache cargo dependencies	2026-05-03T17:56:25.0184924Z   path: ~/.cargo/bin/
Test (Rust on ubuntu-latest)	Cache cargo dependencies	~/.cargo/registry/index/
Test (Rust on ubuntu-latest)	Cache cargo dependencies	~/.cargo/registry/cache/
Test (Rust on ubuntu-latest)	Cache cargo dependencies	~/.cargo/git/db/
Test (Rust on ubuntu-latest)	Cache cargo dependencies	rust/target/
Test (Rust on ubuntu-latest)	Cache cargo dependencies	
Test (Rust on ubuntu-latest)	Cache cargo dependencies	2026-05-03T17:56:25.0185584Z   key: Linux-cargo-3bdf1052f98aec50857f27e3615100242b9f9c1f98c417d8384cf7fd70b81aba
Test (Rust on ubuntu-latest)	Cache cargo dependencies	2026-05-03T17:56:25.0186050Z   enableCrossOsArchive: false
Test (Rust on ubuntu-latest)	Cache cargo dependencies	2026-05-03T17:56:25.0186322Z   fail-on-cache-miss: false
Test (Rust on ubuntu-latest)	Cache cargo dependencies	2026-05-03T17:56:25.0186577Z   lookup-only: false
Test (Rust on ubuntu-latest)	Cache cargo dependencies	2026-05-03T17:56:25.0186800Z   save-always: false
Test (Rust on ubuntu-latest)	Cache cargo dependencies	2026-05-03T17:56:25.0187023Z env:
Test (Rust on ubuntu-latest)	Cache cargo dependencies	2026-05-03T17:56:25.0187221Z   CARGO_TERM_COLOR: always
Test (Rust on ubuntu-latest)	Cache cargo dependencies	2026-05-03T17:56:25.0187476Z   RUSTFLAGS: -Dwarnings
Test (Rust on ubuntu-latest)	Cache cargo dependencies	2026-05-03T17:56:25.0187722Z   CARGO_HOME: /home/runner/.cargo
Test (Rust on ubuntu-latest)	Cache cargo dependencies	2026-05-03T17:56:25.0187992Z   CARGO_INCREMENTAL: 0
Test (Rust on ubuntu-latest)	Cache cargo dependencies	2026-05-03T17:56:25.0188211Z ##[endgroup]
Test (Rust on ubuntu-latest)	Cache cargo dependencies	2026-05-03T17:56:25.2921708Z Cache hit for: Linux-cargo-3bdf1052f98aec50857f27e3615100242b9f9c1f98c417d8384cf7fd70b81aba
Test (Rust on ubuntu-latest)	Cache cargo dependencies	2026-05-03T17:56:26.4292462Z Received 17948946 of 17948946 (100.0%), 17.8 MBs/sec
Test (Rust on ubuntu-latest)	Cache cargo dependencies	2026-05-03T17:56:26.4293247Z Cache Size: ~17 MB (17948946 B)
Test (Rust on ubuntu-latest)	Cache cargo dependencies	2026-05-03T17:56:26.4322779Z [command]/usr/bin/tar -xf /home/runner/work/_temp/69739a09-0169-408e-a562-7dcc94546558/cache.tzst -P -C /home/runner/work/lino-objects-codec/lino-objects-codec --use-compress-program unzstd
Test (Rust on ubuntu-latest)	Cache cargo dependencies	2026-05-03T17:56:26.5332870Z Cache restored successfully
Test (Rust on ubuntu-latest)	Cache cargo dependencies	2026-05-03T17:56:26.5423216Z Cache restored from key: Linux-cargo-3bdf1052f98aec50857f27e3615100242b9f9c1f98c417d8384cf7fd70b81aba
Test (Rust on ubuntu-latest)	Run tests	﻿2026-05-03T17:56:26.5517749Z ##[group]Run cargo test --verbose
Test (Rust on ubuntu-latest)	Run tests	2026-05-03T17:56:26.5518095Z [36;1mcargo test --verbose[0m
Test (Rust on ubuntu-latest)	Run tests	2026-05-03T17:56:26.5541659Z shell: /usr/bin/bash -e {0}
Test (Rust on ubuntu-latest)	Run tests	2026-05-03T17:56:26.5541931Z env:
Test (Rust on ubuntu-latest)	Run tests	2026-05-03T17:56:26.5542132Z   CARGO_TERM_COLOR: always
Test (Rust on ubuntu-latest)	Run tests	2026-05-03T17:56:26.5542391Z   RUSTFLAGS: -Dwarnings
Test (Rust on ubuntu-latest)	Run tests	2026-05-03T17:56:26.5542643Z   CARGO_HOME: /home/runner/.cargo
Test (Rust on ubuntu-latest)	Run tests	2026-05-03T17:56:26.5542901Z   CARGO_INCREMENTAL: 0
Test (Rust on ubuntu-latest)	Run tests	2026-05-03T17:56:26.5543123Z ##[endgroup]
Test (Rust on ubuntu-latest)	Run tests	2026-05-03T17:56:26.6229205Z [1m[92m       Fresh[0m memchr v2.7.6
Test (Rust on ubuntu-latest)	Run tests	2026-05-03T17:56:26.6230107Z [1m[92m       Fresh[0m nom v8.0.0
Test (Rust on ubuntu-latest)	Run tests	2026-05-03T17:56:26.6230719Z [1m[92m       Fresh[0m links-notation v0.13.0
Test (Rust on ubuntu-latest)	Run tests	2026-05-03T17:56:26.6231302Z [1m[92m       Fresh[0m base64 v0.22.1
Test (Rust on ubuntu-latest)	Run tests	2026-05-03T17:56:26.6233104Z [1m[92m       Dirty[0m lino-objects-codec v0.2.0 (/home/runner/work/lino-objects-codec/lino-objects-codec/rust): the file `src/lib.rs` has changed (1777830975.955780074s, 5h 15m 2s after last build at 1777812073.792115981s)
Test (Rust on ubuntu-latest)	Run tests	2026-05-03T17:56:26.6234935Z [1m[92m   Compiling[0m lino-objects-codec v0.2.0 (/home/runner/work/lino-objects-codec/lino-objects-codec/rust)
Test (Rust on ubuntu-latest)	Run tests	2026-05-03T17:56:26.6257848Z [1m[92m     Running[0m `/home/runner/.rustup/toolchains/stable-x86_64-unknown-linux-gnu/bin/rustc --crate-name lino_objects_codec --edition=2021 src/lib.rs --error-format=json --json=diagnostic-rendered-ansi,artifacts,future-incompat --emit=dep-info,link -C embed-bitcode=no -C debuginfo=2 '--warn=clippy::pedantic' '--warn=clippy::nursery' '--warn=clippy::all' '--allow=clippy::use_self' '--allow=clippy::unused_self' '--allow=clippy::unreadable_literal' '--allow=clippy::uninlined_format_args' '--allow=clippy::too_many_lines' '--allow=clippy::similar_names' '--allow=clippy::redundant_closure_for_method_calls' '--allow=clippy::redundant_clone' '--allow=clippy::option_if_let_else' '--allow=clippy::must_use_candidate' '--allow=clippy::module_name_repetitions' '--allow=clippy::missing_panics_doc' '--allow=clippy::missing_errors_doc' '--allow=clippy::missing_const_for_fn' '--allow=clippy::inefficient_to_string' '--allow=clippy::ignored_unit_patterns' '--allow=clippy::if_not_else' '--allow=clippy::doc_markdown' '--allow=clippy::derive_partial_eq_without_eq' '--allow=clippy::cast_precision_loss' '--allow=clippy::cast_lossless' '--allow=clippy::assigning_clones' '--allow=clippy::approx_constant' --test --check-cfg 'cfg(docsrs,test)' --check-cfg 'cfg(feature, values())' -C metadata=935a139d094f07b2 -C extra-filename=-836fb4196c31ded3 --out-dir /home/runner/work/lino-objects-codec/lino-objects-codec/rust/target/debug/deps -L dependency=/home/runner/work/lino-objects-codec/lino-objects-codec/rust/target/debug/deps --extern base64=/home/runner/work/lino-objects-codec/lino-objects-codec/rust/target/debug/deps/libbase64-b0c1b91ad8713475.rlib --extern links_notation=/home/runner/work/lino-objects-codec/lino-objects-codec/rust/target/debug/deps/liblinks_notation-381eada4789e2b3e.rlib -Dwarnings`
Test (Rust on ubuntu-latest)	Run tests	2026-05-03T17:56:26.6284579Z [1m[92m     Running[0m `/home/runner/.rustup/toolchains/stable-x86_64-unknown-linux-gnu/bin/rustc --crate-name lino_objects_codec --edition=2021 src/lib.rs --error-format=json --json=diagnostic-rendered-ansi,artifacts,future-incompat --crate-type lib --emit=dep-info,metadata,link -C embed-bitcode=no -C debuginfo=2 '--warn=clippy::pedantic' '--warn=clippy::nursery' '--warn=clippy::all' '--allow=clippy::use_self' '--allow=clippy::unused_self' '--allow=clippy::unreadable_literal' '--allow=clippy::uninlined_format_args' '--allow=clippy::too_many_lines' '--allow=clippy::similar_names' '--allow=clippy::redundant_closure_for_method_calls' '--allow=clippy::redundant_clone' '--allow=clippy::option_if_let_else' '--allow=clippy::must_use_candidate' '--allow=clippy::module_name_repetitions' '--allow=clippy::missing_panics_doc' '--allow=clippy::missing_errors_doc' '--allow=clippy::missing_const_for_fn' '--allow=clippy::inefficient_to_string' '--allow=clippy::ignored_unit_patterns' '--allow=clippy::if_not_else' '--allow=clippy::doc_markdown' '--allow=clippy::derive_partial_eq_without_eq' '--allow=clippy::cast_precision_loss' '--allow=clippy::cast_lossless' '--allow=clippy::assigning_clones' '--allow=clippy::approx_constant' --check-cfg 'cfg(docsrs,test)' --check-cfg 'cfg(feature, values())' -C metadata=145db6019079179b -C extra-filename=-e15f403fb2723dcb --out-dir /home/runner/work/lino-objects-codec/lino-objects-codec/rust/target/debug/deps -L dependency=/home/runner/work/lino-objects-codec/lino-objects-codec/rust/target/debug/deps --extern base64=/home/runner/work/lino-objects-codec/lino-objects-codec/rust/target/debug/deps/libbase64-b0c1b91ad8713475.rmeta --extern links_notation=/home/runner/work/lino-objects-codec/lino-objects-codec/rust/target/debug/deps/liblinks_notation-381eada4789e2b3e.rmeta -Dwarnings`
Test (Rust on ubuntu-latest)	Run tests	2026-05-03T17:56:26.9464909Z [1m[92m     Running[0m `/home/runner/.rustup/toolchains/stable-x86_64-unknown-linux-gnu/bin/rustc --crate-name basic_usage --edition=2021 examples/basic_usage.rs --error-format=json --json=diagnostic-rendered-ansi,artifacts,future-incompat --crate-type bin --emit=dep-info,link -C embed-bitcode=no -C debuginfo=2 '--warn=clippy::pedantic' '--warn=clippy::nursery' '--warn=clippy::all' '--allow=clippy::use_self' '--allow=clippy::unused_self' '--allow=clippy::unreadable_literal' '--allow=clippy::uninlined_format_args' '--allow=clippy::too_many_lines' '--allow=clippy::similar_names' '--allow=clippy::redundant_closure_for_method_calls' '--allow=clippy::redundant_clone' '--allow=clippy::option_if_let_else' '--allow=clippy::must_use_candidate' '--allow=clippy::module_name_repetitions' '--allow=clippy::missing_panics_doc' '--allow=clippy::missing_errors_doc' '--allow=clippy::missing_const_for_fn' '--allow=clippy::inefficient_to_string' '--allow=clippy::ignored_unit_patterns' '--allow=clippy::if_not_else' '--allow=clippy::doc_markdown' '--allow=clippy::derive_partial_eq_without_eq' '--allow=clippy::cast_precision_loss' '--allow=clippy::cast_lossless' '--allow=clippy::assigning_clones' '--allow=clippy::approx_constant' --check-cfg 'cfg(docsrs,test)' --check-cfg 'cfg(feature, values())' -C metadata=d3cf0867180566b9 -C extra-filename=-8aa3bfd877d43de1 --out-dir /home/runner/work/lino-objects-codec/lino-objects-codec/rust/target/debug/examples -L dependency=/home/runner/work/lino-objects-codec/lino-objects-codec/rust/target/debug/deps --extern base64=/home/runner/work/lino-objects-codec/lino-objects-codec/rust/target/debug/deps/libbase64-b0c1b91ad8713475.rlib --extern links_notation=/home/runner/work/lino-objects-codec/lino-objects-codec/rust/target/debug/deps/liblinks_notation-381eada4789e2b3e.rlib --extern lino_objects_codec=/home/runner/work/lino-objects-codec/lino-objects-codec/rust/target/debug/deps/liblino_objects_codec-e15f403fb2723dcb.rlib -Dwarnings`
Test (Rust on ubuntu-latest)	Run tests	2026-05-03T17:56:27.2125742Z [1m[92m    Finished[0m `test` profile [unoptimized + debuginfo] target(s) in 0.64s
Test (Rust on ubuntu-latest)	Run tests	2026-05-03T17:56:27.2136840Z [1m[92m     Running[0m `/home/runner/work/lino-objects-codec/lino-objects-codec/rust/target/debug/deps/lino_objects_codec-836fb4196c31ded3`
Test (Rust on ubuntu-latest)	Run tests	2026-05-03T17:56:27.2147301Z 
Test (Rust on ubuntu-latest)	Run tests	2026-05-03T17:56:27.2147986Z running 32 tests
Test (Rust on ubuntu-latest)	Run tests	2026-05-03T17:56:27.2151451Z test format_tests::test_escape_reference_simple_string ... ok
Test (Rust on ubuntu-latest)	Run tests	2026-05-03T17:56:27.2152371Z test format_tests::test_escape_reference_string_with_single_quotes ... ok
Test (Rust on ubuntu-latest)	Run tests	2026-05-03T17:56:27.2153526Z test format_tests::test_escape_reference_string_with_double_quotes ... ok
Test (Rust on ubuntu-latest)	Run tests	2026-05-03T17:56:27.2154480Z test format_tests::test_escape_reference_string_with_spaces ... ok
Test (Rust on ubuntu-latest)	Run tests	2026-05-03T17:56:27.2155458Z test format_tests::test_format_indented_requires_id ... ok
Test (Rust on ubuntu-latest)	Run tests	2026-05-03T17:56:27.2156500Z test format_tests::test_format_indented_ordered_basic ... ok
Test (Rust on ubuntu-latest)	Run tests	2026-05-03T17:56:27.2157594Z test format_tests::test_format_indented_value_with_quotes ... ok
Test (Rust on ubuntu-latest)	Run tests	2026-05-03T17:56:27.2158723Z test format_tests::test_parse_indented_empty_lines_skipped ... ok
Test (Rust on ubuntu-latest)	Run tests	2026-05-03T17:56:27.2159798Z test format_tests::test_parse_indented_basic ... ok
Test (Rust on ubuntu-latest)	Run tests	2026-05-03T17:56:27.2161488Z test format_tests::test_parse_indented_requires_text ... ok
Test (Rust on ubuntu-latest)	Run tests	2026-05-03T17:56:27.2167148Z test format_tests::test_unescape_reference_doubled_quotes ... ok
Test (Rust on ubuntu-latest)	Run tests	2026-05-03T17:56:27.2180789Z test format_tests::test_parse_indented_with_quotes ... ok
Test (Rust on ubuntu-latest)	Run tests	2026-05-03T17:56:27.2187075Z test format_tests::test_roundtrip_format_indented ... ok
Test (Rust on ubuntu-latest)	Run tests	2026-05-03T17:56:27.2187778Z test format_tests::test_roundtrip_with_quotes ... ok
Test (Rust on ubuntu-latest)	Run tests	2026-05-03T17:56:27.2188414Z test tests::test_float_special_values ... ok
Test (Rust on ubuntu-latest)	Run tests	2026-05-03T17:56:27.2189018Z test tests::test_dict_of_lists ... ok
Test (Rust on ubuntu-latest)	Run tests	2026-05-03T17:56:27.2189486Z test tests::test_list_of_dicts ... ok
Test (Rust on ubuntu-latest)	Run tests	2026-05-03T17:56:27.2190186Z test tests::test_nested_arrays ... ok
Test (Rust on ubuntu-latest)	Run tests	2026-05-03T17:56:27.2190646Z test tests::test_roundtrip_bool ... ok
Test (Rust on ubuntu-latest)	Run tests	2026-05-03T17:56:27.2191055Z test tests::test_complex_structure ... ok
Test (Rust on ubuntu-latest)	Run tests	2026-05-03T17:56:27.2191614Z test tests::test_roundtrip_empty_object ... ok
Test (Rust on ubuntu-latest)	Run tests	2026-05-03T17:56:27.2191945Z test tests::test_roundtrip_empty_array ... ok
Test (Rust on ubuntu-latest)	Run tests	2026-05-03T17:56:27.2192330Z test tests::test_nested_objects ... ok
Test (Rust on ubuntu-latest)	Run tests	2026-05-03T17:56:27.2192804Z test tests::test_roundtrip_float ... ok
Test (Rust on ubuntu-latest)	Run tests	2026-05-03T17:56:27.2193299Z test tests::test_roundtrip_mixed_array ... ok
Test (Rust on ubuntu-latest)	Run tests	2026-05-03T17:56:27.2193865Z test tests::test_roundtrip_int ... ok
Test (Rust on ubuntu-latest)	Run tests	2026-05-03T17:56:27.2194450Z test tests::test_roundtrip_null ... ok
Test (Rust on ubuntu-latest)	Run tests	2026-05-03T17:56:27.2195015Z test tests::test_roundtrip_simple_array ... ok
Test (Rust on ubuntu-latest)	Run tests	2026-05-03T17:56:27.2195625Z test tests::test_roundtrip_simple_object ... ok
Test (Rust on ubuntu-latest)	Run tests	2026-05-03T17:56:27.2196182Z test tests::test_string_with_quotes ... ok
Test (Rust on ubuntu-latest)	Run tests	2026-05-03T17:56:27.2196728Z test tests::test_roundtrip_string ... ok
Test (Rust on ubuntu-latest)	Run tests	2026-05-03T17:56:27.2197572Z test tests::test_unicode_string ... ok
Test (Rust on ubuntu-latest)	Run tests	2026-05-03T17:56:27.2197919Z 
Test (Rust on ubuntu-latest)	Run tests	2026-05-03T17:56:27.2198377Z test result: ok. 32 passed; 0 failed; 0 ignored; 0 measured; 0 filtered out; finished in 0.00s
Test (Rust on ubuntu-latest)	Run tests	2026-05-03T17:56:27.2199024Z 
Test (Rust on ubuntu-latest)	Run tests	2026-05-03T17:56:27.2199367Z [1m[92m   Doc-tests[0m lino_objects_codec
Test (Rust on ubuntu-latest)	Run tests	2026-05-03T17:56:27.2213925Z [1m[92m     Running[0m `/home/runner/.rustup/toolchains/stable-x86_64-unknown-linux-gnu/bin/rustdoc --edition=2021 --crate-type lib --color always --crate-name lino_objects_codec --test src/lib.rs --test-run-directory /home/runner/work/lino-objects-codec/lino-objects-codec/rust '--warn=clippy::pedantic' '--warn=clippy::nursery' '--warn=clippy::all' '--allow=clippy::use_self' '--allow=clippy::unused_self' '--allow=clippy::unreadable_literal' '--allow=clippy::uninlined_format_args' '--allow=clippy::too_many_lines' '--allow=clippy::similar_names' '--allow=clippy::redundant_closure_for_method_calls' '--allow=clippy::redundant_clone' '--allow=clippy::option_if_let_else' '--allow=clippy::must_use_candidate' '--allow=clippy::module_name_repetitions' '--allow=clippy::missing_panics_doc' '--allow=clippy::missing_errors_doc' '--allow=clippy::missing_const_for_fn' '--allow=clippy::inefficient_to_string' '--allow=clippy::ignored_unit_patterns' '--allow=clippy::if_not_else' '--allow=clippy::doc_markdown' '--allow=clippy::derive_partial_eq_without_eq' '--allow=clippy::cast_precision_loss' '--allow=clippy::cast_lossless' '--allow=clippy::assigning_clones' '--allow=clippy::approx_constant' --extern base64=/home/runner/work/lino-objects-codec/lino-objects-codec/rust/target/debug/deps/libbase64-b0c1b91ad8713475.rlib --extern links_notation=/home/runner/work/lino-objects-codec/lino-objects-codec/rust/target/debug/deps/liblinks_notation-381eada4789e2b3e.rlib --extern lino_objects_codec=/home/runner/work/lino-objects-codec/lino-objects-codec/rust/target/debug/deps/liblino_objects_codec-e15f403fb2723dcb.rlib -L dependency=/home/runner/work/lino-objects-codec/lino-objects-codec/rust/target/debug/deps -C embed-bitcode=no --check-cfg 'cfg(docsrs,test)' --check-cfg 'cfg(feature, values())' --error-format human`
Test (Rust on ubuntu-latest)	Run tests	2026-05-03T17:56:27.2404012Z 
Test (Rust on ubuntu-latest)	Run tests	2026-05-03T17:56:27.3624714Z running 5 tests
Test (Rust on ubuntu-latest)	Run tests	2026-05-03T17:56:27.3625205Z test src/lib.rs - decode (line 887) ... ok
Test (Rust on ubuntu-latest)	Run tests	2026-05-03T17:56:27.3703980Z test src/lib.rs - format::format_indented (line 1043) ... ok
Test (Rust on ubuntu-latest)	Run tests	2026-05-03T17:56:27.3740535Z test src/lib.rs - encode (line 858) ... ok
Test (Rust on ubuntu-latest)	Run tests	2026-05-03T17:56:27.3757090Z test src/lib.rs - (line 19) ... ok
Test (Rust on ubuntu-latest)	Run tests	2026-05-03T17:56:27.4393028Z test src/lib.rs - format::parse_indented (line 1139) ... ok
Test (Rust on ubuntu-latest)	Run tests	2026-05-03T17:56:27.4393639Z 
Test (Rust on ubuntu-latest)	Run tests	2026-05-03T17:56:27.4393911Z test result: ok. 5 passed; 0 failed; 0 ignored; 0 measured; 0 filtered out; finished in 0.20s
Test (Rust on ubuntu-latest)	Run tests	2026-05-03T17:56:27.4394281Z 
Test (Rust on ubuntu-latest)	Run doc tests	﻿2026-05-03T17:56:27.4459535Z ##[group]Run cargo test --doc --verbose
Test (Rust on ubuntu-latest)	Run doc tests	2026-05-03T17:56:27.4460479Z [36;1mcargo test --doc --verbose[0m
Test (Rust on ubuntu-latest)	Run doc tests	2026-05-03T17:56:27.4481236Z shell: /usr/bin/bash -e {0}
Test (Rust on ubuntu-latest)	Run doc tests	2026-05-03T17:56:27.4481493Z env:
Test (Rust on ubuntu-latest)	Run doc tests	2026-05-03T17:56:27.4481700Z   CARGO_TERM_COLOR: always
Test (Rust on ubuntu-latest)	Run doc tests	2026-05-03T17:56:27.4481941Z   RUSTFLAGS: -Dwarnings
Test (Rust on ubuntu-latest)	Run doc tests	2026-05-03T17:56:27.4482164Z   CARGO_HOME: /home/runner/.cargo
Test (Rust on ubuntu-latest)	Run doc tests	2026-05-03T17:56:27.4482419Z   CARGO_INCREMENTAL: 0
Test (Rust on ubuntu-latest)	Run doc tests	2026-05-03T17:56:27.4482627Z ##[endgroup]
Test (Rust on ubuntu-latest)	Run doc tests	2026-05-03T17:56:27.4721417Z [1m[92m       Fresh[0m memchr v2.7.6
Test (Rust on ubuntu-latest)	Run doc tests	2026-05-03T17:56:27.4722188Z [1m[92m       Fresh[0m nom v8.0.0
Test (Rust on ubuntu-latest)	Run doc tests	2026-05-03T17:56:27.4722744Z [1m[92m       Fresh[0m links-notation v0.13.0
Test (Rust on ubuntu-latest)	Run doc tests	2026-05-03T17:56:27.4723164Z [1m[92m       Fresh[0m base64 v0.22.1
Test (Rust on ubuntu-latest)	Run doc tests	2026-05-03T17:56:27.4724005Z [1m[92m       Fresh[0m lino-objects-codec v0.2.0 (/home/runner/work/lino-objects-codec/lino-objects-codec/rust)
Test (Rust on ubuntu-latest)	Run doc tests	2026-05-03T17:56:27.4725504Z [1m[92m    Finished[0m `test` profile [unoptimized + debuginfo] target(s) in 0.01s
Test (Rust on ubuntu-latest)	Run doc tests	2026-05-03T17:56:27.4726354Z [1m[92m   Doc-tests[0m lino_objects_codec
Test (Rust on ubuntu-latest)	Run doc tests	2026-05-03T17:56:27.4735380Z [1m[92m     Running[0m `/home/runner/.rustup/toolchains/stable-x86_64-unknown-linux-gnu/bin/rustdoc --edition=2021 --crate-type lib --color always --crate-name lino_objects_codec --test src/lib.rs --test-run-directory /home/runner/work/lino-objects-codec/lino-objects-codec/rust '--warn=clippy::pedantic' '--warn=clippy::nursery' '--warn=clippy::all' '--allow=clippy::use_self' '--allow=clippy::unused_self' '--allow=clippy::unreadable_literal' '--allow=clippy::uninlined_format_args' '--allow=clippy::too_many_lines' '--allow=clippy::similar_names' '--allow=clippy::redundant_closure_for_method_calls' '--allow=clippy::redundant_clone' '--allow=clippy::option_if_let_else' '--allow=clippy::must_use_candidate' '--allow=clippy::module_name_repetitions' '--allow=clippy::missing_panics_doc' '--allow=clippy::missing_errors_doc' '--allow=clippy::missing_const_for_fn' '--allow=clippy::inefficient_to_string' '--allow=clippy::ignored_unit_patterns' '--allow=clippy::if_not_else' '--allow=clippy::doc_markdown' '--allow=clippy::derive_partial_eq_without_eq' '--allow=clippy::cast_precision_loss' '--allow=clippy::cast_lossless' '--allow=clippy::assigning_clones' '--allow=clippy::approx_constant' --extern base64=/home/runner/work/lino-objects-codec/lino-objects-codec/rust/target/debug/deps/libbase64-b0c1b91ad8713475.rlib --extern links_notation=/home/runner/work/lino-objects-codec/lino-objects-codec/rust/target/debug/deps/liblinks_notation-381eada4789e2b3e.rlib --extern lino_objects_codec=/home/runner/work/lino-objects-codec/lino-objects-codec/rust/target/debug/deps/liblino_objects_codec-e15f403fb2723dcb.rlib -L dependency=/home/runner/work/lino-objects-codec/lino-objects-codec/rust/target/debug/deps -C embed-bitcode=no --check-cfg 'cfg(docsrs,test)' --check-cfg 'cfg(feature, values())' --error-format human`
Test (Rust on ubuntu-latest)	Run doc tests	2026-05-03T17:56:27.4938214Z 
Test (Rust on ubuntu-latest)	Run doc tests	2026-05-03T17:56:27.4938880Z running 5 tests
Test (Rust on ubuntu-latest)	Run doc tests	2026-05-03T17:56:27.6095472Z test src/lib.rs - decode (line 887) ... ok
Test (Rust on ubuntu-latest)	Run doc tests	2026-05-03T17:56:27.6221816Z test src/lib.rs - format::format_indented (line 1043) ... ok
Test (Rust on ubuntu-latest)	Run doc tests	2026-05-03T17:56:27.6320182Z test src/lib.rs - (line 19) ... ok
Test (Rust on ubuntu-latest)	Run doc tests	2026-05-03T17:56:27.6361932Z test src/lib.rs - encode (line 858) ... ok
Test (Rust on ubuntu-latest)	Run doc tests	2026-05-03T17:56:27.6970460Z test src/lib.rs - format::parse_indented (line 1139) ... ok
Test (Rust on ubuntu-latest)	Run doc tests	2026-05-03T17:56:27.6970832Z 
Test (Rust on ubuntu-latest)	Run doc tests	2026-05-03T17:56:27.6971093Z test result: ok. 5 passed; 0 failed; 0 ignored; 0 measured; 0 filtered out; finished in 0.20s
Test (Rust on ubuntu-latest)	Run doc tests	2026-05-03T17:56:27.6971444Z 
Test (Rust on ubuntu-latest)	Run example	﻿2026-05-03T17:56:27.7019488Z ##[group]Run cargo run --example basic_usage
Test (Rust on ubuntu-latest)	Run example	2026-05-03T17:56:27.7020479Z [36;1mcargo run --example basic_usage[0m
Test (Rust on ubuntu-latest)	Run example	2026-05-03T17:56:27.7041248Z shell: /usr/bin/bash -e {0}
Test (Rust on ubuntu-latest)	Run example	2026-05-03T17:56:27.7041521Z env:
Test (Rust on ubuntu-latest)	Run example	2026-05-03T17:56:27.7041727Z   CARGO_TERM_COLOR: always
Test (Rust on ubuntu-latest)	Run example	2026-05-03T17:56:27.7041987Z   RUSTFLAGS: -Dwarnings
Test (Rust on ubuntu-latest)	Run example	2026-05-03T17:56:27.7042248Z   CARGO_HOME: /home/runner/.cargo
Test (Rust on ubuntu-latest)	Run example	2026-05-03T17:56:27.7042505Z   CARGO_INCREMENTAL: 0
Test (Rust on ubuntu-latest)	Run example	2026-05-03T17:56:27.7042734Z ##[endgroup]
Test (Rust on ubuntu-latest)	Run example	2026-05-03T17:56:27.7287506Z [1m[92m    Finished[0m `dev` profile [unoptimized + debuginfo] target(s) in 0.01s
Test (Rust on ubuntu-latest)	Run example	2026-05-03T17:56:27.7289902Z [1m[92m     Running[0m `target/debug/examples/basic_usage`
Test (Rust on ubuntu-latest)	Run example	2026-05-03T17:56:27.7301915Z === Links Notation Objects Codec - Rust Example ===
Test (Rust on ubuntu-latest)	Run example	2026-05-03T17:56:27.7302383Z 
Test (Rust on ubuntu-latest)	Run example	2026-05-03T17:56:27.7302543Z 1. Basic Types:
Test (Rust on ubuntu-latest)	Run example	2026-05-03T17:56:27.7302927Z    Null: (null) -> decoded: Null
Test (Rust on ubuntu-latest)	Run example	2026-05-03T17:56:27.7303421Z    true: (bool true) -> decoded: Bool(true)
Test (Rust on ubuntu-latest)	Run example	2026-05-03T17:56:27.7303945Z    42: (int 42) -> decoded: Int(42)
Test (Rust on ubuntu-latest)	Run example	2026-05-03T17:56:27.7304521Z    3.14159: (float 3.14159) -> decoded: Float(3.14159)
Test (Rust on ubuntu-latest)	Run example	2026-05-03T17:56:27.7305152Z    Infinity: (float Infinity) -> decoded: Float(inf)
Test (Rust on ubuntu-latest)	Run example	2026-05-03T17:56:27.7305710Z    NaN: (float NaN) -> decoded is_nan: true
Test (Rust on ubuntu-latest)	Run example	2026-05-03T17:56:27.7306611Z    'Hello, World!': (str SGVsbG8sIFdvcmxkIQ==) -> decoded: String("Hello, World!")
Test (Rust on ubuntu-latest)	Run example	2026-05-03T17:56:27.7307787Z    Unicode: (str 5L2g5aW95LiW55WMIPCfjI0=) -> decoded: String("你好世界 🌍")
Test (Rust on ubuntu-latest)	Run example	2026-05-03T17:56:27.7308334Z 
Test (Rust on ubuntu-latest)	Run example	2026-05-03T17:56:27.7308480Z 2. Collections:
Test (Rust on ubuntu-latest)	Run example	2026-05-03T17:56:27.7308875Z    Array [1, 2, 3]: (array (int 1) (int 2) (int 3))
Test (Rust on ubuntu-latest)	Run example	2026-05-03T17:56:27.7309523Z    Decoded: Array([Int(1), Int(2), Int(3)])
Test (Rust on ubuntu-latest)	Run example	2026-05-03T17:56:27.7311069Z    Object {name, age, active}: (object ((str bmFtZQ==) (str QWxpY2U=)) ((str YWdl) (int 30)) ((str YWN0aXZl) (bool true)))
Test (Rust on ubuntu-latest)	Run example	2026-05-03T17:56:27.7312242Z    Decoded: Object([("name", String("Alice")), ("age", Int(30)), ("active", Bool(true))])
Test (Rust on ubuntu-latest)	Run example	2026-05-03T17:56:27.7312842Z 
Test (Rust on ubuntu-latest)	Run example	2026-05-03T17:56:27.7312991Z 3. Nested Structure:
Test (Rust on ubuntu-latest)	Run example	2026-05-03T17:56:27.7314475Z    Encoded: (object ((str aWQ=) (int 123)) ((str bmFtZQ==) (str VGVzdCBPYmplY3Q=)) ((str dGFncw==) (array (str dGFnMQ==) (str dGFnMg==))) ((str bWV0YWRhdGE=) (object ((str dmVyc2lvbg==) (int 1)) ((str Y3JlYXRlZA==) (str MjAyNS0wMS0wMQ==)))))
Test (Rust on ubuntu-latest)	Run example	2026-05-03T17:56:27.7316093Z    Decoded name: Some(String("Test Object"))
Test (Rust on ubuntu-latest)	Run example	2026-05-03T17:56:27.7316709Z    Decoded tags: Some(Array([String("tag1"), String("tag2")]))
Test (Rust on ubuntu-latest)	Run example	2026-05-03T17:56:27.7317323Z    Decoded metadata.version: Some(Int(1))
Test (Rust on ubuntu-latest)	Run example	2026-05-03T17:56:27.7317658Z 
Test (Rust on ubuntu-latest)	Run example	2026-05-03T17:56:27.7317792Z 4. Mixed Type Array:
Test (Rust on ubuntu-latest)	Run example	2026-05-03T17:56:27.7318304Z    Encoded: (array (int 1) (str aGVsbG8=) (bool true) (null) (float 2.5))
Test (Rust on ubuntu-latest)	Run example	2026-05-03T17:56:27.7319061Z    Decoded: Array([Int(1), String("hello"), Bool(true), Null, Float(2.5)])
Test (Rust on ubuntu-latest)	Run example	2026-05-03T17:56:27.7319360Z 
Test (Rust on ubuntu-latest)	Run example	2026-05-03T17:56:27.7319462Z 5. Roundtrip Verification:
Test (Rust on ubuntu-latest)	Run example	2026-05-03T17:56:27.7319725Z    Original == Decoded: true
Test (Rust on ubuntu-latest)	Run example	2026-05-03T17:56:27.7320158Z 
Test (Rust on ubuntu-latest)	Run example	2026-05-03T17:56:27.7320288Z === Example completed successfully! ===
Test (Rust on ubuntu-latest)	Post Cache cargo dependencies	﻿2026-05-03T17:56:27.7941499Z Post job cleanup.
Test (Rust on ubuntu-latest)	Post Cache cargo dependencies	2026-05-03T17:56:27.9226927Z Cache hit occurred on the primary key Linux-cargo-3bdf1052f98aec50857f27e3615100242b9f9c1f98c417d8384cf7fd70b81aba, not saving cache.
Test (Rust on ubuntu-latest)	Post Run actions/checkout@v4	﻿2026-05-03T17:56:27.9351017Z Post job cleanup.
Test (Rust on ubuntu-latest)	Post Run actions/checkout@v4	2026-05-03T17:56:28.0335595Z [command]/usr/bin/git version
Test (Rust on ubuntu-latest)	Post Run actions/checkout@v4	2026-05-03T17:56:28.0379106Z git version 2.53.0
Test (Rust on ubuntu-latest)	Post Run actions/checkout@v4	2026-05-03T17:56:28.0434950Z Temporarily overriding HOME='/home/runner/work/_temp/a3869176-b766-461c-9061-1c886d212c28' before making global git config changes
Test (Rust on ubuntu-latest)	Post Run actions/checkout@v4	2026-05-03T17:56:28.0436933Z Adding repository directory to the temporary git global config as a safe directory
Test (Rust on ubuntu-latest)	Post Run actions/checkout@v4	2026-05-03T17:56:28.0442016Z [command]/usr/bin/git config --global --add safe.directory /home/runner/work/lino-objects-codec/lino-objects-codec
Test (Rust on ubuntu-latest)	Post Run actions/checkout@v4	2026-05-03T17:56:28.0476329Z [command]/usr/bin/git config --local --name-only --get-regexp core\.sshCommand
Test (Rust on ubuntu-latest)	Post Run actions/checkout@v4	2026-05-03T17:56:28.0508829Z [command]/usr/bin/git submodule foreach --recursive sh -c "git config --local --name-only --get-regexp 'core\.sshCommand' && git config --local --unset-all 'core.sshCommand' || :"
Test (Rust on ubuntu-latest)	Post Run actions/checkout@v4	2026-05-03T17:56:28.0732777Z [command]/usr/bin/git config --local --name-only --get-regexp http\.https\:\/\/github\.com\/\.extraheader
Test (Rust on ubuntu-latest)	Post Run actions/checkout@v4	2026-05-03T17:56:28.0754608Z http.https://github.com/.extraheader
Test (Rust on ubuntu-latest)	Post Run actions/checkout@v4	2026-05-03T17:56:28.0767566Z [command]/usr/bin/git config --local --unset-all http.https://github.com/.extraheader
Test (Rust on ubuntu-latest)	Post Run actions/checkout@v4	2026-05-03T17:56:28.0796918Z [command]/usr/bin/git submodule foreach --recursive sh -c "git config --local --name-only --get-regexp 'http\.https\:\/\/github\.com\/\.extraheader' && git config --local --unset-all 'http.https://github.com/.extraheader' || :"
Test (Rust on ubuntu-latest)	Post Run actions/checkout@v4	2026-05-03T17:56:28.1016983Z [command]/usr/bin/git config --local --name-only --get-regexp ^includeIf\.gitdir:
Test (Rust on ubuntu-latest)	Post Run actions/checkout@v4	2026-05-03T17:56:28.1049396Z [command]/usr/bin/git submodule foreach --recursive git config --local --show-origin --name-only --get-regexp remote.origin.url
Test (Rust on ubuntu-latest)	Complete job	﻿2026-05-03T17:56:28.1380703Z Cleaning up orphan processes
Test (Rust on ubuntu-latest)	Complete job	2026-05-03T17:56:28.1655164Z ##[warning]Node.js 20 actions are deprecated. The following actions are running on Node.js 20 and may not work as expected: actions/cache@v4, actions/checkout@v4. Actions will be forced to run with Node.js 24 by default starting June 2nd, 2026. Node.js 20 will be removed from the runner on September 16th, 2026. Please check if updated versions of these actions are available that support Node.js 24. To opt into Node.js 24 now, set the FORCE_JAVASCRIPT_ACTIONS_TO_NODE24=true environment variable on the runner or in your workflow file. Once Node.js 24 becomes the default, you can temporarily opt out by setting ACTIONS_ALLOW_USE_UNSECURE_NODE_VERSION=true. For more information see: https://github.blog/changelog/2025-09-19-deprecation-of-node-20-on-github-actions-runners/
Build Package	Set up job	﻿2026-05-03T17:56:58.0042601Z Current runner version: '2.334.0'
Build Package	Set up job	2026-05-03T17:56:58.0083555Z ##[group]Runner Image Provisioner
Build Package	Set up job	2026-05-03T17:56:58.0084768Z Hosted Compute Agent
Build Package	Set up job	2026-05-03T17:56:58.0085671Z Version: 20260213.493
Build Package	Set up job	2026-05-03T17:56:58.0086872Z Commit: 5c115507f6dd24b8de37d8bbe0bb4509d0cc0fa3
Build Package	Set up job	2026-05-03T17:56:58.0088040Z Build Date: 2026-02-13T00:28:41Z
Build Package	Set up job	2026-05-03T17:56:58.0089176Z Worker ID: {3b167f66-644f-4115-804a-53a9ad454e6d}
Build Package	Set up job	2026-05-03T17:56:58.0090285Z Azure Region: eastus
Build Package	Set up job	2026-05-03T17:56:58.0091239Z ##[endgroup]
Build Package	Set up job	2026-05-03T17:56:58.0093936Z ##[group]Operating System
Build Package	Set up job	2026-05-03T17:56:58.0094999Z Ubuntu
Build Package	Set up job	2026-05-03T17:56:58.0095697Z 24.04.4
Build Package	Set up job	2026-05-03T17:56:58.0096506Z LTS
Build Package	Set up job	2026-05-03T17:56:58.0097230Z ##[endgroup]
Build Package	Set up job	2026-05-03T17:56:58.0098092Z ##[group]Runner Image
Build Package	Set up job	2026-05-03T17:56:58.0099104Z Image: ubuntu-24.04
Build Package	Set up job	2026-05-03T17:56:58.0100102Z Version: 20260413.86.1
Build Package	Set up job	2026-05-03T17:56:58.0101849Z Included Software: https://github.com/actions/runner-images/blob/ubuntu24/20260413.86/images/ubuntu/Ubuntu2404-Readme.md
Build Package	Set up job	2026-05-03T17:56:58.0105068Z Image Release: https://github.com/actions/runner-images/releases/tag/ubuntu24%2F20260413.86
Build Package	Set up job	2026-05-03T17:56:58.0106753Z ##[endgroup]
Build Package	Set up job	2026-05-03T17:56:58.0111734Z ##[group]GITHUB_TOKEN Permissions
Build Package	Set up job	2026-05-03T17:56:58.0114932Z Actions: write
Build Package	Set up job	2026-05-03T17:56:58.0115787Z ArtifactMetadata: write
Build Package	Set up job	2026-05-03T17:56:58.0116706Z Attestations: write
Build Package	Set up job	2026-05-03T17:56:58.0117572Z Checks: write
Build Package	Set up job	2026-05-03T17:56:58.0118412Z Contents: write
Build Package	Set up job	2026-05-03T17:56:58.0119266Z Deployments: write
Build Package	Set up job	2026-05-03T17:56:58.0120243Z Discussions: write
Build Package	Set up job	2026-05-03T17:56:58.0121083Z Issues: write
Build Package	Set up job	2026-05-03T17:56:58.0121955Z Metadata: read
Build Package	Set up job	2026-05-03T17:56:58.0123186Z Models: read
Build Package	Set up job	2026-05-03T17:56:58.0124050Z Packages: write
Build Package	Set up job	2026-05-03T17:56:58.0124945Z Pages: write
Build Package	Set up job	2026-05-03T17:56:58.0126061Z PullRequests: write
Build Package	Set up job	2026-05-03T17:56:58.0127056Z RepositoryProjects: write
Build Package	Set up job	2026-05-03T17:56:58.0128003Z SecurityEvents: write
Build Package	Set up job	2026-05-03T17:56:58.0129156Z Statuses: write
Build Package	Set up job	2026-05-03T17:56:58.0130126Z VulnerabilityAlerts: read
Build Package	Set up job	2026-05-03T17:56:58.0131243Z ##[endgroup]
Build Package	Set up job	2026-05-03T17:56:58.0134486Z Secret source: Actions
Build Package	Set up job	2026-05-03T17:56:58.0135579Z Prepare workflow directory
Build Package	Set up job	2026-05-03T17:56:58.0712759Z Prepare all required actions
Build Package	Set up job	2026-05-03T17:56:58.0769236Z Getting action download info
Build Package	Set up job	2026-05-03T17:56:58.3042858Z Download action repository 'actions/checkout@v4' (SHA:34e114876b0b11c390a56381ad16ebd13914f8d5)
Build Package	Set up job	2026-05-03T17:56:58.4408652Z Download action repository 'dtolnay/rust-toolchain@stable' (SHA:29eef336d9b2848a0b548edc03f92a220660cdb8)
Build Package	Set up job	2026-05-03T17:56:58.5178719Z Download action repository 'actions/cache@v4' (SHA:0057852bfaa89a56745cba8c7296529d2fc39830)
Build Package	Set up job	2026-05-03T17:56:58.7346861Z Complete job name: Build Package
Build Package	Run actions/checkout@v4	﻿2026-05-03T17:56:58.8058000Z ##[group]Run actions/checkout@v4
Build Package	Run actions/checkout@v4	2026-05-03T17:56:58.8058853Z with:
Build Package	Run actions/checkout@v4	2026-05-03T17:56:58.8059304Z   repository: link-foundation/lino-objects-codec
Build Package	Run actions/checkout@v4	2026-05-03T17:56:58.8060045Z   token: ***
Build Package	Run actions/checkout@v4	2026-05-03T17:56:58.8060421Z   ssh-strict: true
Build Package	Run actions/checkout@v4	2026-05-03T17:56:58.8060800Z   ssh-user: git
Build Package	Run actions/checkout@v4	2026-05-03T17:56:58.8061222Z   persist-credentials: true
Build Package	Run actions/checkout@v4	2026-05-03T17:56:58.8061643Z   clean: true
Build Package	Run actions/checkout@v4	2026-05-03T17:56:58.8062035Z   sparse-checkout-cone-mode: true
Build Package	Run actions/checkout@v4	2026-05-03T17:56:58.8062559Z   fetch-depth: 1
Build Package	Run actions/checkout@v4	2026-05-03T17:56:58.8063241Z   fetch-tags: false
Build Package	Run actions/checkout@v4	2026-05-03T17:56:58.8063701Z   show-progress: true
Build Package	Run actions/checkout@v4	2026-05-03T17:56:58.8064142Z   lfs: false
Build Package	Run actions/checkout@v4	2026-05-03T17:56:58.8064554Z   submodules: false
Build Package	Run actions/checkout@v4	2026-05-03T17:56:58.8064994Z   set-safe-directory: true
Build Package	Run actions/checkout@v4	2026-05-03T17:56:58.8065683Z env:
Build Package	Run actions/checkout@v4	2026-05-03T17:56:58.8066041Z   CARGO_TERM_COLOR: always
Build Package	Run actions/checkout@v4	2026-05-03T17:56:58.8066480Z   RUSTFLAGS: -Dwarnings
Build Package	Run actions/checkout@v4	2026-05-03T17:56:58.8066880Z ##[endgroup]
Build Package	Run actions/checkout@v4	2026-05-03T17:56:58.9177641Z Syncing repository: link-foundation/lino-objects-codec
Build Package	Run actions/checkout@v4	2026-05-03T17:56:58.9179520Z ##[group]Getting Git version info
Build Package	Run actions/checkout@v4	2026-05-03T17:56:58.9180301Z Working directory is '/home/runner/work/lino-objects-codec/lino-objects-codec'
Build Package	Run actions/checkout@v4	2026-05-03T17:56:58.9181317Z [command]/usr/bin/git version
Build Package	Run actions/checkout@v4	2026-05-03T17:56:58.9226955Z git version 2.53.0
Build Package	Run actions/checkout@v4	2026-05-03T17:56:58.9252663Z ##[endgroup]
Build Package	Run actions/checkout@v4	2026-05-03T17:56:58.9266936Z Temporarily overriding HOME='/home/runner/work/_temp/2af95e6f-a063-44aa-a213-ce9e25cd6d82' before making global git config changes
Build Package	Run actions/checkout@v4	2026-05-03T17:56:58.9268386Z Adding repository directory to the temporary git global config as a safe directory
Build Package	Run actions/checkout@v4	2026-05-03T17:56:58.9272213Z [command]/usr/bin/git config --global --add safe.directory /home/runner/work/lino-objects-codec/lino-objects-codec
Build Package	Run actions/checkout@v4	2026-05-03T17:56:58.9304028Z Deleting the contents of '/home/runner/work/lino-objects-codec/lino-objects-codec'
Build Package	Run actions/checkout@v4	2026-05-03T17:56:58.9307602Z ##[group]Initializing the repository
Build Package	Run actions/checkout@v4	2026-05-03T17:56:58.9311546Z [command]/usr/bin/git init /home/runner/work/lino-objects-codec/lino-objects-codec
Build Package	Run actions/checkout@v4	2026-05-03T17:56:58.9401137Z hint: Using 'master' as the name for the initial branch. This default branch name
Build Package	Run actions/checkout@v4	2026-05-03T17:56:58.9402849Z hint: will change to "main" in Git 3.0. To configure the initial branch name
Build Package	Run actions/checkout@v4	2026-05-03T17:56:58.9404141Z hint: to use in all of your new repositories, which will suppress this warning,
Build Package	Run actions/checkout@v4	2026-05-03T17:56:58.9404921Z hint: call:
Build Package	Run actions/checkout@v4	2026-05-03T17:56:58.9405348Z hint:
Build Package	Run actions/checkout@v4	2026-05-03T17:56:58.9405885Z hint: 	git config --global init.defaultBranch <name>
Build Package	Run actions/checkout@v4	2026-05-03T17:56:58.9406518Z hint:
Build Package	Run actions/checkout@v4	2026-05-03T17:56:58.9407182Z hint: Names commonly chosen instead of 'master' are 'main', 'trunk' and
Build Package	Run actions/checkout@v4	2026-05-03T17:56:58.9408561Z hint: 'development'. The just-created branch can be renamed via this command:
Build Package	Run actions/checkout@v4	2026-05-03T17:56:58.9409332Z hint:
Build Package	Run actions/checkout@v4	2026-05-03T17:56:58.9409776Z hint: 	git branch -m <name>
Build Package	Run actions/checkout@v4	2026-05-03T17:56:58.9410270Z hint:
Build Package	Run actions/checkout@v4	2026-05-03T17:56:58.9411092Z hint: Disable this message with "git config set advice.defaultBranchName false"
Build Package	Run actions/checkout@v4	2026-05-03T17:56:58.9412223Z Initialized empty Git repository in /home/runner/work/lino-objects-codec/lino-objects-codec/.git/
Build Package	Run actions/checkout@v4	2026-05-03T17:56:58.9414681Z [command]/usr/bin/git remote add origin https://github.com/link-foundation/lino-objects-codec
Build Package	Run actions/checkout@v4	2026-05-03T17:56:58.9442375Z ##[endgroup]
Build Package	Run actions/checkout@v4	2026-05-03T17:56:58.9443440Z ##[group]Disabling automatic garbage collection
Build Package	Run actions/checkout@v4	2026-05-03T17:56:58.9446507Z [command]/usr/bin/git config --local gc.auto 0
Build Package	Run actions/checkout@v4	2026-05-03T17:56:58.9473926Z ##[endgroup]
Build Package	Run actions/checkout@v4	2026-05-03T17:56:58.9474667Z ##[group]Setting up auth
Build Package	Run actions/checkout@v4	2026-05-03T17:56:58.9480385Z [command]/usr/bin/git config --local --name-only --get-regexp core\.sshCommand
Build Package	Run actions/checkout@v4	2026-05-03T17:56:58.9509445Z [command]/usr/bin/git submodule foreach --recursive sh -c "git config --local --name-only --get-regexp 'core\.sshCommand' && git config --local --unset-all 'core.sshCommand' || :"
Build Package	Run actions/checkout@v4	2026-05-03T17:56:58.9803728Z [command]/usr/bin/git config --local --name-only --get-regexp http\.https\:\/\/github\.com\/\.extraheader
Build Package	Run actions/checkout@v4	2026-05-03T17:56:58.9839136Z [command]/usr/bin/git submodule foreach --recursive sh -c "git config --local --name-only --get-regexp 'http\.https\:\/\/github\.com\/\.extraheader' && git config --local --unset-all 'http.https://github.com/.extraheader' || :"
Build Package	Run actions/checkout@v4	2026-05-03T17:56:59.0087270Z [command]/usr/bin/git config --local --name-only --get-regexp ^includeIf\.gitdir:
Build Package	Run actions/checkout@v4	2026-05-03T17:56:59.0132492Z [command]/usr/bin/git submodule foreach --recursive git config --local --show-origin --name-only --get-regexp remote.origin.url
Build Package	Run actions/checkout@v4	2026-05-03T17:56:59.0374323Z [command]/usr/bin/git config --local http.https://github.com/.extraheader AUTHORIZATION: basic ***
Build Package	Run actions/checkout@v4	2026-05-03T17:56:59.0416359Z ##[endgroup]
Build Package	Run actions/checkout@v4	2026-05-03T17:56:59.0417607Z ##[group]Fetching the repository
Build Package	Run actions/checkout@v4	2026-05-03T17:56:59.0429163Z [command]/usr/bin/git -c protocol.version=2 fetch --no-tags --prune --no-recurse-submodules --depth=1 origin +ddbf2556b5b0e91a05c053f321b85ce9eb02355a:refs/remotes/origin/main
Build Package	Run actions/checkout@v4	2026-05-03T17:56:59.2932688Z From https://github.com/link-foundation/lino-objects-codec
Build Package	Run actions/checkout@v4	2026-05-03T17:56:59.2935046Z  * [new ref]         ddbf2556b5b0e91a05c053f321b85ce9eb02355a -> origin/main
Build Package	Run actions/checkout@v4	2026-05-03T17:56:59.2962545Z ##[endgroup]
Build Package	Run actions/checkout@v4	2026-05-03T17:56:59.2964436Z ##[group]Determining the checkout info
Build Package	Run actions/checkout@v4	2026-05-03T17:56:59.2966151Z ##[endgroup]
Build Package	Run actions/checkout@v4	2026-05-03T17:56:59.2969412Z [command]/usr/bin/git sparse-checkout disable
Build Package	Run actions/checkout@v4	2026-05-03T17:56:59.3007707Z [command]/usr/bin/git config --local --unset-all extensions.worktreeConfig
Build Package	Run actions/checkout@v4	2026-05-03T17:56:59.3036505Z ##[group]Checking out the ref
Build Package	Run actions/checkout@v4	2026-05-03T17:56:59.3040368Z [command]/usr/bin/git checkout --progress --force -B main refs/remotes/origin/main
Build Package	Run actions/checkout@v4	2026-05-03T17:56:59.3212122Z Switched to a new branch 'main'
Build Package	Run actions/checkout@v4	2026-05-03T17:56:59.3214093Z branch 'main' set up to track 'origin/main'.
Build Package	Run actions/checkout@v4	2026-05-03T17:56:59.3222675Z ##[endgroup]
Build Package	Run actions/checkout@v4	2026-05-03T17:56:59.3259070Z [command]/usr/bin/git log -1 --format=%H
Build Package	Run actions/checkout@v4	2026-05-03T17:56:59.3280611Z ddbf2556b5b0e91a05c053f321b85ce9eb02355a
Build Package	Set up Rust	﻿2026-05-03T17:56:59.3855949Z ##[group]Run dtolnay/rust-toolchain@stable
Build Package	Set up Rust	2026-05-03T17:56:59.3857111Z with:
Build Package	Set up Rust	2026-05-03T17:56:59.3857811Z   toolchain: stable
Build Package	Set up Rust	2026-05-03T17:56:59.3858580Z env:
Build Package	Set up Rust	2026-05-03T17:56:59.3859248Z   CARGO_TERM_COLOR: always
Build Package	Set up Rust	2026-05-03T17:56:59.3860116Z   RUSTFLAGS: -Dwarnings
Build Package	Set up Rust	2026-05-03T17:56:59.3860912Z ##[endgroup]
Build Package	Set up Rust	2026-05-03T17:56:59.4085525Z ##[group]Run : parse toolchain version
Build Package	Set up Rust	2026-05-03T17:56:59.4086753Z [36;1m: parse toolchain version[0m
Build Package	Set up Rust	2026-05-03T17:56:59.4087740Z [36;1mif [[ -z $toolchain ]]; then[0m
Build Package	Set up Rust	2026-05-03T17:56:59.4089503Z [36;1m  # GitHub does not enforce `required: true` inputs itself. https://github.com/actions/runner/issues/1070[0m
Build Package	Set up Rust	2026-05-03T17:56:59.4091430Z [36;1m  echo "'toolchain' is a required input" >&2[0m
Build Package	Set up Rust	2026-05-03T17:56:59.4092485Z [36;1m  exit 1[0m
Build Package	Set up Rust	2026-05-03T17:56:59.4093826Z [36;1melif [[ $toolchain =~ ^stable' '[0-9]+' '(year|month|week|day)s?' 'ago$ ]]; then[0m
Build Package	Set up Rust	2026-05-03T17:56:59.4095268Z [36;1m  if [[ Linux == macOS ]]; then[0m
Build Package	Set up Rust	2026-05-03T17:56:59.4097118Z [36;1m    echo "toolchain=1.$((($(date -v-$(sed 's/stable \([0-9]*\) \(.\).*/\1\2/' <<< $toolchain) +%s)/60/60/24-16569)/7/6))" >> $GITHUB_OUTPUT[0m
Build Package	Set up Rust	2026-05-03T17:56:59.4099063Z [36;1m  else[0m
Build Package	Set up Rust	2026-05-03T17:56:59.4100489Z [36;1m    echo "toolchain=1.$((($(date --date "${toolchain#stable }" +%s)/60/60/24-16569)/7/6))" >> $GITHUB_OUTPUT[0m
Build Package	Set up Rust	2026-05-03T17:56:59.4102153Z [36;1m  fi[0m
Build Package	Set up Rust	2026-05-03T17:56:59.4103369Z [36;1melif [[ $toolchain =~ ^stable' 'minus' '[0-9]+' 'releases?$ ]]; then[0m
Build Package	Set up Rust	2026-05-03T17:56:59.4105292Z [36;1m  echo "toolchain=1.$((($(date +%s)/60/60/24-16569)/7/6-${toolchain//[^0-9]/}))" >> $GITHUB_OUTPUT[0m
Build Package	Set up Rust	2026-05-03T17:56:59.4106948Z [36;1melif [[ $toolchain =~ ^1\.[0-9]+$ ]]; then[0m
Build Package	Set up Rust	2026-05-03T17:56:59.4108836Z [36;1m  echo "toolchain=1.$((i=${toolchain#1.}, c=($(date +%s)/60/60/24-16569)/7/6, i+9*i*(10*i<=c)+90*i*(100*i<=c)))" >> $GITHUB_OUTPUT[0m
Build Package	Set up Rust	2026-05-03T17:56:59.4110651Z [36;1melse[0m
Build Package	Set up Rust	2026-05-03T17:56:59.4111500Z [36;1m  echo "toolchain=$toolchain" >> $GITHUB_OUTPUT[0m
Build Package	Set up Rust	2026-05-03T17:56:59.4112574Z [36;1mfi[0m
Build Package	Set up Rust	2026-05-03T17:56:59.4138755Z shell: /usr/bin/bash --noprofile --norc -e -o pipefail {0}
Build Package	Set up Rust	2026-05-03T17:56:59.4139953Z env:
Build Package	Set up Rust	2026-05-03T17:56:59.4140592Z   CARGO_TERM_COLOR: always
Build Package	Set up Rust	2026-05-03T17:56:59.4141402Z   RUSTFLAGS: -Dwarnings
Build Package	Set up Rust	2026-05-03T17:56:59.4142167Z   toolchain: stable
Build Package	Set up Rust	2026-05-03T17:56:59.4143115Z ##[endgroup]
Build Package	Set up Rust	2026-05-03T17:56:59.4362058Z ##[group]Run : construct rustup command line
Build Package	Set up Rust	2026-05-03T17:56:59.4363487Z [36;1m: construct rustup command line[0m
Build Package	Set up Rust	2026-05-03T17:56:59.4365087Z [36;1mecho "targets=$(for t in ${targets//,/ }; do echo -n ' --target' $t; done)" >> $GITHUB_OUTPUT[0m
Build Package	Set up Rust	2026-05-03T17:56:59.4367405Z [36;1mecho "components=$(for c in ${components//,/ }; do echo -n ' --component' $c; done)" >> $GITHUB_OUTPUT[0m
Build Package	Set up Rust	2026-05-03T17:56:59.4369185Z [36;1mecho "downgrade=" >> $GITHUB_OUTPUT[0m
Build Package	Set up Rust	2026-05-03T17:56:59.4390354Z shell: /usr/bin/bash --noprofile --norc -e -o pipefail {0}
Build Package	Set up Rust	2026-05-03T17:56:59.4391513Z env:
Build Package	Set up Rust	2026-05-03T17:56:59.4392138Z   CARGO_TERM_COLOR: always
Build Package	Set up Rust	2026-05-03T17:56:59.4393249Z   RUSTFLAGS: -Dwarnings
Build Package	Set up Rust	2026-05-03T17:56:59.4394028Z   targets: 
Build Package	Set up Rust	2026-05-03T17:56:59.4394665Z   components: 
Build Package	Set up Rust	2026-05-03T17:56:59.4395328Z ##[endgroup]
Build Package	Set up Rust	2026-05-03T17:56:59.4499063Z ##[group]Run : set $CARGO_HOME
Build Package	Set up Rust	2026-05-03T17:56:59.4499970Z [36;1m: set $CARGO_HOME[0m
Build Package	Set up Rust	2026-05-03T17:56:59.4501092Z [36;1mecho CARGO_HOME=${CARGO_HOME:-"$HOME/.cargo"} >> $GITHUB_ENV[0m
Build Package	Set up Rust	2026-05-03T17:56:59.4522187Z shell: /usr/bin/bash --noprofile --norc -e -o pipefail {0}
Build Package	Set up Rust	2026-05-03T17:56:59.4523802Z env:
Build Package	Set up Rust	2026-05-03T17:56:59.4524447Z   CARGO_TERM_COLOR: always
Build Package	Set up Rust	2026-05-03T17:56:59.4525257Z   RUSTFLAGS: -Dwarnings
Build Package	Set up Rust	2026-05-03T17:56:59.4526068Z ##[endgroup]
Build Package	Set up Rust	2026-05-03T17:56:59.4628952Z ##[group]Run : install rustup if needed
Build Package	Set up Rust	2026-05-03T17:56:59.4629962Z [36;1m: install rustup if needed[0m
Build Package	Set up Rust	2026-05-03T17:56:59.4630982Z [36;1mif ! command -v rustup &>/dev/null; then[0m
Build Package	Set up Rust	2026-05-03T17:56:59.4633844Z [36;1m  curl --proto '=https' --tlsv1.2 --retry 10 --retry-connrefused --location --silent --show-error --fail https://sh.rustup.rs | sh -s -- --default-toolchain none -y[0m
Build Package	Set up Rust	2026-05-03T17:56:59.4636721Z [36;1m  echo "$CARGO_HOME/bin" >> $GITHUB_PATH[0m
Build Package	Set up Rust	2026-05-03T17:56:59.4637722Z [36;1mfi[0m
Build Package	Set up Rust	2026-05-03T17:56:59.4658518Z shell: /usr/bin/bash --noprofile --norc -e -o pipefail {0}
Build Package	Set up Rust	2026-05-03T17:56:59.4659786Z env:
Build Package	Set up Rust	2026-05-03T17:56:59.4660418Z   CARGO_TERM_COLOR: always
Build Package	Set up Rust	2026-05-03T17:56:59.4661228Z   RUSTFLAGS: -Dwarnings
Build Package	Set up Rust	2026-05-03T17:56:59.4662046Z   CARGO_HOME: /home/runner/.cargo
Build Package	Set up Rust	2026-05-03T17:56:59.4663230Z ##[endgroup]
Build Package	Set up Rust	2026-05-03T17:56:59.4771051Z ##[group]Run rustup toolchain install stable --profile minimal --no-self-update
Build Package	Set up Rust	2026-05-03T17:56:59.4773284Z [36;1mrustup toolchain install stable --profile minimal --no-self-update[0m
Build Package	Set up Rust	2026-05-03T17:56:59.4794627Z shell: /usr/bin/bash --noprofile --norc -e -o pipefail {0}
Build Package	Set up Rust	2026-05-03T17:56:59.4795791Z env:
Build Package	Set up Rust	2026-05-03T17:56:59.4796419Z   CARGO_TERM_COLOR: always
Build Package	Set up Rust	2026-05-03T17:56:59.4797220Z   RUSTFLAGS: -Dwarnings
Build Package	Set up Rust	2026-05-03T17:56:59.4798030Z   CARGO_HOME: /home/runner/.cargo
Build Package	Set up Rust	2026-05-03T17:56:59.4798950Z   RUSTUP_PERMIT_COPY_RENAME: 1
Build Package	Set up Rust	2026-05-03T17:56:59.4799765Z ##[endgroup]
Build Package	Set up Rust	2026-05-03T17:56:59.6257061Z info: syncing channel updates for stable-x86_64-unknown-linux-gnu
Build Package	Set up Rust	2026-05-03T17:56:59.8328118Z info: latest update on 2026-04-16 for version 1.95.0 (59807616e 2026-04-14)
Build Package	Set up Rust	2026-05-03T17:56:59.8448552Z info: removing previous version of component clippy
Build Package	Set up Rust	2026-05-03T17:56:59.8461435Z info: removing previous version of component rustfmt
Build Package	Set up Rust	2026-05-03T17:56:59.8471921Z info: removing previous version of component cargo
Build Package	Set up Rust	2026-05-03T17:56:59.8514176Z info: removing previous version of component rust-std
Build Package	Set up Rust	2026-05-03T17:56:59.8560444Z info: removing previous version of component rustc
Build Package	Set up Rust	2026-05-03T17:56:59.8609984Z info: downloading 5 components
Build Package	Set up Rust	2026-05-03T17:57:08.2509776Z 
Build Package	Set up Rust	2026-05-03T17:57:08.2588572Z   stable-x86_64-unknown-linux-gnu updated - rustc 1.95.0 (59807616e 2026-04-14) (from rustc 1.94.1 (e408947bf 2026-03-25))
Build Package	Set up Rust	2026-05-03T17:57:08.2589447Z 
Build Package	Set up Rust	2026-05-03T17:57:08.2678023Z ##[group]Run rustup default stable
Build Package	Set up Rust	2026-05-03T17:57:08.2678347Z [36;1mrustup default stable[0m
Build Package	Set up Rust	2026-05-03T17:57:08.2700327Z shell: /usr/bin/bash --noprofile --norc -e -o pipefail {0}
Build Package	Set up Rust	2026-05-03T17:57:08.2700700Z env:
Build Package	Set up Rust	2026-05-03T17:57:08.2700911Z   CARGO_TERM_COLOR: always
Build Package	Set up Rust	2026-05-03T17:57:08.2701165Z   RUSTFLAGS: -Dwarnings
Build Package	Set up Rust	2026-05-03T17:57:08.2701405Z   CARGO_HOME: /home/runner/.cargo
Build Package	Set up Rust	2026-05-03T17:57:08.2701669Z ##[endgroup]
Build Package	Set up Rust	2026-05-03T17:57:08.2794087Z info: using existing install for stable-x86_64-unknown-linux-gnu
Build Package	Set up Rust	2026-05-03T17:57:08.2801008Z info: default toolchain set to stable-x86_64-unknown-linux-gnu
Build Package	Set up Rust	2026-05-03T17:57:08.2801347Z 
Build Package	Set up Rust	2026-05-03T17:57:08.2867128Z   stable-x86_64-unknown-linux-gnu unchanged - rustc 1.95.0 (59807616e 2026-04-14)
Build Package	Set up Rust	2026-05-03T17:57:08.2867755Z 
Build Package	Set up Rust	2026-05-03T17:57:08.2909074Z ##[group]Run : create cachekey
Build Package	Set up Rust	2026-05-03T17:57:08.2909395Z [36;1m: create cachekey[0m
Build Package	Set up Rust	2026-05-03T17:57:08.2909917Z [36;1mDATE=$(rustc +stable --version --verbose | sed -ne 's/^commit-date: \(20[0-9][0-9]\)-\([01][0-9]\)-\([0-3][0-9]\)$/\1\2\3/p')[0m
Build Package	Set up Rust	2026-05-03T17:57:08.2910593Z [36;1mHASH=$(rustc +stable --version --verbose | sed -ne 's/^commit-hash: //p')[0m
Build Package	Set up Rust	2026-05-03T17:57:08.2911099Z [36;1mecho "cachekey=$(echo $DATE$HASH | head -c12)" >> $GITHUB_OUTPUT[0m
Build Package	Set up Rust	2026-05-03T17:57:08.2932277Z shell: /usr/bin/bash --noprofile --norc -e -o pipefail {0}
Build Package	Set up Rust	2026-05-03T17:57:08.2932636Z env:
Build Package	Set up Rust	2026-05-03T17:57:08.2932842Z   CARGO_TERM_COLOR: always
Build Package	Set up Rust	2026-05-03T17:57:08.2933642Z   RUSTFLAGS: -Dwarnings
Build Package	Set up Rust	2026-05-03T17:57:08.2933899Z   CARGO_HOME: /home/runner/.cargo
Build Package	Set up Rust	2026-05-03T17:57:08.2934167Z ##[endgroup]
Build Package	Set up Rust	2026-05-03T17:57:08.3273320Z ##[group]Run : disable incremental compilation
Build Package	Set up Rust	2026-05-03T17:57:08.3273810Z [36;1m: disable incremental compilation[0m
Build Package	Set up Rust	2026-05-03T17:57:08.3274187Z [36;1mif [ -z "${CARGO_INCREMENTAL+set}" ]; then[0m
Build Package	Set up Rust	2026-05-03T17:57:08.3274550Z [36;1m  echo CARGO_INCREMENTAL=0 >> $GITHUB_ENV[0m
Build Package	Set up Rust	2026-05-03T17:57:08.3274851Z [36;1mfi[0m
Build Package	Set up Rust	2026-05-03T17:57:08.3296521Z shell: /usr/bin/bash --noprofile --norc -e -o pipefail {0}
Build Package	Set up Rust	2026-05-03T17:57:08.3297104Z env:
Build Package	Set up Rust	2026-05-03T17:57:08.3297367Z   CARGO_TERM_COLOR: always
Build Package	Set up Rust	2026-05-03T17:57:08.3297619Z   RUSTFLAGS: -Dwarnings
Build Package	Set up Rust	2026-05-03T17:57:08.3297871Z   CARGO_HOME: /home/runner/.cargo
Build Package	Set up Rust	2026-05-03T17:57:08.3298124Z ##[endgroup]
Build Package	Set up Rust	2026-05-03T17:57:08.3367294Z ##[group]Run : enable colors in Cargo output
Build Package	Set up Rust	2026-05-03T17:57:08.3367648Z [36;1m: enable colors in Cargo output[0m
Build Package	Set up Rust	2026-05-03T17:57:08.3367998Z [36;1mif [ -z "${CARGO_TERM_COLOR+set}" ]; then[0m
Build Package	Set up Rust	2026-05-03T17:57:08.3368346Z [36;1m  echo CARGO_TERM_COLOR=always >> $GITHUB_ENV[0m
Build Package	Set up Rust	2026-05-03T17:57:08.3368649Z [36;1mfi[0m
Build Package	Set up Rust	2026-05-03T17:57:08.3389018Z shell: /usr/bin/bash --noprofile --norc -e -o pipefail {0}
Build Package	Set up Rust	2026-05-03T17:57:08.3389381Z env:
Build Package	Set up Rust	2026-05-03T17:57:08.3389594Z   CARGO_TERM_COLOR: always
Build Package	Set up Rust	2026-05-03T17:57:08.3389846Z   RUSTFLAGS: -Dwarnings
Build Package	Set up Rust	2026-05-03T17:57:08.3390103Z   CARGO_HOME: /home/runner/.cargo
Build Package	Set up Rust	2026-05-03T17:57:08.3390364Z   CARGO_INCREMENTAL: 0
Build Package	Set up Rust	2026-05-03T17:57:08.3390589Z ##[endgroup]
Build Package	Set up Rust	2026-05-03T17:57:08.3504306Z ##[group]Run : enable Cargo sparse registry
Build Package	Set up Rust	2026-05-03T17:57:08.3504684Z [36;1m: enable Cargo sparse registry[0m
Build Package	Set up Rust	2026-05-03T17:57:08.3505062Z [36;1m# implemented in 1.66, stabilized in 1.68, made default in 1.70[0m
Build Package	Set up Rust	2026-05-03T17:57:08.3505781Z [36;1mif [ -z "${CARGO_REGISTRIES_CRATES_IO_PROTOCOL+set}" -o -f "/home/runner/work/_temp"/.implicit_cargo_registries_crates_io_protocol ]; then[0m
Build Package	Set up Rust	2026-05-03T17:57:08.3506540Z [36;1m  if rustc +stable --version --verbose | grep -q '^release: 1\.6[89]\.'; then[0m
Build Package	Set up Rust	2026-05-03T17:57:08.3507133Z [36;1m    touch "/home/runner/work/_temp"/.implicit_cargo_registries_crates_io_protocol || true[0m
Build Package	Set up Rust	2026-05-03T17:57:08.3507686Z [36;1m    echo CARGO_REGISTRIES_CRATES_IO_PROTOCOL=sparse >> $GITHUB_ENV[0m
Build Package	Set up Rust	2026-05-03T17:57:08.3508195Z [36;1m  elif rustc +stable --version --verbose | grep -q '^release: 1\.6[67]\.'; then[0m
Build Package	Set up Rust	2026-05-03T17:57:08.3508762Z [36;1m    touch "/home/runner/work/_temp"/.implicit_cargo_registries_crates_io_protocol || true[0m
Build Package	Set up Rust	2026-05-03T17:57:08.3509313Z [36;1m    echo CARGO_REGISTRIES_CRATES_IO_PROTOCOL=git >> $GITHUB_ENV[0m
Build Package	Set up Rust	2026-05-03T17:57:08.3509664Z [36;1m  fi[0m
Build Package	Set up Rust	2026-05-03T17:57:08.3509873Z [36;1mfi[0m
Build Package	Set up Rust	2026-05-03T17:57:08.3529968Z shell: /usr/bin/bash --noprofile --norc -e -o pipefail {0}
Build Package	Set up Rust	2026-05-03T17:57:08.3530326Z env:
Build Package	Set up Rust	2026-05-03T17:57:08.3530535Z   CARGO_TERM_COLOR: always
Build Package	Set up Rust	2026-05-03T17:57:08.3530776Z   RUSTFLAGS: -Dwarnings
Build Package	Set up Rust	2026-05-03T17:57:08.3531034Z   CARGO_HOME: /home/runner/.cargo
Build Package	Set up Rust	2026-05-03T17:57:08.3531295Z   CARGO_INCREMENTAL: 0
Build Package	Set up Rust	2026-05-03T17:57:08.3531526Z ##[endgroup]
Build Package	Set up Rust	2026-05-03T17:57:08.3847780Z ##[group]Run : work around spurious network errors in curl 8.0
Build Package	Set up Rust	2026-05-03T17:57:08.3848266Z [36;1m: work around spurious network errors in curl 8.0[0m
Build Package	Set up Rust	2026-05-03T17:57:08.3848843Z [36;1m# https://rust-lang.zulipchat.com/#narrow/stream/246057-t-cargo/topic/timeout.20investigation[0m
Build Package	Set up Rust	2026-05-03T17:57:08.3849496Z [36;1mif rustc +stable --version --verbose | grep -q '^release: 1\.7[01]\.'; then[0m
Build Package	Set up Rust	2026-05-03T17:57:08.3849993Z [36;1m  echo CARGO_HTTP_MULTIPLEXING=false >> $GITHUB_ENV[0m
Build Package	Set up Rust	2026-05-03T17:57:08.3850317Z [36;1mfi[0m
Build Package	Set up Rust	2026-05-03T17:57:08.3872385Z shell: /usr/bin/bash --noprofile --norc -e -o pipefail {0}
Build Package	Set up Rust	2026-05-03T17:57:08.3872767Z env:
Build Package	Set up Rust	2026-05-03T17:57:08.3873323Z   CARGO_TERM_COLOR: always
Build Package	Set up Rust	2026-05-03T17:57:08.3873600Z   RUSTFLAGS: -Dwarnings
Build Package	Set up Rust	2026-05-03T17:57:08.3873861Z   CARGO_HOME: /home/runner/.cargo
Build Package	Set up Rust	2026-05-03T17:57:08.3874326Z   CARGO_INCREMENTAL: 0
Build Package	Set up Rust	2026-05-03T17:57:08.3874558Z ##[endgroup]
Build Package	Set up Rust	2026-05-03T17:57:08.4089527Z ##[group]Run rustc +stable --version --verbose
Build Package	Set up Rust	2026-05-03T17:57:08.4089914Z [36;1mrustc +stable --version --verbose[0m
Build Package	Set up Rust	2026-05-03T17:57:08.4111350Z shell: /usr/bin/bash --noprofile --norc -e -o pipefail {0}
Build Package	Set up Rust	2026-05-03T17:57:08.4111723Z env:
Build Package	Set up Rust	2026-05-03T17:57:08.4111932Z   CARGO_TERM_COLOR: always
Build Package	Set up Rust	2026-05-03T17:57:08.4112187Z   RUSTFLAGS: -Dwarnings
Build Package	Set up Rust	2026-05-03T17:57:08.4112438Z   CARGO_HOME: /home/runner/.cargo
Build Package	Set up Rust	2026-05-03T17:57:08.4112695Z   CARGO_INCREMENTAL: 0
Build Package	Set up Rust	2026-05-03T17:57:08.4113486Z ##[endgroup]
Build Package	Set up Rust	2026-05-03T17:57:08.4264568Z rustc 1.95.0 (59807616e 2026-04-14)
Build Package	Set up Rust	2026-05-03T17:57:08.4265348Z binary: rustc
Build Package	Set up Rust	2026-05-03T17:57:08.4265890Z commit-hash: 59807616e1fa2540724bfbac14d7976d7e4a3860
Build Package	Set up Rust	2026-05-03T17:57:08.4266620Z commit-date: 2026-04-14
Build Package	Set up Rust	2026-05-03T17:57:08.4267114Z host: x86_64-unknown-linux-gnu
Build Package	Set up Rust	2026-05-03T17:57:08.4267560Z release: 1.95.0
Build Package	Set up Rust	2026-05-03T17:57:08.4267978Z LLVM version: 22.1.2
Build Package	Cache cargo dependencies	﻿2026-05-03T17:57:08.4927488Z ##[group]Run actions/cache@v4
Build Package	Cache cargo dependencies	2026-05-03T17:57:08.4927840Z with:
Build Package	Cache cargo dependencies	2026-05-03T17:57:08.4928248Z   path: ~/.cargo/bin/
Build Package	Cache cargo dependencies	~/.cargo/registry/index/
Build Package	Cache cargo dependencies	~/.cargo/registry/cache/
Build Package	Cache cargo dependencies	~/.cargo/git/db/
Build Package	Cache cargo dependencies	rust/target/
Build Package	Cache cargo dependencies	
Build Package	Cache cargo dependencies	2026-05-03T17:57:08.4928932Z   key: Linux-cargo-build-3bdf1052f98aec50857f27e3615100242b9f9c1f98c417d8384cf7fd70b81aba
Build Package	Cache cargo dependencies	2026-05-03T17:57:08.4929423Z   enableCrossOsArchive: false
Build Package	Cache cargo dependencies	2026-05-03T17:57:08.4929693Z   fail-on-cache-miss: false
Build Package	Cache cargo dependencies	2026-05-03T17:57:08.4929949Z   lookup-only: false
Build Package	Cache cargo dependencies	2026-05-03T17:57:08.4930172Z   save-always: false
Build Package	Cache cargo dependencies	2026-05-03T17:57:08.4930391Z env:
Build Package	Cache cargo dependencies	2026-05-03T17:57:08.4930589Z   CARGO_TERM_COLOR: always
Build Package	Cache cargo dependencies	2026-05-03T17:57:08.4930841Z   RUSTFLAGS: -Dwarnings
Build Package	Cache cargo dependencies	2026-05-03T17:57:08.4931079Z   CARGO_HOME: /home/runner/.cargo
Build Package	Cache cargo dependencies	2026-05-03T17:57:08.4931343Z   CARGO_INCREMENTAL: 0
Build Package	Cache cargo dependencies	2026-05-03T17:57:08.4931563Z ##[endgroup]
Build Package	Cache cargo dependencies	2026-05-03T17:57:08.7069612Z Cache hit for: Linux-cargo-build-3bdf1052f98aec50857f27e3615100242b9f9c1f98c417d8384cf7fd70b81aba
Build Package	Cache cargo dependencies	2026-05-03T17:57:08.8944216Z Received 12160654 of 12160654 (100.0%), 74.8 MBs/sec
Build Package	Cache cargo dependencies	2026-05-03T17:57:08.8945200Z Cache Size: ~12 MB (12160654 B)
Build Package	Cache cargo dependencies	2026-05-03T17:57:08.8978431Z [command]/usr/bin/tar -xf /home/runner/work/_temp/543373c9-9c71-4e26-80b6-9552718dc719/cache.tzst -P -C /home/runner/work/lino-objects-codec/lino-objects-codec --use-compress-program unzstd
Build Package	Cache cargo dependencies	2026-05-03T17:57:08.9636327Z Cache restored successfully
Build Package	Cache cargo dependencies	2026-05-03T17:57:08.9723636Z Cache restored from key: Linux-cargo-build-3bdf1052f98aec50857f27e3615100242b9f9c1f98c417d8384cf7fd70b81aba
Build Package	Build release	﻿2026-05-03T17:57:08.9812185Z ##[group]Run cargo build --release
Build Package	Build release	2026-05-03T17:57:08.9812504Z [36;1mcargo build --release[0m
Build Package	Build release	2026-05-03T17:57:08.9835499Z shell: /usr/bin/bash -e {0}
Build Package	Build release	2026-05-03T17:57:08.9835744Z env:
Build Package	Build release	2026-05-03T17:57:08.9835922Z   CARGO_TERM_COLOR: always
Build Package	Build release	2026-05-03T17:57:08.9836146Z   RUSTFLAGS: -Dwarnings
Build Package	Build release	2026-05-03T17:57:08.9836360Z   CARGO_HOME: /home/runner/.cargo
Build Package	Build release	2026-05-03T17:57:08.9836604Z   CARGO_INCREMENTAL: 0
Build Package	Build release	2026-05-03T17:57:08.9836798Z ##[endgroup]
Build Package	Build release	2026-05-03T17:57:09.0498282Z [1m[92m   Compiling[0m lino-objects-codec v0.2.0 (/home/runner/work/lino-objects-codec/lino-objects-codec/rust)
Build Package	Build release	2026-05-03T17:57:09.6917958Z [1m[92m    Finished[0m `release` profile [optimized] target(s) in 0.69s
Build Package	Package crate	﻿2026-05-03T17:57:09.6968100Z ##[group]Run cargo package --list
Build Package	Package crate	2026-05-03T17:57:09.6968407Z [36;1mcargo package --list[0m
Build Package	Package crate	2026-05-03T17:57:09.6989402Z shell: /usr/bin/bash -e {0}
Build Package	Package crate	2026-05-03T17:57:09.6989646Z env:
Build Package	Package crate	2026-05-03T17:57:09.6989822Z   CARGO_TERM_COLOR: always
Build Package	Package crate	2026-05-03T17:57:09.6990047Z   RUSTFLAGS: -Dwarnings
Build Package	Package crate	2026-05-03T17:57:09.6990261Z   CARGO_HOME: /home/runner/.cargo
Build Package	Package crate	2026-05-03T17:57:09.6990499Z   CARGO_INCREMENTAL: 0
Build Package	Package crate	2026-05-03T17:57:09.6990689Z ##[endgroup]
Build Package	Package crate	2026-05-03T17:57:09.7253446Z .cargo_vcs_info.json
Build Package	Package crate	2026-05-03T17:57:09.7253841Z .gitignore
Build Package	Package crate	2026-05-03T17:57:09.7254141Z CHANGELOG.md
Build Package	Package crate	2026-05-03T17:57:09.7254410Z Cargo.lock
Build Package	Package crate	2026-05-03T17:57:09.7254577Z Cargo.toml
Build Package	Package crate	2026-05-03T17:57:09.7254745Z Cargo.toml.orig
Build Package	Package crate	2026-05-03T17:57:09.7254918Z README.md
Build Package	Package crate	2026-05-03T17:57:09.7255383Z changelog.d/20260108_193000_ci_cd_improvements.md
Build Package	Package crate	2026-05-03T17:57:09.7255669Z changelog.d/README.md
Build Package	Package crate	2026-05-03T17:57:09.7255863Z examples/basic_usage.rs
Build Package	Package crate	2026-05-03T17:57:09.7256067Z scripts/bump-version.mjs
Build Package	Package crate	2026-05-03T17:57:09.7256298Z scripts/check-changelog-fragment.mjs
Build Package	Package crate	2026-05-03T17:57:09.7256597Z scripts/check-file-size.mjs
Build Package	Package crate	2026-05-03T17:57:09.7256834Z scripts/check-version-modification.mjs
Build Package	Package crate	2026-05-03T17:57:09.7257088Z scripts/collect-changelog.mjs
Build Package	Package crate	2026-05-03T17:57:09.7257326Z scripts/create-github-release.mjs
Build Package	Package crate	2026-05-03T17:57:09.7257568Z scripts/detect-code-changes.mjs
Build Package	Package crate	2026-05-03T17:57:09.7257795Z scripts/get-bump-type.mjs
Build Package	Package crate	2026-05-03T17:57:09.7265725Z scripts/git-config.mjs
Build Package	Package crate	2026-05-03T17:57:09.7265993Z scripts/version-and-commit.mjs
Build Package	Package crate	2026-05-03T17:57:09.7266224Z src/lib.rs
Build Package	Post Cache cargo dependencies	﻿2026-05-03T17:57:09.7845956Z Post job cleanup.
Build Package	Post Cache cargo dependencies	2026-05-03T17:57:09.9151660Z Cache hit occurred on the primary key Linux-cargo-build-3bdf1052f98aec50857f27e3615100242b9f9c1f98c417d8384cf7fd70b81aba, not saving cache.
Build Package	Post Run actions/checkout@v4	﻿2026-05-03T17:57:09.9270117Z Post job cleanup.
Build Package	Post Run actions/checkout@v4	2026-05-03T17:57:10.0228010Z [command]/usr/bin/git version
Build Package	Post Run actions/checkout@v4	2026-05-03T17:57:10.0264934Z git version 2.53.0
Build Package	Post Run actions/checkout@v4	2026-05-03T17:57:10.0314423Z Temporarily overriding HOME='/home/runner/work/_temp/c8dfb691-8f94-4d47-8be5-ea9d91d1c091' before making global git config changes
Build Package	Post Run actions/checkout@v4	2026-05-03T17:57:10.0315795Z Adding repository directory to the temporary git global config as a safe directory
Build Package	Post Run actions/checkout@v4	2026-05-03T17:57:10.0319702Z [command]/usr/bin/git config --global --add safe.directory /home/runner/work/lino-objects-codec/lino-objects-codec
Build Package	Post Run actions/checkout@v4	2026-05-03T17:57:10.0353479Z [command]/usr/bin/git config --local --name-only --get-regexp core\.sshCommand
Build Package	Post Run actions/checkout@v4	2026-05-03T17:57:10.0385509Z [command]/usr/bin/git submodule foreach --recursive sh -c "git config --local --name-only --get-regexp 'core\.sshCommand' && git config --local --unset-all 'core.sshCommand' || :"
Build Package	Post Run actions/checkout@v4	2026-05-03T17:57:10.0608808Z [command]/usr/bin/git config --local --name-only --get-regexp http\.https\:\/\/github\.com\/\.extraheader
Build Package	Post Run actions/checkout@v4	2026-05-03T17:57:10.0630354Z http.https://github.com/.extraheader
Build Package	Post Run actions/checkout@v4	2026-05-03T17:57:10.0644249Z [command]/usr/bin/git config --local --unset-all http.https://github.com/.extraheader
Build Package	Post Run actions/checkout@v4	2026-05-03T17:57:10.0674232Z [command]/usr/bin/git submodule foreach --recursive sh -c "git config --local --name-only --get-regexp 'http\.https\:\/\/github\.com\/\.extraheader' && git config --local --unset-all 'http.https://github.com/.extraheader' || :"
Build Package	Post Run actions/checkout@v4	2026-05-03T17:57:10.0887676Z [command]/usr/bin/git config --local --name-only --get-regexp ^includeIf\.gitdir:
Build Package	Post Run actions/checkout@v4	2026-05-03T17:57:10.0918082Z [command]/usr/bin/git submodule foreach --recursive git config --local --show-origin --name-only --get-regexp remote.origin.url
Build Package	Complete job	﻿2026-05-03T17:57:10.1238335Z Cleaning up orphan processes
Build Package	Complete job	2026-05-03T17:57:10.1512246Z ##[warning]Node.js 20 actions are deprecated. The following actions are running on Node.js 20 and may not work as expected: actions/cache@v4, actions/checkout@v4. Actions will be forced to run with Node.js 24 by default starting June 2nd, 2026. Node.js 20 will be removed from the runner on September 16th, 2026. Please check if updated versions of these actions are available that support Node.js 24. To opt into Node.js 24 now, set the FORCE_JAVASCRIPT_ACTIONS_TO_NODE24=true environment variable on the runner or in your workflow file. Once Node.js 24 becomes the default, you can temporarily opt out by setting ACTIONS_ALLOW_USE_UNSECURE_NODE_VERSION=true. For more information see: https://github.blog/changelog/2025-09-19-deprecation-of-node-20-on-github-actions-runners/
Auto Release	Set up job	﻿2026-05-03T17:57:13.7041659Z Current runner version: '2.334.0'
Auto Release	Set up job	2026-05-03T17:57:13.7071641Z ##[group]Runner Image Provisioner
Auto Release	Set up job	2026-05-03T17:57:13.7072504Z Hosted Compute Agent
Auto Release	Set up job	2026-05-03T17:57:13.7073194Z Version: 20260213.493
Auto Release	Set up job	2026-05-03T17:57:13.7073839Z Commit: 5c115507f6dd24b8de37d8bbe0bb4509d0cc0fa3
Auto Release	Set up job	2026-05-03T17:57:13.7074564Z Build Date: 2026-02-13T00:28:41Z
Auto Release	Set up job	2026-05-03T17:57:13.7075600Z Worker ID: {3e7b324a-ea9c-4f80-ac90-ab38bce3d892}
Auto Release	Set up job	2026-05-03T17:57:13.7076275Z Azure Region: eastus
Auto Release	Set up job	2026-05-03T17:57:13.7076850Z ##[endgroup]
Auto Release	Set up job	2026-05-03T17:57:13.7078326Z ##[group]Operating System
Auto Release	Set up job	2026-05-03T17:57:13.7079110Z Ubuntu
Auto Release	Set up job	2026-05-03T17:57:13.7079641Z 24.04.4
Auto Release	Set up job	2026-05-03T17:57:13.7080060Z LTS
Auto Release	Set up job	2026-05-03T17:57:13.7080605Z ##[endgroup]
Auto Release	Set up job	2026-05-03T17:57:13.7081100Z ##[group]Runner Image
Auto Release	Set up job	2026-05-03T17:57:13.7081650Z Image: ubuntu-24.04
Auto Release	Set up job	2026-05-03T17:57:13.7082241Z Version: 20260413.86.1
Auto Release	Set up job	2026-05-03T17:57:13.7083205Z Included Software: https://github.com/actions/runner-images/blob/ubuntu24/20260413.86/images/ubuntu/Ubuntu2404-Readme.md
Auto Release	Set up job	2026-05-03T17:57:13.7085358Z Image Release: https://github.com/actions/runner-images/releases/tag/ubuntu24%2F20260413.86
Auto Release	Set up job	2026-05-03T17:57:13.7086430Z ##[endgroup]
Auto Release	Set up job	2026-05-03T17:57:13.7087616Z ##[group]GITHUB_TOKEN Permissions
Auto Release	Set up job	2026-05-03T17:57:13.7089993Z Contents: write
Auto Release	Set up job	2026-05-03T17:57:13.7090570Z Metadata: read
Auto Release	Set up job	2026-05-03T17:57:13.7091161Z ##[endgroup]
Auto Release	Set up job	2026-05-03T17:57:13.7093323Z Secret source: Actions
Auto Release	Set up job	2026-05-03T17:57:13.7094023Z Prepare workflow directory
Auto Release	Set up job	2026-05-03T17:57:13.7513342Z Prepare all required actions
Auto Release	Set up job	2026-05-03T17:57:13.7550945Z Getting action download info
Auto Release	Set up job	2026-05-03T17:57:14.1039106Z Download action repository 'actions/checkout@v4' (SHA:34e114876b0b11c390a56381ad16ebd13914f8d5)
Auto Release	Set up job	2026-05-03T17:57:14.2379680Z Download action repository 'dtolnay/rust-toolchain@stable' (SHA:29eef336d9b2848a0b548edc03f92a220660cdb8)
Auto Release	Set up job	2026-05-03T17:57:14.3262494Z Download action repository 'actions/setup-node@v4' (SHA:49933ea5288caeca8642d1e84afbd3f7d6820020)
Auto Release	Set up job	2026-05-03T17:57:14.5518834Z Complete job name: Auto Release
Auto Release	Run actions/checkout@v4	﻿2026-05-03T17:57:14.6275170Z ##[group]Run actions/checkout@v4
Auto Release	Run actions/checkout@v4	2026-05-03T17:57:14.6276131Z with:
Auto Release	Run actions/checkout@v4	2026-05-03T17:57:14.6276528Z   fetch-depth: 0
Auto Release	Run actions/checkout@v4	2026-05-03T17:57:14.6277247Z   token: ***
Auto Release	Run actions/checkout@v4	2026-05-03T17:57:14.6277738Z   repository: link-foundation/lino-objects-codec
Auto Release	Run actions/checkout@v4	2026-05-03T17:57:14.6278350Z   ssh-strict: true
Auto Release	Run actions/checkout@v4	2026-05-03T17:57:14.6278780Z   ssh-user: git
Auto Release	Run actions/checkout@v4	2026-05-03T17:57:14.6279230Z   persist-credentials: true
Auto Release	Run actions/checkout@v4	2026-05-03T17:57:14.6279701Z   clean: true
Auto Release	Run actions/checkout@v4	2026-05-03T17:57:14.6280145Z   sparse-checkout-cone-mode: true
Auto Release	Run actions/checkout@v4	2026-05-03T17:57:14.6280660Z   fetch-tags: false
Auto Release	Run actions/checkout@v4	2026-05-03T17:57:14.6281115Z   show-progress: true
Auto Release	Run actions/checkout@v4	2026-05-03T17:57:14.6281547Z   lfs: false
Auto Release	Run actions/checkout@v4	2026-05-03T17:57:14.6281933Z   submodules: false
Auto Release	Run actions/checkout@v4	2026-05-03T17:57:14.6282366Z   set-safe-directory: true
Auto Release	Run actions/checkout@v4	2026-05-03T17:57:14.6282997Z env:
Auto Release	Run actions/checkout@v4	2026-05-03T17:57:14.6283387Z   CARGO_TERM_COLOR: always
Auto Release	Run actions/checkout@v4	2026-05-03T17:57:14.6283870Z   RUSTFLAGS: -Dwarnings
Auto Release	Run actions/checkout@v4	2026-05-03T17:57:14.6284309Z ##[endgroup]
Auto Release	Run actions/checkout@v4	2026-05-03T17:57:14.7523134Z Syncing repository: link-foundation/lino-objects-codec
Auto Release	Run actions/checkout@v4	2026-05-03T17:57:14.7525915Z ##[group]Getting Git version info
Auto Release	Run actions/checkout@v4	2026-05-03T17:57:14.7526852Z Working directory is '/home/runner/work/lino-objects-codec/lino-objects-codec'
Auto Release	Run actions/checkout@v4	2026-05-03T17:57:14.7528079Z [command]/usr/bin/git version
Auto Release	Run actions/checkout@v4	2026-05-03T17:57:14.7576666Z git version 2.53.0
Auto Release	Run actions/checkout@v4	2026-05-03T17:57:14.7605428Z ##[endgroup]
Auto Release	Run actions/checkout@v4	2026-05-03T17:57:14.7620232Z Temporarily overriding HOME='/home/runner/work/_temp/1883feb6-42b5-44a2-81ac-52b46291dfb5' before making global git config changes
Auto Release	Run actions/checkout@v4	2026-05-03T17:57:14.7621780Z Adding repository directory to the temporary git global config as a safe directory
Auto Release	Run actions/checkout@v4	2026-05-03T17:57:14.7625914Z [command]/usr/bin/git config --global --add safe.directory /home/runner/work/lino-objects-codec/lino-objects-codec
Auto Release	Run actions/checkout@v4	2026-05-03T17:57:14.7662311Z Deleting the contents of '/home/runner/work/lino-objects-codec/lino-objects-codec'
Auto Release	Run actions/checkout@v4	2026-05-03T17:57:14.7665918Z ##[group]Initializing the repository
Auto Release	Run actions/checkout@v4	2026-05-03T17:57:14.7670040Z [command]/usr/bin/git init /home/runner/work/lino-objects-codec/lino-objects-codec
Auto Release	Run actions/checkout@v4	2026-05-03T17:57:14.7732875Z hint: Using 'master' as the name for the initial branch. This default branch name
Auto Release	Run actions/checkout@v4	2026-05-03T17:57:14.7734918Z hint: will change to "main" in Git 3.0. To configure the initial branch name
Auto Release	Run actions/checkout@v4	2026-05-03T17:57:14.7736633Z hint: to use in all of your new repositories, which will suppress this warning,
Auto Release	Run actions/checkout@v4	2026-05-03T17:57:14.7738019Z hint: call:
Auto Release	Run actions/checkout@v4	2026-05-03T17:57:14.7738718Z hint:
Auto Release	Run actions/checkout@v4	2026-05-03T17:57:14.7739587Z hint: 	git config --global init.defaultBranch <name>
Auto Release	Run actions/checkout@v4	2026-05-03T17:57:14.7740676Z hint:
Auto Release	Run actions/checkout@v4	2026-05-03T17:57:14.7741685Z hint: Names commonly chosen instead of 'master' are 'main', 'trunk' and
Auto Release	Run actions/checkout@v4	2026-05-03T17:57:14.7743329Z hint: 'development'. The just-created branch can be renamed via this command:
Auto Release	Run actions/checkout@v4	2026-05-03T17:57:14.7744621Z hint:
Auto Release	Run actions/checkout@v4	2026-05-03T17:57:14.7745602Z hint: 	git branch -m <name>
Auto Release	Run actions/checkout@v4	2026-05-03T17:57:14.7746439Z hint:
Auto Release	Run actions/checkout@v4	2026-05-03T17:57:14.7747560Z hint: Disable this message with "git config set advice.defaultBranchName false"
Auto Release	Run actions/checkout@v4	2026-05-03T17:57:14.7749628Z Initialized empty Git repository in /home/runner/work/lino-objects-codec/lino-objects-codec/.git/
Auto Release	Run actions/checkout@v4	2026-05-03T17:57:14.7752963Z [command]/usr/bin/git remote add origin https://github.com/link-foundation/lino-objects-codec
Auto Release	Run actions/checkout@v4	2026-05-03T17:57:14.7782046Z ##[endgroup]
Auto Release	Run actions/checkout@v4	2026-05-03T17:57:14.7783443Z ##[group]Disabling automatic garbage collection
Auto Release	Run actions/checkout@v4	2026-05-03T17:57:14.7787513Z [command]/usr/bin/git config --local gc.auto 0
Auto Release	Run actions/checkout@v4	2026-05-03T17:57:14.7820271Z ##[endgroup]
Auto Release	Run actions/checkout@v4	2026-05-03T17:57:14.7821442Z ##[group]Setting up auth
Auto Release	Run actions/checkout@v4	2026-05-03T17:57:14.7828286Z [command]/usr/bin/git config --local --name-only --get-regexp core\.sshCommand
Auto Release	Run actions/checkout@v4	2026-05-03T17:57:14.7865032Z [command]/usr/bin/git submodule foreach --recursive sh -c "git config --local --name-only --get-regexp 'core\.sshCommand' && git config --local --unset-all 'core.sshCommand' || :"
Auto Release	Run actions/checkout@v4	2026-05-03T17:57:14.8170324Z [command]/usr/bin/git config --local --name-only --get-regexp http\.https\:\/\/github\.com\/\.extraheader
Auto Release	Run actions/checkout@v4	2026-05-03T17:57:14.8203406Z [command]/usr/bin/git submodule foreach --recursive sh -c "git config --local --name-only --get-regexp 'http\.https\:\/\/github\.com\/\.extraheader' && git config --local --unset-all 'http.https://github.com/.extraheader' || :"
Auto Release	Run actions/checkout@v4	2026-05-03T17:57:14.8454808Z [command]/usr/bin/git config --local --name-only --get-regexp ^includeIf\.gitdir:
Auto Release	Run actions/checkout@v4	2026-05-03T17:57:14.8486697Z [command]/usr/bin/git submodule foreach --recursive git config --local --show-origin --name-only --get-regexp remote.origin.url
Auto Release	Run actions/checkout@v4	2026-05-03T17:57:14.8728501Z [command]/usr/bin/git config --local http.https://github.com/.extraheader AUTHORIZATION: basic ***
Auto Release	Run actions/checkout@v4	2026-05-03T17:57:14.8765198Z ##[endgroup]
Auto Release	Run actions/checkout@v4	2026-05-03T17:57:14.8766236Z ##[group]Fetching the repository
Auto Release	Run actions/checkout@v4	2026-05-03T17:57:14.8773876Z [command]/usr/bin/git -c protocol.version=2 fetch --prune --no-recurse-submodules origin +refs/heads/*:refs/remotes/origin/* +refs/tags/*:refs/tags/*
Auto Release	Run actions/checkout@v4	2026-05-03T17:57:15.1845068Z From https://github.com/link-foundation/lino-objects-codec
Auto Release	Run actions/checkout@v4	2026-05-03T17:57:15.1847557Z  * [new branch]      issue-1-843d779c4cdb  -> origin/issue-1-843d779c4cdb
Auto Release	Run actions/checkout@v4	2026-05-03T17:57:15.1849734Z  * [new branch]      issue-11-c74c0836aeba -> origin/issue-11-c74c0836aeba
Auto Release	Run actions/checkout@v4	2026-05-03T17:57:15.1851765Z  * [new branch]      issue-15-b28422959bc5 -> origin/issue-15-b28422959bc5
Auto Release	Run actions/checkout@v4	2026-05-03T17:57:15.1853792Z  * [new branch]      issue-17-ace5a094a724 -> origin/issue-17-ace5a094a724
Auto Release	Run actions/checkout@v4	2026-05-03T17:57:15.1856103Z  * [new branch]      issue-19-d88ab983ff7d -> origin/issue-19-d88ab983ff7d
Auto Release	Run actions/checkout@v4	2026-05-03T17:57:15.1858312Z  * [new branch]      issue-20-d21ab54e8ff1 -> origin/issue-20-d21ab54e8ff1
Auto Release	Run actions/checkout@v4	2026-05-03T17:57:15.1860638Z  * [new branch]      issue-22-e5ea3b44ef6b -> origin/issue-22-e5ea3b44ef6b
Auto Release	Run actions/checkout@v4	2026-05-03T17:57:15.1863333Z  * [new branch]      issue-25-76b0e5ea19d6 -> origin/issue-25-76b0e5ea19d6
Auto Release	Run actions/checkout@v4	2026-05-03T17:57:15.1865982Z  * [new branch]      issue-27-eb86cc75f92a -> origin/issue-27-eb86cc75f92a
Auto Release	Run actions/checkout@v4	2026-05-03T17:57:15.1868391Z  * [new branch]      issue-29-7f70f0d87db9 -> origin/issue-29-7f70f0d87db9
Auto Release	Run actions/checkout@v4	2026-05-03T17:57:15.1870730Z  * [new branch]      issue-3-397c5eeac29f  -> origin/issue-3-397c5eeac29f
Auto Release	Run actions/checkout@v4	2026-05-03T17:57:15.1873320Z  * [new branch]      issue-5-9641b6fb00d3  -> origin/issue-5-9641b6fb00d3
Auto Release	Run actions/checkout@v4	2026-05-03T17:57:15.1875826Z  * [new branch]      issue-7-7a98520cd689  -> origin/issue-7-7a98520cd689
Auto Release	Run actions/checkout@v4	2026-05-03T17:57:15.1878217Z  * [new branch]      issue-8-8f8d9acce5f1  -> origin/issue-8-8f8d9acce5f1
Auto Release	Run actions/checkout@v4	2026-05-03T17:57:15.1880084Z  * [new branch]      issue-9-bef9e95e65ef  -> origin/issue-9-bef9e95e65ef
Auto Release	Run actions/checkout@v4	2026-05-03T17:57:15.1881711Z  * [new branch]      main                  -> origin/main
Auto Release	Run actions/checkout@v4	2026-05-03T17:57:15.1883318Z  * [new tag]         csharp-v0.2.0         -> csharp-v0.2.0
Auto Release	Run actions/checkout@v4	2026-05-03T17:57:15.1884917Z  * [new tag]         rust-v0.2.0           -> rust-v0.2.0
Auto Release	Run actions/checkout@v4	2026-05-03T17:57:15.1886223Z  * [new tag]         v0.1.1                -> v0.1.1
Auto Release	Run actions/checkout@v4	2026-05-03T17:57:15.1887361Z  * [new tag]         v0.3.0                -> v0.3.0
Auto Release	Run actions/checkout@v4	2026-05-03T17:57:15.1888505Z  * [new tag]         v0.3.1                -> v0.3.1
Auto Release	Run actions/checkout@v4	2026-05-03T17:57:15.1889675Z  * [new tag]         v0.3.2                -> v0.3.2
Auto Release	Run actions/checkout@v4	2026-05-03T17:57:15.1890857Z  * [new tag]         v0.3.3                -> v0.3.3
Auto Release	Run actions/checkout@v4	2026-05-03T17:57:15.1912890Z [command]/usr/bin/git branch --list --remote origin/main
Auto Release	Run actions/checkout@v4	2026-05-03T17:57:15.1940809Z   origin/main
Auto Release	Run actions/checkout@v4	2026-05-03T17:57:15.1949701Z [command]/usr/bin/git rev-parse refs/remotes/origin/main
Auto Release	Run actions/checkout@v4	2026-05-03T17:57:15.1971359Z e4d397849a5d4f3eb462861197887735819d30b3
Auto Release	Run actions/checkout@v4	2026-05-03T17:57:15.1982728Z [command]/usr/bin/git -c protocol.version=2 fetch --no-tags --prune --no-recurse-submodules origin +ddbf2556b5b0e91a05c053f321b85ce9eb02355a:refs/remotes/origin/main
Auto Release	Run actions/checkout@v4	2026-05-03T17:57:15.2032854Z From https://github.com/link-foundation/lino-objects-codec
Auto Release	Run actions/checkout@v4	2026-05-03T17:57:15.2035550Z  + e4d3978...ddbf255 ddbf2556b5b0e91a05c053f321b85ce9eb02355a -> origin/main  (forced update)
Auto Release	Run actions/checkout@v4	2026-05-03T17:57:15.2061965Z ##[endgroup]
Auto Release	Run actions/checkout@v4	2026-05-03T17:57:15.2063655Z ##[group]Determining the checkout info
Auto Release	Run actions/checkout@v4	2026-05-03T17:57:15.2065823Z ##[endgroup]
Auto Release	Run actions/checkout@v4	2026-05-03T17:57:15.2067742Z [command]/usr/bin/git sparse-checkout disable
Auto Release	Run actions/checkout@v4	2026-05-03T17:57:15.2105522Z [command]/usr/bin/git config --local --unset-all extensions.worktreeConfig
Auto Release	Run actions/checkout@v4	2026-05-03T17:57:15.2136293Z ##[group]Checking out the ref
Auto Release	Run actions/checkout@v4	2026-05-03T17:57:15.2138126Z [command]/usr/bin/git checkout --progress --force -B main refs/remotes/origin/main
Auto Release	Run actions/checkout@v4	2026-05-03T17:57:15.2321693Z Switched to a new branch 'main'
Auto Release	Run actions/checkout@v4	2026-05-03T17:57:15.2323568Z branch 'main' set up to track 'origin/main'.
Auto Release	Run actions/checkout@v4	2026-05-03T17:57:15.2331365Z ##[endgroup]
Auto Release	Run actions/checkout@v4	2026-05-03T17:57:15.2372306Z [command]/usr/bin/git log -1 --format=%H
Auto Release	Run actions/checkout@v4	2026-05-03T17:57:15.2397493Z ddbf2556b5b0e91a05c053f321b85ce9eb02355a
Auto Release	Set up Rust	﻿2026-05-03T17:57:15.3030105Z ##[group]Run dtolnay/rust-toolchain@stable
Auto Release	Set up Rust	2026-05-03T17:57:15.3031255Z with:
Auto Release	Set up Rust	2026-05-03T17:57:15.3031983Z   toolchain: stable
Auto Release	Set up Rust	2026-05-03T17:57:15.3032789Z env:
Auto Release	Set up Rust	2026-05-03T17:57:15.3033532Z   CARGO_TERM_COLOR: always
Auto Release	Set up Rust	2026-05-03T17:57:15.3034478Z   RUSTFLAGS: -Dwarnings
Auto Release	Set up Rust	2026-05-03T17:57:15.3035607Z ##[endgroup]
Auto Release	Set up Rust	2026-05-03T17:57:15.3237501Z ##[group]Run : parse toolchain version
Auto Release	Set up Rust	2026-05-03T17:57:15.3238769Z [36;1m: parse toolchain version[0m
Auto Release	Set up Rust	2026-05-03T17:57:15.3239852Z [36;1mif [[ -z $toolchain ]]; then[0m
Auto Release	Set up Rust	2026-05-03T17:57:15.3241688Z [36;1m  # GitHub does not enforce `required: true` inputs itself. https://github.com/actions/runner/issues/1070[0m
Auto Release	Set up Rust	2026-05-03T17:57:15.3243669Z [36;1m  echo "'toolchain' is a required input" >&2[0m
Auto Release	Set up Rust	2026-05-03T17:57:15.3245011Z [36;1m  exit 1[0m
Auto Release	Set up Rust	2026-05-03T17:57:15.3246274Z [36;1melif [[ $toolchain =~ ^stable' '[0-9]+' '(year|month|week|day)s?' 'ago$ ]]; then[0m
Auto Release	Set up Rust	2026-05-03T17:57:15.3247783Z [36;1m  if [[ Linux == macOS ]]; then[0m
Auto Release	Set up Rust	2026-05-03T17:57:15.3249650Z [36;1m    echo "toolchain=1.$((($(date -v-$(sed 's/stable \([0-9]*\) \(.\).*/\1\2/' <<< $toolchain) +%s)/60/60/24-16569)/7/6))" >> $GITHUB_OUTPUT[0m
Auto Release	Set up Rust	2026-05-03T17:57:15.3251580Z [36;1m  else[0m
Auto Release	Set up Rust	2026-05-03T17:57:15.3253035Z [36;1m    echo "toolchain=1.$((($(date --date "${toolchain#stable }" +%s)/60/60/24-16569)/7/6))" >> $GITHUB_OUTPUT[0m
Auto Release	Set up Rust	2026-05-03T17:57:15.3254816Z [36;1m  fi[0m
Auto Release	Set up Rust	2026-05-03T17:57:15.3255907Z [36;1melif [[ $toolchain =~ ^stable' 'minus' '[0-9]+' 'releases?$ ]]; then[0m
Auto Release	Set up Rust	2026-05-03T17:57:15.3258033Z [36;1m  echo "toolchain=1.$((($(date +%s)/60/60/24-16569)/7/6-${toolchain//[^0-9]/}))" >> $GITHUB_OUTPUT[0m
Auto Release	Set up Rust	2026-05-03T17:57:15.3259716Z [36;1melif [[ $toolchain =~ ^1\.[0-9]+$ ]]; then[0m
Auto Release	Set up Rust	2026-05-03T17:57:15.3261718Z [36;1m  echo "toolchain=1.$((i=${toolchain#1.}, c=($(date +%s)/60/60/24-16569)/7/6, i+9*i*(10*i<=c)+90*i*(100*i<=c)))" >> $GITHUB_OUTPUT[0m
Auto Release	Set up Rust	2026-05-03T17:57:15.3263520Z [36;1melse[0m
Auto Release	Set up Rust	2026-05-03T17:57:15.3264439Z [36;1m  echo "toolchain=$toolchain" >> $GITHUB_OUTPUT[0m
Auto Release	Set up Rust	2026-05-03T17:57:15.3265688Z [36;1mfi[0m
Auto Release	Set up Rust	2026-05-03T17:57:15.3293544Z shell: /usr/bin/bash --noprofile --norc -e -o pipefail {0}
Auto Release	Set up Rust	2026-05-03T17:57:15.3294962Z env:
Auto Release	Set up Rust	2026-05-03T17:57:15.3295695Z   CARGO_TERM_COLOR: always
Auto Release	Set up Rust	2026-05-03T17:57:15.3296590Z   RUSTFLAGS: -Dwarnings
Auto Release	Set up Rust	2026-05-03T17:57:15.3297429Z   toolchain: stable
Auto Release	Set up Rust	2026-05-03T17:57:15.3298215Z ##[endgroup]
Auto Release	Set up Rust	2026-05-03T17:57:15.3473293Z ##[group]Run : construct rustup command line
Auto Release	Set up Rust	2026-05-03T17:57:15.3474503Z [36;1m: construct rustup command line[0m
Auto Release	Set up Rust	2026-05-03T17:57:15.3476317Z [36;1mecho "targets=$(for t in ${targets//,/ }; do echo -n ' --target' $t; done)" >> $GITHUB_OUTPUT[0m
Auto Release	Set up Rust	2026-05-03T17:57:15.3478538Z [36;1mecho "components=$(for c in ${components//,/ }; do echo -n ' --component' $c; done)" >> $GITHUB_OUTPUT[0m
Auto Release	Set up Rust	2026-05-03T17:57:15.3480273Z [36;1mecho "downgrade=" >> $GITHUB_OUTPUT[0m
Auto Release	Set up Rust	2026-05-03T17:57:15.3504020Z shell: /usr/bin/bash --noprofile --norc -e -o pipefail {0}
Auto Release	Set up Rust	2026-05-03T17:57:15.3505358Z env:
Auto Release	Set up Rust	2026-05-03T17:57:15.3506045Z   CARGO_TERM_COLOR: always
Auto Release	Set up Rust	2026-05-03T17:57:15.3506907Z   RUSTFLAGS: -Dwarnings
Auto Release	Set up Rust	2026-05-03T17:57:15.3507689Z   targets: 
Auto Release	Set up Rust	2026-05-03T17:57:15.3508362Z   components: 
Auto Release	Set up Rust	2026-05-03T17:57:15.3509073Z ##[endgroup]
Auto Release	Set up Rust	2026-05-03T17:57:15.3622380Z ##[group]Run : set $CARGO_HOME
Auto Release	Set up Rust	2026-05-03T17:57:15.3623339Z [36;1m: set $CARGO_HOME[0m
Auto Release	Set up Rust	2026-05-03T17:57:15.3624485Z [36;1mecho CARGO_HOME=${CARGO_HOME:-"$HOME/.cargo"} >> $GITHUB_ENV[0m
Auto Release	Set up Rust	2026-05-03T17:57:15.3648382Z shell: /usr/bin/bash --noprofile --norc -e -o pipefail {0}
Auto Release	Set up Rust	2026-05-03T17:57:15.3649563Z env:
Auto Release	Set up Rust	2026-05-03T17:57:15.3650261Z   CARGO_TERM_COLOR: always
Auto Release	Set up Rust	2026-05-03T17:57:15.3651115Z   RUSTFLAGS: -Dwarnings
Auto Release	Set up Rust	2026-05-03T17:57:15.3651911Z ##[endgroup]
Auto Release	Set up Rust	2026-05-03T17:57:15.3764786Z ##[group]Run : install rustup if needed
Auto Release	Set up Rust	2026-05-03T17:57:15.3765870Z [36;1m: install rustup if needed[0m
Auto Release	Set up Rust	2026-05-03T17:57:15.3766957Z [36;1mif ! command -v rustup &>/dev/null; then[0m
Auto Release	Set up Rust	2026-05-03T17:57:15.3769468Z [36;1m  curl --proto '=https' --tlsv1.2 --retry 10 --retry-connrefused --location --silent --show-error --fail https://sh.rustup.rs | sh -s -- --default-toolchain none -y[0m
Auto Release	Set up Rust	2026-05-03T17:57:15.3772237Z [36;1m  echo "$CARGO_HOME/bin" >> $GITHUB_PATH[0m
Auto Release	Set up Rust	2026-05-03T17:57:15.3773283Z [36;1mfi[0m
Auto Release	Set up Rust	2026-05-03T17:57:15.3795896Z shell: /usr/bin/bash --noprofile --norc -e -o pipefail {0}
Auto Release	Set up Rust	2026-05-03T17:57:15.3797050Z env:
Auto Release	Set up Rust	2026-05-03T17:57:15.3797733Z   CARGO_TERM_COLOR: always
Auto Release	Set up Rust	2026-05-03T17:57:15.3798587Z   RUSTFLAGS: -Dwarnings
Auto Release	Set up Rust	2026-05-03T17:57:15.3799420Z   CARGO_HOME: /home/runner/.cargo
Auto Release	Set up Rust	2026-05-03T17:57:15.3800308Z ##[endgroup]
Auto Release	Set up Rust	2026-05-03T17:57:15.3919838Z ##[group]Run rustup toolchain install stable --profile minimal --no-self-update
Auto Release	Set up Rust	2026-05-03T17:57:15.3921744Z [36;1mrustup toolchain install stable --profile minimal --no-self-update[0m
Auto Release	Set up Rust	2026-05-03T17:57:15.3945876Z shell: /usr/bin/bash --noprofile --norc -e -o pipefail {0}
Auto Release	Set up Rust	2026-05-03T17:57:15.3947054Z env:
Auto Release	Set up Rust	2026-05-03T17:57:15.3947722Z   CARGO_TERM_COLOR: always
Auto Release	Set up Rust	2026-05-03T17:57:15.3948549Z   RUSTFLAGS: -Dwarnings
Auto Release	Set up Rust	2026-05-03T17:57:15.3949355Z   CARGO_HOME: /home/runner/.cargo
Auto Release	Set up Rust	2026-05-03T17:57:15.3950311Z   RUSTUP_PERMIT_COPY_RENAME: 1
Auto Release	Set up Rust	2026-05-03T17:57:15.3951156Z ##[endgroup]
Auto Release	Set up Rust	2026-05-03T17:57:15.5684496Z info: syncing channel updates for stable-x86_64-unknown-linux-gnu
Auto Release	Set up Rust	2026-05-03T17:57:15.6677526Z info: latest update on 2026-04-16 for version 1.95.0 (59807616e 2026-04-14)
Auto Release	Set up Rust	2026-05-03T17:57:15.6866936Z info: removing previous version of component clippy
Auto Release	Set up Rust	2026-05-03T17:57:15.6916869Z info: removing previous version of component rustfmt
Auto Release	Set up Rust	2026-05-03T17:57:15.6925630Z info: removing previous version of component cargo
Auto Release	Set up Rust	2026-05-03T17:57:15.6962195Z info: removing previous version of component rust-std
Auto Release	Set up Rust	2026-05-03T17:57:15.7005551Z info: removing previous version of component rustc
Auto Release	Set up Rust	2026-05-03T17:57:15.7047093Z info: downloading 5 components
Auto Release	Set up Rust	2026-05-03T17:57:24.4886621Z 
Auto Release	Set up Rust	2026-05-03T17:57:24.4971929Z   stable-x86_64-unknown-linux-gnu updated - rustc 1.95.0 (59807616e 2026-04-14) (from rustc 1.94.1 (e408947bf 2026-03-25))
Auto Release	Set up Rust	2026-05-03T17:57:24.4972630Z 
Auto Release	Set up Rust	2026-05-03T17:57:24.5069458Z ##[group]Run rustup default stable
Auto Release	Set up Rust	2026-05-03T17:57:24.5069835Z [36;1mrustup default stable[0m
Auto Release	Set up Rust	2026-05-03T17:57:24.5093227Z shell: /usr/bin/bash --noprofile --norc -e -o pipefail {0}
Auto Release	Set up Rust	2026-05-03T17:57:24.5093609Z env:
Auto Release	Set up Rust	2026-05-03T17:57:24.5093829Z   CARGO_TERM_COLOR: always
Auto Release	Set up Rust	2026-05-03T17:57:24.5094096Z   RUSTFLAGS: -Dwarnings
Auto Release	Set up Rust	2026-05-03T17:57:24.5094357Z   CARGO_HOME: /home/runner/.cargo
Auto Release	Set up Rust	2026-05-03T17:57:24.5094886Z ##[endgroup]
Auto Release	Set up Rust	2026-05-03T17:57:24.5198953Z info: using existing install for stable-x86_64-unknown-linux-gnu
Auto Release	Set up Rust	2026-05-03T17:57:24.5205177Z info: default toolchain set to stable-x86_64-unknown-linux-gnu
Auto Release	Set up Rust	2026-05-03T17:57:24.5205672Z 
Auto Release	Set up Rust	2026-05-03T17:57:24.5279340Z   stable-x86_64-unknown-linux-gnu unchanged - rustc 1.95.0 (59807616e 2026-04-14)
Auto Release	Set up Rust	2026-05-03T17:57:24.5280104Z 
Auto Release	Set up Rust	2026-05-03T17:57:24.5323801Z ##[group]Run : create cachekey
Auto Release	Set up Rust	2026-05-03T17:57:24.5324150Z [36;1m: create cachekey[0m
Auto Release	Set up Rust	2026-05-03T17:57:24.5325001Z [36;1mDATE=$(rustc +stable --version --verbose | sed -ne 's/^commit-date: \(20[0-9][0-9]\)-\([01][0-9]\)-\([0-3][0-9]\)$/\1\2\3/p')[0m
Auto Release	Set up Rust	2026-05-03T17:57:24.5325789Z [36;1mHASH=$(rustc +stable --version --verbose | sed -ne 's/^commit-hash: //p')[0m
Auto Release	Set up Rust	2026-05-03T17:57:24.5326322Z [36;1mecho "cachekey=$(echo $DATE$HASH | head -c12)" >> $GITHUB_OUTPUT[0m
Auto Release	Set up Rust	2026-05-03T17:57:24.5349864Z shell: /usr/bin/bash --noprofile --norc -e -o pipefail {0}
Auto Release	Set up Rust	2026-05-03T17:57:24.5350252Z env:
Auto Release	Set up Rust	2026-05-03T17:57:24.5350499Z   CARGO_TERM_COLOR: always
Auto Release	Set up Rust	2026-05-03T17:57:24.5350760Z   RUSTFLAGS: -Dwarnings
Auto Release	Set up Rust	2026-05-03T17:57:24.5351023Z   CARGO_HOME: /home/runner/.cargo
Auto Release	Set up Rust	2026-05-03T17:57:24.5351309Z ##[endgroup]
Auto Release	Set up Rust	2026-05-03T17:57:24.5728463Z ##[group]Run : disable incremental compilation
Auto Release	Set up Rust	2026-05-03T17:57:24.5728898Z [36;1m: disable incremental compilation[0m
Auto Release	Set up Rust	2026-05-03T17:57:24.5729289Z [36;1mif [ -z "${CARGO_INCREMENTAL+set}" ]; then[0m
Auto Release	Set up Rust	2026-05-03T17:57:24.5729670Z [36;1m  echo CARGO_INCREMENTAL=0 >> $GITHUB_ENV[0m
Auto Release	Set up Rust	2026-05-03T17:57:24.5729975Z [36;1mfi[0m
Auto Release	Set up Rust	2026-05-03T17:57:24.5753218Z shell: /usr/bin/bash --noprofile --norc -e -o pipefail {0}
Auto Release	Set up Rust	2026-05-03T17:57:24.5753897Z env:
Auto Release	Set up Rust	2026-05-03T17:57:24.5754309Z   CARGO_TERM_COLOR: always
Auto Release	Set up Rust	2026-05-03T17:57:24.5754887Z   RUSTFLAGS: -Dwarnings
Auto Release	Set up Rust	2026-05-03T17:57:24.5755240Z   CARGO_HOME: /home/runner/.cargo
Auto Release	Set up Rust	2026-05-03T17:57:24.5755604Z ##[endgroup]
Auto Release	Set up Rust	2026-05-03T17:57:24.5831397Z ##[group]Run : enable colors in Cargo output
Auto Release	Set up Rust	2026-05-03T17:57:24.5831779Z [36;1m: enable colors in Cargo output[0m
Auto Release	Set up Rust	2026-05-03T17:57:24.5832143Z [36;1mif [ -z "${CARGO_TERM_COLOR+set}" ]; then[0m
Auto Release	Set up Rust	2026-05-03T17:57:24.5832500Z [36;1m  echo CARGO_TERM_COLOR=always >> $GITHUB_ENV[0m
Auto Release	Set up Rust	2026-05-03T17:57:24.5832815Z [36;1mfi[0m
Auto Release	Set up Rust	2026-05-03T17:57:24.5854185Z shell: /usr/bin/bash --noprofile --norc -e -o pipefail {0}
Auto Release	Set up Rust	2026-05-03T17:57:24.5854553Z env:
Auto Release	Set up Rust	2026-05-03T17:57:24.5854997Z   CARGO_TERM_COLOR: always
Auto Release	Set up Rust	2026-05-03T17:57:24.5855276Z   RUSTFLAGS: -Dwarnings
Auto Release	Set up Rust	2026-05-03T17:57:24.5855539Z   CARGO_HOME: /home/runner/.cargo
Auto Release	Set up Rust	2026-05-03T17:57:24.5855826Z   CARGO_INCREMENTAL: 0
Auto Release	Set up Rust	2026-05-03T17:57:24.5856062Z ##[endgroup]
Auto Release	Set up Rust	2026-05-03T17:57:24.6011118Z ##[group]Run : enable Cargo sparse registry
Auto Release	Set up Rust	2026-05-03T17:57:24.6011554Z [36;1m: enable Cargo sparse registry[0m
Auto Release	Set up Rust	2026-05-03T17:57:24.6011955Z [36;1m# implemented in 1.66, stabilized in 1.68, made default in 1.70[0m
Auto Release	Set up Rust	2026-05-03T17:57:24.6012718Z [36;1mif [ -z "${CARGO_REGISTRIES_CRATES_IO_PROTOCOL+set}" -o -f "/home/runner/work/_temp"/.implicit_cargo_registries_crates_io_protocol ]; then[0m
Auto Release	Set up Rust	2026-05-03T17:57:24.6013687Z [36;1m  if rustc +stable --version --verbose | grep -q '^release: 1\.6[89]\.'; then[0m
Auto Release	Set up Rust	2026-05-03T17:57:24.6014279Z [36;1m    touch "/home/runner/work/_temp"/.implicit_cargo_registries_crates_io_protocol || true[0m
Auto Release	Set up Rust	2026-05-03T17:57:24.6015132Z [36;1m    echo CARGO_REGISTRIES_CRATES_IO_PROTOCOL=sparse >> $GITHUB_ENV[0m
Auto Release	Set up Rust	2026-05-03T17:57:24.6015653Z [36;1m  elif rustc +stable --version --verbose | grep -q '^release: 1\.6[67]\.'; then[0m
Auto Release	Set up Rust	2026-05-03T17:57:24.6016237Z [36;1m    touch "/home/runner/work/_temp"/.implicit_cargo_registries_crates_io_protocol || true[0m
Auto Release	Set up Rust	2026-05-03T17:57:24.6016798Z [36;1m    echo CARGO_REGISTRIES_CRATES_IO_PROTOCOL=git >> $GITHUB_ENV[0m
Auto Release	Set up Rust	2026-05-03T17:57:24.6017157Z [36;1m  fi[0m
Auto Release	Set up Rust	2026-05-03T17:57:24.6017378Z [36;1mfi[0m
Auto Release	Set up Rust	2026-05-03T17:57:24.6040185Z shell: /usr/bin/bash --noprofile --norc -e -o pipefail {0}
Auto Release	Set up Rust	2026-05-03T17:57:24.6040553Z env:
Auto Release	Set up Rust	2026-05-03T17:57:24.6040785Z   CARGO_TERM_COLOR: always
Auto Release	Set up Rust	2026-05-03T17:57:24.6041069Z   RUSTFLAGS: -Dwarnings
Auto Release	Set up Rust	2026-05-03T17:57:24.6041327Z   CARGO_HOME: /home/runner/.cargo
Auto Release	Set up Rust	2026-05-03T17:57:24.6041616Z   CARGO_INCREMENTAL: 0
Auto Release	Set up Rust	2026-05-03T17:57:24.6041852Z ##[endgroup]
Auto Release	Set up Rust	2026-05-03T17:57:24.6389180Z ##[group]Run : work around spurious network errors in curl 8.0
Auto Release	Set up Rust	2026-05-03T17:57:24.6389693Z [36;1m: work around spurious network errors in curl 8.0[0m
Auto Release	Set up Rust	2026-05-03T17:57:24.6390473Z [36;1m# https://rust-lang.zulipchat.com/#narrow/stream/246057-t-cargo/topic/timeout.20investigation[0m
Auto Release	Set up Rust	2026-05-03T17:57:24.6391145Z [36;1mif rustc +stable --version --verbose | grep -q '^release: 1\.7[01]\.'; then[0m
Auto Release	Set up Rust	2026-05-03T17:57:24.6391644Z [36;1m  echo CARGO_HTTP_MULTIPLEXING=false >> $GITHUB_ENV[0m
Auto Release	Set up Rust	2026-05-03T17:57:24.6391977Z [36;1mfi[0m
Auto Release	Set up Rust	2026-05-03T17:57:24.6416458Z shell: /usr/bin/bash --noprofile --norc -e -o pipefail {0}
Auto Release	Set up Rust	2026-05-03T17:57:24.6416830Z env:
Auto Release	Set up Rust	2026-05-03T17:57:24.6417064Z   CARGO_TERM_COLOR: always
Auto Release	Set up Rust	2026-05-03T17:57:24.6417347Z   RUSTFLAGS: -Dwarnings
Auto Release	Set up Rust	2026-05-03T17:57:24.6417610Z   CARGO_HOME: /home/runner/.cargo
Auto Release	Set up Rust	2026-05-03T17:57:24.6417921Z   CARGO_INCREMENTAL: 0
Auto Release	Set up Rust	2026-05-03T17:57:24.6418160Z ##[endgroup]
Auto Release	Set up Rust	2026-05-03T17:57:24.6631099Z ##[group]Run rustc +stable --version --verbose
Auto Release	Set up Rust	2026-05-03T17:57:24.6631516Z [36;1mrustc +stable --version --verbose[0m
Auto Release	Set up Rust	2026-05-03T17:57:24.6655555Z shell: /usr/bin/bash --noprofile --norc -e -o pipefail {0}
Auto Release	Set up Rust	2026-05-03T17:57:24.6655935Z env:
Auto Release	Set up Rust	2026-05-03T17:57:24.6656169Z   CARGO_TERM_COLOR: always
Auto Release	Set up Rust	2026-05-03T17:57:24.6656438Z   RUSTFLAGS: -Dwarnings
Auto Release	Set up Rust	2026-05-03T17:57:24.6656694Z   CARGO_HOME: /home/runner/.cargo
Auto Release	Set up Rust	2026-05-03T17:57:24.6656980Z   CARGO_INCREMENTAL: 0
Auto Release	Set up Rust	2026-05-03T17:57:24.6657411Z ##[endgroup]
Auto Release	Set up Rust	2026-05-03T17:57:24.6827852Z rustc 1.95.0 (59807616e 2026-04-14)
Auto Release	Set up Rust	2026-05-03T17:57:24.6828526Z binary: rustc
Auto Release	Set up Rust	2026-05-03T17:57:24.6828875Z commit-hash: 59807616e1fa2540724bfbac14d7976d7e4a3860
Auto Release	Set up Rust	2026-05-03T17:57:24.6829228Z commit-date: 2026-04-14
Auto Release	Set up Rust	2026-05-03T17:57:24.6829502Z host: x86_64-unknown-linux-gnu
Auto Release	Set up Rust	2026-05-03T17:57:24.6829762Z release: 1.95.0
Auto Release	Set up Rust	2026-05-03T17:57:24.6830386Z LLVM version: 22.1.2
Auto Release	Setup Node.js	﻿2026-05-03T17:57:24.6960262Z ##[group]Run actions/setup-node@v4
Auto Release	Setup Node.js	2026-05-03T17:57:24.6960603Z with:
Auto Release	Setup Node.js	2026-05-03T17:57:24.6960816Z   node-version: 22
Auto Release	Setup Node.js	2026-05-03T17:57:24.6961054Z   always-auth: false
Auto Release	Setup Node.js	2026-05-03T17:57:24.6961286Z   check-latest: false
Auto Release	Setup Node.js	2026-05-03T17:57:24.6961665Z   token: ***
Auto Release	Setup Node.js	2026-05-03T17:57:24.6961886Z env:
Auto Release	Setup Node.js	2026-05-03T17:57:24.6962093Z   CARGO_TERM_COLOR: always
Auto Release	Setup Node.js	2026-05-03T17:57:24.6962363Z   RUSTFLAGS: -Dwarnings
Auto Release	Setup Node.js	2026-05-03T17:57:24.6962618Z   CARGO_HOME: /home/runner/.cargo
Auto Release	Setup Node.js	2026-05-03T17:57:24.6962894Z   CARGO_INCREMENTAL: 0
Auto Release	Setup Node.js	2026-05-03T17:57:24.6963133Z ##[endgroup]
Auto Release	Setup Node.js	2026-05-03T17:57:24.8781726Z Found in cache @ /opt/hostedtoolcache/node/22.22.2/x64
Auto Release	Setup Node.js	2026-05-03T17:57:24.8786852Z ##[group]Environment details
Auto Release	Setup Node.js	2026-05-03T17:57:25.2209633Z node: v22.22.2
Auto Release	Setup Node.js	2026-05-03T17:57:25.2210132Z npm: 10.9.7
Auto Release	Setup Node.js	2026-05-03T17:57:25.2210418Z yarn: 1.22.22
Auto Release	Setup Node.js	2026-05-03T17:57:25.2211207Z ##[endgroup]
Auto Release	Configure git	﻿2026-05-03T17:57:25.2307751Z ##[group]Run node scripts/git-config.mjs
Auto Release	Configure git	2026-05-03T17:57:25.2308290Z [36;1mnode scripts/git-config.mjs[0m
Auto Release	Configure git	2026-05-03T17:57:25.2337660Z shell: /usr/bin/bash -e {0}
Auto Release	Configure git	2026-05-03T17:57:25.2337924Z env:
Auto Release	Configure git	2026-05-03T17:57:25.2338118Z   CARGO_TERM_COLOR: always
Auto Release	Configure git	2026-05-03T17:57:25.2338358Z   RUSTFLAGS: -Dwarnings
Auto Release	Configure git	2026-05-03T17:57:25.2338583Z   CARGO_HOME: /home/runner/.cargo
Auto Release	Configure git	2026-05-03T17:57:25.2338829Z   CARGO_INCREMENTAL: 0
Auto Release	Configure git	2026-05-03T17:57:25.2339030Z ##[endgroup]
Auto Release	Configure git	2026-05-03T17:57:25.2672888Z Configuring git user: github-actions[bot] <github-actions[bot]@users.noreply.github.com>
Auto Release	Configure git	2026-05-03T17:57:25.2744850Z Git configuration complete
Auto Release	Determine bump type from changelog fragments	﻿2026-05-03T17:57:25.2813847Z ##[group]Run node scripts/get-bump-type.mjs
Auto Release	Determine bump type from changelog fragments	2026-05-03T17:57:25.2814215Z [36;1mnode scripts/get-bump-type.mjs[0m
Auto Release	Determine bump type from changelog fragments	2026-05-03T17:57:25.2837404Z shell: /usr/bin/bash -e {0}
Auto Release	Determine bump type from changelog fragments	2026-05-03T17:57:25.2837650Z env:
Auto Release	Determine bump type from changelog fragments	2026-05-03T17:57:25.2837843Z   CARGO_TERM_COLOR: always
Auto Release	Determine bump type from changelog fragments	2026-05-03T17:57:25.2838076Z   RUSTFLAGS: -Dwarnings
Auto Release	Determine bump type from changelog fragments	2026-05-03T17:57:25.2838299Z   CARGO_HOME: /home/runner/.cargo
Auto Release	Determine bump type from changelog fragments	2026-05-03T17:57:25.2838556Z   CARGO_INCREMENTAL: 0
Auto Release	Determine bump type from changelog fragments	2026-05-03T17:57:25.2838790Z ##[endgroup]
Auto Release	Determine bump type from changelog fragments	2026-05-03T17:57:25.3179524Z Found 1 fragment(s)
Auto Release	Determine bump type from changelog fragments	2026-05-03T17:57:25.3182035Z Highest bump type: patch
Auto Release	Determine bump type from changelog fragments	2026-05-03T17:57:25.3182427Z bump_type=patch
Auto Release	Check if version already released	﻿2026-05-03T17:57:25.3251570Z ##[group]Run # Get current version from Cargo.toml
Auto Release	Check if version already released	2026-05-03T17:57:25.3251973Z [36;1m# Get current version from Cargo.toml[0m
Auto Release	Check if version already released	2026-05-03T17:57:25.3252354Z [36;1mCURRENT_VERSION=$(grep -Po '(?<=^version = ")[^"]*' Cargo.toml)[0m
Auto Release	Check if version already released	2026-05-03T17:57:25.3252798Z [36;1mPACKAGE_NAME=$(grep -Po '(?<=^name = ")[^"]*' Cargo.toml | head -1)[0m
Auto Release	Check if version already released	2026-05-03T17:57:25.3253225Z [36;1mecho "current_version=$CURRENT_VERSION" >> $GITHUB_OUTPUT[0m
Auto Release	Check if version already released	2026-05-03T17:57:25.3253622Z [36;1mecho "package_name=$PACKAGE_NAME" >> $GITHUB_OUTPUT[0m
Auto Release	Check if version already released	2026-05-03T17:57:25.3253927Z [36;1m[0m
Auto Release	Check if version already released	2026-05-03T17:57:25.3254177Z [36;1m# Decide based on the registry, not on the local git tag.[0m
Auto Release	Check if version already released	2026-05-03T17:57:25.3254934Z [36;1m# A 200 from crates.io means the package@version is already published; otherwise we should[0m
Auto Release	Check if version already released	2026-05-03T17:57:25.3255643Z [36;1m# publish. This makes the pipeline self-healing if a previous publish was silently skipped[0m
Auto Release	Check if version already released	2026-05-03T17:57:25.3256121Z [36;1m# (see docs/case-studies/issue-25/README.md).[0m
Auto Release	Check if version already released	2026-05-03T17:57:25.3256718Z [36;1mSTATUS=$(curl -sS -o /dev/null -w '%{http_code}' "https://crates.io/api/v1/crates/${PACKAGE_NAME}/${CURRENT_VERSION}")[0m
Auto Release	Check if version already released	2026-05-03T17:57:25.3257359Z [36;1mecho "crates.io HTTP status for ${PACKAGE_NAME}@${CURRENT_VERSION}: ${STATUS}"[0m
Auto Release	Check if version already released	2026-05-03T17:57:25.3257759Z [36;1mif [ "$STATUS" = "200" ]; then[0m
Auto Release	Check if version already released	2026-05-03T17:57:25.3258169Z [36;1m  echo "Version ${PACKAGE_NAME}@${CURRENT_VERSION} already on crates.io, skipping publish"[0m
Auto Release	Check if version already released	2026-05-03T17:57:25.3258626Z [36;1m  echo "should_release=false" >> $GITHUB_OUTPUT[0m
Auto Release	Check if version already released	2026-05-03T17:57:25.3258906Z [36;1melse[0m
Auto Release	Check if version already released	2026-05-03T17:57:25.3259234Z [36;1m  echo "Version ${PACKAGE_NAME}@${CURRENT_VERSION} is NOT on crates.io, will publish"[0m
Auto Release	Check if version already released	2026-05-03T17:57:25.3259683Z [36;1m  echo "should_release=true" >> $GITHUB_OUTPUT[0m
Auto Release	Check if version already released	2026-05-03T17:57:25.3259973Z [36;1mfi[0m
Auto Release	Check if version already released	2026-05-03T17:57:25.3282247Z shell: /usr/bin/bash -e {0}
Auto Release	Check if version already released	2026-05-03T17:57:25.3282488Z env:
Auto Release	Check if version already released	2026-05-03T17:57:25.3282675Z   CARGO_TERM_COLOR: always
Auto Release	Check if version already released	2026-05-03T17:57:25.3282916Z   RUSTFLAGS: -Dwarnings
Auto Release	Check if version already released	2026-05-03T17:57:25.3283142Z   CARGO_HOME: /home/runner/.cargo
Auto Release	Check if version already released	2026-05-03T17:57:25.3283392Z   CARGO_INCREMENTAL: 0
Auto Release	Check if version already released	2026-05-03T17:57:25.3283589Z ##[endgroup]
Auto Release	Check if version already released	2026-05-03T17:57:25.4606493Z crates.io HTTP status for lino-objects-codec@0.2.0: 403
Auto Release	Check if version already released	2026-05-03T17:57:25.4607447Z Version lino-objects-codec@0.2.0 is NOT on crates.io, will publish
Auto Release	Get current version	﻿2026-05-03T17:57:25.4667049Z ##[group]Run VERSION=$(grep -Po '(?<=^version = ")[^"]*' Cargo.toml)
Auto Release	Get current version	2026-05-03T17:57:25.4667545Z [36;1mVERSION=$(grep -Po '(?<=^version = ")[^"]*' Cargo.toml)[0m
Auto Release	Get current version	2026-05-03T17:57:25.4667914Z [36;1mecho "version=$VERSION" >> $GITHUB_OUTPUT[0m
Auto Release	Get current version	2026-05-03T17:57:25.4690105Z shell: /usr/bin/bash -e {0}
Auto Release	Get current version	2026-05-03T17:57:25.4690359Z env:
Auto Release	Get current version	2026-05-03T17:57:25.4690555Z   CARGO_TERM_COLOR: always
Auto Release	Get current version	2026-05-03T17:57:25.4690974Z   RUSTFLAGS: -Dwarnings
Auto Release	Get current version	2026-05-03T17:57:25.4691219Z   CARGO_HOME: /home/runner/.cargo
Auto Release	Get current version	2026-05-03T17:57:25.4691469Z   CARGO_INCREMENTAL: 0
Auto Release	Get current version	2026-05-03T17:57:25.4691674Z ##[endgroup]
Auto Release	Build release	﻿2026-05-03T17:57:25.4850532Z ##[group]Run cargo build --release
Auto Release	Build release	2026-05-03T17:57:25.4850853Z [36;1mcargo build --release[0m
Auto Release	Build release	2026-05-03T17:57:25.4873495Z shell: /usr/bin/bash -e {0}
Auto Release	Build release	2026-05-03T17:57:25.4873745Z env:
Auto Release	Build release	2026-05-03T17:57:25.4873932Z   CARGO_TERM_COLOR: always
Auto Release	Build release	2026-05-03T17:57:25.4874162Z   RUSTFLAGS: -Dwarnings
Auto Release	Build release	2026-05-03T17:57:25.4874382Z   CARGO_HOME: /home/runner/.cargo
Auto Release	Build release	2026-05-03T17:57:25.4874632Z   CARGO_INCREMENTAL: 0
Auto Release	Build release	2026-05-03T17:57:25.4875065Z ##[endgroup]
Auto Release	Build release	2026-05-03T17:57:25.5276949Z [1m[92m    Updating[0m crates.io index
Auto Release	Build release	2026-05-03T17:57:26.1941338Z [1m[92m Downloading[0m crates ...
Auto Release	Build release	2026-05-03T17:57:26.2339111Z [1m[92m  Downloaded[0m memchr v2.7.6
Auto Release	Build release	2026-05-03T17:57:26.2395851Z [1m[92m  Downloaded[0m links-notation v0.13.0
Auto Release	Build release	2026-05-03T17:57:26.2417019Z [1m[92m  Downloaded[0m nom v8.0.0
Auto Release	Build release	2026-05-03T17:57:26.2470262Z [1m[92m  Downloaded[0m base64 v0.22.1
Auto Release	Build release	2026-05-03T17:57:26.2677078Z [1m[92m   Compiling[0m memchr v2.7.6
Auto Release	Build release	2026-05-03T17:57:26.2678394Z [1m[92m   Compiling[0m base64 v0.22.1
Auto Release	Build release	2026-05-03T17:57:26.6296507Z [1m[92m   Compiling[0m nom v8.0.0
Auto Release	Build release	2026-05-03T17:57:28.7553001Z [1m[92m   Compiling[0m links-notation v0.13.0
Auto Release	Build release	2026-05-03T17:57:29.0057764Z [1m[92m   Compiling[0m lino-objects-codec v0.2.0 (/home/runner/work/lino-objects-codec/lino-objects-codec/rust)
Auto Release	Build release	2026-05-03T17:57:29.7772501Z [1m[92m    Finished[0m `release` profile [optimized] target(s) in 4.27s
Auto Release	Publish to crates.io	﻿2026-05-03T17:57:29.7859906Z ##[group]Run if [ -z "$CARGO_REGISTRY_TOKEN" ]; then
Auto Release	Publish to crates.io	2026-05-03T17:57:29.7860353Z [36;1mif [ -z "$CARGO_REGISTRY_TOKEN" ]; then[0m
Auto Release	Publish to crates.io	2026-05-03T17:57:29.7860852Z [36;1m  echo "::error title=CARGO_REGISTRY_TOKEN missing::Cannot publish to crates.io without an API token."[0m
Auto Release	Publish to crates.io	2026-05-03T17:57:29.7861305Z [36;1m  echo ""[0m
Auto Release	Publish to crates.io	2026-05-03T17:57:29.7861523Z [36;1m  echo "How to fix:"[0m
Auto Release	Publish to crates.io	2026-05-03T17:57:29.7861944Z [36;1m  echo "  1. Generate a token at https://crates.io/me (Account Settings -> API Tokens)."[0m
Auto Release	Publish to crates.io	2026-05-03T17:57:29.7862417Z [36;1m  echo "     Scope: 'publish-update' for this crate."[0m
Auto Release	Publish to crates.io	2026-05-03T17:57:29.7862745Z [36;1m  echo "  2. Add it to this repo at:"[0m
Auto Release	Publish to crates.io	2026-05-03T17:57:29.7863140Z [36;1m  echo "     Settings -> Secrets and variables -> Actions -> New repository secret"[0m
Auto Release	Publish to crates.io	2026-05-03T17:57:29.7863686Z [36;1m  echo "     Name: CARGO_REGISTRY_TOKEN  (CARGO_TOKEN is also accepted as a fallback)"[0m
Auto Release	Publish to crates.io	2026-05-03T17:57:29.7864109Z [36;1m  echo "  3. Re-run this workflow."[0m
Auto Release	Publish to crates.io	2026-05-03T17:57:29.7864397Z [36;1m  echo ""[0m
Auto Release	Publish to crates.io	2026-05-03T17:57:29.7864909Z [36;1m  echo "See docs/case-studies/issue-29/README.md (credentials) and"[0m
Auto Release	Publish to crates.io	2026-05-03T17:57:29.7865380Z [36;1m  echo "    docs/case-studies/issue-25/README.md (publishing pipeline)."[0m
Auto Release	Publish to crates.io	2026-05-03T17:57:29.7865737Z [36;1m  exit 1[0m
Auto Release	Publish to crates.io	2026-05-03T17:57:29.7865928Z [36;1mfi[0m
Auto Release	Publish to crates.io	2026-05-03T17:57:29.7866277Z [36;1m# `cargo publish` exits non-zero on retry if the version already exists; we tolerate that[0m
Auto Release	Publish to crates.io	2026-05-03T17:57:29.7866857Z [36;1m# because the registry probe in version_check already proved the version is missing, so a[0m
Auto Release	Publish to crates.io	2026-05-03T17:57:29.7867422Z [36;1m# late "already exists" error means a parallel run won the race -- treat as success.[0m
Auto Release	Publish to crates.io	2026-05-03T17:57:29.7867852Z [36;1mif ! OUT=$(cargo publish 2>&1); then[0m
Auto Release	Publish to crates.io	2026-05-03T17:57:29.7868119Z [36;1m  echo "$OUT"[0m
Auto Release	Publish to crates.io	2026-05-03T17:57:29.7868411Z [36;1m  if echo "$OUT" | grep -qE 'already (uploaded|exists)'; then[0m
Auto Release	Publish to crates.io	2026-05-03T17:57:29.7868939Z [36;1m    echo "::warning::Version was published by another run between probe and publish; treating as success."[0m
Auto Release	Publish to crates.io	2026-05-03T17:57:29.7869395Z [36;1m    exit 0[0m
Auto Release	Publish to crates.io	2026-05-03T17:57:29.7869591Z [36;1m  fi[0m
Auto Release	Publish to crates.io	2026-05-03T17:57:29.7869971Z [36;1m  if echo "$OUT" | grep -qiE 'unauthorized|forbidden|403|401|invalid token|token (expired|rejected)'; then[0m
Auto Release	Publish to crates.io	2026-05-03T17:57:29.7870602Z [36;1m    echo "::error title=crates.io credentials rejected::crates.io rejected CARGO_REGISTRY_TOKEN."[0m
Auto Release	Publish to crates.io	2026-05-03T17:57:29.7871230Z [36;1m    echo ""[0m
Auto Release	Publish to crates.io	2026-05-03T17:57:29.7871437Z [36;1m    echo "How to fix:"[0m
Auto Release	Publish to crates.io	2026-05-03T17:57:29.7871770Z [36;1m    echo "  1. The token may have expired or been revoked. Rotate it at"[0m
Auto Release	Publish to crates.io	2026-05-03T17:57:29.7872210Z [36;1m    echo "     https://crates.io/me  (Account Settings -> API Tokens)"[0m
Auto Release	Publish to crates.io	2026-05-03T17:57:29.7872575Z [36;1m    echo "  2. Update the secret at:"[0m
Auto Release	Publish to crates.io	2026-05-03T17:57:29.7872978Z [36;1m    echo "     Settings -> Secrets and variables -> Actions -> CARGO_REGISTRY_TOKEN"[0m
Auto Release	Publish to crates.io	2026-05-03T17:57:29.7873494Z [36;1m    echo "  3. Verify the token's scope includes 'publish-update' for this crate."[0m
Auto Release	Publish to crates.io	2026-05-03T17:57:29.7873865Z [36;1m    echo ""[0m
Auto Release	Publish to crates.io	2026-05-03T17:57:29.7874126Z [36;1m    echo "See docs/case-studies/issue-29/README.md."[0m
Auto Release	Publish to crates.io	2026-05-03T17:57:29.7874405Z [36;1m  fi[0m
Auto Release	Publish to crates.io	2026-05-03T17:57:29.7874589Z [36;1m  exit 1[0m
Auto Release	Publish to crates.io	2026-05-03T17:57:29.7874978Z [36;1mfi[0m
Auto Release	Publish to crates.io	2026-05-03T17:57:29.7875154Z [36;1mecho "$OUT"[0m
Auto Release	Publish to crates.io	2026-05-03T17:57:29.7897430Z shell: /usr/bin/bash -e {0}
Auto Release	Publish to crates.io	2026-05-03T17:57:29.7897672Z env:
Auto Release	Publish to crates.io	2026-05-03T17:57:29.7897856Z   CARGO_TERM_COLOR: always
Auto Release	Publish to crates.io	2026-05-03T17:57:29.7898092Z   RUSTFLAGS: -Dwarnings
Auto Release	Publish to crates.io	2026-05-03T17:57:29.7898325Z   CARGO_HOME: /home/runner/.cargo
Auto Release	Publish to crates.io	2026-05-03T17:57:29.7898562Z   CARGO_INCREMENTAL: 0
Auto Release	Publish to crates.io	2026-05-03T17:57:29.7898981Z   CARGO_REGISTRY_TOKEN: ***
Auto Release	Publish to crates.io	2026-05-03T17:57:29.7899212Z ##[endgroup]
Auto Release	Publish to crates.io	2026-05-03T17:57:30.1227008Z [1m[92m    Updating[0m crates.io index
Auto Release	Publish to crates.io	2026-05-03T17:57:30.1228236Z [1m[91merror[0m: crate lino-objects-codec@0.2.0 already exists on crates.io index
Auto Release	Publish to crates.io	2026-05-03T17:57:30.1264357Z ##[warning]Version was published by another run between probe and publish; treating as success.
Auto Release	Create GitHub Release	﻿2026-05-03T17:57:30.1308039Z ##[group]Run node scripts/create-github-release.mjs \
Auto Release	Create GitHub Release	2026-05-03T17:57:30.1308446Z [36;1mnode scripts/create-github-release.mjs \[0m
Auto Release	Create GitHub Release	2026-05-03T17:57:30.1308783Z [36;1m  --version "0.2.0" \[0m
Auto Release	Create GitHub Release	2026-05-03T17:57:30.1309105Z [36;1m  --repository "link-foundation/lino-objects-codec" \[0m
Auto Release	Create GitHub Release	2026-05-03T17:57:30.1309460Z [36;1m  --tag-prefix "rust-v"[0m
Auto Release	Create GitHub Release	2026-05-03T17:57:30.1331170Z shell: /usr/bin/bash -e {0}
Auto Release	Create GitHub Release	2026-05-03T17:57:30.1331412Z env:
Auto Release	Create GitHub Release	2026-05-03T17:57:30.1331598Z   CARGO_TERM_COLOR: always
Auto Release	Create GitHub Release	2026-05-03T17:57:30.1331835Z   RUSTFLAGS: -Dwarnings
Auto Release	Create GitHub Release	2026-05-03T17:57:30.1332066Z   CARGO_HOME: /home/runner/.cargo
Auto Release	Create GitHub Release	2026-05-03T17:57:30.1332305Z   CARGO_INCREMENTAL: 0
Auto Release	Create GitHub Release	2026-05-03T17:57:30.1332763Z   GH_TOKEN: ***
Auto Release	Create GitHub Release	2026-05-03T17:57:30.1332967Z ##[endgroup]
Auto Release	Create GitHub Release	2026-05-03T17:57:32.8692513Z Creating GitHub release for rust-v0.2.0...
Auto Release	Create GitHub Release	2026-05-03T17:57:33.1452602Z gh: Validation Failed (HTTP 422)
Auto Release	Create GitHub Release	2026-05-03T17:57:33.1477713Z {"message":"Validation Failed","errors":[{"resource":"Release","code":"already_exists","field":"tag_name"}],"documentation_url":"https://docs.github.com/rest/releases/releases#create-a-release","status":"422"}✅ Created GitHub release: rust-v0.2.0
Auto Release	Post Setup Node.js	﻿2026-05-03T17:57:33.1609649Z Post job cleanup.
Auto Release	Post Run actions/checkout@v4	﻿2026-05-03T17:57:33.3316687Z Post job cleanup.
Auto Release	Post Run actions/checkout@v4	2026-05-03T17:57:33.4317176Z [command]/usr/bin/git version
Auto Release	Post Run actions/checkout@v4	2026-05-03T17:57:33.4353874Z git version 2.53.0
Auto Release	Post Run actions/checkout@v4	2026-05-03T17:57:33.4404870Z Temporarily overriding HOME='/home/runner/work/_temp/cbce8805-82ef-4543-945a-620c5bbd4fb9' before making global git config changes
Auto Release	Post Run actions/checkout@v4	2026-05-03T17:57:33.4410320Z Adding repository directory to the temporary git global config as a safe directory
Auto Release	Post Run actions/checkout@v4	2026-05-03T17:57:33.4411400Z [command]/usr/bin/git config --global --add safe.directory /home/runner/work/lino-objects-codec/lino-objects-codec
Auto Release	Post Run actions/checkout@v4	2026-05-03T17:57:33.4448056Z [command]/usr/bin/git config --local --name-only --get-regexp core\.sshCommand
Auto Release	Post Run actions/checkout@v4	2026-05-03T17:57:33.4483297Z [command]/usr/bin/git submodule foreach --recursive sh -c "git config --local --name-only --get-regexp 'core\.sshCommand' && git config --local --unset-all 'core.sshCommand' || :"
Auto Release	Post Run actions/checkout@v4	2026-05-03T17:57:33.4727904Z [command]/usr/bin/git config --local --name-only --get-regexp http\.https\:\/\/github\.com\/\.extraheader
Auto Release	Post Run actions/checkout@v4	2026-05-03T17:57:33.4750935Z http.https://github.com/.extraheader
Auto Release	Post Run actions/checkout@v4	2026-05-03T17:57:33.4763880Z [command]/usr/bin/git config --local --unset-all http.https://github.com/.extraheader
Auto Release	Post Run actions/checkout@v4	2026-05-03T17:57:33.4797154Z [command]/usr/bin/git submodule foreach --recursive sh -c "git config --local --name-only --get-regexp 'http\.https\:\/\/github\.com\/\.extraheader' && git config --local --unset-all 'http.https://github.com/.extraheader' || :"
Auto Release	Post Run actions/checkout@v4	2026-05-03T17:57:33.5041642Z [command]/usr/bin/git config --local --name-only --get-regexp ^includeIf\.gitdir:
Auto Release	Post Run actions/checkout@v4	2026-05-03T17:57:33.5075065Z [command]/usr/bin/git submodule foreach --recursive git config --local --show-origin --name-only --get-regexp remote.origin.url
Auto Release	Complete job	﻿2026-05-03T17:57:33.5432874Z Cleaning up orphan processes
Auto Release	Complete job	2026-05-03T17:57:33.5730531Z ##[warning]Node.js 20 actions are deprecated. The following actions are running on Node.js 20 and may not work as expected: actions/checkout@v4, actions/setup-node@v4. Actions will be forced to run with Node.js 24 by default starting June 2nd, 2026. Node.js 20 will be removed from the runner on September 16th, 2026. Please check if updated versions of these actions are available that support Node.js 24. To opt into Node.js 24 now, set the FORCE_JAVASCRIPT_ACTIONS_TO_NODE24=true environment variable on the runner or in your workflow file. Once Node.js 24 becomes the default, you can temporarily opt out by setting ACTIONS_ALLOW_USE_UNSECURE_NODE_VERSION=true. For more information see: https://github.blog/changelog/2025-09-19-deprecation-of-node-20-on-github-actions-runners/
