Lint and Format Check	UNKNOWN STEP	﻿2026-05-03T13:38:20.4530196Z Current runner version: '2.334.0'
Lint and Format Check	UNKNOWN STEP	2026-05-03T13:38:20.4554323Z ##[group]Runner Image Provisioner
Lint and Format Check	UNKNOWN STEP	2026-05-03T13:38:20.4555120Z Hosted Compute Agent
Lint and Format Check	UNKNOWN STEP	2026-05-03T13:38:20.4555718Z Version: 20260213.493
Lint and Format Check	UNKNOWN STEP	2026-05-03T13:38:20.4556264Z Commit: 5c115507f6dd24b8de37d8bbe0bb4509d0cc0fa3
Lint and Format Check	UNKNOWN STEP	2026-05-03T13:38:20.4556947Z Build Date: 2026-02-13T00:28:41Z
Lint and Format Check	UNKNOWN STEP	2026-05-03T13:38:20.4557581Z Worker ID: {1d5b7370-b1c7-441a-88d3-81b49510ef4b}
Lint and Format Check	UNKNOWN STEP	2026-05-03T13:38:20.4558631Z Azure Region: westus
Lint and Format Check	UNKNOWN STEP	2026-05-03T13:38:20.4559120Z ##[endgroup]
Lint and Format Check	UNKNOWN STEP	2026-05-03T13:38:20.4560632Z ##[group]Operating System
Lint and Format Check	UNKNOWN STEP	2026-05-03T13:38:20.4561204Z Ubuntu
Lint and Format Check	UNKNOWN STEP	2026-05-03T13:38:20.4561704Z 24.04.4
Lint and Format Check	UNKNOWN STEP	2026-05-03T13:38:20.4562190Z LTS
Lint and Format Check	UNKNOWN STEP	2026-05-03T13:38:20.4562671Z ##[endgroup]
Lint and Format Check	UNKNOWN STEP	2026-05-03T13:38:20.4563158Z ##[group]Runner Image
Lint and Format Check	UNKNOWN STEP	2026-05-03T13:38:20.4563641Z Image: ubuntu-24.04
Lint and Format Check	UNKNOWN STEP	2026-05-03T13:38:20.4564191Z Version: 20260413.86.1
Lint and Format Check	UNKNOWN STEP	2026-05-03T13:38:20.4565328Z Included Software: https://github.com/actions/runner-images/blob/ubuntu24/20260413.86/images/ubuntu/Ubuntu2404-Readme.md
Lint and Format Check	UNKNOWN STEP	2026-05-03T13:38:20.4566843Z Image Release: https://github.com/actions/runner-images/releases/tag/ubuntu24%2F20260413.86
Lint and Format Check	UNKNOWN STEP	2026-05-03T13:38:20.4567727Z ##[endgroup]
Lint and Format Check	UNKNOWN STEP	2026-05-03T13:38:20.4570896Z ##[group]GITHUB_TOKEN Permissions
Lint and Format Check	UNKNOWN STEP	2026-05-03T13:38:20.4572816Z Actions: write
Lint and Format Check	UNKNOWN STEP	2026-05-03T13:38:20.4573355Z ArtifactMetadata: write
Lint and Format Check	UNKNOWN STEP	2026-05-03T13:38:20.4574001Z Attestations: write
Lint and Format Check	UNKNOWN STEP	2026-05-03T13:38:20.4574500Z Checks: write
Lint and Format Check	UNKNOWN STEP	2026-05-03T13:38:20.4574957Z Contents: write
Lint and Format Check	UNKNOWN STEP	2026-05-03T13:38:20.4575505Z Deployments: write
Lint and Format Check	UNKNOWN STEP	2026-05-03T13:38:20.4575971Z Discussions: write
Lint and Format Check	UNKNOWN STEP	2026-05-03T13:38:20.4576931Z Issues: write
Lint and Format Check	UNKNOWN STEP	2026-05-03T13:38:20.4577380Z Metadata: read
Lint and Format Check	UNKNOWN STEP	2026-05-03T13:38:20.4578153Z Models: read
Lint and Format Check	UNKNOWN STEP	2026-05-03T13:38:20.4578662Z Packages: write
Lint and Format Check	UNKNOWN STEP	2026-05-03T13:38:20.4579168Z Pages: write
Lint and Format Check	UNKNOWN STEP	2026-05-03T13:38:20.4579707Z PullRequests: write
Lint and Format Check	UNKNOWN STEP	2026-05-03T13:38:20.4580272Z RepositoryProjects: write
Lint and Format Check	UNKNOWN STEP	2026-05-03T13:38:20.4580880Z SecurityEvents: write
Lint and Format Check	UNKNOWN STEP	2026-05-03T13:38:20.4581352Z Statuses: write
Lint and Format Check	UNKNOWN STEP	2026-05-03T13:38:20.4582000Z VulnerabilityAlerts: read
Lint and Format Check	UNKNOWN STEP	2026-05-03T13:38:20.4582518Z ##[endgroup]
Lint and Format Check	UNKNOWN STEP	2026-05-03T13:38:20.4584997Z Secret source: Actions
Lint and Format Check	UNKNOWN STEP	2026-05-03T13:38:20.4585637Z Prepare workflow directory
Lint and Format Check	UNKNOWN STEP	2026-05-03T13:38:20.4913816Z Prepare all required actions
Lint and Format Check	UNKNOWN STEP	2026-05-03T13:38:20.4951447Z Getting action download info
Lint and Format Check	UNKNOWN STEP	2026-05-03T13:38:20.9670734Z Download action repository 'actions/checkout@v4' (SHA:34e114876b0b11c390a56381ad16ebd13914f8d5)
Lint and Format Check	UNKNOWN STEP	2026-05-03T13:38:21.1028222Z Download action repository 'actions/setup-python@v5' (SHA:a26af69be951a213d495a4c3e4e4022e16d87065)
Lint and Format Check	UNKNOWN STEP	2026-05-03T13:38:21.2830148Z Complete job name: Lint and Format Check
Lint and Format Check	UNKNOWN STEP	2026-05-03T13:38:21.3555950Z ##[group]Run actions/checkout@v4
Lint and Format Check	UNKNOWN STEP	2026-05-03T13:38:21.3556763Z with:
Lint and Format Check	UNKNOWN STEP	2026-05-03T13:38:21.3557215Z   repository: link-foundation/lino-objects-codec
Lint and Format Check	UNKNOWN STEP	2026-05-03T13:38:21.3558149Z   token: ***
Lint and Format Check	UNKNOWN STEP	2026-05-03T13:38:21.3558528Z   ssh-strict: true
Lint and Format Check	UNKNOWN STEP	2026-05-03T13:38:21.3558907Z   ssh-user: git
Lint and Format Check	UNKNOWN STEP	2026-05-03T13:38:21.3559295Z   persist-credentials: true
Lint and Format Check	UNKNOWN STEP	2026-05-03T13:38:21.3559724Z   clean: true
Lint and Format Check	UNKNOWN STEP	2026-05-03T13:38:21.3560110Z   sparse-checkout-cone-mode: true
Lint and Format Check	UNKNOWN STEP	2026-05-03T13:38:21.3560602Z   fetch-depth: 1
Lint and Format Check	UNKNOWN STEP	2026-05-03T13:38:21.3560972Z   fetch-tags: false
Lint and Format Check	UNKNOWN STEP	2026-05-03T13:38:21.3561359Z   show-progress: true
Lint and Format Check	UNKNOWN STEP	2026-05-03T13:38:21.3561734Z   lfs: false
Lint and Format Check	UNKNOWN STEP	2026-05-03T13:38:21.3562082Z   submodules: false
Lint and Format Check	UNKNOWN STEP	2026-05-03T13:38:21.3562464Z   set-safe-directory: true
Lint and Format Check	UNKNOWN STEP	2026-05-03T13:38:21.3563204Z ##[endgroup]
Lint and Format Check	UNKNOWN STEP	2026-05-03T13:38:21.4703822Z Syncing repository: link-foundation/lino-objects-codec
Lint and Format Check	UNKNOWN STEP	2026-05-03T13:38:21.4705594Z ##[group]Getting Git version info
Lint and Format Check	UNKNOWN STEP	2026-05-03T13:38:21.4706446Z Working directory is '/home/runner/work/lino-objects-codec/lino-objects-codec'
Lint and Format Check	UNKNOWN STEP	2026-05-03T13:38:21.4707514Z [command]/usr/bin/git version
Lint and Format Check	UNKNOWN STEP	2026-05-03T13:38:21.4754959Z git version 2.53.0
Lint and Format Check	UNKNOWN STEP	2026-05-03T13:38:21.4782172Z ##[endgroup]
Lint and Format Check	UNKNOWN STEP	2026-05-03T13:38:21.4802122Z Temporarily overriding HOME='/home/runner/work/_temp/c835f633-dd55-4dc5-a31e-65a687dc068d' before making global git config changes
Lint and Format Check	UNKNOWN STEP	2026-05-03T13:38:21.4803477Z Adding repository directory to the temporary git global config as a safe directory
Lint and Format Check	UNKNOWN STEP	2026-05-03T13:38:21.4807308Z [command]/usr/bin/git config --global --add safe.directory /home/runner/work/lino-objects-codec/lino-objects-codec
Lint and Format Check	UNKNOWN STEP	2026-05-03T13:38:21.4838662Z Deleting the contents of '/home/runner/work/lino-objects-codec/lino-objects-codec'
Lint and Format Check	UNKNOWN STEP	2026-05-03T13:38:21.4842047Z ##[group]Initializing the repository
Lint and Format Check	UNKNOWN STEP	2026-05-03T13:38:21.4846043Z [command]/usr/bin/git init /home/runner/work/lino-objects-codec/lino-objects-codec
Lint and Format Check	UNKNOWN STEP	2026-05-03T13:38:21.4929186Z hint: Using 'master' as the name for the initial branch. This default branch name
Lint and Format Check	UNKNOWN STEP	2026-05-03T13:38:21.4930872Z hint: will change to "main" in Git 3.0. To configure the initial branch name
Lint and Format Check	UNKNOWN STEP	2026-05-03T13:38:21.4932564Z hint: to use in all of your new repositories, which will suppress this warning,
Lint and Format Check	UNKNOWN STEP	2026-05-03T13:38:21.4933862Z hint: call:
Lint and Format Check	UNKNOWN STEP	2026-05-03T13:38:21.4934529Z hint:
Lint and Format Check	UNKNOWN STEP	2026-05-03T13:38:21.4935354Z hint: 	git config --global init.defaultBranch <name>
Lint and Format Check	UNKNOWN STEP	2026-05-03T13:38:21.4936389Z hint:
Lint and Format Check	UNKNOWN STEP	2026-05-03T13:38:21.4937469Z hint: Names commonly chosen instead of 'master' are 'main', 'trunk' and
Lint and Format Check	UNKNOWN STEP	2026-05-03T13:38:21.4939359Z hint: 'development'. The just-created branch can be renamed via this command:
Lint and Format Check	UNKNOWN STEP	2026-05-03T13:38:21.4940552Z hint:
Lint and Format Check	UNKNOWN STEP	2026-05-03T13:38:21.4941212Z hint: 	git branch -m <name>
Lint and Format Check	UNKNOWN STEP	2026-05-03T13:38:21.4942017Z hint:
Lint and Format Check	UNKNOWN STEP	2026-05-03T13:38:21.4943036Z hint: Disable this message with "git config set advice.defaultBranchName false"
Lint and Format Check	UNKNOWN STEP	2026-05-03T13:38:21.4945004Z Initialized empty Git repository in /home/runner/work/lino-objects-codec/lino-objects-codec/.git/
Lint and Format Check	UNKNOWN STEP	2026-05-03T13:38:21.4948235Z [command]/usr/bin/git remote add origin https://github.com/link-foundation/lino-objects-codec
Lint and Format Check	UNKNOWN STEP	2026-05-03T13:38:21.4992617Z ##[endgroup]
Lint and Format Check	UNKNOWN STEP	2026-05-03T13:38:21.4993797Z ##[group]Disabling automatic garbage collection
Lint and Format Check	UNKNOWN STEP	2026-05-03T13:38:21.4997603Z [command]/usr/bin/git config --local gc.auto 0
Lint and Format Check	UNKNOWN STEP	2026-05-03T13:38:21.5025962Z ##[endgroup]
Lint and Format Check	UNKNOWN STEP	2026-05-03T13:38:21.5027168Z ##[group]Setting up auth
Lint and Format Check	UNKNOWN STEP	2026-05-03T13:38:21.5033806Z [command]/usr/bin/git config --local --name-only --get-regexp core\.sshCommand
Lint and Format Check	UNKNOWN STEP	2026-05-03T13:38:21.5067579Z [command]/usr/bin/git submodule foreach --recursive sh -c "git config --local --name-only --get-regexp 'core\.sshCommand' && git config --local --unset-all 'core.sshCommand' || :"
Lint and Format Check	UNKNOWN STEP	2026-05-03T13:38:21.5367209Z [command]/usr/bin/git config --local --name-only --get-regexp http\.https\:\/\/github\.com\/\.extraheader
Lint and Format Check	UNKNOWN STEP	2026-05-03T13:38:21.5400961Z [command]/usr/bin/git submodule foreach --recursive sh -c "git config --local --name-only --get-regexp 'http\.https\:\/\/github\.com\/\.extraheader' && git config --local --unset-all 'http.https://github.com/.extraheader' || :"
Lint and Format Check	UNKNOWN STEP	2026-05-03T13:38:21.5643073Z [command]/usr/bin/git config --local --name-only --get-regexp ^includeIf\.gitdir:
Lint and Format Check	UNKNOWN STEP	2026-05-03T13:38:21.5682765Z [command]/usr/bin/git submodule foreach --recursive git config --local --show-origin --name-only --get-regexp remote.origin.url
Lint and Format Check	UNKNOWN STEP	2026-05-03T13:38:21.5901675Z [command]/usr/bin/git config --local http.https://github.com/.extraheader AUTHORIZATION: basic ***
Lint and Format Check	UNKNOWN STEP	2026-05-03T13:38:21.5935599Z ##[endgroup]
Lint and Format Check	UNKNOWN STEP	2026-05-03T13:38:21.5936335Z ##[group]Fetching the repository
Lint and Format Check	UNKNOWN STEP	2026-05-03T13:38:21.5944141Z [command]/usr/bin/git -c protocol.version=2 fetch --no-tags --prune --no-recurse-submodules --depth=1 origin +3806da8815dc66a01ed1d6b0a536a2f3035753c6:refs/remotes/origin/main
Lint and Format Check	UNKNOWN STEP	2026-05-03T13:38:22.1811673Z From https://github.com/link-foundation/lino-objects-codec
Lint and Format Check	UNKNOWN STEP	2026-05-03T13:38:22.1812688Z  * [new ref]         3806da8815dc66a01ed1d6b0a536a2f3035753c6 -> origin/main
Lint and Format Check	UNKNOWN STEP	2026-05-03T13:38:22.1843540Z ##[endgroup]
Lint and Format Check	UNKNOWN STEP	2026-05-03T13:38:22.1845240Z ##[group]Determining the checkout info
Lint and Format Check	UNKNOWN STEP	2026-05-03T13:38:22.1846912Z ##[endgroup]
Lint and Format Check	UNKNOWN STEP	2026-05-03T13:38:22.1852873Z [command]/usr/bin/git sparse-checkout disable
Lint and Format Check	UNKNOWN STEP	2026-05-03T13:38:22.1893041Z [command]/usr/bin/git config --local --unset-all extensions.worktreeConfig
Lint and Format Check	UNKNOWN STEP	2026-05-03T13:38:22.1921255Z ##[group]Checking out the ref
Lint and Format Check	UNKNOWN STEP	2026-05-03T13:38:22.1924313Z [command]/usr/bin/git checkout --progress --force -B main refs/remotes/origin/main
Lint and Format Check	UNKNOWN STEP	2026-05-03T13:38:22.2070842Z Switched to a new branch 'main'
Lint and Format Check	UNKNOWN STEP	2026-05-03T13:38:22.2072948Z branch 'main' set up to track 'origin/main'.
Lint and Format Check	UNKNOWN STEP	2026-05-03T13:38:22.2080251Z ##[endgroup]
Lint and Format Check	UNKNOWN STEP	2026-05-03T13:38:22.2117498Z [command]/usr/bin/git log -1 --format=%H
Lint and Format Check	UNKNOWN STEP	2026-05-03T13:38:22.2140084Z 3806da8815dc66a01ed1d6b0a536a2f3035753c6
Lint and Format Check	UNKNOWN STEP	2026-05-03T13:38:22.2455499Z ##[group]Run actions/setup-python@v5
Lint and Format Check	UNKNOWN STEP	2026-05-03T13:38:22.2456568Z with:
Lint and Format Check	UNKNOWN STEP	2026-05-03T13:38:22.2457253Z   python-version: 3.13
Lint and Format Check	UNKNOWN STEP	2026-05-03T13:38:22.2458272Z   check-latest: false
Lint and Format Check	UNKNOWN STEP	2026-05-03T13:38:22.2459367Z   token: ***
Lint and Format Check	UNKNOWN STEP	2026-05-03T13:38:22.2460117Z   update-environment: true
Lint and Format Check	UNKNOWN STEP	2026-05-03T13:38:22.2461045Z   allow-prereleases: false
Lint and Format Check	UNKNOWN STEP	2026-05-03T13:38:22.2461943Z   freethreaded: false
Lint and Format Check	UNKNOWN STEP	2026-05-03T13:38:22.2462749Z ##[endgroup]
Lint and Format Check	UNKNOWN STEP	2026-05-03T13:38:22.4193946Z ##[group]Installed versions
Lint and Format Check	UNKNOWN STEP	2026-05-03T13:38:22.4294393Z Successfully set up CPython (3.13.13)
Lint and Format Check	UNKNOWN STEP	2026-05-03T13:38:22.4296898Z ##[endgroup]
Lint and Format Check	UNKNOWN STEP	2026-05-03T13:38:22.4445240Z ##[group]Run python -m pip install --upgrade pip
Lint and Format Check	UNKNOWN STEP	2026-05-03T13:38:22.4446806Z [36;1mpython -m pip install --upgrade pip[0m
Lint and Format Check	UNKNOWN STEP	2026-05-03T13:38:22.4448490Z [36;1mpip install -e ".[dev]"[0m
Lint and Format Check	UNKNOWN STEP	2026-05-03T13:38:22.4701707Z shell: /usr/bin/bash -e {0}
Lint and Format Check	UNKNOWN STEP	2026-05-03T13:38:22.4702770Z env:
Lint and Format Check	UNKNOWN STEP	2026-05-03T13:38:22.4703832Z   pythonLocation: /opt/hostedtoolcache/Python/3.13.13/x64
Lint and Format Check	UNKNOWN STEP	2026-05-03T13:38:22.4705806Z   PKG_CONFIG_PATH: /opt/hostedtoolcache/Python/3.13.13/x64/lib/pkgconfig
Lint and Format Check	UNKNOWN STEP	2026-05-03T13:38:22.4707711Z   Python_ROOT_DIR: /opt/hostedtoolcache/Python/3.13.13/x64
Lint and Format Check	UNKNOWN STEP	2026-05-03T13:38:22.4709568Z   Python2_ROOT_DIR: /opt/hostedtoolcache/Python/3.13.13/x64
Lint and Format Check	UNKNOWN STEP	2026-05-03T13:38:22.4711224Z   Python3_ROOT_DIR: /opt/hostedtoolcache/Python/3.13.13/x64
Lint and Format Check	UNKNOWN STEP	2026-05-03T13:38:22.4712901Z   LD_LIBRARY_PATH: /opt/hostedtoolcache/Python/3.13.13/x64/lib
Lint and Format Check	UNKNOWN STEP	2026-05-03T13:38:22.4714282Z ##[endgroup]
Lint and Format Check	UNKNOWN STEP	2026-05-03T13:38:24.6310207Z Requirement already satisfied: pip in /opt/hostedtoolcache/Python/3.13.13/x64/lib/python3.13/site-packages (26.0.1)
Lint and Format Check	UNKNOWN STEP	2026-05-03T13:38:24.7224406Z Collecting pip
Lint and Format Check	UNKNOWN STEP	2026-05-03T13:38:24.7855350Z   Downloading pip-26.1-py3-none-any.whl.metadata (4.6 kB)
Lint and Format Check	UNKNOWN STEP	2026-05-03T13:38:24.7938495Z Downloading pip-26.1-py3-none-any.whl (1.8 MB)
Lint and Format Check	UNKNOWN STEP	2026-05-03T13:38:24.8362895Z    ━━━━━━━━━━━━━━━━━━━━━━━━━━━━━━━━━━━━━━━━ 1.8/1.8 MB 120.6 MB/s  0:00:00
Lint and Format Check	UNKNOWN STEP	2026-05-03T13:38:24.8582976Z Installing collected packages: pip
Lint and Format Check	UNKNOWN STEP	2026-05-03T13:38:24.8584416Z   Attempting uninstall: pip
Lint and Format Check	UNKNOWN STEP	2026-05-03T13:38:24.8613826Z     Found existing installation: pip 26.0.1
Lint and Format Check	UNKNOWN STEP	2026-05-03T13:38:24.9543612Z     Uninstalling pip-26.0.1:
Lint and Format Check	UNKNOWN STEP	2026-05-03T13:38:24.9601547Z       Successfully uninstalled pip-26.0.1
Lint and Format Check	UNKNOWN STEP	2026-05-03T13:38:25.8913605Z Successfully installed pip-26.1
Lint and Format Check	UNKNOWN STEP	2026-05-03T13:38:26.3378183Z Obtaining file:///home/runner/work/lino-objects-codec/lino-objects-codec/python
Lint and Format Check	UNKNOWN STEP	2026-05-03T13:38:26.3396417Z   Installing build dependencies: started
Lint and Format Check	UNKNOWN STEP	2026-05-03T13:38:27.1324795Z   Installing build dependencies: finished with status 'done'
Lint and Format Check	UNKNOWN STEP	2026-05-03T13:38:27.1335739Z   Checking if build backend supports build_editable: started
Lint and Format Check	UNKNOWN STEP	2026-05-03T13:38:27.5135938Z   Checking if build backend supports build_editable: finished with status 'done'
Lint and Format Check	UNKNOWN STEP	2026-05-03T13:38:27.5145123Z   Getting requirements to build editable: started
Lint and Format Check	UNKNOWN STEP	2026-05-03T13:38:27.8560869Z   Getting requirements to build editable: finished with status 'done'
Lint and Format Check	UNKNOWN STEP	2026-05-03T13:38:27.8572236Z   Preparing editable metadata (pyproject.toml): started
Lint and Format Check	UNKNOWN STEP	2026-05-03T13:38:28.0471574Z   Preparing editable metadata (pyproject.toml): finished with status 'done'
Lint and Format Check	UNKNOWN STEP	2026-05-03T13:38:28.1777131Z Collecting links-notation<0.12.0,>=0.11.0 (from lino-objects-codec==0.2.0)
Lint and Format Check	UNKNOWN STEP	2026-05-03T13:38:28.2307350Z   Downloading links_notation-0.11.2-py3-none-any.whl.metadata (4.0 kB)
Lint and Format Check	UNKNOWN STEP	2026-05-03T13:38:28.2684270Z Collecting pytest>=7.0 (from lino-objects-codec==0.2.0)
Lint and Format Check	UNKNOWN STEP	2026-05-03T13:38:28.2706847Z   Downloading pytest-9.0.3-py3-none-any.whl.metadata (7.6 kB)
Lint and Format Check	UNKNOWN STEP	2026-05-03T13:38:28.2861616Z Collecting pytest-cov>=4.0 (from lino-objects-codec==0.2.0)
Lint and Format Check	UNKNOWN STEP	2026-05-03T13:38:28.2882723Z   Downloading pytest_cov-7.1.0-py3-none-any.whl.metadata (32 kB)
Lint and Format Check	UNKNOWN STEP	2026-05-03T13:38:28.6060433Z Collecting ruff>=0.1.0 (from lino-objects-codec==0.2.0)
Lint and Format Check	UNKNOWN STEP	2026-05-03T13:38:28.6087736Z   Downloading ruff-0.15.12-py3-none-manylinux_2_17_x86_64.manylinux2014_x86_64.whl.metadata (26 kB)
Lint and Format Check	UNKNOWN STEP	2026-05-03T13:38:28.6971784Z Collecting mypy>=1.0 (from lino-objects-codec==0.2.0)
Lint and Format Check	UNKNOWN STEP	2026-05-03T13:38:28.6996997Z   Downloading mypy-1.20.2-cp313-cp313-manylinux2014_x86_64.manylinux_2_17_x86_64.manylinux_2_28_x86_64.whl.metadata (2.4 kB)
Lint and Format Check	UNKNOWN STEP	2026-05-03T13:38:28.7778497Z Collecting scriv>=1.7.0 (from scriv[toml]>=1.7.0; extra == "dev"->lino-objects-codec==0.2.0)
Lint and Format Check	UNKNOWN STEP	2026-05-03T13:38:28.7816246Z   Downloading scriv-1.8.0-py3-none-any.whl.metadata (26 kB)
Lint and Format Check	UNKNOWN STEP	2026-05-03T13:38:28.8015020Z Collecting typing_extensions>=4.6.0 (from mypy>=1.0->lino-objects-codec==0.2.0)
Lint and Format Check	UNKNOWN STEP	2026-05-03T13:38:28.8038883Z   Downloading typing_extensions-4.15.0-py3-none-any.whl.metadata (3.3 kB)
Lint and Format Check	UNKNOWN STEP	2026-05-03T13:38:28.8146398Z Collecting mypy_extensions>=1.0.0 (from mypy>=1.0->lino-objects-codec==0.2.0)
Lint and Format Check	UNKNOWN STEP	2026-05-03T13:38:28.8168410Z   Downloading mypy_extensions-1.1.0-py3-none-any.whl.metadata (1.1 kB)
Lint and Format Check	UNKNOWN STEP	2026-05-03T13:38:28.8278835Z Collecting pathspec>=1.0.0 (from mypy>=1.0->lino-objects-codec==0.2.0)
Lint and Format Check	UNKNOWN STEP	2026-05-03T13:38:28.8300779Z   Downloading pathspec-1.1.1-py3-none-any.whl.metadata (14 kB)
Lint and Format Check	UNKNOWN STEP	2026-05-03T13:38:28.9200801Z Collecting librt>=0.8.0 (from mypy>=1.0->lino-objects-codec==0.2.0)
Lint and Format Check	UNKNOWN STEP	2026-05-03T13:38:28.9226837Z   Downloading librt-0.9.0-cp313-cp313-manylinux2014_x86_64.manylinux_2_17_x86_64.manylinux_2_28_x86_64.whl.metadata (1.3 kB)
Lint and Format Check	UNKNOWN STEP	2026-05-03T13:38:28.9333581Z Collecting iniconfig>=1.0.1 (from pytest>=7.0->lino-objects-codec==0.2.0)
Lint and Format Check	UNKNOWN STEP	2026-05-03T13:38:28.9355699Z   Downloading iniconfig-2.3.0-py3-none-any.whl.metadata (2.5 kB)
Lint and Format Check	UNKNOWN STEP	2026-05-03T13:38:28.9484753Z Collecting packaging>=22 (from pytest>=7.0->lino-objects-codec==0.2.0)
Lint and Format Check	UNKNOWN STEP	2026-05-03T13:38:28.9496172Z   Using cached packaging-26.2-py3-none-any.whl.metadata (3.5 kB)
Lint and Format Check	UNKNOWN STEP	2026-05-03T13:38:28.9585437Z Collecting pluggy<2,>=1.5 (from pytest>=7.0->lino-objects-codec==0.2.0)
Lint and Format Check	UNKNOWN STEP	2026-05-03T13:38:28.9607253Z   Downloading pluggy-1.6.0-py3-none-any.whl.metadata (4.8 kB)
Lint and Format Check	UNKNOWN STEP	2026-05-03T13:38:28.9771550Z Collecting pygments>=2.7.2 (from pytest>=7.0->lino-objects-codec==0.2.0)
Lint and Format Check	UNKNOWN STEP	2026-05-03T13:38:28.9793252Z   Downloading pygments-2.20.0-py3-none-any.whl.metadata (2.5 kB)
Lint and Format Check	UNKNOWN STEP	2026-05-03T13:38:29.3041897Z Collecting coverage>=7.10.6 (from coverage[toml]>=7.10.6->pytest-cov>=4.0->lino-objects-codec==0.2.0)
Lint and Format Check	UNKNOWN STEP	2026-05-03T13:38:29.3069314Z   Downloading coverage-7.13.5-cp313-cp313-manylinux1_x86_64.manylinux_2_28_x86_64.manylinux_2_5_x86_64.whl.metadata (8.5 kB)
Lint and Format Check	UNKNOWN STEP	2026-05-03T13:38:29.3230744Z Collecting attrs (from scriv>=1.7.0->scriv[toml]>=1.7.0; extra == "dev"->lino-objects-codec==0.2.0)
Lint and Format Check	UNKNOWN STEP	2026-05-03T13:38:29.3338507Z   Downloading attrs-26.1.0-py3-none-any.whl.metadata (8.8 kB)
Lint and Format Check	UNKNOWN STEP	2026-05-03T13:38:29.3431746Z Collecting click (from scriv>=1.7.0->scriv[toml]>=1.7.0; extra == "dev"->lino-objects-codec==0.2.0)
Lint and Format Check	UNKNOWN STEP	2026-05-03T13:38:29.3455224Z   Downloading click-8.3.3-py3-none-any.whl.metadata (2.6 kB)
Lint and Format Check	UNKNOWN STEP	2026-05-03T13:38:29.3586085Z Collecting click-log (from scriv>=1.7.0->scriv[toml]>=1.7.0; extra == "dev"->lino-objects-codec==0.2.0)
Lint and Format Check	UNKNOWN STEP	2026-05-03T13:38:29.3607583Z   Downloading click_log-0.4.0-py2.py3-none-any.whl.metadata (1.2 kB)
Lint and Format Check	UNKNOWN STEP	2026-05-03T13:38:29.3753743Z Collecting jinja2>=2.7 (from scriv>=1.7.0->scriv[toml]>=1.7.0; extra == "dev"->lino-objects-codec==0.2.0)
Lint and Format Check	UNKNOWN STEP	2026-05-03T13:38:29.3777031Z   Downloading jinja2-3.1.6-py3-none-any.whl.metadata (2.9 kB)
Lint and Format Check	UNKNOWN STEP	2026-05-03T13:38:29.3908810Z Collecting markdown-it-py (from scriv>=1.7.0->scriv[toml]>=1.7.0; extra == "dev"->lino-objects-codec==0.2.0)
Lint and Format Check	UNKNOWN STEP	2026-05-03T13:38:29.3931186Z   Downloading markdown_it_py-4.0.0-py3-none-any.whl.metadata (7.3 kB)
Lint and Format Check	UNKNOWN STEP	2026-05-03T13:38:29.4170838Z Collecting requests (from scriv>=1.7.0->scriv[toml]>=1.7.0; extra == "dev"->lino-objects-codec==0.2.0)
Lint and Format Check	UNKNOWN STEP	2026-05-03T13:38:29.4194172Z   Downloading requests-2.33.1-py3-none-any.whl.metadata (4.8 kB)
Lint and Format Check	UNKNOWN STEP	2026-05-03T13:38:29.4656622Z Collecting MarkupSafe>=2.0 (from jinja2>=2.7->scriv>=1.7.0->scriv[toml]>=1.7.0; extra == "dev"->lino-objects-codec==0.2.0)
Lint and Format Check	UNKNOWN STEP	2026-05-03T13:38:29.4681371Z   Downloading markupsafe-3.0.3-cp313-cp313-manylinux2014_x86_64.manylinux_2_17_x86_64.manylinux_2_28_x86_64.whl.metadata (2.7 kB)
Lint and Format Check	UNKNOWN STEP	2026-05-03T13:38:29.4801574Z Collecting mdurl~=0.1 (from markdown-it-py->scriv>=1.7.0->scriv[toml]>=1.7.0; extra == "dev"->lino-objects-codec==0.2.0)
Lint and Format Check	UNKNOWN STEP	2026-05-03T13:38:29.4826892Z   Downloading mdurl-0.1.2-py3-none-any.whl.metadata (1.6 kB)
Lint and Format Check	UNKNOWN STEP	2026-05-03T13:38:29.5669191Z Collecting charset_normalizer<4,>=2 (from requests->scriv>=1.7.0->scriv[toml]>=1.7.0; extra == "dev"->lino-objects-codec==0.2.0)
Lint and Format Check	UNKNOWN STEP	2026-05-03T13:38:29.5693830Z   Downloading charset_normalizer-3.4.7-cp313-cp313-manylinux2014_x86_64.manylinux_2_17_x86_64.manylinux_2_28_x86_64.whl.metadata (40 kB)
Lint and Format Check	UNKNOWN STEP	2026-05-03T13:38:29.5839535Z Collecting idna<4,>=2.5 (from requests->scriv>=1.7.0->scriv[toml]>=1.7.0; extra == "dev"->lino-objects-codec==0.2.0)
Lint and Format Check	UNKNOWN STEP	2026-05-03T13:38:29.5865005Z   Downloading idna-3.13-py3-none-any.whl.metadata (8.0 kB)
Lint and Format Check	UNKNOWN STEP	2026-05-03T13:38:29.6051497Z Collecting urllib3<3,>=1.26 (from requests->scriv>=1.7.0->scriv[toml]>=1.7.0; extra == "dev"->lino-objects-codec==0.2.0)
Lint and Format Check	UNKNOWN STEP	2026-05-03T13:38:29.6073183Z   Downloading urllib3-2.6.3-py3-none-any.whl.metadata (6.9 kB)
Lint and Format Check	UNKNOWN STEP	2026-05-03T13:38:29.6232478Z Collecting certifi>=2023.5.7 (from requests->scriv>=1.7.0->scriv[toml]>=1.7.0; extra == "dev"->lino-objects-codec==0.2.0)
Lint and Format Check	UNKNOWN STEP	2026-05-03T13:38:29.6255171Z   Downloading certifi-2026.4.22-py3-none-any.whl.metadata (2.5 kB)
Lint and Format Check	UNKNOWN STEP	2026-05-03T13:38:29.6342871Z Downloading links_notation-0.11.2-py3-none-any.whl (8.2 kB)
Lint and Format Check	UNKNOWN STEP	2026-05-03T13:38:29.6408095Z Downloading mypy-1.20.2-cp313-cp313-manylinux2014_x86_64.manylinux_2_17_x86_64.manylinux_2_28_x86_64.whl (14.7 MB)
Lint and Format Check	UNKNOWN STEP	2026-05-03T13:38:29.7099428Z    ━━━━━━━━━━━━━━━━━━━━━━━━━━━━━━━━━━━━━━━━ 14.7/14.7 MB 221.0 MB/s  0:00:00
Lint and Format Check	UNKNOWN STEP	2026-05-03T13:38:29.7126580Z Downloading librt-0.9.0-cp313-cp313-manylinux2014_x86_64.manylinux_2_17_x86_64.manylinux_2_28_x86_64.whl (230 kB)
Lint and Format Check	UNKNOWN STEP	2026-05-03T13:38:29.7186004Z Downloading mypy_extensions-1.1.0-py3-none-any.whl (5.0 kB)
Lint and Format Check	UNKNOWN STEP	2026-05-03T13:38:29.7228246Z Downloading pathspec-1.1.1-py3-none-any.whl (57 kB)
Lint and Format Check	UNKNOWN STEP	2026-05-03T13:38:29.7270617Z Downloading pytest-9.0.3-py3-none-any.whl (375 kB)
Lint and Format Check	UNKNOWN STEP	2026-05-03T13:38:29.7322422Z Downloading pluggy-1.6.0-py3-none-any.whl (20 kB)
Lint and Format Check	UNKNOWN STEP	2026-05-03T13:38:29.7363836Z Downloading iniconfig-2.3.0-py3-none-any.whl (7.5 kB)
Lint and Format Check	UNKNOWN STEP	2026-05-03T13:38:29.7395540Z Using cached packaging-26.2-py3-none-any.whl (100 kB)
Lint and Format Check	UNKNOWN STEP	2026-05-03T13:38:29.7417456Z Downloading pygments-2.20.0-py3-none-any.whl (1.2 MB)
Lint and Format Check	UNKNOWN STEP	2026-05-03T13:38:29.7488489Z    ━━━━━━━━━━━━━━━━━━━━━━━━━━━━━━━━━━━━━━━━ 1.2/1.2 MB 200.5 MB/s  0:00:00
Lint and Format Check	UNKNOWN STEP	2026-05-03T13:38:29.7512705Z Downloading pytest_cov-7.1.0-py3-none-any.whl (22 kB)
Lint and Format Check	UNKNOWN STEP	2026-05-03T13:38:29.7556021Z Downloading coverage-7.13.5-cp313-cp313-manylinux1_x86_64.manylinux_2_28_x86_64.manylinux_2_5_x86_64.whl (253 kB)
Lint and Format Check	UNKNOWN STEP	2026-05-03T13:38:29.7605479Z Downloading ruff-0.15.12-py3-none-manylinux_2_17_x86_64.manylinux2014_x86_64.whl (11.3 MB)
Lint and Format Check	UNKNOWN STEP	2026-05-03T13:38:29.7964422Z    ━━━━━━━━━━━━━━━━━━━━━━━━━━━━━━━━━━━━━━━━ 11.3/11.3 MB 330.5 MB/s  0:00:00
Lint and Format Check	UNKNOWN STEP	2026-05-03T13:38:29.8023986Z Downloading scriv-1.8.0-py3-none-any.whl (39 kB)
Lint and Format Check	UNKNOWN STEP	2026-05-03T13:38:29.8068067Z Downloading jinja2-3.1.6-py3-none-any.whl (134 kB)
Lint and Format Check	UNKNOWN STEP	2026-05-03T13:38:29.8116962Z Downloading markupsafe-3.0.3-cp313-cp313-manylinux2014_x86_64.manylinux_2_17_x86_64.manylinux_2_28_x86_64.whl (22 kB)
Lint and Format Check	UNKNOWN STEP	2026-05-03T13:38:29.8158638Z Downloading typing_extensions-4.15.0-py3-none-any.whl (44 kB)
Lint and Format Check	UNKNOWN STEP	2026-05-03T13:38:29.8202620Z Downloading attrs-26.1.0-py3-none-any.whl (67 kB)
Lint and Format Check	UNKNOWN STEP	2026-05-03T13:38:29.8266670Z Downloading click-8.3.3-py3-none-any.whl (110 kB)
Lint and Format Check	UNKNOWN STEP	2026-05-03T13:38:29.8311301Z Downloading click_log-0.4.0-py2.py3-none-any.whl (4.3 kB)
Lint and Format Check	UNKNOWN STEP	2026-05-03T13:38:29.8356365Z Downloading markdown_it_py-4.0.0-py3-none-any.whl (87 kB)
Lint and Format Check	UNKNOWN STEP	2026-05-03T13:38:29.8404419Z Downloading mdurl-0.1.2-py3-none-any.whl (10.0 kB)
Lint and Format Check	UNKNOWN STEP	2026-05-03T13:38:29.8449726Z Downloading requests-2.33.1-py3-none-any.whl (64 kB)
Lint and Format Check	UNKNOWN STEP	2026-05-03T13:38:29.8495199Z Downloading charset_normalizer-3.4.7-cp313-cp313-manylinux2014_x86_64.manylinux_2_17_x86_64.manylinux_2_28_x86_64.whl (215 kB)
Lint and Format Check	UNKNOWN STEP	2026-05-03T13:38:29.8544300Z Downloading idna-3.13-py3-none-any.whl (68 kB)
Lint and Format Check	UNKNOWN STEP	2026-05-03T13:38:29.8589827Z Downloading urllib3-2.6.3-py3-none-any.whl (131 kB)
Lint and Format Check	UNKNOWN STEP	2026-05-03T13:38:29.8645980Z Downloading certifi-2026.4.22-py3-none-any.whl (135 kB)
Lint and Format Check	UNKNOWN STEP	2026-05-03T13:38:29.9204081Z Building wheels for collected packages: lino-objects-codec
Lint and Format Check	UNKNOWN STEP	2026-05-03T13:38:29.9212757Z   Building editable for lino-objects-codec (pyproject.toml): started
Lint and Format Check	UNKNOWN STEP	2026-05-03T13:38:30.1336023Z   Building editable for lino-objects-codec (pyproject.toml): finished with status 'done'
Lint and Format Check	UNKNOWN STEP	2026-05-03T13:38:30.1342987Z   Created wheel for lino-objects-codec: filename=lino_objects_codec-0.2.0-0.editable-py3-none-any.whl size=4524 sha256=58984b514630372774429ea76a6a52eadbb655e6ca5156bed1a4f59beb704862
Lint and Format Check	UNKNOWN STEP	2026-05-03T13:38:30.1345600Z   Stored in directory: /tmp/pip-ephem-wheel-cache-nwxchgdr/wheels/93/2b/bb/ea4555c8a45a876054958fa7c004cb6e11962bbfce5149b0f0
Lint and Format Check	UNKNOWN STEP	2026-05-03T13:38:30.1366581Z Successfully built lino-objects-codec
Lint and Format Check	UNKNOWN STEP	2026-05-03T13:38:30.1866510Z Installing collected packages: urllib3, typing_extensions, ruff, pygments, pluggy, pathspec, packaging, mypy_extensions, mdurl, MarkupSafe, links-notation, librt, iniconfig, idna, coverage, click, charset_normalizer, certifi, attrs, requests, pytest, mypy, markdown-it-py, lino-objects-codec, jinja2, click-log, scriv, pytest-cov
Lint and Format Check	UNKNOWN STEP	2026-05-03T13:38:33.6785934Z 
Lint and Format Check	UNKNOWN STEP	2026-05-03T13:38:33.6820947Z Successfully installed MarkupSafe-3.0.3 attrs-26.1.0 certifi-2026.4.22 charset_normalizer-3.4.7 click-8.3.3 click-log-0.4.0 coverage-7.13.5 idna-3.13 iniconfig-2.3.0 jinja2-3.1.6 librt-0.9.0 links-notation-0.11.2 lino-objects-codec-0.2.0 markdown-it-py-4.0.0 mdurl-0.1.2 mypy-1.20.2 mypy_extensions-1.1.0 packaging-26.2 pathspec-1.1.1 pluggy-1.6.0 pygments-2.20.0 pytest-9.0.3 pytest-cov-7.1.0 requests-2.33.1 ruff-0.15.12 scriv-1.8.0 typing_extensions-4.15.0 urllib3-2.6.3
Lint and Format Check	UNKNOWN STEP	2026-05-03T13:38:33.7844343Z ##[group]Run ruff check src tests
Lint and Format Check	UNKNOWN STEP	2026-05-03T13:38:33.7844640Z [36;1mruff check src tests[0m
Lint and Format Check	UNKNOWN STEP	2026-05-03T13:38:33.7867370Z shell: /usr/bin/bash -e {0}
Lint and Format Check	UNKNOWN STEP	2026-05-03T13:38:33.7867594Z env:
Lint and Format Check	UNKNOWN STEP	2026-05-03T13:38:33.7868117Z   pythonLocation: /opt/hostedtoolcache/Python/3.13.13/x64
Lint and Format Check	UNKNOWN STEP	2026-05-03T13:38:33.7868543Z   PKG_CONFIG_PATH: /opt/hostedtoolcache/Python/3.13.13/x64/lib/pkgconfig
Lint and Format Check	UNKNOWN STEP	2026-05-03T13:38:33.7868937Z   Python_ROOT_DIR: /opt/hostedtoolcache/Python/3.13.13/x64
Lint and Format Check	UNKNOWN STEP	2026-05-03T13:38:33.7869296Z   Python2_ROOT_DIR: /opt/hostedtoolcache/Python/3.13.13/x64
Lint and Format Check	UNKNOWN STEP	2026-05-03T13:38:33.7869652Z   Python3_ROOT_DIR: /opt/hostedtoolcache/Python/3.13.13/x64
Lint and Format Check	UNKNOWN STEP	2026-05-03T13:38:33.7870012Z   LD_LIBRARY_PATH: /opt/hostedtoolcache/Python/3.13.13/x64/lib
Lint and Format Check	UNKNOWN STEP	2026-05-03T13:38:33.7870304Z ##[endgroup]
Lint and Format Check	UNKNOWN STEP	2026-05-03T13:38:33.7992251Z All checks passed!
Lint and Format Check	UNKNOWN STEP	2026-05-03T13:38:33.8025275Z ##[group]Run ruff format --check src tests
Lint and Format Check	UNKNOWN STEP	2026-05-03T13:38:33.8025591Z [36;1mruff format --check src tests[0m
Lint and Format Check	UNKNOWN STEP	2026-05-03T13:38:33.8046687Z shell: /usr/bin/bash -e {0}
Lint and Format Check	UNKNOWN STEP	2026-05-03T13:38:33.8046911Z env:
Lint and Format Check	UNKNOWN STEP	2026-05-03T13:38:33.8047158Z   pythonLocation: /opt/hostedtoolcache/Python/3.13.13/x64
Lint and Format Check	UNKNOWN STEP	2026-05-03T13:38:33.8047566Z   PKG_CONFIG_PATH: /opt/hostedtoolcache/Python/3.13.13/x64/lib/pkgconfig
Lint and Format Check	UNKNOWN STEP	2026-05-03T13:38:33.8048296Z   Python_ROOT_DIR: /opt/hostedtoolcache/Python/3.13.13/x64
Lint and Format Check	UNKNOWN STEP	2026-05-03T13:38:33.8048665Z   Python2_ROOT_DIR: /opt/hostedtoolcache/Python/3.13.13/x64
Lint and Format Check	UNKNOWN STEP	2026-05-03T13:38:33.8049013Z   Python3_ROOT_DIR: /opt/hostedtoolcache/Python/3.13.13/x64
Lint and Format Check	UNKNOWN STEP	2026-05-03T13:38:33.8049374Z   LD_LIBRARY_PATH: /opt/hostedtoolcache/Python/3.13.13/x64/lib
Lint and Format Check	UNKNOWN STEP	2026-05-03T13:38:33.8049674Z ##[endgroup]
Lint and Format Check	UNKNOWN STEP	2026-05-03T13:38:33.8168479Z 8 files already formatted
Lint and Format Check	UNKNOWN STEP	2026-05-03T13:38:33.8202228Z ##[group]Run mypy src
Lint and Format Check	UNKNOWN STEP	2026-05-03T13:38:33.8202450Z [36;1mmypy src[0m
Lint and Format Check	UNKNOWN STEP	2026-05-03T13:38:33.8223367Z shell: /usr/bin/bash -e {0}
Lint and Format Check	UNKNOWN STEP	2026-05-03T13:38:33.8223609Z env:
Lint and Format Check	UNKNOWN STEP	2026-05-03T13:38:33.8223847Z   pythonLocation: /opt/hostedtoolcache/Python/3.13.13/x64
Lint and Format Check	UNKNOWN STEP	2026-05-03T13:38:33.8224269Z   PKG_CONFIG_PATH: /opt/hostedtoolcache/Python/3.13.13/x64/lib/pkgconfig
Lint and Format Check	UNKNOWN STEP	2026-05-03T13:38:33.8224685Z   Python_ROOT_DIR: /opt/hostedtoolcache/Python/3.13.13/x64
Lint and Format Check	UNKNOWN STEP	2026-05-03T13:38:33.8225051Z   Python2_ROOT_DIR: /opt/hostedtoolcache/Python/3.13.13/x64
Lint and Format Check	UNKNOWN STEP	2026-05-03T13:38:33.8225581Z   Python3_ROOT_DIR: /opt/hostedtoolcache/Python/3.13.13/x64
Lint and Format Check	UNKNOWN STEP	2026-05-03T13:38:33.8225938Z   LD_LIBRARY_PATH: /opt/hostedtoolcache/Python/3.13.13/x64/lib
Lint and Format Check	UNKNOWN STEP	2026-05-03T13:38:33.8226234Z ##[endgroup]
Lint and Format Check	UNKNOWN STEP	2026-05-03T13:38:34.9242779Z Success: no issues found in 3 source files
Lint and Format Check	UNKNOWN STEP	2026-05-03T13:38:34.9316086Z ##[group]Run python scripts/check_file_size.py
Lint and Format Check	UNKNOWN STEP	2026-05-03T13:38:34.9316439Z [36;1mpython scripts/check_file_size.py[0m
Lint and Format Check	UNKNOWN STEP	2026-05-03T13:38:34.9339060Z shell: /usr/bin/bash -e {0}
Lint and Format Check	UNKNOWN STEP	2026-05-03T13:38:34.9339283Z env:
Lint and Format Check	UNKNOWN STEP	2026-05-03T13:38:34.9339527Z   pythonLocation: /opt/hostedtoolcache/Python/3.13.13/x64
Lint and Format Check	UNKNOWN STEP	2026-05-03T13:38:34.9339942Z   PKG_CONFIG_PATH: /opt/hostedtoolcache/Python/3.13.13/x64/lib/pkgconfig
Lint and Format Check	UNKNOWN STEP	2026-05-03T13:38:34.9340357Z   Python_ROOT_DIR: /opt/hostedtoolcache/Python/3.13.13/x64
Lint and Format Check	UNKNOWN STEP	2026-05-03T13:38:34.9340712Z   Python2_ROOT_DIR: /opt/hostedtoolcache/Python/3.13.13/x64
Lint and Format Check	UNKNOWN STEP	2026-05-03T13:38:34.9341062Z   Python3_ROOT_DIR: /opt/hostedtoolcache/Python/3.13.13/x64
Lint and Format Check	UNKNOWN STEP	2026-05-03T13:38:34.9341441Z   LD_LIBRARY_PATH: /opt/hostedtoolcache/Python/3.13.13/x64/lib
Lint and Format Check	UNKNOWN STEP	2026-05-03T13:38:34.9341750Z ##[endgroup]
Lint and Format Check	UNKNOWN STEP	2026-05-03T13:38:34.9629301Z 
Lint and Format Check	UNKNOWN STEP	2026-05-03T13:38:34.9629998Z Checking Python files for maximum 1000 lines...
Lint and Format Check	UNKNOWN STEP	2026-05-03T13:38:34.9630457Z 
Lint and Format Check	UNKNOWN STEP	2026-05-03T13:38:34.9630999Z ✓ All files are within the line limit
Lint and Format Check	UNKNOWN STEP	2026-05-03T13:38:34.9631239Z 
Lint and Format Check	UNKNOWN STEP	2026-05-03T13:38:34.9730678Z Post job cleanup.
Lint and Format Check	UNKNOWN STEP	2026-05-03T13:38:35.1420159Z Post job cleanup.
Lint and Format Check	UNKNOWN STEP	2026-05-03T13:38:35.2395713Z [command]/usr/bin/git version
Lint and Format Check	UNKNOWN STEP	2026-05-03T13:38:35.2432072Z git version 2.53.0
Lint and Format Check	UNKNOWN STEP	2026-05-03T13:38:35.2477282Z Temporarily overriding HOME='/home/runner/work/_temp/86cb9d7f-8083-401f-a0b5-e22a5cd58958' before making global git config changes
Lint and Format Check	UNKNOWN STEP	2026-05-03T13:38:35.2478933Z Adding repository directory to the temporary git global config as a safe directory
Lint and Format Check	UNKNOWN STEP	2026-05-03T13:38:35.2490770Z [command]/usr/bin/git config --global --add safe.directory /home/runner/work/lino-objects-codec/lino-objects-codec
Lint and Format Check	UNKNOWN STEP	2026-05-03T13:38:35.2524893Z [command]/usr/bin/git config --local --name-only --get-regexp core\.sshCommand
Lint and Format Check	UNKNOWN STEP	2026-05-03T13:38:35.2556846Z [command]/usr/bin/git submodule foreach --recursive sh -c "git config --local --name-only --get-regexp 'core\.sshCommand' && git config --local --unset-all 'core.sshCommand' || :"
Lint and Format Check	UNKNOWN STEP	2026-05-03T13:38:35.2781479Z [command]/usr/bin/git config --local --name-only --get-regexp http\.https\:\/\/github\.com\/\.extraheader
Lint and Format Check	UNKNOWN STEP	2026-05-03T13:38:35.2801853Z http.https://github.com/.extraheader
Lint and Format Check	UNKNOWN STEP	2026-05-03T13:38:35.2814279Z [command]/usr/bin/git config --local --unset-all http.https://github.com/.extraheader
Lint and Format Check	UNKNOWN STEP	2026-05-03T13:38:35.2845338Z [command]/usr/bin/git submodule foreach --recursive sh -c "git config --local --name-only --get-regexp 'http\.https\:\/\/github\.com\/\.extraheader' && git config --local --unset-all 'http.https://github.com/.extraheader' || :"
Lint and Format Check	UNKNOWN STEP	2026-05-03T13:38:35.3063679Z [command]/usr/bin/git config --local --name-only --get-regexp ^includeIf\.gitdir:
Lint and Format Check	UNKNOWN STEP	2026-05-03T13:38:35.3092870Z [command]/usr/bin/git submodule foreach --recursive git config --local --show-origin --name-only --get-regexp remote.origin.url
Lint and Format Check	UNKNOWN STEP	2026-05-03T13:38:35.3429525Z Cleaning up orphan processes
Lint and Format Check	UNKNOWN STEP	2026-05-03T13:38:35.3710054Z ##[warning]Node.js 20 actions are deprecated. The following actions are running on Node.js 20 and may not work as expected: actions/checkout@v4, actions/setup-python@v5. Actions will be forced to run with Node.js 24 by default starting June 2nd, 2026. Node.js 20 will be removed from the runner on September 16th, 2026. Please check if updated versions of these actions are available that support Node.js 24. To opt into Node.js 24 now, set the FORCE_JAVASCRIPT_ACTIONS_TO_NODE24=true environment variable on the runner or in your workflow file. Once Node.js 24 becomes the default, you can temporarily opt out by setting ACTIONS_ALLOW_USE_UNSECURE_NODE_VERSION=true. For more information see: https://github.blog/changelog/2025-09-19-deprecation-of-node-20-on-github-actions-runners/
Test (Python 3.13)	UNKNOWN STEP	﻿2026-05-03T13:38:19.6905422Z Current runner version: '2.334.0'
Test (Python 3.13)	UNKNOWN STEP	2026-05-03T13:38:19.6940840Z ##[group]Runner Image Provisioner
Test (Python 3.13)	UNKNOWN STEP	2026-05-03T13:38:19.6941986Z Hosted Compute Agent
Test (Python 3.13)	UNKNOWN STEP	2026-05-03T13:38:19.6942704Z Version: 20260213.493
Test (Python 3.13)	UNKNOWN STEP	2026-05-03T13:38:19.6943964Z Commit: 5c115507f6dd24b8de37d8bbe0bb4509d0cc0fa3
Test (Python 3.13)	UNKNOWN STEP	2026-05-03T13:38:19.6944966Z Build Date: 2026-02-13T00:28:41Z
Test (Python 3.13)	UNKNOWN STEP	2026-05-03T13:38:19.6946028Z Worker ID: {68aa8c77-81fb-42d5-904c-5b5c0a8d9aa6}
Test (Python 3.13)	UNKNOWN STEP	2026-05-03T13:38:19.6947339Z Azure Region: eastus
Test (Python 3.13)	UNKNOWN STEP	2026-05-03T13:38:19.6948070Z ##[endgroup]
Test (Python 3.13)	UNKNOWN STEP	2026-05-03T13:38:19.6950201Z ##[group]Operating System
Test (Python 3.13)	UNKNOWN STEP	2026-05-03T13:38:19.6951077Z Ubuntu
Test (Python 3.13)	UNKNOWN STEP	2026-05-03T13:38:19.6951774Z 24.04.4
Test (Python 3.13)	UNKNOWN STEP	2026-05-03T13:38:19.6952488Z LTS
Test (Python 3.13)	UNKNOWN STEP	2026-05-03T13:38:19.6953245Z ##[endgroup]
Test (Python 3.13)	UNKNOWN STEP	2026-05-03T13:38:19.6954158Z ##[group]Runner Image
Test (Python 3.13)	UNKNOWN STEP	2026-05-03T13:38:19.6955125Z Image: ubuntu-24.04
Test (Python 3.13)	UNKNOWN STEP	2026-05-03T13:38:19.6955892Z Version: 20260413.86.1
Test (Python 3.13)	UNKNOWN STEP	2026-05-03T13:38:19.6958502Z Included Software: https://github.com/actions/runner-images/blob/ubuntu24/20260413.86/images/ubuntu/Ubuntu2404-Readme.md
Test (Python 3.13)	UNKNOWN STEP	2026-05-03T13:38:19.6960841Z Image Release: https://github.com/actions/runner-images/releases/tag/ubuntu24%2F20260413.86
Test (Python 3.13)	UNKNOWN STEP	2026-05-03T13:38:19.6962378Z ##[endgroup]
Test (Python 3.13)	UNKNOWN STEP	2026-05-03T13:38:19.6967108Z ##[group]GITHUB_TOKEN Permissions
Test (Python 3.13)	UNKNOWN STEP	2026-05-03T13:38:19.6970195Z Actions: write
Test (Python 3.13)	UNKNOWN STEP	2026-05-03T13:38:19.6970961Z ArtifactMetadata: write
Test (Python 3.13)	UNKNOWN STEP	2026-05-03T13:38:19.6971936Z Attestations: write
Test (Python 3.13)	UNKNOWN STEP	2026-05-03T13:38:19.6972667Z Checks: write
Test (Python 3.13)	UNKNOWN STEP	2026-05-03T13:38:19.6973607Z Contents: write
Test (Python 3.13)	UNKNOWN STEP	2026-05-03T13:38:19.6974457Z Deployments: write
Test (Python 3.13)	UNKNOWN STEP	2026-05-03T13:38:19.6975238Z Discussions: write
Test (Python 3.13)	UNKNOWN STEP	2026-05-03T13:38:19.6976041Z Issues: write
Test (Python 3.13)	UNKNOWN STEP	2026-05-03T13:38:19.6976796Z Metadata: read
Test (Python 3.13)	UNKNOWN STEP	2026-05-03T13:38:19.6977545Z Models: read
Test (Python 3.13)	UNKNOWN STEP	2026-05-03T13:38:19.6978204Z Packages: write
Test (Python 3.13)	UNKNOWN STEP	2026-05-03T13:38:19.6979012Z Pages: write
Test (Python 3.13)	UNKNOWN STEP	2026-05-03T13:38:19.6979914Z PullRequests: write
Test (Python 3.13)	UNKNOWN STEP	2026-05-03T13:38:19.6980651Z RepositoryProjects: write
Test (Python 3.13)	UNKNOWN STEP	2026-05-03T13:38:19.6981692Z SecurityEvents: write
Test (Python 3.13)	UNKNOWN STEP	2026-05-03T13:38:19.6982436Z Statuses: write
Test (Python 3.13)	UNKNOWN STEP	2026-05-03T13:38:19.6983225Z VulnerabilityAlerts: read
Test (Python 3.13)	UNKNOWN STEP	2026-05-03T13:38:19.6984307Z ##[endgroup]
Test (Python 3.13)	UNKNOWN STEP	2026-05-03T13:38:19.6987289Z Secret source: Actions
Test (Python 3.13)	UNKNOWN STEP	2026-05-03T13:38:19.6988550Z Prepare workflow directory
Test (Python 3.13)	UNKNOWN STEP	2026-05-03T13:38:19.7462424Z Prepare all required actions
Test (Python 3.13)	UNKNOWN STEP	2026-05-03T13:38:19.7517993Z Getting action download info
Test (Python 3.13)	UNKNOWN STEP	2026-05-03T13:38:20.0299701Z Download action repository 'actions/checkout@v4' (SHA:34e114876b0b11c390a56381ad16ebd13914f8d5)
Test (Python 3.13)	UNKNOWN STEP	2026-05-03T13:38:20.1530266Z Download action repository 'actions/setup-python@v5' (SHA:a26af69be951a213d495a4c3e4e4022e16d87065)
Test (Python 3.13)	UNKNOWN STEP	2026-05-03T13:38:20.2365816Z Download action repository 'codecov/codecov-action@v4' (SHA:b9fd7d16f6d7d1b5d2bec1a2887e65ceed900238)
Test (Python 3.13)	UNKNOWN STEP	2026-05-03T13:38:20.4714364Z Complete job name: Test (Python 3.13)
Test (Python 3.13)	UNKNOWN STEP	2026-05-03T13:38:20.5409097Z ##[group]Run actions/checkout@v4
Test (Python 3.13)	UNKNOWN STEP	2026-05-03T13:38:20.5409860Z with:
Test (Python 3.13)	UNKNOWN STEP	2026-05-03T13:38:20.5410305Z   repository: link-foundation/lino-objects-codec
Test (Python 3.13)	UNKNOWN STEP	2026-05-03T13:38:20.5411042Z   token: ***
Test (Python 3.13)	UNKNOWN STEP	2026-05-03T13:38:20.5411422Z   ssh-strict: true
Test (Python 3.13)	UNKNOWN STEP	2026-05-03T13:38:20.5411798Z   ssh-user: git
Test (Python 3.13)	UNKNOWN STEP	2026-05-03T13:38:20.5412212Z   persist-credentials: true
Test (Python 3.13)	UNKNOWN STEP	2026-05-03T13:38:20.5412652Z   clean: true
Test (Python 3.13)	UNKNOWN STEP	2026-05-03T13:38:20.5413039Z   sparse-checkout-cone-mode: true
Test (Python 3.13)	UNKNOWN STEP	2026-05-03T13:38:20.5413678Z   fetch-depth: 1
Test (Python 3.13)	UNKNOWN STEP	2026-05-03T13:38:20.5414050Z   fetch-tags: false
Test (Python 3.13)	UNKNOWN STEP	2026-05-03T13:38:20.5414426Z   show-progress: true
Test (Python 3.13)	UNKNOWN STEP	2026-05-03T13:38:20.5414821Z   lfs: false
Test (Python 3.13)	UNKNOWN STEP	2026-05-03T13:38:20.5415169Z   submodules: false
Test (Python 3.13)	UNKNOWN STEP	2026-05-03T13:38:20.5415565Z   set-safe-directory: true
Test (Python 3.13)	UNKNOWN STEP	2026-05-03T13:38:20.5416163Z ##[endgroup]
Test (Python 3.13)	UNKNOWN STEP	2026-05-03T13:38:20.6566500Z Syncing repository: link-foundation/lino-objects-codec
Test (Python 3.13)	UNKNOWN STEP	2026-05-03T13:38:20.6568302Z ##[group]Getting Git version info
Test (Python 3.13)	UNKNOWN STEP	2026-05-03T13:38:20.6569118Z Working directory is '/home/runner/work/lino-objects-codec/lino-objects-codec'
Test (Python 3.13)	UNKNOWN STEP	2026-05-03T13:38:20.6570123Z [command]/usr/bin/git version
Test (Python 3.13)	UNKNOWN STEP	2026-05-03T13:38:20.6610071Z git version 2.53.0
Test (Python 3.13)	UNKNOWN STEP	2026-05-03T13:38:20.6635592Z ##[endgroup]
Test (Python 3.13)	UNKNOWN STEP	2026-05-03T13:38:20.6659732Z Temporarily overriding HOME='/home/runner/work/_temp/9742b60c-9a20-43ac-9697-fb3d5844650a' before making global git config changes
Test (Python 3.13)	UNKNOWN STEP	2026-05-03T13:38:20.6662436Z Adding repository directory to the temporary git global config as a safe directory
Test (Python 3.13)	UNKNOWN STEP	2026-05-03T13:38:20.6665888Z [command]/usr/bin/git config --global --add safe.directory /home/runner/work/lino-objects-codec/lino-objects-codec
Test (Python 3.13)	UNKNOWN STEP	2026-05-03T13:38:20.6703162Z Deleting the contents of '/home/runner/work/lino-objects-codec/lino-objects-codec'
Test (Python 3.13)	UNKNOWN STEP	2026-05-03T13:38:20.6706775Z ##[group]Initializing the repository
Test (Python 3.13)	UNKNOWN STEP	2026-05-03T13:38:20.6710933Z [command]/usr/bin/git init /home/runner/work/lino-objects-codec/lino-objects-codec
Test (Python 3.13)	UNKNOWN STEP	2026-05-03T13:38:20.6772956Z hint: Using 'master' as the name for the initial branch. This default branch name
Test (Python 3.13)	UNKNOWN STEP	2026-05-03T13:38:20.6774936Z hint: will change to "main" in Git 3.0. To configure the initial branch name
Test (Python 3.13)	UNKNOWN STEP	2026-05-03T13:38:20.6776493Z hint: to use in all of your new repositories, which will suppress this warning,
Test (Python 3.13)	UNKNOWN STEP	2026-05-03T13:38:20.6777730Z hint: call:
Test (Python 3.13)	UNKNOWN STEP	2026-05-03T13:38:20.6778420Z hint:
Test (Python 3.13)	UNKNOWN STEP	2026-05-03T13:38:20.6779252Z hint: 	git config --global init.defaultBranch <name>
Test (Python 3.13)	UNKNOWN STEP	2026-05-03T13:38:20.6780372Z hint:
Test (Python 3.13)	UNKNOWN STEP	2026-05-03T13:38:20.6781365Z hint: Names commonly chosen instead of 'master' are 'main', 'trunk' and
Test (Python 3.13)	UNKNOWN STEP	2026-05-03T13:38:20.6782941Z hint: 'development'. The just-created branch can be renamed via this command:
Test (Python 3.13)	UNKNOWN STEP	2026-05-03T13:38:20.6784611Z hint:
Test (Python 3.13)	UNKNOWN STEP	2026-05-03T13:38:20.6785292Z hint: 	git branch -m <name>
Test (Python 3.13)	UNKNOWN STEP	2026-05-03T13:38:20.6786111Z hint:
Test (Python 3.13)	UNKNOWN STEP	2026-05-03T13:38:20.6787139Z hint: Disable this message with "git config set advice.defaultBranchName false"
Test (Python 3.13)	UNKNOWN STEP	2026-05-03T13:38:20.6789094Z Initialized empty Git repository in /home/runner/work/lino-objects-codec/lino-objects-codec/.git/
Test (Python 3.13)	UNKNOWN STEP	2026-05-03T13:38:20.6792828Z [command]/usr/bin/git remote add origin https://github.com/link-foundation/lino-objects-codec
Test (Python 3.13)	UNKNOWN STEP	2026-05-03T13:38:20.6819866Z ##[endgroup]
Test (Python 3.13)	UNKNOWN STEP	2026-05-03T13:38:20.6820960Z ##[group]Disabling automatic garbage collection
Test (Python 3.13)	UNKNOWN STEP	2026-05-03T13:38:20.6825193Z [command]/usr/bin/git config --local gc.auto 0
Test (Python 3.13)	UNKNOWN STEP	2026-05-03T13:38:20.6857773Z ##[endgroup]
Test (Python 3.13)	UNKNOWN STEP	2026-05-03T13:38:20.6859410Z ##[group]Setting up auth
Test (Python 3.13)	UNKNOWN STEP	2026-05-03T13:38:20.6865283Z [command]/usr/bin/git config --local --name-only --get-regexp core\.sshCommand
Test (Python 3.13)	UNKNOWN STEP	2026-05-03T13:38:20.6899376Z [command]/usr/bin/git submodule foreach --recursive sh -c "git config --local --name-only --get-regexp 'core\.sshCommand' && git config --local --unset-all 'core.sshCommand' || :"
Test (Python 3.13)	UNKNOWN STEP	2026-05-03T13:38:20.7216680Z [command]/usr/bin/git config --local --name-only --get-regexp http\.https\:\/\/github\.com\/\.extraheader
Test (Python 3.13)	UNKNOWN STEP	2026-05-03T13:38:20.7249206Z [command]/usr/bin/git submodule foreach --recursive sh -c "git config --local --name-only --get-regexp 'http\.https\:\/\/github\.com\/\.extraheader' && git config --local --unset-all 'http.https://github.com/.extraheader' || :"
Test (Python 3.13)	UNKNOWN STEP	2026-05-03T13:38:20.7489317Z [command]/usr/bin/git config --local --name-only --get-regexp ^includeIf\.gitdir:
Test (Python 3.13)	UNKNOWN STEP	2026-05-03T13:38:20.7523005Z [command]/usr/bin/git submodule foreach --recursive git config --local --show-origin --name-only --get-regexp remote.origin.url
Test (Python 3.13)	UNKNOWN STEP	2026-05-03T13:38:20.7781603Z [command]/usr/bin/git config --local http.https://github.com/.extraheader AUTHORIZATION: basic ***
Test (Python 3.13)	UNKNOWN STEP	2026-05-03T13:38:20.7820576Z ##[endgroup]
Test (Python 3.13)	UNKNOWN STEP	2026-05-03T13:38:20.7821611Z ##[group]Fetching the repository
Test (Python 3.13)	UNKNOWN STEP	2026-05-03T13:38:20.7831027Z [command]/usr/bin/git -c protocol.version=2 fetch --no-tags --prune --no-recurse-submodules --depth=1 origin +3806da8815dc66a01ed1d6b0a536a2f3035753c6:refs/remotes/origin/main
Test (Python 3.13)	UNKNOWN STEP	2026-05-03T13:38:21.2136068Z From https://github.com/link-foundation/lino-objects-codec
Test (Python 3.13)	UNKNOWN STEP	2026-05-03T13:38:21.2137205Z  * [new ref]         3806da8815dc66a01ed1d6b0a536a2f3035753c6 -> origin/main
Test (Python 3.13)	UNKNOWN STEP	2026-05-03T13:38:21.2167659Z ##[endgroup]
Test (Python 3.13)	UNKNOWN STEP	2026-05-03T13:38:21.2169145Z ##[group]Determining the checkout info
Test (Python 3.13)	UNKNOWN STEP	2026-05-03T13:38:21.2170488Z ##[endgroup]
Test (Python 3.13)	UNKNOWN STEP	2026-05-03T13:38:21.2174665Z [command]/usr/bin/git sparse-checkout disable
Test (Python 3.13)	UNKNOWN STEP	2026-05-03T13:38:21.2215367Z [command]/usr/bin/git config --local --unset-all extensions.worktreeConfig
Test (Python 3.13)	UNKNOWN STEP	2026-05-03T13:38:21.2245139Z ##[group]Checking out the ref
Test (Python 3.13)	UNKNOWN STEP	2026-05-03T13:38:21.2248288Z [command]/usr/bin/git checkout --progress --force -B main refs/remotes/origin/main
Test (Python 3.13)	UNKNOWN STEP	2026-05-03T13:38:21.2394620Z Switched to a new branch 'main'
Test (Python 3.13)	UNKNOWN STEP	2026-05-03T13:38:21.2396914Z branch 'main' set up to track 'origin/main'.
Test (Python 3.13)	UNKNOWN STEP	2026-05-03T13:38:21.2402677Z ##[endgroup]
Test (Python 3.13)	UNKNOWN STEP	2026-05-03T13:38:21.2440694Z [command]/usr/bin/git log -1 --format=%H
Test (Python 3.13)	UNKNOWN STEP	2026-05-03T13:38:21.2464534Z 3806da8815dc66a01ed1d6b0a536a2f3035753c6
Test (Python 3.13)	UNKNOWN STEP	2026-05-03T13:38:21.2784641Z ##[group]Run actions/setup-python@v5
Test (Python 3.13)	UNKNOWN STEP	2026-05-03T13:38:21.2785706Z with:
Test (Python 3.13)	UNKNOWN STEP	2026-05-03T13:38:21.2786427Z   python-version: 3.13
Test (Python 3.13)	UNKNOWN STEP	2026-05-03T13:38:21.2787267Z   check-latest: false
Test (Python 3.13)	UNKNOWN STEP	2026-05-03T13:38:21.2788365Z   token: ***
Test (Python 3.13)	UNKNOWN STEP	2026-05-03T13:38:21.2789130Z   update-environment: true
Test (Python 3.13)	UNKNOWN STEP	2026-05-03T13:38:21.2790049Z   allow-prereleases: false
Test (Python 3.13)	UNKNOWN STEP	2026-05-03T13:38:21.2790953Z   freethreaded: false
Test (Python 3.13)	UNKNOWN STEP	2026-05-03T13:38:21.2791752Z ##[endgroup]
Test (Python 3.13)	UNKNOWN STEP	2026-05-03T13:38:21.4569911Z ##[group]Installed versions
Test (Python 3.13)	UNKNOWN STEP	2026-05-03T13:38:21.4660025Z Successfully set up CPython (3.13.13)
Test (Python 3.13)	UNKNOWN STEP	2026-05-03T13:38:21.4662017Z ##[endgroup]
Test (Python 3.13)	UNKNOWN STEP	2026-05-03T13:38:21.4815146Z ##[group]Run python -m pip install --upgrade pip
Test (Python 3.13)	UNKNOWN STEP	2026-05-03T13:38:21.4816690Z [36;1mpython -m pip install --upgrade pip[0m
Test (Python 3.13)	UNKNOWN STEP	2026-05-03T13:38:21.4817969Z [36;1mpip install -e ".[dev]"[0m
Test (Python 3.13)	UNKNOWN STEP	2026-05-03T13:38:21.4940478Z shell: /usr/bin/bash -e {0}
Test (Python 3.13)	UNKNOWN STEP	2026-05-03T13:38:21.4941537Z env:
Test (Python 3.13)	UNKNOWN STEP	2026-05-03T13:38:21.4942593Z   pythonLocation: /opt/hostedtoolcache/Python/3.13.13/x64
Test (Python 3.13)	UNKNOWN STEP	2026-05-03T13:38:21.4944629Z   PKG_CONFIG_PATH: /opt/hostedtoolcache/Python/3.13.13/x64/lib/pkgconfig
Test (Python 3.13)	UNKNOWN STEP	2026-05-03T13:38:21.4946407Z   Python_ROOT_DIR: /opt/hostedtoolcache/Python/3.13.13/x64
Test (Python 3.13)	UNKNOWN STEP	2026-05-03T13:38:21.4947966Z   Python2_ROOT_DIR: /opt/hostedtoolcache/Python/3.13.13/x64
Test (Python 3.13)	UNKNOWN STEP	2026-05-03T13:38:21.4949526Z   Python3_ROOT_DIR: /opt/hostedtoolcache/Python/3.13.13/x64
Test (Python 3.13)	UNKNOWN STEP	2026-05-03T13:38:21.4951114Z   LD_LIBRARY_PATH: /opt/hostedtoolcache/Python/3.13.13/x64/lib
Test (Python 3.13)	UNKNOWN STEP	2026-05-03T13:38:21.4952442Z ##[endgroup]
Test (Python 3.13)	UNKNOWN STEP	2026-05-03T13:38:23.6500719Z Requirement already satisfied: pip in /opt/hostedtoolcache/Python/3.13.13/x64/lib/python3.13/site-packages (26.0.1)
Test (Python 3.13)	UNKNOWN STEP	2026-05-03T13:38:23.7528381Z Collecting pip
Test (Python 3.13)	UNKNOWN STEP	2026-05-03T13:38:23.8074707Z   Downloading pip-26.1-py3-none-any.whl.metadata (4.6 kB)
Test (Python 3.13)	UNKNOWN STEP	2026-05-03T13:38:23.8161769Z Downloading pip-26.1-py3-none-any.whl (1.8 MB)
Test (Python 3.13)	UNKNOWN STEP	2026-05-03T13:38:23.8567410Z    ━━━━━━━━━━━━━━━━━━━━━━━━━━━━━━━━━━━━━━━━ 1.8/1.8 MB 105.1 MB/s  0:00:00
Test (Python 3.13)	UNKNOWN STEP	2026-05-03T13:38:23.8782799Z Installing collected packages: pip
Test (Python 3.13)	UNKNOWN STEP	2026-05-03T13:38:23.8784015Z   Attempting uninstall: pip
Test (Python 3.13)	UNKNOWN STEP	2026-05-03T13:38:23.8811684Z     Found existing installation: pip 26.0.1
Test (Python 3.13)	UNKNOWN STEP	2026-05-03T13:38:23.9384362Z     Uninstalling pip-26.0.1:
Test (Python 3.13)	UNKNOWN STEP	2026-05-03T13:38:23.9441037Z       Successfully uninstalled pip-26.0.1
Test (Python 3.13)	UNKNOWN STEP	2026-05-03T13:38:24.9176958Z Successfully installed pip-26.1
Test (Python 3.13)	UNKNOWN STEP	2026-05-03T13:38:25.3908785Z Obtaining file:///home/runner/work/lino-objects-codec/lino-objects-codec/python
Test (Python 3.13)	UNKNOWN STEP	2026-05-03T13:38:25.3927787Z   Installing build dependencies: started
Test (Python 3.13)	UNKNOWN STEP	2026-05-03T13:38:26.2318163Z   Installing build dependencies: finished with status 'done'
Test (Python 3.13)	UNKNOWN STEP	2026-05-03T13:38:26.2327619Z   Checking if build backend supports build_editable: started
Test (Python 3.13)	UNKNOWN STEP	2026-05-03T13:38:26.6208881Z   Checking if build backend supports build_editable: finished with status 'done'
Test (Python 3.13)	UNKNOWN STEP	2026-05-03T13:38:26.6217305Z   Getting requirements to build editable: started
Test (Python 3.13)	UNKNOWN STEP	2026-05-03T13:38:26.9757582Z   Getting requirements to build editable: finished with status 'done'
Test (Python 3.13)	UNKNOWN STEP	2026-05-03T13:38:26.9766605Z   Preparing editable metadata (pyproject.toml): started
Test (Python 3.13)	UNKNOWN STEP	2026-05-03T13:38:27.1808776Z   Preparing editable metadata (pyproject.toml): finished with status 'done'
Test (Python 3.13)	UNKNOWN STEP	2026-05-03T13:38:27.2509643Z Collecting links-notation<0.12.0,>=0.11.0 (from lino-objects-codec==0.2.0)
Test (Python 3.13)	UNKNOWN STEP	2026-05-03T13:38:27.3034709Z   Downloading links_notation-0.11.2-py3-none-any.whl.metadata (4.0 kB)
Test (Python 3.13)	UNKNOWN STEP	2026-05-03T13:38:27.3387487Z Collecting pytest>=7.0 (from lino-objects-codec==0.2.0)
Test (Python 3.13)	UNKNOWN STEP	2026-05-03T13:38:27.3423023Z   Downloading pytest-9.0.3-py3-none-any.whl.metadata (7.6 kB)
Test (Python 3.13)	UNKNOWN STEP	2026-05-03T13:38:27.3567201Z Collecting pytest-cov>=4.0 (from lino-objects-codec==0.2.0)
Test (Python 3.13)	UNKNOWN STEP	2026-05-03T13:38:27.3598382Z   Downloading pytest_cov-7.1.0-py3-none-any.whl.metadata (32 kB)
Test (Python 3.13)	UNKNOWN STEP	2026-05-03T13:38:27.6552108Z Collecting ruff>=0.1.0 (from lino-objects-codec==0.2.0)
Test (Python 3.13)	UNKNOWN STEP	2026-05-03T13:38:27.6586589Z   Downloading ruff-0.15.12-py3-none-manylinux_2_17_x86_64.manylinux2014_x86_64.whl.metadata (26 kB)
Test (Python 3.13)	UNKNOWN STEP	2026-05-03T13:38:27.7464762Z Collecting mypy>=1.0 (from lino-objects-codec==0.2.0)
Test (Python 3.13)	UNKNOWN STEP	2026-05-03T13:38:27.7500531Z   Downloading mypy-1.20.2-cp313-cp313-manylinux2014_x86_64.manylinux_2_17_x86_64.manylinux_2_28_x86_64.whl.metadata (2.4 kB)
Test (Python 3.13)	UNKNOWN STEP	2026-05-03T13:38:27.7648255Z Collecting scriv>=1.7.0 (from scriv[toml]>=1.7.0; extra == "dev"->lino-objects-codec==0.2.0)
Test (Python 3.13)	UNKNOWN STEP	2026-05-03T13:38:27.7692744Z   Downloading scriv-1.8.0-py3-none-any.whl.metadata (26 kB)
Test (Python 3.13)	UNKNOWN STEP	2026-05-03T13:38:27.7966460Z Collecting typing_extensions>=4.6.0 (from mypy>=1.0->lino-objects-codec==0.2.0)
Test (Python 3.13)	UNKNOWN STEP	2026-05-03T13:38:27.8001134Z   Downloading typing_extensions-4.15.0-py3-none-any.whl.metadata (3.3 kB)
Test (Python 3.13)	UNKNOWN STEP	2026-05-03T13:38:27.8137064Z Collecting mypy_extensions>=1.0.0 (from mypy>=1.0->lino-objects-codec==0.2.0)
Test (Python 3.13)	UNKNOWN STEP	2026-05-03T13:38:27.8167865Z   Downloading mypy_extensions-1.1.0-py3-none-any.whl.metadata (1.1 kB)
Test (Python 3.13)	UNKNOWN STEP	2026-05-03T13:38:27.8280519Z Collecting pathspec>=1.0.0 (from mypy>=1.0->lino-objects-codec==0.2.0)
Test (Python 3.13)	UNKNOWN STEP	2026-05-03T13:38:27.8312078Z   Downloading pathspec-1.1.1-py3-none-any.whl.metadata (14 kB)
Test (Python 3.13)	UNKNOWN STEP	2026-05-03T13:38:27.9166882Z Collecting librt>=0.8.0 (from mypy>=1.0->lino-objects-codec==0.2.0)
Test (Python 3.13)	UNKNOWN STEP	2026-05-03T13:38:27.9208481Z   Downloading librt-0.9.0-cp313-cp313-manylinux2014_x86_64.manylinux_2_17_x86_64.manylinux_2_28_x86_64.whl.metadata (1.3 kB)
Test (Python 3.13)	UNKNOWN STEP	2026-05-03T13:38:27.9338104Z Collecting iniconfig>=1.0.1 (from pytest>=7.0->lino-objects-codec==0.2.0)
Test (Python 3.13)	UNKNOWN STEP	2026-05-03T13:38:27.9369814Z   Downloading iniconfig-2.3.0-py3-none-any.whl.metadata (2.5 kB)
Test (Python 3.13)	UNKNOWN STEP	2026-05-03T13:38:27.9499579Z Collecting packaging>=22 (from pytest>=7.0->lino-objects-codec==0.2.0)
Test (Python 3.13)	UNKNOWN STEP	2026-05-03T13:38:27.9510875Z   Using cached packaging-26.2-py3-none-any.whl.metadata (3.5 kB)
Test (Python 3.13)	UNKNOWN STEP	2026-05-03T13:38:27.9602014Z Collecting pluggy<2,>=1.5 (from pytest>=7.0->lino-objects-codec==0.2.0)
Test (Python 3.13)	UNKNOWN STEP	2026-05-03T13:38:27.9634870Z   Downloading pluggy-1.6.0-py3-none-any.whl.metadata (4.8 kB)
Test (Python 3.13)	UNKNOWN STEP	2026-05-03T13:38:27.9799990Z Collecting pygments>=2.7.2 (from pytest>=7.0->lino-objects-codec==0.2.0)
Test (Python 3.13)	UNKNOWN STEP	2026-05-03T13:38:27.9830385Z   Downloading pygments-2.20.0-py3-none-any.whl.metadata (2.5 kB)
Test (Python 3.13)	UNKNOWN STEP	2026-05-03T13:38:28.2916485Z Collecting coverage>=7.10.6 (from coverage[toml]>=7.10.6->pytest-cov>=4.0->lino-objects-codec==0.2.0)
Test (Python 3.13)	UNKNOWN STEP	2026-05-03T13:38:28.2959425Z   Downloading coverage-7.13.5-cp313-cp313-manylinux1_x86_64.manylinux_2_28_x86_64.manylinux_2_5_x86_64.whl.metadata (8.5 kB)
Test (Python 3.13)	UNKNOWN STEP	2026-05-03T13:38:28.3128309Z Collecting attrs (from scriv>=1.7.0->scriv[toml]>=1.7.0; extra == "dev"->lino-objects-codec==0.2.0)
Test (Python 3.13)	UNKNOWN STEP	2026-05-03T13:38:28.3161702Z   Downloading attrs-26.1.0-py3-none-any.whl.metadata (8.8 kB)
Test (Python 3.13)	UNKNOWN STEP	2026-05-03T13:38:28.3325989Z Collecting click (from scriv>=1.7.0->scriv[toml]>=1.7.0; extra == "dev"->lino-objects-codec==0.2.0)
Test (Python 3.13)	UNKNOWN STEP	2026-05-03T13:38:28.3360332Z   Downloading click-8.3.3-py3-none-any.whl.metadata (2.6 kB)
Test (Python 3.13)	UNKNOWN STEP	2026-05-03T13:38:28.3493202Z Collecting click-log (from scriv>=1.7.0->scriv[toml]>=1.7.0; extra == "dev"->lino-objects-codec==0.2.0)
Test (Python 3.13)	UNKNOWN STEP	2026-05-03T13:38:28.3536357Z   Downloading click_log-0.4.0-py2.py3-none-any.whl.metadata (1.2 kB)
Test (Python 3.13)	UNKNOWN STEP	2026-05-03T13:38:28.3669606Z Collecting jinja2>=2.7 (from scriv>=1.7.0->scriv[toml]>=1.7.0; extra == "dev"->lino-objects-codec==0.2.0)
Test (Python 3.13)	UNKNOWN STEP	2026-05-03T13:38:28.3701361Z   Downloading jinja2-3.1.6-py3-none-any.whl.metadata (2.9 kB)
Test (Python 3.13)	UNKNOWN STEP	2026-05-03T13:38:28.3833866Z Collecting markdown-it-py (from scriv>=1.7.0->scriv[toml]>=1.7.0; extra == "dev"->lino-objects-codec==0.2.0)
Test (Python 3.13)	UNKNOWN STEP	2026-05-03T13:38:28.3868404Z   Downloading markdown_it_py-4.0.0-py3-none-any.whl.metadata (7.3 kB)
Test (Python 3.13)	UNKNOWN STEP	2026-05-03T13:38:28.4095578Z Collecting requests (from scriv>=1.7.0->scriv[toml]>=1.7.0; extra == "dev"->lino-objects-codec==0.2.0)
Test (Python 3.13)	UNKNOWN STEP	2026-05-03T13:38:28.4124999Z   Downloading requests-2.33.1-py3-none-any.whl.metadata (4.8 kB)
Test (Python 3.13)	UNKNOWN STEP	2026-05-03T13:38:28.4618589Z Collecting MarkupSafe>=2.0 (from jinja2>=2.7->scriv>=1.7.0->scriv[toml]>=1.7.0; extra == "dev"->lino-objects-codec==0.2.0)
Test (Python 3.13)	UNKNOWN STEP	2026-05-03T13:38:28.4652629Z   Downloading markupsafe-3.0.3-cp313-cp313-manylinux2014_x86_64.manylinux_2_17_x86_64.manylinux_2_28_x86_64.whl.metadata (2.7 kB)
Test (Python 3.13)	UNKNOWN STEP	2026-05-03T13:38:28.4778683Z Collecting mdurl~=0.1 (from markdown-it-py->scriv>=1.7.0->scriv[toml]>=1.7.0; extra == "dev"->lino-objects-codec==0.2.0)
Test (Python 3.13)	UNKNOWN STEP	2026-05-03T13:38:28.4807972Z   Downloading mdurl-0.1.2-py3-none-any.whl.metadata (1.6 kB)
Test (Python 3.13)	UNKNOWN STEP	2026-05-03T13:38:28.5619744Z Collecting charset_normalizer<4,>=2 (from requests->scriv>=1.7.0->scriv[toml]>=1.7.0; extra == "dev"->lino-objects-codec==0.2.0)
Test (Python 3.13)	UNKNOWN STEP	2026-05-03T13:38:28.5662160Z   Downloading charset_normalizer-3.4.7-cp313-cp313-manylinux2014_x86_64.manylinux_2_17_x86_64.manylinux_2_28_x86_64.whl.metadata (40 kB)
Test (Python 3.13)	UNKNOWN STEP	2026-05-03T13:38:28.5807826Z Collecting idna<4,>=2.5 (from requests->scriv>=1.7.0->scriv[toml]>=1.7.0; extra == "dev"->lino-objects-codec==0.2.0)
Test (Python 3.13)	UNKNOWN STEP	2026-05-03T13:38:28.5839080Z   Downloading idna-3.13-py3-none-any.whl.metadata (8.0 kB)
Test (Python 3.13)	UNKNOWN STEP	2026-05-03T13:38:28.6039740Z Collecting urllib3<3,>=1.26 (from requests->scriv>=1.7.0->scriv[toml]>=1.7.0; extra == "dev"->lino-objects-codec==0.2.0)
Test (Python 3.13)	UNKNOWN STEP	2026-05-03T13:38:28.6071003Z   Downloading urllib3-2.6.3-py3-none-any.whl.metadata (6.9 kB)
Test (Python 3.13)	UNKNOWN STEP	2026-05-03T13:38:28.6230353Z Collecting certifi>=2023.5.7 (from requests->scriv>=1.7.0->scriv[toml]>=1.7.0; extra == "dev"->lino-objects-codec==0.2.0)
Test (Python 3.13)	UNKNOWN STEP	2026-05-03T13:38:28.6261558Z   Downloading certifi-2026.4.22-py3-none-any.whl.metadata (2.5 kB)
Test (Python 3.13)	UNKNOWN STEP	2026-05-03T13:38:28.6363737Z Downloading links_notation-0.11.2-py3-none-any.whl (8.2 kB)
Test (Python 3.13)	UNKNOWN STEP	2026-05-03T13:38:28.6411296Z Downloading mypy-1.20.2-cp313-cp313-manylinux2014_x86_64.manylinux_2_17_x86_64.manylinux_2_28_x86_64.whl (14.7 MB)
Test (Python 3.13)	UNKNOWN STEP	2026-05-03T13:38:28.7013652Z    ━━━━━━━━━━━━━━━━━━━━━━━━━━━━━━━━━━━━━━━━ 14.7/14.7 MB 278.8 MB/s  0:00:00
Test (Python 3.13)	UNKNOWN STEP	2026-05-03T13:38:28.7048221Z Downloading librt-0.9.0-cp313-cp313-manylinux2014_x86_64.manylinux_2_17_x86_64.manylinux_2_28_x86_64.whl (230 kB)
Test (Python 3.13)	UNKNOWN STEP	2026-05-03T13:38:28.7109252Z Downloading mypy_extensions-1.1.0-py3-none-any.whl (5.0 kB)
Test (Python 3.13)	UNKNOWN STEP	2026-05-03T13:38:28.7155205Z Downloading pathspec-1.1.1-py3-none-any.whl (57 kB)
Test (Python 3.13)	UNKNOWN STEP	2026-05-03T13:38:28.7206028Z Downloading pytest-9.0.3-py3-none-any.whl (375 kB)
Test (Python 3.13)	UNKNOWN STEP	2026-05-03T13:38:28.7269755Z Downloading pluggy-1.6.0-py3-none-any.whl (20 kB)
Test (Python 3.13)	UNKNOWN STEP	2026-05-03T13:38:28.7317312Z Downloading iniconfig-2.3.0-py3-none-any.whl (7.5 kB)
Test (Python 3.13)	UNKNOWN STEP	2026-05-03T13:38:28.7345790Z Using cached packaging-26.2-py3-none-any.whl (100 kB)
Test (Python 3.13)	UNKNOWN STEP	2026-05-03T13:38:28.7380069Z Downloading pygments-2.20.0-py3-none-any.whl (1.2 MB)
Test (Python 3.13)	UNKNOWN STEP	2026-05-03T13:38:28.7448292Z    ━━━━━━━━━━━━━━━━━━━━━━━━━━━━━━━━━━━━━━━━ 1.2/1.2 MB 223.8 MB/s  0:00:00
Test (Python 3.13)	UNKNOWN STEP	2026-05-03T13:38:28.7479198Z Downloading pytest_cov-7.1.0-py3-none-any.whl (22 kB)
Test (Python 3.13)	UNKNOWN STEP	2026-05-03T13:38:28.7528207Z Downloading coverage-7.13.5-cp313-cp313-manylinux1_x86_64.manylinux_2_28_x86_64.manylinux_2_5_x86_64.whl (253 kB)
Test (Python 3.13)	UNKNOWN STEP	2026-05-03T13:38:28.7581935Z Downloading ruff-0.15.12-py3-none-manylinux_2_17_x86_64.manylinux2014_x86_64.whl (11.3 MB)
Test (Python 3.13)	UNKNOWN STEP	2026-05-03T13:38:28.7944531Z    ━━━━━━━━━━━━━━━━━━━━━━━━━━━━━━━━━━━━━━━━ 11.3/11.3 MB 327.5 MB/s  0:00:00
Test (Python 3.13)	UNKNOWN STEP	2026-05-03T13:38:28.7987919Z Downloading scriv-1.8.0-py3-none-any.whl (39 kB)
Test (Python 3.13)	UNKNOWN STEP	2026-05-03T13:38:28.8044109Z Downloading jinja2-3.1.6-py3-none-any.whl (134 kB)
Test (Python 3.13)	UNKNOWN STEP	2026-05-03T13:38:28.8097802Z Downloading markupsafe-3.0.3-cp313-cp313-manylinux2014_x86_64.manylinux_2_17_x86_64.manylinux_2_28_x86_64.whl (22 kB)
Test (Python 3.13)	UNKNOWN STEP	2026-05-03T13:38:28.8144193Z Downloading typing_extensions-4.15.0-py3-none-any.whl (44 kB)
Test (Python 3.13)	UNKNOWN STEP	2026-05-03T13:38:28.8190828Z Downloading attrs-26.1.0-py3-none-any.whl (67 kB)
Test (Python 3.13)	UNKNOWN STEP	2026-05-03T13:38:28.8241492Z Downloading click-8.3.3-py3-none-any.whl (110 kB)
Test (Python 3.13)	UNKNOWN STEP	2026-05-03T13:38:28.8290965Z Downloading click_log-0.4.0-py2.py3-none-any.whl (4.3 kB)
Test (Python 3.13)	UNKNOWN STEP	2026-05-03T13:38:28.8340375Z Downloading markdown_it_py-4.0.0-py3-none-any.whl (87 kB)
Test (Python 3.13)	UNKNOWN STEP	2026-05-03T13:38:28.8390567Z Downloading mdurl-0.1.2-py3-none-any.whl (10.0 kB)
Test (Python 3.13)	UNKNOWN STEP	2026-05-03T13:38:28.8437348Z Downloading requests-2.33.1-py3-none-any.whl (64 kB)
Test (Python 3.13)	UNKNOWN STEP	2026-05-03T13:38:28.8490057Z Downloading charset_normalizer-3.4.7-cp313-cp313-manylinux2014_x86_64.manylinux_2_17_x86_64.manylinux_2_28_x86_64.whl (215 kB)
Test (Python 3.13)	UNKNOWN STEP	2026-05-03T13:38:28.8542858Z Downloading idna-3.13-py3-none-any.whl (68 kB)
Test (Python 3.13)	UNKNOWN STEP	2026-05-03T13:38:28.8590987Z Downloading urllib3-2.6.3-py3-none-any.whl (131 kB)
Test (Python 3.13)	UNKNOWN STEP	2026-05-03T13:38:28.8641577Z Downloading certifi-2026.4.22-py3-none-any.whl (135 kB)
Test (Python 3.13)	UNKNOWN STEP	2026-05-03T13:38:28.9176334Z Building wheels for collected packages: lino-objects-codec
Test (Python 3.13)	UNKNOWN STEP	2026-05-03T13:38:28.9185510Z   Building editable for lino-objects-codec (pyproject.toml): started
Test (Python 3.13)	UNKNOWN STEP	2026-05-03T13:38:29.1299180Z   Building editable for lino-objects-codec (pyproject.toml): finished with status 'done'
Test (Python 3.13)	UNKNOWN STEP	2026-05-03T13:38:29.1305499Z   Created wheel for lino-objects-codec: filename=lino_objects_codec-0.2.0-0.editable-py3-none-any.whl size=4524 sha256=709a66965a080ec64fcb71f8bbf1898981f995af810c0022e75cbefbef640a30
Test (Python 3.13)	UNKNOWN STEP	2026-05-03T13:38:29.1307585Z   Stored in directory: /tmp/pip-ephem-wheel-cache-640552ou/wheels/93/2b/bb/ea4555c8a45a876054958fa7c004cb6e11962bbfce5149b0f0
Test (Python 3.13)	UNKNOWN STEP	2026-05-03T13:38:29.1328516Z Successfully built lino-objects-codec
Test (Python 3.13)	UNKNOWN STEP	2026-05-03T13:38:29.1814813Z Installing collected packages: urllib3, typing_extensions, ruff, pygments, pluggy, pathspec, packaging, mypy_extensions, mdurl, MarkupSafe, links-notation, librt, iniconfig, idna, coverage, click, charset_normalizer, certifi, attrs, requests, pytest, mypy, markdown-it-py, lino-objects-codec, jinja2, click-log, scriv, pytest-cov
Test (Python 3.13)	UNKNOWN STEP	2026-05-03T13:38:33.5366250Z 
Test (Python 3.13)	UNKNOWN STEP	2026-05-03T13:38:33.5399093Z Successfully installed MarkupSafe-3.0.3 attrs-26.1.0 certifi-2026.4.22 charset_normalizer-3.4.7 click-8.3.3 click-log-0.4.0 coverage-7.13.5 idna-3.13 iniconfig-2.3.0 jinja2-3.1.6 librt-0.9.0 links-notation-0.11.2 lino-objects-codec-0.2.0 markdown-it-py-4.0.0 mdurl-0.1.2 mypy-1.20.2 mypy_extensions-1.1.0 packaging-26.2 pathspec-1.1.1 pluggy-1.6.0 pygments-2.20.0 pytest-9.0.3 pytest-cov-7.1.0 requests-2.33.1 ruff-0.15.12 scriv-1.8.0 typing_extensions-4.15.0 urllib3-2.6.3
Test (Python 3.13)	UNKNOWN STEP	2026-05-03T13:38:33.6851494Z ##[group]Run pytest tests/ -v --cov=src --cov-report=xml --cov-report=term
Test (Python 3.13)	UNKNOWN STEP	2026-05-03T13:38:33.6852050Z [36;1mpytest tests/ -v --cov=src --cov-report=xml --cov-report=term[0m
Test (Python 3.13)	UNKNOWN STEP	2026-05-03T13:38:33.6876537Z shell: /usr/bin/bash -e {0}
Test (Python 3.13)	UNKNOWN STEP	2026-05-03T13:38:33.6876767Z env:
Test (Python 3.13)	UNKNOWN STEP	2026-05-03T13:38:33.6877011Z   pythonLocation: /opt/hostedtoolcache/Python/3.13.13/x64
Test (Python 3.13)	UNKNOWN STEP	2026-05-03T13:38:33.6877420Z   PKG_CONFIG_PATH: /opt/hostedtoolcache/Python/3.13.13/x64/lib/pkgconfig
Test (Python 3.13)	UNKNOWN STEP	2026-05-03T13:38:33.6877806Z   Python_ROOT_DIR: /opt/hostedtoolcache/Python/3.13.13/x64
Test (Python 3.13)	UNKNOWN STEP	2026-05-03T13:38:33.6878166Z   Python2_ROOT_DIR: /opt/hostedtoolcache/Python/3.13.13/x64
Test (Python 3.13)	UNKNOWN STEP	2026-05-03T13:38:33.6878520Z   Python3_ROOT_DIR: /opt/hostedtoolcache/Python/3.13.13/x64
Test (Python 3.13)	UNKNOWN STEP	2026-05-03T13:38:33.6878865Z   LD_LIBRARY_PATH: /opt/hostedtoolcache/Python/3.13.13/x64/lib
Test (Python 3.13)	UNKNOWN STEP	2026-05-03T13:38:33.6879167Z ##[endgroup]
Test (Python 3.13)	UNKNOWN STEP	2026-05-03T13:38:34.4787744Z ============================= test session starts ==============================
Test (Python 3.13)	UNKNOWN STEP	2026-05-03T13:38:34.4788672Z platform linux -- Python 3.13.13, pytest-9.0.3, pluggy-1.6.0 -- /opt/hostedtoolcache/Python/3.13.13/x64/bin/python
Test (Python 3.13)	UNKNOWN STEP	2026-05-03T13:38:34.4789162Z cachedir: .pytest_cache
Test (Python 3.13)	UNKNOWN STEP	2026-05-03T13:38:34.4789490Z rootdir: /home/runner/work/lino-objects-codec/lino-objects-codec/python
Test (Python 3.13)	UNKNOWN STEP	2026-05-03T13:38:34.4789855Z configfile: pyproject.toml
Test (Python 3.13)	UNKNOWN STEP	2026-05-03T13:38:34.4790078Z plugins: cov-7.1.0
Test (Python 3.13)	UNKNOWN STEP	2026-05-03T13:38:34.6850322Z collecting ... collected 73 items
Test (Python 3.13)	UNKNOWN STEP	2026-05-03T13:38:34.6850651Z 
Test (Python 3.13)	UNKNOWN STEP	2026-05-03T13:38:34.6877129Z tests/test_basic_types.py::TestNoneType::test_encode_none PASSED         [  1%]
Test (Python 3.13)	UNKNOWN STEP	2026-05-03T13:38:34.6890807Z tests/test_basic_types.py::TestNoneType::test_decode_none PASSED         [  2%]
Test (Python 3.13)	UNKNOWN STEP	2026-05-03T13:38:34.6902551Z tests/test_basic_types.py::TestNoneType::test_roundtrip_none PASSED      [  4%]
Test (Python 3.13)	UNKNOWN STEP	2026-05-03T13:38:34.6913866Z tests/test_basic_types.py::TestBooleans::test_encode_true PASSED         [  5%]
Test (Python 3.13)	UNKNOWN STEP	2026-05-03T13:38:34.6925360Z tests/test_basic_types.py::TestBooleans::test_encode_false PASSED        [  6%]
Test (Python 3.13)	UNKNOWN STEP	2026-05-03T13:38:34.6937193Z tests/test_basic_types.py::TestBooleans::test_decode_true PASSED         [  8%]
Test (Python 3.13)	UNKNOWN STEP	2026-05-03T13:38:34.6948851Z tests/test_basic_types.py::TestBooleans::test_decode_false PASSED        [  9%]
Test (Python 3.13)	UNKNOWN STEP	2026-05-03T13:38:34.6961134Z tests/test_basic_types.py::TestBooleans::test_roundtrip_bool PASSED      [ 10%]
Test (Python 3.13)	UNKNOWN STEP	2026-05-03T13:38:34.6972479Z tests/test_basic_types.py::TestIntegers::test_encode_zero PASSED         [ 12%]
Test (Python 3.13)	UNKNOWN STEP	2026-05-03T13:38:34.6983709Z tests/test_basic_types.py::TestIntegers::test_encode_positive_int PASSED [ 13%]
Test (Python 3.13)	UNKNOWN STEP	2026-05-03T13:38:34.6994772Z tests/test_basic_types.py::TestIntegers::test_encode_negative_int PASSED [ 15%]
Test (Python 3.13)	UNKNOWN STEP	2026-05-03T13:38:34.7007674Z tests/test_basic_types.py::TestIntegers::test_decode_int PASSED          [ 16%]
Test (Python 3.13)	UNKNOWN STEP	2026-05-03T13:38:34.7022225Z tests/test_basic_types.py::TestIntegers::test_roundtrip_int PASSED       [ 17%]
Test (Python 3.13)	UNKNOWN STEP	2026-05-03T13:38:34.7034075Z tests/test_basic_types.py::TestFloats::test_encode_float PASSED          [ 19%]
Test (Python 3.13)	UNKNOWN STEP	2026-05-03T13:38:34.7049825Z tests/test_basic_types.py::TestFloats::test_decode_float PASSED          [ 20%]
Test (Python 3.13)	UNKNOWN STEP	2026-05-03T13:38:34.7065404Z tests/test_basic_types.py::TestFloats::test_roundtrip_float PASSED       [ 21%]
Test (Python 3.13)	UNKNOWN STEP	2026-05-03T13:38:34.7078277Z tests/test_basic_types.py::TestFloats::test_float_special_values PASSED  [ 23%]
Test (Python 3.13)	UNKNOWN STEP	2026-05-03T13:38:34.7090699Z tests/test_basic_types.py::TestStrings::test_encode_empty_string PASSED  [ 24%]
Test (Python 3.13)	UNKNOWN STEP	2026-05-03T13:38:34.7101921Z tests/test_basic_types.py::TestStrings::test_encode_simple_string PASSED [ 26%]
Test (Python 3.13)	UNKNOWN STEP	2026-05-03T13:38:34.7114781Z tests/test_basic_types.py::TestStrings::test_decode_string PASSED        [ 27%]
Test (Python 3.13)	UNKNOWN STEP	2026-05-03T13:38:34.7130147Z tests/test_basic_types.py::TestStrings::test_roundtrip_string PASSED     [ 28%]
Test (Python 3.13)	UNKNOWN STEP	2026-05-03T13:38:34.7144452Z tests/test_basic_types.py::TestStrings::test_string_with_quotes PASSED   [ 30%]
Test (Python 3.13)	UNKNOWN STEP	2026-05-03T13:38:34.7156837Z tests/test_circular_references.py::TestCircularReferences::test_self_referencing_list PASSED [ 31%]
Test (Python 3.13)	UNKNOWN STEP	2026-05-03T13:38:34.7170065Z tests/test_circular_references.py::TestCircularReferences::test_self_referencing_dict PASSED [ 32%]
Test (Python 3.13)	UNKNOWN STEP	2026-05-03T13:38:34.7189249Z tests/test_circular_references.py::TestCircularReferences::test_mutual_reference_lists PASSED [ 34%]
Test (Python 3.13)	UNKNOWN STEP	2026-05-03T13:38:34.7205609Z tests/test_circular_references.py::TestCircularReferences::test_mutual_reference_dicts PASSED [ 35%]
Test (Python 3.13)	UNKNOWN STEP	2026-05-03T13:38:34.7224803Z tests/test_circular_references.py::TestCircularReferences::test_complex_circular_structure PASSED [ 36%]
Test (Python 3.13)	UNKNOWN STEP	2026-05-03T13:38:34.7239041Z tests/test_circular_references.py::TestCircularReferences::test_list_with_multiple_references_to_same_object PASSED [ 38%]
Test (Python 3.13)	UNKNOWN STEP	2026-05-03T13:38:34.7254722Z tests/test_circular_references.py::TestCircularReferences::test_dict_with_multiple_references_to_same_object PASSED [ 39%]
Test (Python 3.13)	UNKNOWN STEP	2026-05-03T13:38:34.7286173Z tests/test_circular_references.py::TestCircularReferences::test_deeply_nested_circular_reference PASSED [ 41%]
Test (Python 3.13)	UNKNOWN STEP	2026-05-03T13:38:34.7306344Z tests/test_circular_references.py::TestCircularReferences::test_encoded_format_uses_builtin_references_not_ref_marker PASSED [ 42%]
Test (Python 3.13)	UNKNOWN STEP	2026-05-03T13:38:34.7335942Z tests/test_circular_references.py::TestCircularReferences::test_decoder_rejects_legacy_ref_marker PASSED [ 43%]
Test (Python 3.13)	UNKNOWN STEP	2026-05-03T13:38:34.7349186Z tests/test_collections.py::TestLists::test_encode_empty_list PASSED      [ 45%]
Test (Python 3.13)	UNKNOWN STEP	2026-05-03T13:38:34.7361410Z tests/test_collections.py::TestLists::test_encode_simple_list PASSED     [ 46%]
Test (Python 3.13)	UNKNOWN STEP	2026-05-03T13:38:34.7373276Z tests/test_collections.py::TestLists::test_decode_empty_list PASSED      [ 47%]
Test (Python 3.13)	UNKNOWN STEP	2026-05-03T13:38:34.7386305Z tests/test_collections.py::TestLists::test_decode_simple_list PASSED     [ 49%]
Test (Python 3.13)	UNKNOWN STEP	2026-05-03T13:38:34.7406074Z tests/test_collections.py::TestLists::test_roundtrip_list PASSED         [ 50%]
Test (Python 3.13)	UNKNOWN STEP	2026-05-03T13:38:34.7429705Z tests/test_collections.py::TestLists::test_nested_lists PASSED           [ 52%]
Test (Python 3.13)	UNKNOWN STEP	2026-05-03T13:38:34.7440968Z tests/test_collections.py::TestDicts::test_encode_empty_dict PASSED      [ 53%]
Test (Python 3.13)	UNKNOWN STEP	2026-05-03T13:38:34.7453019Z tests/test_collections.py::TestDicts::test_encode_simple_dict PASSED     [ 54%]
Test (Python 3.13)	UNKNOWN STEP	2026-05-03T13:38:34.7464937Z tests/test_collections.py::TestDicts::test_decode_empty_dict PASSED      [ 56%]
Test (Python 3.13)	UNKNOWN STEP	2026-05-03T13:38:34.7478242Z tests/test_collections.py::TestDicts::test_decode_simple_dict PASSED     [ 57%]
Test (Python 3.13)	UNKNOWN STEP	2026-05-03T13:38:34.7503714Z tests/test_collections.py::TestDicts::test_roundtrip_dict PASSED         [ 58%]
Test (Python 3.13)	UNKNOWN STEP	2026-05-03T13:38:34.7529094Z tests/test_collections.py::TestDicts::test_nested_dicts PASSED           [ 60%]
Test (Python 3.13)	UNKNOWN STEP	2026-05-03T13:38:34.7546792Z tests/test_collections.py::TestDicts::test_dict_with_various_key_types PASSED [ 61%]
Test (Python 3.13)	UNKNOWN STEP	2026-05-03T13:38:34.7563821Z tests/test_collections.py::TestComplexStructures::test_list_of_dicts PASSED [ 63%]
Test (Python 3.13)	UNKNOWN STEP	2026-05-03T13:38:34.7582697Z tests/test_collections.py::TestComplexStructures::test_dict_of_lists PASSED [ 64%]
Test (Python 3.13)	UNKNOWN STEP	2026-05-03T13:38:34.7625666Z tests/test_collections.py::TestComplexStructures::test_deeply_nested_structure PASSED [ 65%]
Test (Python 3.13)	UNKNOWN STEP	2026-05-03T13:38:34.7657410Z tests/test_collections.py::TestComplexStructures::test_json_like_object PASSED [ 67%]
Test (Python 3.13)	UNKNOWN STEP	2026-05-03T13:38:34.7674048Z tests/test_format.py::TestEscapeReference::test_simple_string PASSED     [ 68%]
Test (Python 3.13)	UNKNOWN STEP	2026-05-03T13:38:34.7685402Z tests/test_format.py::TestEscapeReference::test_numbers PASSED           [ 69%]
Test (Python 3.13)	UNKNOWN STEP	2026-05-03T13:38:34.7696310Z tests/test_format.py::TestEscapeReference::test_booleans PASSED          [ 71%]
Test (Python 3.13)	UNKNOWN STEP	2026-05-03T13:38:34.7707380Z tests/test_format.py::TestEscapeReference::test_string_with_spaces PASSED [ 72%]
Test (Python 3.13)	UNKNOWN STEP	2026-05-03T13:38:34.7718340Z tests/test_format.py::TestEscapeReference::test_string_with_single_quotes PASSED [ 73%]
Test (Python 3.13)	UNKNOWN STEP	2026-05-03T13:38:34.7729067Z tests/test_format.py::TestEscapeReference::test_string_with_double_quotes PASSED [ 75%]
Test (Python 3.13)	UNKNOWN STEP	2026-05-03T13:38:34.7739931Z tests/test_format.py::TestEscapeReference::test_string_with_both_quotes PASSED [ 76%]
Test (Python 3.13)	UNKNOWN STEP	2026-05-03T13:38:34.7752713Z tests/test_format.py::TestUnescapeReference::test_simple_string PASSED   [ 78%]
Test (Python 3.13)	UNKNOWN STEP	2026-05-03T13:38:34.7764167Z tests/test_format.py::TestUnescapeReference::test_doubled_double_quotes PASSED [ 79%]
Test (Python 3.13)	UNKNOWN STEP	2026-05-03T13:38:34.7775916Z tests/test_format.py::TestUnescapeReference::test_doubled_single_quotes PASSED [ 80%]
Test (Python 3.13)	UNKNOWN STEP	2026-05-03T13:38:34.7786832Z tests/test_format.py::TestUnescapeReference::test_none PASSED            [ 82%]
Test (Python 3.13)	UNKNOWN STEP	2026-05-03T13:38:34.7798596Z tests/test_format.py::TestFormatIndented::test_basic_object PASSED       [ 83%]
Test (Python 3.13)	UNKNOWN STEP	2026-05-03T13:38:34.7810248Z tests/test_format.py::TestFormatIndented::test_custom_indentation PASSED [ 84%]
Test (Python 3.13)	UNKNOWN STEP	2026-05-03T13:38:34.7822041Z tests/test_format.py::TestFormatIndented::test_value_with_double_quotes PASSED [ 86%]
Test (Python 3.13)	UNKNOWN STEP	2026-05-03T13:38:34.7833571Z tests/test_format.py::TestFormatIndented::test_key_with_space PASSED     [ 87%]
Test (Python 3.13)	UNKNOWN STEP	2026-05-03T13:38:34.7844849Z tests/test_format.py::TestFormatIndented::test_null_value PASSED         [ 89%]
Test (Python 3.13)	UNKNOWN STEP	2026-05-03T13:38:34.7858298Z tests/test_format.py::TestFormatIndented::test_requires_id PASSED        [ 90%]
Test (Python 3.13)	UNKNOWN STEP	2026-05-03T13:38:34.7871336Z tests/test_format.py::TestFormatIndented::test_requires_dict PASSED      [ 91%]
Test (Python 3.13)	UNKNOWN STEP	2026-05-03T13:38:34.7884559Z tests/test_format.py::TestParseIndented::test_basic_object PASSED        [ 93%]
Test (Python 3.13)	UNKNOWN STEP	2026-05-03T13:38:34.7896530Z tests/test_format.py::TestParseIndented::test_value_with_quotes PASSED   [ 94%]
Test (Python 3.13)	UNKNOWN STEP	2026-05-03T13:38:34.7908461Z tests/test_format.py::TestParseIndented::test_empty_lines_are_skipped PASSED [ 95%]
Test (Python 3.13)	UNKNOWN STEP	2026-05-03T13:38:34.7921437Z tests/test_format.py::TestParseIndented::test_requires_text PASSED       [ 97%]
Test (Python 3.13)	UNKNOWN STEP	2026-05-03T13:38:34.7934354Z tests/test_format.py::TestRoundtrip::test_basic_roundtrip PASSED         [ 98%]
Test (Python 3.13)	UNKNOWN STEP	2026-05-03T13:38:34.9161424Z tests/test_format.py::TestRoundtrip::test_roundtrip_with_quotes PASSED   [100%]
Test (Python 3.13)	UNKNOWN STEP	2026-05-03T13:38:34.9162009Z 
Test (Python 3.13)	UNKNOWN STEP	2026-05-03T13:38:34.9162208Z ================================ tests coverage ================================
Test (Python 3.13)	UNKNOWN STEP	2026-05-03T13:38:34.9162839Z _______________ coverage: platform linux, python 3.13.13-final-0 _______________
Test (Python 3.13)	UNKNOWN STEP	2026-05-03T13:38:34.9163260Z 
Test (Python 3.13)	UNKNOWN STEP	2026-05-03T13:38:34.9163738Z Name                                          Stmts   Miss  Cover   Missing
Test (Python 3.13)	UNKNOWN STEP	2026-05-03T13:38:34.9164311Z ---------------------------------------------------------------------------
Test (Python 3.13)	UNKNOWN STEP	2026-05-03T13:38:34.9165345Z src/link_notation_objects_codec/__init__.py       4      0   100%
Test (Python 3.13)	UNKNOWN STEP	2026-05-03T13:38:34.9166185Z src/link_notation_objects_codec/codec.py        230     18    92%   158, 181, 221-222, 307, 329, 340-346, 354, 360, 372, 379, 394, 405-407
Test (Python 3.13)	UNKNOWN STEP	2026-05-03T13:38:34.9167244Z src/link_notation_objects_codec/format.py        80      9    89%   56, 111, 115-116, 204, 211, 219, 225, 244
Test (Python 3.13)	UNKNOWN STEP	2026-05-03T13:38:34.9168000Z ---------------------------------------------------------------------------
Test (Python 3.13)	UNKNOWN STEP	2026-05-03T13:38:34.9168539Z TOTAL                                           314     27    91%
Test (Python 3.13)	UNKNOWN STEP	2026-05-03T13:38:34.9168995Z Coverage XML written to file coverage.xml
Test (Python 3.13)	UNKNOWN STEP	2026-05-03T13:38:34.9169472Z ============================== 73 passed in 0.41s ==============================
Test (Python 3.13)	UNKNOWN STEP	2026-05-03T13:38:34.9754030Z ##[group]Run codecov/codecov-action@v4
Test (Python 3.13)	UNKNOWN STEP	2026-05-03T13:38:34.9754307Z with:
Test (Python 3.13)	UNKNOWN STEP	2026-05-03T13:38:34.9754493Z   file: ./python/coverage.xml
Test (Python 3.13)	UNKNOWN STEP	2026-05-03T13:38:34.9754733Z   fail_ci_if_error: false
Test (Python 3.13)	UNKNOWN STEP	2026-05-03T13:38:34.9754958Z env:
Test (Python 3.13)	UNKNOWN STEP	2026-05-03T13:38:34.9755198Z   pythonLocation: /opt/hostedtoolcache/Python/3.13.13/x64
Test (Python 3.13)	UNKNOWN STEP	2026-05-03T13:38:34.9755604Z   PKG_CONFIG_PATH: /opt/hostedtoolcache/Python/3.13.13/x64/lib/pkgconfig
Test (Python 3.13)	UNKNOWN STEP	2026-05-03T13:38:34.9755988Z   Python_ROOT_DIR: /opt/hostedtoolcache/Python/3.13.13/x64
Test (Python 3.13)	UNKNOWN STEP	2026-05-03T13:38:34.9756339Z   Python2_ROOT_DIR: /opt/hostedtoolcache/Python/3.13.13/x64
Test (Python 3.13)	UNKNOWN STEP	2026-05-03T13:38:34.9756681Z   Python3_ROOT_DIR: /opt/hostedtoolcache/Python/3.13.13/x64
Test (Python 3.13)	UNKNOWN STEP	2026-05-03T13:38:34.9757033Z   LD_LIBRARY_PATH: /opt/hostedtoolcache/Python/3.13.13/x64/lib
Test (Python 3.13)	UNKNOWN STEP	2026-05-03T13:38:34.9757325Z ##[endgroup]
Test (Python 3.13)	UNKNOWN STEP	2026-05-03T13:38:35.0642395Z eventName: push
Test (Python 3.13)	UNKNOWN STEP	2026-05-03T13:38:35.0650700Z ==> linux OS detected
Test (Python 3.13)	UNKNOWN STEP	2026-05-03T13:38:35.2594170Z https://cli.codecov.io/latest/linux/codecov.SHA256SUM
Test (Python 3.13)	UNKNOWN STEP	2026-05-03T13:38:35.3218717Z gpg: directory '/home/runner/.gnupg' created
Test (Python 3.13)	UNKNOWN STEP	2026-05-03T13:38:35.3219839Z gpg: keybox '/home/runner/.gnupg/pubring.kbx' created
Test (Python 3.13)	UNKNOWN STEP	2026-05-03T13:38:35.3234313Z gpg: /home/runner/.gnupg/trustdb.gpg: trustdb created
Test (Python 3.13)	UNKNOWN STEP	2026-05-03T13:38:35.3235515Z gpg: key 806BB28AED779869: public key "Codecov Uploader (Codecov Uploader Verification Key) <security@codecov.io>" imported
Test (Python 3.13)	UNKNOWN STEP	2026-05-03T13:38:35.3374830Z gpg: Total number processed: 1
Test (Python 3.13)	UNKNOWN STEP	2026-05-03T13:38:35.3375230Z gpg:               imported: 1
Test (Python 3.13)	UNKNOWN STEP	2026-05-03T13:38:35.3445891Z gpg: Signature made Tue Apr 21 19:28:03 2026 UTC
Test (Python 3.13)	UNKNOWN STEP	2026-05-03T13:38:35.3446646Z gpg:                using RSA key 27034E7FDB850E0BBC2C62FF806BB28AED779869
Test (Python 3.13)	UNKNOWN STEP	2026-05-03T13:38:35.3448356Z gpg: Good signature from "Codecov Uploader (Codecov Uploader Verification Key) <security@codecov.io>" [unknown]
Test (Python 3.13)	UNKNOWN STEP	2026-05-03T13:38:35.3449377Z gpg: WARNING: This key is not certified with a trusted signature!
Test (Python 3.13)	UNKNOWN STEP	2026-05-03T13:38:35.3450164Z gpg:          There is no indication that the signature belongs to the owner.
Test (Python 3.13)	UNKNOWN STEP	2026-05-03T13:38:35.3450958Z Primary key fingerprint: 2703 4E7F DB85 0E0B BC2C  62FF 806B B28A ED77 9869
Test (Python 3.13)	UNKNOWN STEP	2026-05-03T13:38:35.3697507Z ==> Uploader SHASUM verified (8930c4bb30254a42f3d8c340706b1be340885e20c0df5160a24efa2e030e662b  codecov)
Test (Python 3.13)	UNKNOWN STEP	2026-05-03T13:38:35.3698343Z ==> Running version latest
Test (Python 3.13)	UNKNOWN STEP	2026-05-03T13:38:35.4389641Z Could not pull latest version information: SyntaxError: Unexpected token '<', "<!DOCTYPE "... is not valid JSON
Test (Python 3.13)	UNKNOWN STEP	2026-05-03T13:38:35.4391860Z ==> Running git config --global --add safe.directory /home/runner/work/lino-objects-codec/lino-objects-codec
Test (Python 3.13)	UNKNOWN STEP	2026-05-03T13:38:35.4489737Z [command]/usr/bin/git config --global --add safe.directory /home/runner/work/lino-objects-codec/lino-objects-codec
Test (Python 3.13)	UNKNOWN STEP	2026-05-03T13:38:35.4540306Z ==> Running command '/home/runner/work/_actions/codecov/codecov-action/v4/dist/codecov create-commit'
Test (Python 3.13)	UNKNOWN STEP	2026-05-03T13:38:35.4543211Z [command]/home/runner/work/_actions/codecov/codecov-action/v4/dist/codecov create-commit --git-service github
Test (Python 3.13)	UNKNOWN STEP	2026-05-03T13:38:35.8235426Z info - 2026-05-03 13:38:35,822 -- ci service found: github-actions
Test (Python 3.13)	UNKNOWN STEP	2026-05-03T13:38:35.8331240Z warning - 2026-05-03 13:38:35,832 -- No config file could be found. Ignoring config.
Test (Python 3.13)	UNKNOWN STEP	2026-05-03T13:38:35.8622703Z warning - 2026-05-03 13:38:35,861 -- Branch `main` is protected but no token was provided
Test (Python 3.13)	UNKNOWN STEP	2026-05-03T13:38:35.8624166Z warning - 2026-05-03 13:38:35,861 -- For information on Codecov upload tokens, see https://docs.codecov.com/docs/codecov-tokens
Test (Python 3.13)	UNKNOWN STEP	2026-05-03T13:38:36.0192453Z info - 2026-05-03 13:38:36,018 -- Commit creating complete
Test (Python 3.13)	UNKNOWN STEP	2026-05-03T13:38:36.0193085Z error - 2026-05-03 13:38:36,019 -- Commit creating failed: {"message":"Token required - not valid tokenless upload"}
Test (Python 3.13)	UNKNOWN STEP	2026-05-03T13:38:36.1244974Z Sentry is attempting to send 2 pending events
Test (Python 3.13)	UNKNOWN STEP	2026-05-03T13:38:36.1245442Z Waiting up to 2 seconds
Test (Python 3.13)	UNKNOWN STEP	2026-05-03T13:38:36.1245654Z Press Ctrl-C to quit
Test (Python 3.13)	UNKNOWN STEP	2026-05-03T13:38:36.1980789Z ==> Running command '/home/runner/work/_actions/codecov/codecov-action/v4/dist/codecov create-report'
Test (Python 3.13)	UNKNOWN STEP	2026-05-03T13:38:36.1983136Z [command]/home/runner/work/_actions/codecov/codecov-action/v4/dist/codecov create-report --git-service github
Test (Python 3.13)	UNKNOWN STEP	2026-05-03T13:38:36.5629667Z info - 2026-05-03 13:38:36,562 -- ci service found: github-actions
Test (Python 3.13)	UNKNOWN STEP	2026-05-03T13:38:36.5728409Z warning - 2026-05-03 13:38:36,572 -- No config file could be found. Ignoring config.
Test (Python 3.13)	UNKNOWN STEP	2026-05-03T13:38:36.7387406Z info - 2026-05-03 13:38:36,738 -- Report creating complete
Test (Python 3.13)	UNKNOWN STEP	2026-05-03T13:38:36.7391952Z error - 2026-05-03 13:38:36,738 -- Report creating failed: {"message":"Token required - not valid tokenless upload"}
Test (Python 3.13)	UNKNOWN STEP	2026-05-03T13:38:36.8175902Z ==> Running command '/home/runner/work/_actions/codecov/codecov-action/v4/dist/codecov do-upload'
Test (Python 3.13)	UNKNOWN STEP	2026-05-03T13:38:36.8177303Z [command]/home/runner/work/_actions/codecov/codecov-action/v4/dist/codecov do-upload -f ./python/coverage.xml --git-service github
Test (Python 3.13)	UNKNOWN STEP	2026-05-03T13:38:37.1761756Z info - 2026-05-03 13:38:37,175 -- ci service found: github-actions
Test (Python 3.13)	UNKNOWN STEP	2026-05-03T13:38:37.1862178Z warning - 2026-05-03 13:38:37,185 -- No config file could be found. Ignoring config.
Test (Python 3.13)	UNKNOWN STEP	2026-05-03T13:38:37.2174351Z warning - 2026-05-03 13:38:37,216 -- xcrun is not installed or can't be found.
Test (Python 3.13)	UNKNOWN STEP	2026-05-03T13:38:37.2212811Z warning - 2026-05-03 13:38:37,221 -- No gcov data found.
Test (Python 3.13)	UNKNOWN STEP	2026-05-03T13:38:37.2222635Z info - 2026-05-03 13:38:37,222 -- Generating coverage.xml report in /home/runner/work/lino-objects-codec/lino-objects-codec/python
Test (Python 3.13)	UNKNOWN STEP	2026-05-03T13:38:37.3639357Z info - 2026-05-03 13:38:37,363 -- Wrote XML report to coverage.xml
Test (Python 3.13)	UNKNOWN STEP	2026-05-03T13:38:37.3869023Z info - 2026-05-03 13:38:37,386 -- Found 1 coverage files to report
Test (Python 3.13)	UNKNOWN STEP	2026-05-03T13:38:37.3869868Z info - 2026-05-03 13:38:37,386 -- > /home/runner/work/lino-objects-codec/lino-objects-codec/python/coverage.xml
Test (Python 3.13)	UNKNOWN STEP	2026-05-03T13:38:37.5790212Z info - 2026-05-03 13:38:37,578 -- Upload queued for processing complete
Test (Python 3.13)	UNKNOWN STEP	2026-05-03T13:38:37.5791072Z error - 2026-05-03 13:38:37,578 -- Upload queued for processing failed: {"message":"Token required - not valid tokenless upload"}
Test (Python 3.13)	UNKNOWN STEP	2026-05-03T13:38:37.6800747Z Post job cleanup.
Test (Python 3.13)	UNKNOWN STEP	2026-05-03T13:38:37.8507421Z Post job cleanup.
Test (Python 3.13)	UNKNOWN STEP	2026-05-03T13:38:37.9533238Z [command]/usr/bin/git version
Test (Python 3.13)	UNKNOWN STEP	2026-05-03T13:38:37.9570819Z git version 2.53.0
Test (Python 3.13)	UNKNOWN STEP	2026-05-03T13:38:37.9608156Z Copying '/home/runner/.gitconfig' to '/home/runner/work/_temp/bffd7ab7-a8b5-49e5-acfb-d3c820d8bf82/.gitconfig'
Test (Python 3.13)	UNKNOWN STEP	2026-05-03T13:38:37.9619054Z Temporarily overriding HOME='/home/runner/work/_temp/bffd7ab7-a8b5-49e5-acfb-d3c820d8bf82' before making global git config changes
Test (Python 3.13)	UNKNOWN STEP	2026-05-03T13:38:37.9620247Z Adding repository directory to the temporary git global config as a safe directory
Test (Python 3.13)	UNKNOWN STEP	2026-05-03T13:38:37.9633650Z [command]/usr/bin/git config --global --add safe.directory /home/runner/work/lino-objects-codec/lino-objects-codec
Test (Python 3.13)	UNKNOWN STEP	2026-05-03T13:38:37.9673200Z [command]/usr/bin/git config --local --name-only --get-regexp core\.sshCommand
Test (Python 3.13)	UNKNOWN STEP	2026-05-03T13:38:37.9708698Z [command]/usr/bin/git submodule foreach --recursive sh -c "git config --local --name-only --get-regexp 'core\.sshCommand' && git config --local --unset-all 'core.sshCommand' || :"
Test (Python 3.13)	UNKNOWN STEP	2026-05-03T13:38:37.9976680Z [command]/usr/bin/git config --local --name-only --get-regexp http\.https\:\/\/github\.com\/\.extraheader
Test (Python 3.13)	UNKNOWN STEP	2026-05-03T13:38:38.0009057Z http.https://github.com/.extraheader
Test (Python 3.13)	UNKNOWN STEP	2026-05-03T13:38:38.0025497Z [command]/usr/bin/git config --local --unset-all http.https://github.com/.extraheader
Test (Python 3.13)	UNKNOWN STEP	2026-05-03T13:38:38.0061473Z [command]/usr/bin/git submodule foreach --recursive sh -c "git config --local --name-only --get-regexp 'http\.https\:\/\/github\.com\/\.extraheader' && git config --local --unset-all 'http.https://github.com/.extraheader' || :"
Test (Python 3.13)	UNKNOWN STEP	2026-05-03T13:38:38.0322435Z [command]/usr/bin/git config --local --name-only --get-regexp ^includeIf\.gitdir:
Test (Python 3.13)	UNKNOWN STEP	2026-05-03T13:38:38.0364534Z [command]/usr/bin/git submodule foreach --recursive git config --local --show-origin --name-only --get-regexp remote.origin.url
Test (Python 3.13)	UNKNOWN STEP	2026-05-03T13:38:38.0752762Z Cleaning up orphan processes
Test (Python 3.13)	UNKNOWN STEP	2026-05-03T13:38:38.1051703Z ##[warning]Node.js 20 actions are deprecated. The following actions are running on Node.js 20 and may not work as expected: actions/checkout@v4, actions/setup-python@v5, codecov/codecov-action@v4. Actions will be forced to run with Node.js 24 by default starting June 2nd, 2026. Node.js 20 will be removed from the runner on September 16th, 2026. Please check if updated versions of these actions are available that support Node.js 24. To opt into Node.js 24 now, set the FORCE_JAVASCRIPT_ACTIONS_TO_NODE24=true environment variable on the runner or in your workflow file. Once Node.js 24 becomes the default, you can temporarily opt out by setting ACTIONS_ALLOW_USE_UNSECURE_NODE_VERSION=true. For more information see: https://github.blog/changelog/2025-09-19-deprecation-of-node-20-on-github-actions-runners/
Build Package	UNKNOWN STEP	﻿2026-05-03T13:38:41.9907523Z Current runner version: '2.334.0'
Build Package	UNKNOWN STEP	2026-05-03T13:38:41.9933467Z ##[group]Runner Image Provisioner
Build Package	UNKNOWN STEP	2026-05-03T13:38:41.9934258Z Hosted Compute Agent
Build Package	UNKNOWN STEP	2026-05-03T13:38:41.9934986Z Version: 20260213.493
Build Package	UNKNOWN STEP	2026-05-03T13:38:41.9935663Z Commit: 5c115507f6dd24b8de37d8bbe0bb4509d0cc0fa3
Build Package	UNKNOWN STEP	2026-05-03T13:38:41.9936404Z Build Date: 2026-02-13T00:28:41Z
Build Package	UNKNOWN STEP	2026-05-03T13:38:41.9937036Z Worker ID: {6f7b6f0c-3e2a-46a6-b36d-7c8441ad77ce}
Build Package	UNKNOWN STEP	2026-05-03T13:38:41.9937782Z Azure Region: northcentralus
Build Package	UNKNOWN STEP	2026-05-03T13:38:41.9938333Z ##[endgroup]
Build Package	UNKNOWN STEP	2026-05-03T13:38:41.9940238Z ##[group]Operating System
Build Package	UNKNOWN STEP	2026-05-03T13:38:41.9940935Z Ubuntu
Build Package	UNKNOWN STEP	2026-05-03T13:38:41.9941473Z 24.04.4
Build Package	UNKNOWN STEP	2026-05-03T13:38:41.9941899Z LTS
Build Package	UNKNOWN STEP	2026-05-03T13:38:41.9942421Z ##[endgroup]
Build Package	UNKNOWN STEP	2026-05-03T13:38:41.9942902Z ##[group]Runner Image
Build Package	UNKNOWN STEP	2026-05-03T13:38:41.9943450Z Image: ubuntu-24.04
Build Package	UNKNOWN STEP	2026-05-03T13:38:41.9944002Z Version: 20260413.86.1
Build Package	UNKNOWN STEP	2026-05-03T13:38:41.9945684Z Included Software: https://github.com/actions/runner-images/blob/ubuntu24/20260413.86/images/ubuntu/Ubuntu2404-Readme.md
Build Package	UNKNOWN STEP	2026-05-03T13:38:41.9947182Z Image Release: https://github.com/actions/runner-images/releases/tag/ubuntu24%2F20260413.86
Build Package	UNKNOWN STEP	2026-05-03T13:38:41.9948071Z ##[endgroup]
Build Package	UNKNOWN STEP	2026-05-03T13:38:41.9950802Z ##[group]GITHUB_TOKEN Permissions
Build Package	UNKNOWN STEP	2026-05-03T13:38:41.9953177Z Actions: write
Build Package	UNKNOWN STEP	2026-05-03T13:38:41.9953741Z ArtifactMetadata: write
Build Package	UNKNOWN STEP	2026-05-03T13:38:41.9954386Z Attestations: write
Build Package	UNKNOWN STEP	2026-05-03T13:38:41.9955357Z Checks: write
Build Package	UNKNOWN STEP	2026-05-03T13:38:41.9955833Z Contents: write
Build Package	UNKNOWN STEP	2026-05-03T13:38:41.9957228Z Deployments: write
Build Package	UNKNOWN STEP	2026-05-03T13:38:41.9957784Z Discussions: write
Build Package	UNKNOWN STEP	2026-05-03T13:38:41.9958304Z Issues: write
Build Package	UNKNOWN STEP	2026-05-03T13:38:41.9958790Z Metadata: read
Build Package	UNKNOWN STEP	2026-05-03T13:38:41.9959307Z Models: read
Build Package	UNKNOWN STEP	2026-05-03T13:38:41.9959796Z Packages: write
Build Package	UNKNOWN STEP	2026-05-03T13:38:41.9960295Z Pages: write
Build Package	UNKNOWN STEP	2026-05-03T13:38:41.9960997Z PullRequests: write
Build Package	UNKNOWN STEP	2026-05-03T13:38:41.9961505Z RepositoryProjects: write
Build Package	UNKNOWN STEP	2026-05-03T13:38:41.9962120Z SecurityEvents: write
Build Package	UNKNOWN STEP	2026-05-03T13:38:41.9962647Z Statuses: write
Build Package	UNKNOWN STEP	2026-05-03T13:38:41.9963189Z VulnerabilityAlerts: read
Build Package	UNKNOWN STEP	2026-05-03T13:38:41.9963789Z ##[endgroup]
Build Package	UNKNOWN STEP	2026-05-03T13:38:41.9966075Z Secret source: Actions
Build Package	UNKNOWN STEP	2026-05-03T13:38:41.9967177Z Prepare workflow directory
Build Package	UNKNOWN STEP	2026-05-03T13:38:42.0305979Z Prepare all required actions
Build Package	UNKNOWN STEP	2026-05-03T13:38:42.0345115Z Getting action download info
Build Package	UNKNOWN STEP	2026-05-03T13:38:42.4119593Z Download action repository 'actions/checkout@v4' (SHA:34e114876b0b11c390a56381ad16ebd13914f8d5)
Build Package	UNKNOWN STEP	2026-05-03T13:38:42.5501582Z Download action repository 'actions/setup-python@v5' (SHA:a26af69be951a213d495a4c3e4e4022e16d87065)
Build Package	UNKNOWN STEP	2026-05-03T13:38:42.6267662Z Download action repository 'actions/upload-artifact@v4' (SHA:ea165f8d65b6e75b540449e92b4886f43607fa02)
Build Package	UNKNOWN STEP	2026-05-03T13:38:42.8403916Z Complete job name: Build Package
Build Package	UNKNOWN STEP	2026-05-03T13:38:42.9150759Z ##[group]Run actions/checkout@v4
Build Package	UNKNOWN STEP	2026-05-03T13:38:42.9151670Z with:
Build Package	UNKNOWN STEP	2026-05-03T13:38:42.9152169Z   repository: link-foundation/lino-objects-codec
Build Package	UNKNOWN STEP	2026-05-03T13:38:42.9152941Z   token: ***
Build Package	UNKNOWN STEP	2026-05-03T13:38:42.9153361Z   ssh-strict: true
Build Package	UNKNOWN STEP	2026-05-03T13:38:42.9153804Z   ssh-user: git
Build Package	UNKNOWN STEP	2026-05-03T13:38:42.9154256Z   persist-credentials: true
Build Package	UNKNOWN STEP	2026-05-03T13:38:42.9155039Z   clean: true
Build Package	UNKNOWN STEP	2026-05-03T13:38:42.9155487Z   sparse-checkout-cone-mode: true
Build Package	UNKNOWN STEP	2026-05-03T13:38:42.9156010Z   fetch-depth: 1
Build Package	UNKNOWN STEP	2026-05-03T13:38:42.9156433Z   fetch-tags: false
Build Package	UNKNOWN STEP	2026-05-03T13:38:42.9156881Z   show-progress: true
Build Package	UNKNOWN STEP	2026-05-03T13:38:42.9157329Z   lfs: false
Build Package	UNKNOWN STEP	2026-05-03T13:38:42.9157727Z   submodules: false
Build Package	UNKNOWN STEP	2026-05-03T13:38:42.9158149Z   set-safe-directory: true
Build Package	UNKNOWN STEP	2026-05-03T13:38:42.9158924Z ##[endgroup]
Build Package	UNKNOWN STEP	2026-05-03T13:38:43.0532945Z Syncing repository: link-foundation/lino-objects-codec
Build Package	UNKNOWN STEP	2026-05-03T13:38:43.0536319Z ##[group]Getting Git version info
Build Package	UNKNOWN STEP	2026-05-03T13:38:43.0537997Z Working directory is '/home/runner/work/lino-objects-codec/lino-objects-codec'
Build Package	UNKNOWN STEP	2026-05-03T13:38:43.0540229Z [command]/usr/bin/git version
Build Package	UNKNOWN STEP	2026-05-03T13:38:43.0584986Z git version 2.53.0
Build Package	UNKNOWN STEP	2026-05-03T13:38:43.0612927Z ##[endgroup]
Build Package	UNKNOWN STEP	2026-05-03T13:38:43.0639820Z Temporarily overriding HOME='/home/runner/work/_temp/a044749c-d06b-4c6d-8d19-1b9a27c3637c' before making global git config changes
Build Package	UNKNOWN STEP	2026-05-03T13:38:43.0643225Z Adding repository directory to the temporary git global config as a safe directory
Build Package	UNKNOWN STEP	2026-05-03T13:38:43.0646974Z [command]/usr/bin/git config --global --add safe.directory /home/runner/work/lino-objects-codec/lino-objects-codec
Build Package	UNKNOWN STEP	2026-05-03T13:38:43.0688102Z Deleting the contents of '/home/runner/work/lino-objects-codec/lino-objects-codec'
Build Package	UNKNOWN STEP	2026-05-03T13:38:43.0692181Z ##[group]Initializing the repository
Build Package	UNKNOWN STEP	2026-05-03T13:38:43.0697489Z [command]/usr/bin/git init /home/runner/work/lino-objects-codec/lino-objects-codec
Build Package	UNKNOWN STEP	2026-05-03T13:38:43.0801350Z hint: Using 'master' as the name for the initial branch. This default branch name
Build Package	UNKNOWN STEP	2026-05-03T13:38:43.0802766Z hint: will change to "main" in Git 3.0. To configure the initial branch name
Build Package	UNKNOWN STEP	2026-05-03T13:38:43.0804415Z hint: to use in all of your new repositories, which will suppress this warning,
Build Package	UNKNOWN STEP	2026-05-03T13:38:43.0805642Z hint: call:
Build Package	UNKNOWN STEP	2026-05-03T13:38:43.0806061Z hint:
Build Package	UNKNOWN STEP	2026-05-03T13:38:43.0806751Z hint: 	git config --global init.defaultBranch <name>
Build Package	UNKNOWN STEP	2026-05-03T13:38:43.0807422Z hint:
Build Package	UNKNOWN STEP	2026-05-03T13:38:43.0808355Z hint: Names commonly chosen instead of 'master' are 'main', 'trunk' and
Build Package	UNKNOWN STEP	2026-05-03T13:38:43.0809863Z hint: 'development'. The just-created branch can be renamed via this command:
Build Package	UNKNOWN STEP	2026-05-03T13:38:43.0810600Z hint:
Build Package	UNKNOWN STEP	2026-05-03T13:38:43.0811064Z hint: 	git branch -m <name>
Build Package	UNKNOWN STEP	2026-05-03T13:38:43.0811533Z hint:
Build Package	UNKNOWN STEP	2026-05-03T13:38:43.0812157Z hint: Disable this message with "git config set advice.defaultBranchName false"
Build Package	UNKNOWN STEP	2026-05-03T13:38:43.0813487Z Initialized empty Git repository in /home/runner/work/lino-objects-codec/lino-objects-codec/.git/
Build Package	UNKNOWN STEP	2026-05-03T13:38:43.0816416Z [command]/usr/bin/git remote add origin https://github.com/link-foundation/lino-objects-codec
Build Package	UNKNOWN STEP	2026-05-03T13:38:43.0846819Z ##[endgroup]
Build Package	UNKNOWN STEP	2026-05-03T13:38:43.0847828Z ##[group]Disabling automatic garbage collection
Build Package	UNKNOWN STEP	2026-05-03T13:38:43.0851024Z [command]/usr/bin/git config --local gc.auto 0
Build Package	UNKNOWN STEP	2026-05-03T13:38:43.0879268Z ##[endgroup]
Build Package	UNKNOWN STEP	2026-05-03T13:38:43.0880026Z ##[group]Setting up auth
Build Package	UNKNOWN STEP	2026-05-03T13:38:43.0886636Z [command]/usr/bin/git config --local --name-only --get-regexp core\.sshCommand
Build Package	UNKNOWN STEP	2026-05-03T13:38:43.0916365Z [command]/usr/bin/git submodule foreach --recursive sh -c "git config --local --name-only --get-regexp 'core\.sshCommand' && git config --local --unset-all 'core.sshCommand' || :"
Build Package	UNKNOWN STEP	2026-05-03T13:38:43.1377335Z [command]/usr/bin/git config --local --name-only --get-regexp http\.https\:\/\/github\.com\/\.extraheader
Build Package	UNKNOWN STEP	2026-05-03T13:38:43.1406040Z [command]/usr/bin/git submodule foreach --recursive sh -c "git config --local --name-only --get-regexp 'http\.https\:\/\/github\.com\/\.extraheader' && git config --local --unset-all 'http.https://github.com/.extraheader' || :"
Build Package	UNKNOWN STEP	2026-05-03T13:38:43.1632371Z [command]/usr/bin/git config --local --name-only --get-regexp ^includeIf\.gitdir:
Build Package	UNKNOWN STEP	2026-05-03T13:38:43.1668567Z [command]/usr/bin/git submodule foreach --recursive git config --local --show-origin --name-only --get-regexp remote.origin.url
Build Package	UNKNOWN STEP	2026-05-03T13:38:43.1892442Z [command]/usr/bin/git config --local http.https://github.com/.extraheader AUTHORIZATION: basic ***
Build Package	UNKNOWN STEP	2026-05-03T13:38:43.1928230Z ##[endgroup]
Build Package	UNKNOWN STEP	2026-05-03T13:38:43.1929059Z ##[group]Fetching the repository
Build Package	UNKNOWN STEP	2026-05-03T13:38:43.1937225Z [command]/usr/bin/git -c protocol.version=2 fetch --no-tags --prune --no-recurse-submodules --depth=1 origin +3806da8815dc66a01ed1d6b0a536a2f3035753c6:refs/remotes/origin/main
Build Package	UNKNOWN STEP	2026-05-03T13:38:43.5417564Z From https://github.com/link-foundation/lino-objects-codec
Build Package	UNKNOWN STEP	2026-05-03T13:38:43.5419933Z  * [new ref]         3806da8815dc66a01ed1d6b0a536a2f3035753c6 -> origin/main
Build Package	UNKNOWN STEP	2026-05-03T13:38:43.5445447Z ##[endgroup]
Build Package	UNKNOWN STEP	2026-05-03T13:38:43.5447365Z ##[group]Determining the checkout info
Build Package	UNKNOWN STEP	2026-05-03T13:38:43.5449296Z ##[endgroup]
Build Package	UNKNOWN STEP	2026-05-03T13:38:43.5453836Z [command]/usr/bin/git sparse-checkout disable
Build Package	UNKNOWN STEP	2026-05-03T13:38:43.5493207Z [command]/usr/bin/git config --local --unset-all extensions.worktreeConfig
Build Package	UNKNOWN STEP	2026-05-03T13:38:43.5521213Z ##[group]Checking out the ref
Build Package	UNKNOWN STEP	2026-05-03T13:38:43.5526069Z [command]/usr/bin/git checkout --progress --force -B main refs/remotes/origin/main
Build Package	UNKNOWN STEP	2026-05-03T13:38:43.5670067Z Switched to a new branch 'main'
Build Package	UNKNOWN STEP	2026-05-03T13:38:43.5671718Z branch 'main' set up to track 'origin/main'.
Build Package	UNKNOWN STEP	2026-05-03T13:38:43.5680244Z ##[endgroup]
Build Package	UNKNOWN STEP	2026-05-03T13:38:43.5718150Z [command]/usr/bin/git log -1 --format=%H
Build Package	UNKNOWN STEP	2026-05-03T13:38:43.5741177Z 3806da8815dc66a01ed1d6b0a536a2f3035753c6
Build Package	UNKNOWN STEP	2026-05-03T13:38:43.6085837Z ##[group]Run actions/setup-python@v5
Build Package	UNKNOWN STEP	2026-05-03T13:38:43.6087038Z with:
Build Package	UNKNOWN STEP	2026-05-03T13:38:43.6087824Z   python-version: 3.13
Build Package	UNKNOWN STEP	2026-05-03T13:38:43.6088766Z   check-latest: false
Build Package	UNKNOWN STEP	2026-05-03T13:38:43.6089974Z   token: ***
Build Package	UNKNOWN STEP	2026-05-03T13:38:43.6090822Z   update-environment: true
Build Package	UNKNOWN STEP	2026-05-03T13:38:43.6091857Z   allow-prereleases: false
Build Package	UNKNOWN STEP	2026-05-03T13:38:43.6092856Z   freethreaded: false
Build Package	UNKNOWN STEP	2026-05-03T13:38:43.6093763Z ##[endgroup]
Build Package	UNKNOWN STEP	2026-05-03T13:38:43.7903400Z ##[group]Installed versions
Build Package	UNKNOWN STEP	2026-05-03T13:38:43.8014736Z Successfully set up CPython (3.13.13)
Build Package	UNKNOWN STEP	2026-05-03T13:38:43.8017726Z ##[endgroup]
Build Package	UNKNOWN STEP	2026-05-03T13:38:43.8169778Z ##[group]Run python -m pip install --upgrade pip
Build Package	UNKNOWN STEP	2026-05-03T13:38:43.8171247Z [36;1mpython -m pip install --upgrade pip[0m
Build Package	UNKNOWN STEP	2026-05-03T13:38:43.8172475Z [36;1mpip install build twine[0m
Build Package	UNKNOWN STEP	2026-05-03T13:38:43.8447909Z shell: /usr/bin/bash -e {0}
Build Package	UNKNOWN STEP	2026-05-03T13:38:43.8448880Z env:
Build Package	UNKNOWN STEP	2026-05-03T13:38:43.8449867Z   pythonLocation: /opt/hostedtoolcache/Python/3.13.13/x64
Build Package	UNKNOWN STEP	2026-05-03T13:38:43.8451621Z   PKG_CONFIG_PATH: /opt/hostedtoolcache/Python/3.13.13/x64/lib/pkgconfig
Build Package	UNKNOWN STEP	2026-05-03T13:38:43.8453361Z   Python_ROOT_DIR: /opt/hostedtoolcache/Python/3.13.13/x64
Build Package	UNKNOWN STEP	2026-05-03T13:38:43.8455129Z   Python2_ROOT_DIR: /opt/hostedtoolcache/Python/3.13.13/x64
Build Package	UNKNOWN STEP	2026-05-03T13:38:43.8456704Z   Python3_ROOT_DIR: /opt/hostedtoolcache/Python/3.13.13/x64
Build Package	UNKNOWN STEP	2026-05-03T13:38:43.8458281Z   LD_LIBRARY_PATH: /opt/hostedtoolcache/Python/3.13.13/x64/lib
Build Package	UNKNOWN STEP	2026-05-03T13:38:43.8459588Z ##[endgroup]
Build Package	UNKNOWN STEP	2026-05-03T13:38:48.0247138Z Requirement already satisfied: pip in /opt/hostedtoolcache/Python/3.13.13/x64/lib/python3.13/site-packages (26.0.1)
Build Package	UNKNOWN STEP	2026-05-03T13:38:48.1295825Z Collecting pip
Build Package	UNKNOWN STEP	2026-05-03T13:38:48.1913415Z   Downloading pip-26.1-py3-none-any.whl.metadata (4.6 kB)
Build Package	UNKNOWN STEP	2026-05-03T13:38:48.2007520Z Downloading pip-26.1-py3-none-any.whl (1.8 MB)
Build Package	UNKNOWN STEP	2026-05-03T13:38:48.2448452Z    ━━━━━━━━━━━━━━━━━━━━━━━━━━━━━━━━━━━━━━━━ 1.8/1.8 MB 118.3 MB/s  0:00:00
Build Package	UNKNOWN STEP	2026-05-03T13:38:48.2696238Z Installing collected packages: pip
Build Package	UNKNOWN STEP	2026-05-03T13:38:48.2697255Z   Attempting uninstall: pip
Build Package	UNKNOWN STEP	2026-05-03T13:38:48.2725337Z     Found existing installation: pip 26.0.1
Build Package	UNKNOWN STEP	2026-05-03T13:38:48.3871137Z     Uninstalling pip-26.0.1:
Build Package	UNKNOWN STEP	2026-05-03T13:38:48.3931346Z       Successfully uninstalled pip-26.0.1
Build Package	UNKNOWN STEP	2026-05-03T13:38:49.3190073Z Successfully installed pip-26.1
Build Package	UNKNOWN STEP	2026-05-03T13:38:49.8512548Z Collecting build
Build Package	UNKNOWN STEP	2026-05-03T13:38:49.9038476Z   Downloading build-1.5.0-py3-none-any.whl.metadata (5.7 kB)
Build Package	UNKNOWN STEP	2026-05-03T13:38:49.9231594Z Collecting twine
Build Package	UNKNOWN STEP	2026-05-03T13:38:49.9268348Z   Downloading twine-6.2.0-py3-none-any.whl.metadata (3.6 kB)
Build Package	UNKNOWN STEP	2026-05-03T13:38:49.9441700Z Collecting packaging>=24.0 (from build)
Build Package	UNKNOWN STEP	2026-05-03T13:38:49.9477699Z   Downloading packaging-26.2-py3-none-any.whl.metadata (3.5 kB)
Build Package	UNKNOWN STEP	2026-05-03T13:38:49.9576916Z Collecting pyproject_hooks (from build)
Build Package	UNKNOWN STEP	2026-05-03T13:38:49.9612814Z   Downloading pyproject_hooks-1.2.0-py3-none-any.whl.metadata (1.3 kB)
Build Package	UNKNOWN STEP	2026-05-03T13:38:49.9752358Z Collecting readme-renderer>=35.0 (from twine)
Build Package	UNKNOWN STEP	2026-05-03T13:38:49.9789054Z   Downloading readme_renderer-44.0-py3-none-any.whl.metadata (2.8 kB)
Build Package	UNKNOWN STEP	2026-05-03T13:38:50.0058325Z Collecting requests>=2.20 (from twine)
Build Package	UNKNOWN STEP	2026-05-03T13:38:50.0118341Z   Downloading requests-2.33.1-py3-none-any.whl.metadata (4.8 kB)
Build Package	UNKNOWN STEP	2026-05-03T13:38:50.0247751Z Collecting requests-toolbelt!=0.9.0,>=0.8.0 (from twine)
Build Package	UNKNOWN STEP	2026-05-03T13:38:50.0282281Z   Downloading requests_toolbelt-1.0.0-py2.py3-none-any.whl.metadata (14 kB)
Build Package	UNKNOWN STEP	2026-05-03T13:38:50.0486472Z Collecting urllib3>=1.26.0 (from twine)
Build Package	UNKNOWN STEP	2026-05-03T13:38:50.0523341Z   Downloading urllib3-2.6.3-py3-none-any.whl.metadata (6.9 kB)
Build Package	UNKNOWN STEP	2026-05-03T13:38:50.0810752Z Collecting keyring>=21.2.0 (from twine)
Build Package	UNKNOWN STEP	2026-05-03T13:38:50.0843981Z   Downloading keyring-25.7.0-py3-none-any.whl.metadata (21 kB)
Build Package	UNKNOWN STEP	2026-05-03T13:38:50.1013686Z Collecting rfc3986>=1.4.0 (from twine)
Build Package	UNKNOWN STEP	2026-05-03T13:38:50.1052853Z   Downloading rfc3986-2.0.0-py2.py3-none-any.whl.metadata (6.6 kB)
Build Package	UNKNOWN STEP	2026-05-03T13:38:50.1383995Z Collecting rich>=12.0.0 (from twine)
Build Package	UNKNOWN STEP	2026-05-03T13:38:50.1421823Z   Downloading rich-15.0.0-py3-none-any.whl.metadata (18 kB)
Build Package	UNKNOWN STEP	2026-05-03T13:38:50.1548381Z Collecting id (from twine)
Build Package	UNKNOWN STEP	2026-05-03T13:38:50.1580417Z   Downloading id-1.6.1-py3-none-any.whl.metadata (5.1 kB)
Build Package	UNKNOWN STEP	2026-05-03T13:38:50.1705736Z Collecting SecretStorage>=3.2 (from keyring>=21.2.0->twine)
Build Package	UNKNOWN STEP	2026-05-03T13:38:50.1743999Z   Downloading secretstorage-3.5.0-py3-none-any.whl.metadata (4.0 kB)
Build Package	UNKNOWN STEP	2026-05-03T13:38:50.1891220Z Collecting jeepney>=0.4.2 (from keyring>=21.2.0->twine)
Build Package	UNKNOWN STEP	2026-05-03T13:38:50.1923814Z   Downloading jeepney-0.9.0-py3-none-any.whl.metadata (1.2 kB)
Build Package	UNKNOWN STEP	2026-05-03T13:38:50.2063366Z Collecting jaraco.classes (from keyring>=21.2.0->twine)
Build Package	UNKNOWN STEP	2026-05-03T13:38:50.2101275Z   Downloading jaraco.classes-3.4.0-py3-none-any.whl.metadata (2.6 kB)
Build Package	UNKNOWN STEP	2026-05-03T13:38:50.2266366Z Collecting jaraco.functools (from keyring>=21.2.0->twine)
Build Package	UNKNOWN STEP	2026-05-03T13:38:50.2300555Z   Downloading jaraco_functools-4.4.0-py3-none-any.whl.metadata (3.0 kB)
Build Package	UNKNOWN STEP	2026-05-03T13:38:50.2434446Z Collecting jaraco.context (from keyring>=21.2.0->twine)
Build Package	UNKNOWN STEP	2026-05-03T13:38:50.2468174Z   Downloading jaraco_context-6.1.2-py3-none-any.whl.metadata (4.2 kB)
Build Package	UNKNOWN STEP	2026-05-03T13:38:50.2845813Z Collecting nh3>=0.2.14 (from readme-renderer>=35.0->twine)
Build Package	UNKNOWN STEP	2026-05-03T13:38:50.2882628Z   Downloading nh3-0.3.5-cp38-abi3-manylinux_2_17_x86_64.manylinux2014_x86_64.whl.metadata (2.0 kB)
Build Package	UNKNOWN STEP	2026-05-03T13:38:50.3022224Z Collecting docutils>=0.21.2 (from readme-renderer>=35.0->twine)
Build Package	UNKNOWN STEP	2026-05-03T13:38:50.3059720Z   Downloading docutils-0.22.4-py3-none-any.whl.metadata (15 kB)
Build Package	UNKNOWN STEP	2026-05-03T13:38:50.3252358Z Collecting Pygments>=2.5.1 (from readme-renderer>=35.0->twine)
Build Package	UNKNOWN STEP	2026-05-03T13:38:50.3285137Z   Downloading pygments-2.20.0-py3-none-any.whl.metadata (2.5 kB)
Build Package	UNKNOWN STEP	2026-05-03T13:38:50.4217763Z Collecting charset_normalizer<4,>=2 (from requests>=2.20->twine)
Build Package	UNKNOWN STEP	2026-05-03T13:38:50.4254153Z   Downloading charset_normalizer-3.4.7-cp313-cp313-manylinux2014_x86_64.manylinux_2_17_x86_64.manylinux_2_28_x86_64.whl.metadata (40 kB)
Build Package	UNKNOWN STEP	2026-05-03T13:38:50.4410191Z Collecting idna<4,>=2.5 (from requests>=2.20->twine)
Build Package	UNKNOWN STEP	2026-05-03T13:38:50.4443045Z   Downloading idna-3.13-py3-none-any.whl.metadata (8.0 kB)
Build Package	UNKNOWN STEP	2026-05-03T13:38:50.4652588Z Collecting certifi>=2023.5.7 (from requests>=2.20->twine)
Build Package	UNKNOWN STEP	2026-05-03T13:38:50.4687849Z   Downloading certifi-2026.4.22-py3-none-any.whl.metadata (2.5 kB)
Build Package	UNKNOWN STEP	2026-05-03T13:38:50.4875344Z Collecting markdown-it-py>=2.2.0 (from rich>=12.0.0->twine)
Build Package	UNKNOWN STEP	2026-05-03T13:38:50.4911229Z   Downloading markdown_it_py-4.0.0-py3-none-any.whl.metadata (7.3 kB)
Build Package	UNKNOWN STEP	2026-05-03T13:38:50.5071036Z Collecting mdurl~=0.1 (from markdown-it-py>=2.2.0->rich>=12.0.0->twine)
Build Package	UNKNOWN STEP	2026-05-03T13:38:50.5127340Z   Downloading mdurl-0.1.2-py3-none-any.whl.metadata (1.6 kB)
Build Package	UNKNOWN STEP	2026-05-03T13:38:50.6847593Z Collecting cryptography>=2.0 (from SecretStorage>=3.2->keyring>=21.2.0->twine)
Build Package	UNKNOWN STEP	2026-05-03T13:38:50.6884270Z   Downloading cryptography-47.0.0-cp311-abi3-manylinux_2_34_x86_64.whl.metadata (4.5 kB)
Build Package	UNKNOWN STEP	2026-05-03T13:38:50.7802055Z Collecting cffi>=2.0.0 (from cryptography>=2.0->SecretStorage>=3.2->keyring>=21.2.0->twine)
Build Package	UNKNOWN STEP	2026-05-03T13:38:50.7838516Z   Downloading cffi-2.0.0-cp313-cp313-manylinux2014_x86_64.manylinux_2_17_x86_64.whl.metadata (2.6 kB)
Build Package	UNKNOWN STEP	2026-05-03T13:38:50.7963193Z Collecting pycparser (from cffi>=2.0.0->cryptography>=2.0->SecretStorage>=3.2->keyring>=21.2.0->twine)
Build Package	UNKNOWN STEP	2026-05-03T13:38:50.7998676Z   Downloading pycparser-3.0-py3-none-any.whl.metadata (8.2 kB)
Build Package	UNKNOWN STEP	2026-05-03T13:38:50.8186567Z Collecting more-itertools (from jaraco.classes->keyring>=21.2.0->twine)
Build Package	UNKNOWN STEP	2026-05-03T13:38:50.8229127Z   Downloading more_itertools-11.0.2-py3-none-any.whl.metadata (41 kB)
Build Package	UNKNOWN STEP	2026-05-03T13:38:50.8341348Z Downloading build-1.5.0-py3-none-any.whl (26 kB)
Build Package	UNKNOWN STEP	2026-05-03T13:38:50.8400466Z Downloading twine-6.2.0-py3-none-any.whl (42 kB)
Build Package	UNKNOWN STEP	2026-05-03T13:38:50.8457004Z Downloading keyring-25.7.0-py3-none-any.whl (39 kB)
Build Package	UNKNOWN STEP	2026-05-03T13:38:50.8512319Z Downloading jeepney-0.9.0-py3-none-any.whl (49 kB)
Build Package	UNKNOWN STEP	2026-05-03T13:38:50.8570931Z Downloading packaging-26.2-py3-none-any.whl (100 kB)
Build Package	UNKNOWN STEP	2026-05-03T13:38:50.8671861Z Downloading readme_renderer-44.0-py3-none-any.whl (13 kB)
Build Package	UNKNOWN STEP	2026-05-03T13:38:50.8727186Z Downloading docutils-0.22.4-py3-none-any.whl (633 kB)
Build Package	UNKNOWN STEP	2026-05-03T13:38:50.8815662Z    ━━━━━━━━━━━━━━━━━━━━━━━━━━━━━━━━━━━━━━━━ 633.2/633.2 kB 83.6 MB/s  0:00:00
Build Package	UNKNOWN STEP	2026-05-03T13:38:50.8852583Z Downloading nh3-0.3.5-cp38-abi3-manylinux_2_17_x86_64.manylinux2014_x86_64.whl (806 kB)
Build Package	UNKNOWN STEP	2026-05-03T13:38:50.8918349Z    ━━━━━━━━━━━━━━━━━━━━━━━━━━━━━━━━━━━━━━━━ 807.0/807.0 kB 128.3 MB/s  0:00:00
Build Package	UNKNOWN STEP	2026-05-03T13:38:50.8951463Z Downloading pygments-2.20.0-py3-none-any.whl (1.2 MB)
Build Package	UNKNOWN STEP	2026-05-03T13:38:50.9026566Z    ━━━━━━━━━━━━━━━━━━━━━━━━━━━━━━━━━━━━━━━━ 1.2/1.2 MB 203.7 MB/s  0:00:00
Build Package	UNKNOWN STEP	2026-05-03T13:38:50.9069121Z Downloading requests-2.33.1-py3-none-any.whl (64 kB)
Build Package	UNKNOWN STEP	2026-05-03T13:38:50.9130485Z Downloading charset_normalizer-3.4.7-cp313-cp313-manylinux2014_x86_64.manylinux_2_17_x86_64.manylinux_2_28_x86_64.whl (215 kB)
Build Package	UNKNOWN STEP	2026-05-03T13:38:50.9192294Z Downloading idna-3.13-py3-none-any.whl (68 kB)
Build Package	UNKNOWN STEP	2026-05-03T13:38:50.9259345Z Downloading urllib3-2.6.3-py3-none-any.whl (131 kB)
Build Package	UNKNOWN STEP	2026-05-03T13:38:50.9317149Z Downloading certifi-2026.4.22-py3-none-any.whl (135 kB)
Build Package	UNKNOWN STEP	2026-05-03T13:38:50.9376596Z Downloading requests_toolbelt-1.0.0-py2.py3-none-any.whl (54 kB)
Build Package	UNKNOWN STEP	2026-05-03T13:38:50.9432481Z Downloading rfc3986-2.0.0-py2.py3-none-any.whl (31 kB)
Build Package	UNKNOWN STEP	2026-05-03T13:38:50.9490143Z Downloading rich-15.0.0-py3-none-any.whl (310 kB)
Build Package	UNKNOWN STEP	2026-05-03T13:38:50.9550927Z Downloading markdown_it_py-4.0.0-py3-none-any.whl (87 kB)
Build Package	UNKNOWN STEP	2026-05-03T13:38:50.9609497Z Downloading mdurl-0.1.2-py3-none-any.whl (10.0 kB)
Build Package	UNKNOWN STEP	2026-05-03T13:38:50.9668353Z Downloading secretstorage-3.5.0-py3-none-any.whl (15 kB)
Build Package	UNKNOWN STEP	2026-05-03T13:38:50.9723784Z Downloading cryptography-47.0.0-cp311-abi3-manylinux_2_34_x86_64.whl (4.7 MB)
Build Package	UNKNOWN STEP	2026-05-03T13:38:50.9893593Z    ━━━━━━━━━━━━━━━━━━━━━━━━━━━━━━━━━━━━━━━━ 4.7/4.7 MB 305.1 MB/s  0:00:00
Build Package	UNKNOWN STEP	2026-05-03T13:38:50.9928791Z Downloading cffi-2.0.0-cp313-cp313-manylinux2014_x86_64.manylinux_2_17_x86_64.whl (219 kB)
Build Package	UNKNOWN STEP	2026-05-03T13:38:51.0012326Z Downloading id-1.6.1-py3-none-any.whl (14 kB)
Build Package	UNKNOWN STEP	2026-05-03T13:38:51.0073354Z Downloading jaraco.classes-3.4.0-py3-none-any.whl (6.8 kB)
Build Package	UNKNOWN STEP	2026-05-03T13:38:51.0128966Z Downloading jaraco_context-6.1.2-py3-none-any.whl (7.9 kB)
Build Package	UNKNOWN STEP	2026-05-03T13:38:51.0202934Z Downloading jaraco_functools-4.4.0-py3-none-any.whl (10 kB)
Build Package	UNKNOWN STEP	2026-05-03T13:38:51.0257962Z Downloading more_itertools-11.0.2-py3-none-any.whl (71 kB)
Build Package	UNKNOWN STEP	2026-05-03T13:38:51.0318857Z Downloading pycparser-3.0-py3-none-any.whl (48 kB)
Build Package	UNKNOWN STEP	2026-05-03T13:38:51.0376137Z Downloading pyproject_hooks-1.2.0-py3-none-any.whl (10 kB)
Build Package	UNKNOWN STEP	2026-05-03T13:38:51.1893000Z Installing collected packages: urllib3, rfc3986, pyproject_hooks, Pygments, pycparser, packaging, nh3, more-itertools, mdurl, jeepney, jaraco.context, idna, docutils, charset_normalizer, certifi, requests, readme-renderer, markdown-it-py, jaraco.functools, jaraco.classes, id, cffi, build, rich, requests-toolbelt, cryptography, SecretStorage, keyring, twine
Build Package	UNKNOWN STEP	2026-05-03T13:38:53.4089391Z 
Build Package	UNKNOWN STEP	2026-05-03T13:38:53.4134759Z Successfully installed Pygments-2.20.0 SecretStorage-3.5.0 build-1.5.0 certifi-2026.4.22 cffi-2.0.0 charset_normalizer-3.4.7 cryptography-47.0.0 docutils-0.22.4 id-1.6.1 idna-3.13 jaraco.classes-3.4.0 jaraco.context-6.1.2 jaraco.functools-4.4.0 jeepney-0.9.0 keyring-25.7.0 markdown-it-py-4.0.0 mdurl-0.1.2 more-itertools-11.0.2 nh3-0.3.5 packaging-26.2 pycparser-3.0 pyproject_hooks-1.2.0 readme-renderer-44.0 requests-2.33.1 requests-toolbelt-1.0.0 rfc3986-2.0.0 rich-15.0.0 twine-6.2.0 urllib3-2.6.3
Build Package	UNKNOWN STEP	2026-05-03T13:38:53.5089271Z ##[group]Run python -m build
Build Package	UNKNOWN STEP	2026-05-03T13:38:53.5089584Z [36;1mpython -m build[0m
Build Package	UNKNOWN STEP	2026-05-03T13:38:53.5112865Z shell: /usr/bin/bash -e {0}
Build Package	UNKNOWN STEP	2026-05-03T13:38:53.5113110Z env:
Build Package	UNKNOWN STEP	2026-05-03T13:38:53.5113368Z   pythonLocation: /opt/hostedtoolcache/Python/3.13.13/x64
Build Package	UNKNOWN STEP	2026-05-03T13:38:53.5113956Z   PKG_CONFIG_PATH: /opt/hostedtoolcache/Python/3.13.13/x64/lib/pkgconfig
Build Package	UNKNOWN STEP	2026-05-03T13:38:53.5114373Z   Python_ROOT_DIR: /opt/hostedtoolcache/Python/3.13.13/x64
Build Package	UNKNOWN STEP	2026-05-03T13:38:53.5114971Z   Python2_ROOT_DIR: /opt/hostedtoolcache/Python/3.13.13/x64
Build Package	UNKNOWN STEP	2026-05-03T13:38:53.5115325Z   Python3_ROOT_DIR: /opt/hostedtoolcache/Python/3.13.13/x64
Build Package	UNKNOWN STEP	2026-05-03T13:38:53.5115686Z   LD_LIBRARY_PATH: /opt/hostedtoolcache/Python/3.13.13/x64/lib
Build Package	UNKNOWN STEP	2026-05-03T13:38:53.5115979Z ##[endgroup]
Build Package	UNKNOWN STEP	2026-05-03T13:38:53.6966150Z * Creating isolated environment: venv+pip...
Build Package	UNKNOWN STEP	2026-05-03T13:38:53.7619962Z * Installing packages in isolated environment:
Build Package	UNKNOWN STEP	2026-05-03T13:38:53.7620509Z   - setuptools>=61.0
Build Package	UNKNOWN STEP	2026-05-03T13:38:53.7620930Z   - wheel
Build Package	UNKNOWN STEP	2026-05-03T13:38:54.7560238Z * Getting build dependencies for sdist...
Build Package	UNKNOWN STEP	2026-05-03T13:38:55.2912948Z /tmp/build-env-h55gup07/lib/python3.13/site-packages/setuptools/config/_apply_pyprojecttoml.py:82: SetuptoolsDeprecationWarning: `project.license` as a TOML table is deprecated
Build Package	UNKNOWN STEP	2026-05-03T13:38:55.2914496Z !!
Build Package	UNKNOWN STEP	2026-05-03T13:38:55.2914996Z 
Build Package	UNKNOWN STEP	2026-05-03T13:38:55.2915194Z         ********************************************************************************
Build Package	UNKNOWN STEP	2026-05-03T13:38:55.2916329Z         Please use a simple string containing a SPDX expression for `project.license`. You can also use `project.license-files`. (Both options available on setuptools>=77.0.0).
Build Package	UNKNOWN STEP	2026-05-03T13:38:55.2917265Z 
Build Package	UNKNOWN STEP	2026-05-03T13:38:55.2917553Z         By 2027-Feb-18, you need to update your project and remove deprecated calls
Build Package	UNKNOWN STEP	2026-05-03T13:38:55.2918141Z         or your builds will no longer be supported.
Build Package	UNKNOWN STEP	2026-05-03T13:38:55.2918430Z 
Build Package	UNKNOWN STEP	2026-05-03T13:38:55.2918892Z         See https://packaging.python.org/en/latest/guides/writing-pyproject-toml/#license for details.
Build Package	UNKNOWN STEP	2026-05-03T13:38:55.2919641Z         ********************************************************************************
Build Package	UNKNOWN STEP	2026-05-03T13:38:55.2919967Z 
Build Package	UNKNOWN STEP	2026-05-03T13:38:55.2920065Z !!
Build Package	UNKNOWN STEP	2026-05-03T13:38:55.2920315Z   corresp(dist, value, root_dir)
Build Package	UNKNOWN STEP	2026-05-03T13:38:55.2921541Z /tmp/build-env-h55gup07/lib/python3.13/site-packages/setuptools/config/expand.py:128: SetuptoolsWarning: File '/home/runner/work/lino-objects-codec/lino-objects-codec/python/LICENSE' cannot be found
Build Package	UNKNOWN STEP	2026-05-03T13:38:55.2922821Z   for path in _filter_existing_files(_filepaths)
Build Package	UNKNOWN STEP	2026-05-03T13:38:55.4211388Z running egg_info
Build Package	UNKNOWN STEP	2026-05-03T13:38:55.4227323Z creating src/lino_objects_codec.egg-info
Build Package	UNKNOWN STEP	2026-05-03T13:38:55.4228775Z writing src/lino_objects_codec.egg-info/PKG-INFO
Build Package	UNKNOWN STEP	2026-05-03T13:38:55.4237251Z writing dependency_links to src/lino_objects_codec.egg-info/dependency_links.txt
Build Package	UNKNOWN STEP	2026-05-03T13:38:55.4241877Z writing requirements to src/lino_objects_codec.egg-info/requires.txt
Build Package	UNKNOWN STEP	2026-05-03T13:38:55.4242939Z writing top-level names to src/lino_objects_codec.egg-info/top_level.txt
Build Package	UNKNOWN STEP	2026-05-03T13:38:55.4244733Z writing manifest file 'src/lino_objects_codec.egg-info/SOURCES.txt'
Build Package	UNKNOWN STEP	2026-05-03T13:38:55.4292392Z reading manifest file 'src/lino_objects_codec.egg-info/SOURCES.txt'
Build Package	UNKNOWN STEP	2026-05-03T13:38:55.4301049Z writing manifest file 'src/lino_objects_codec.egg-info/SOURCES.txt'
Build Package	UNKNOWN STEP	2026-05-03T13:38:55.4559269Z * Building sdist...
Build Package	UNKNOWN STEP	2026-05-03T13:38:55.5912055Z /tmp/build-env-h55gup07/lib/python3.13/site-packages/setuptools/config/_apply_pyprojecttoml.py:82: SetuptoolsDeprecationWarning: `project.license` as a TOML table is deprecated
Build Package	UNKNOWN STEP	2026-05-03T13:38:55.5913553Z !!
Build Package	UNKNOWN STEP	2026-05-03T13:38:55.5913755Z 
Build Package	UNKNOWN STEP	2026-05-03T13:38:55.5914008Z         ********************************************************************************
Build Package	UNKNOWN STEP	2026-05-03T13:38:55.5915994Z         Please use a simple string containing a SPDX expression for `project.license`. You can also use `project.license-files`. (Both options available on setuptools>=77.0.0).
Build Package	UNKNOWN STEP	2026-05-03T13:38:55.5917334Z 
Build Package	UNKNOWN STEP	2026-05-03T13:38:55.5918231Z         By 2027-Feb-18, you need to update your project and remove deprecated calls
Build Package	UNKNOWN STEP	2026-05-03T13:38:55.5919100Z         or your builds will no longer be supported.
Build Package	UNKNOWN STEP	2026-05-03T13:38:55.5919521Z 
Build Package	UNKNOWN STEP	2026-05-03T13:38:55.5920365Z         See https://packaging.python.org/en/latest/guides/writing-pyproject-toml/#license for details.
Build Package	UNKNOWN STEP	2026-05-03T13:38:55.5920938Z         ********************************************************************************
Build Package	UNKNOWN STEP	2026-05-03T13:38:55.5921186Z 
Build Package	UNKNOWN STEP	2026-05-03T13:38:55.5921266Z !!
Build Package	UNKNOWN STEP	2026-05-03T13:38:55.5921458Z   corresp(dist, value, root_dir)
Build Package	UNKNOWN STEP	2026-05-03T13:38:55.5922373Z /tmp/build-env-h55gup07/lib/python3.13/site-packages/setuptools/config/expand.py:128: SetuptoolsWarning: File '/home/runner/work/lino-objects-codec/lino-objects-codec/python/LICENSE' cannot be found
Build Package	UNKNOWN STEP	2026-05-03T13:38:55.5923308Z   for path in _filter_existing_files(_filepaths)
Build Package	UNKNOWN STEP	2026-05-03T13:38:55.6116635Z running sdist
Build Package	UNKNOWN STEP	2026-05-03T13:38:55.6118414Z running egg_info
Build Package	UNKNOWN STEP	2026-05-03T13:38:55.6169360Z writing src/lino_objects_codec.egg-info/PKG-INFO
Build Package	UNKNOWN STEP	2026-05-03T13:38:55.6178862Z writing dependency_links to src/lino_objects_codec.egg-info/dependency_links.txt
Build Package	UNKNOWN STEP	2026-05-03T13:38:55.6183306Z writing requirements to src/lino_objects_codec.egg-info/requires.txt
Build Package	UNKNOWN STEP	2026-05-03T13:38:55.6184974Z writing top-level names to src/lino_objects_codec.egg-info/top_level.txt
Build Package	UNKNOWN STEP	2026-05-03T13:38:55.6232364Z reading manifest file 'src/lino_objects_codec.egg-info/SOURCES.txt'
Build Package	UNKNOWN STEP	2026-05-03T13:38:55.6242998Z writing manifest file 'src/lino_objects_codec.egg-info/SOURCES.txt'
Build Package	UNKNOWN STEP	2026-05-03T13:38:55.6245129Z running check
Build Package	UNKNOWN STEP	2026-05-03T13:38:55.6276031Z creating lino_objects_codec-0.2.0
Build Package	UNKNOWN STEP	2026-05-03T13:38:55.6279020Z creating lino_objects_codec-0.2.0/src/link_notation_objects_codec
Build Package	UNKNOWN STEP	2026-05-03T13:38:55.6280833Z creating lino_objects_codec-0.2.0/src/lino_objects_codec.egg-info
Build Package	UNKNOWN STEP	2026-05-03T13:38:55.6282221Z creating lino_objects_codec-0.2.0/tests
Build Package	UNKNOWN STEP	2026-05-03T13:38:55.6283432Z copying files to lino_objects_codec-0.2.0...
Build Package	UNKNOWN STEP	2026-05-03T13:38:55.6284407Z copying README.md -> lino_objects_codec-0.2.0
Build Package	UNKNOWN STEP	2026-05-03T13:38:55.6287069Z copying pyproject.toml -> lino_objects_codec-0.2.0
Build Package	UNKNOWN STEP	2026-05-03T13:38:55.6289083Z copying src/link_notation_objects_codec/__init__.py -> lino_objects_codec-0.2.0/src/link_notation_objects_codec
Build Package	UNKNOWN STEP	2026-05-03T13:38:55.6290912Z copying src/link_notation_objects_codec/codec.py -> lino_objects_codec-0.2.0/src/link_notation_objects_codec
Build Package	UNKNOWN STEP	2026-05-03T13:38:55.6292876Z copying src/link_notation_objects_codec/format.py -> lino_objects_codec-0.2.0/src/link_notation_objects_codec
Build Package	UNKNOWN STEP	2026-05-03T13:38:55.6294931Z copying src/lino_objects_codec.egg-info/PKG-INFO -> lino_objects_codec-0.2.0/src/lino_objects_codec.egg-info
Build Package	UNKNOWN STEP	2026-05-03T13:38:55.6296796Z copying src/lino_objects_codec.egg-info/SOURCES.txt -> lino_objects_codec-0.2.0/src/lino_objects_codec.egg-info
Build Package	UNKNOWN STEP	2026-05-03T13:38:55.6298580Z copying src/lino_objects_codec.egg-info/dependency_links.txt -> lino_objects_codec-0.2.0/src/lino_objects_codec.egg-info
Build Package	UNKNOWN STEP	2026-05-03T13:38:55.6300143Z copying src/lino_objects_codec.egg-info/requires.txt -> lino_objects_codec-0.2.0/src/lino_objects_codec.egg-info
Build Package	UNKNOWN STEP	2026-05-03T13:38:55.6301908Z copying src/lino_objects_codec.egg-info/top_level.txt -> lino_objects_codec-0.2.0/src/lino_objects_codec.egg-info
Build Package	UNKNOWN STEP	2026-05-03T13:38:55.6303299Z copying tests/test_basic_types.py -> lino_objects_codec-0.2.0/tests
Build Package	UNKNOWN STEP	2026-05-03T13:38:55.6305325Z copying tests/test_circular_references.py -> lino_objects_codec-0.2.0/tests
Build Package	UNKNOWN STEP	2026-05-03T13:38:55.6307107Z copying tests/test_collections.py -> lino_objects_codec-0.2.0/tests
Build Package	UNKNOWN STEP	2026-05-03T13:38:55.6308930Z copying tests/test_format.py -> lino_objects_codec-0.2.0/tests
Build Package	UNKNOWN STEP	2026-05-03T13:38:55.6311009Z copying src/lino_objects_codec.egg-info/SOURCES.txt -> lino_objects_codec-0.2.0/src/lino_objects_codec.egg-info
Build Package	UNKNOWN STEP	2026-05-03T13:38:55.6320023Z Writing lino_objects_codec-0.2.0/setup.cfg
Build Package	UNKNOWN STEP	2026-05-03T13:38:55.6322393Z Creating tar archive
Build Package	UNKNOWN STEP	2026-05-03T13:38:55.6414411Z removing 'lino_objects_codec-0.2.0' (and everything under it)
Build Package	UNKNOWN STEP	2026-05-03T13:38:55.6879675Z * Building wheel from sdist
Build Package	UNKNOWN STEP	2026-05-03T13:38:55.7077236Z * Creating isolated environment: venv+pip...
Build Package	UNKNOWN STEP	2026-05-03T13:38:55.7099491Z * Installing packages in isolated environment:
Build Package	UNKNOWN STEP	2026-05-03T13:38:55.7100122Z   - setuptools>=61.0
Build Package	UNKNOWN STEP	2026-05-03T13:38:55.7100452Z   - wheel
Build Package	UNKNOWN STEP	2026-05-03T13:38:56.5748116Z * Getting build dependencies for wheel...
Build Package	UNKNOWN STEP	2026-05-03T13:38:56.9156520Z /tmp/build-env-x_amje0j/lib/python3.13/site-packages/setuptools/config/_apply_pyprojecttoml.py:82: SetuptoolsDeprecationWarning: `project.license` as a TOML table is deprecated
Build Package	UNKNOWN STEP	2026-05-03T13:38:56.9157866Z !!
Build Package	UNKNOWN STEP	2026-05-03T13:38:56.9158005Z 
Build Package	UNKNOWN STEP	2026-05-03T13:38:56.9158165Z         ********************************************************************************
Build Package	UNKNOWN STEP	2026-05-03T13:38:56.9159130Z         Please use a simple string containing a SPDX expression for `project.license`. You can also use `project.license-files`. (Both options available on setuptools>=77.0.0).
Build Package	UNKNOWN STEP	2026-05-03T13:38:56.9159909Z 
Build Package	UNKNOWN STEP	2026-05-03T13:38:56.9160183Z         By 2027-Feb-18, you need to update your project and remove deprecated calls
Build Package	UNKNOWN STEP	2026-05-03T13:38:56.9160691Z         or your builds will no longer be supported.
Build Package	UNKNOWN STEP	2026-05-03T13:38:56.9160944Z 
Build Package	UNKNOWN STEP	2026-05-03T13:38:56.9161329Z         See https://packaging.python.org/en/latest/guides/writing-pyproject-toml/#license for details.
Build Package	UNKNOWN STEP	2026-05-03T13:38:56.9161977Z         ********************************************************************************
Build Package	UNKNOWN STEP	2026-05-03T13:38:56.9162256Z 
Build Package	UNKNOWN STEP	2026-05-03T13:38:56.9162350Z !!
Build Package	UNKNOWN STEP	2026-05-03T13:38:56.9162571Z   corresp(dist, value, root_dir)
Build Package	UNKNOWN STEP	2026-05-03T13:38:56.9163546Z /tmp/build-env-x_amje0j/lib/python3.13/site-packages/setuptools/config/expand.py:128: SetuptoolsWarning: File '/tmp/build-via-sdist-m4odm0jv/lino_objects_codec-0.2.0/LICENSE' cannot be found
Build Package	UNKNOWN STEP	2026-05-03T13:38:56.9164856Z   for path in _filter_existing_files(_filepaths)
Build Package	UNKNOWN STEP	2026-05-03T13:38:57.0117281Z running egg_info
Build Package	UNKNOWN STEP	2026-05-03T13:38:57.0144349Z writing src/lino_objects_codec.egg-info/PKG-INFO
Build Package	UNKNOWN STEP	2026-05-03T13:38:57.0158769Z writing dependency_links to src/lino_objects_codec.egg-info/dependency_links.txt
Build Package	UNKNOWN STEP	2026-05-03T13:38:57.0166261Z writing requirements to src/lino_objects_codec.egg-info/requires.txt
Build Package	UNKNOWN STEP	2026-05-03T13:38:57.0167834Z writing top-level names to src/lino_objects_codec.egg-info/top_level.txt
Build Package	UNKNOWN STEP	2026-05-03T13:38:57.0232495Z reading manifest file 'src/lino_objects_codec.egg-info/SOURCES.txt'
Build Package	UNKNOWN STEP	2026-05-03T13:38:57.0243465Z writing manifest file 'src/lino_objects_codec.egg-info/SOURCES.txt'
Build Package	UNKNOWN STEP	2026-05-03T13:38:57.0501308Z * Building wheel...
Build Package	UNKNOWN STEP	2026-05-03T13:38:57.1865265Z /tmp/build-env-x_amje0j/lib/python3.13/site-packages/setuptools/config/_apply_pyprojecttoml.py:82: SetuptoolsDeprecationWarning: `project.license` as a TOML table is deprecated
Build Package	UNKNOWN STEP	2026-05-03T13:38:57.1867027Z !!
Build Package	UNKNOWN STEP	2026-05-03T13:38:57.1867236Z 
Build Package	UNKNOWN STEP	2026-05-03T13:38:57.1867501Z         ********************************************************************************
Build Package	UNKNOWN STEP	2026-05-03T13:38:57.1869162Z         Please use a simple string containing a SPDX expression for `project.license`. You can also use `project.license-files`. (Both options available on setuptools>=77.0.0).
Build Package	UNKNOWN STEP	2026-05-03T13:38:57.1870064Z 
Build Package	UNKNOWN STEP	2026-05-03T13:38:57.1870308Z         By 2027-Feb-18, you need to update your project and remove deprecated calls
Build Package	UNKNOWN STEP	2026-05-03T13:38:57.1870819Z         or your builds will no longer be supported.
Build Package	UNKNOWN STEP	2026-05-03T13:38:57.1871080Z 
Build Package	UNKNOWN STEP	2026-05-03T13:38:57.1871464Z         See https://packaging.python.org/en/latest/guides/writing-pyproject-toml/#license for details.
Build Package	UNKNOWN STEP	2026-05-03T13:38:57.1872092Z         ********************************************************************************
Build Package	UNKNOWN STEP	2026-05-03T13:38:57.1872373Z 
Build Package	UNKNOWN STEP	2026-05-03T13:38:57.1872458Z !!
Build Package	UNKNOWN STEP	2026-05-03T13:38:57.1872675Z   corresp(dist, value, root_dir)
Build Package	UNKNOWN STEP	2026-05-03T13:38:57.1873651Z /tmp/build-env-x_amje0j/lib/python3.13/site-packages/setuptools/config/expand.py:128: SetuptoolsWarning: File '/tmp/build-via-sdist-m4odm0jv/lino_objects_codec-0.2.0/LICENSE' cannot be found
Build Package	UNKNOWN STEP	2026-05-03T13:38:57.1874862Z   for path in _filter_existing_files(_filepaths)
Build Package	UNKNOWN STEP	2026-05-03T13:38:57.2054288Z running bdist_wheel
Build Package	UNKNOWN STEP	2026-05-03T13:38:57.2145633Z running build
Build Package	UNKNOWN STEP	2026-05-03T13:38:57.2145977Z running build_py
Build Package	UNKNOWN STEP	2026-05-03T13:38:57.2162590Z creating build/lib/link_notation_objects_codec
Build Package	UNKNOWN STEP	2026-05-03T13:38:57.2165795Z copying src/link_notation_objects_codec/codec.py -> build/lib/link_notation_objects_codec
Build Package	UNKNOWN STEP	2026-05-03T13:38:57.2168532Z copying src/link_notation_objects_codec/format.py -> build/lib/link_notation_objects_codec
Build Package	UNKNOWN STEP	2026-05-03T13:38:57.2170671Z copying src/link_notation_objects_codec/__init__.py -> build/lib/link_notation_objects_codec
Build Package	UNKNOWN STEP	2026-05-03T13:38:57.2172029Z running egg_info
Build Package	UNKNOWN STEP	2026-05-03T13:38:57.2186804Z writing src/lino_objects_codec.egg-info/PKG-INFO
Build Package	UNKNOWN STEP	2026-05-03T13:38:57.2196767Z writing dependency_links to src/lino_objects_codec.egg-info/dependency_links.txt
Build Package	UNKNOWN STEP	2026-05-03T13:38:57.2202009Z writing requirements to src/lino_objects_codec.egg-info/requires.txt
Build Package	UNKNOWN STEP	2026-05-03T13:38:57.2203448Z writing top-level names to src/lino_objects_codec.egg-info/top_level.txt
Build Package	UNKNOWN STEP	2026-05-03T13:38:57.2226324Z reading manifest file 'src/lino_objects_codec.egg-info/SOURCES.txt'
Build Package	UNKNOWN STEP	2026-05-03T13:38:57.2238062Z writing manifest file 'src/lino_objects_codec.egg-info/SOURCES.txt'
Build Package	UNKNOWN STEP	2026-05-03T13:38:57.2268705Z installing to build/bdist.linux-x86_64/wheel
Build Package	UNKNOWN STEP	2026-05-03T13:38:57.2269238Z running install
Build Package	UNKNOWN STEP	2026-05-03T13:38:57.2339873Z running install_lib
Build Package	UNKNOWN STEP	2026-05-03T13:38:57.2355627Z creating build/bdist.linux-x86_64/wheel
Build Package	UNKNOWN STEP	2026-05-03T13:38:57.2358385Z creating build/bdist.linux-x86_64/wheel/link_notation_objects_codec
Build Package	UNKNOWN STEP	2026-05-03T13:38:57.2360248Z copying build/lib/link_notation_objects_codec/codec.py -> build/bdist.linux-x86_64/wheel/./link_notation_objects_codec
Build Package	UNKNOWN STEP	2026-05-03T13:38:57.2362492Z copying build/lib/link_notation_objects_codec/format.py -> build/bdist.linux-x86_64/wheel/./link_notation_objects_codec
Build Package	UNKNOWN STEP	2026-05-03T13:38:57.2364138Z copying build/lib/link_notation_objects_codec/__init__.py -> build/bdist.linux-x86_64/wheel/./link_notation_objects_codec
Build Package	UNKNOWN STEP	2026-05-03T13:38:57.2365713Z running install_egg_info
Build Package	UNKNOWN STEP	2026-05-03T13:38:57.2380736Z Copying src/lino_objects_codec.egg-info to build/bdist.linux-x86_64/wheel/./lino_objects_codec-0.2.0-py3.13.egg-info
Build Package	UNKNOWN STEP	2026-05-03T13:38:57.2388950Z running install_scripts
Build Package	UNKNOWN STEP	2026-05-03T13:38:57.2397876Z creating build/bdist.linux-x86_64/wheel/lino_objects_codec-0.2.0.dist-info/WHEEL
Build Package	UNKNOWN STEP	2026-05-03T13:38:57.2403011Z creating '/home/runner/work/lino-objects-codec/lino-objects-codec/python/dist/.tmp-ui8tpcd_/lino_objects_codec-0.2.0-py3-none-any.whl' and adding 'build/bdist.linux-x86_64/wheel' to it
Build Package	UNKNOWN STEP	2026-05-03T13:38:57.2406670Z adding 'link_notation_objects_codec/__init__.py'
Build Package	UNKNOWN STEP	2026-05-03T13:38:57.2413407Z adding 'link_notation_objects_codec/codec.py'
Build Package	UNKNOWN STEP	2026-05-03T13:38:57.2417614Z adding 'link_notation_objects_codec/format.py'
Build Package	UNKNOWN STEP	2026-05-03T13:38:57.2422474Z adding 'lino_objects_codec-0.2.0.dist-info/METADATA'
Build Package	UNKNOWN STEP	2026-05-03T13:38:57.2423947Z adding 'lino_objects_codec-0.2.0.dist-info/WHEEL'
Build Package	UNKNOWN STEP	2026-05-03T13:38:57.2426064Z adding 'lino_objects_codec-0.2.0.dist-info/top_level.txt'
Build Package	UNKNOWN STEP	2026-05-03T13:38:57.2428617Z adding 'lino_objects_codec-0.2.0.dist-info/RECORD'
Build Package	UNKNOWN STEP	2026-05-03T13:38:57.2429436Z removing build/bdist.linux-x86_64/wheel
Build Package	UNKNOWN STEP	2026-05-03T13:38:57.2893578Z Successfully built lino_objects_codec-0.2.0.tar.gz and lino_objects_codec-0.2.0-py3-none-any.whl
Build Package	UNKNOWN STEP	2026-05-03T13:38:57.3080831Z ##[group]Run twine check dist/*
Build Package	UNKNOWN STEP	2026-05-03T13:38:57.3081146Z [36;1mtwine check dist/*[0m
Build Package	UNKNOWN STEP	2026-05-03T13:38:57.3102756Z shell: /usr/bin/bash -e {0}
Build Package	UNKNOWN STEP	2026-05-03T13:38:57.3102996Z env:
Build Package	UNKNOWN STEP	2026-05-03T13:38:57.3103252Z   pythonLocation: /opt/hostedtoolcache/Python/3.13.13/x64
Build Package	UNKNOWN STEP	2026-05-03T13:38:57.3103679Z   PKG_CONFIG_PATH: /opt/hostedtoolcache/Python/3.13.13/x64/lib/pkgconfig
Build Package	UNKNOWN STEP	2026-05-03T13:38:57.3104090Z   Python_ROOT_DIR: /opt/hostedtoolcache/Python/3.13.13/x64
Build Package	UNKNOWN STEP	2026-05-03T13:38:57.3104448Z   Python2_ROOT_DIR: /opt/hostedtoolcache/Python/3.13.13/x64
Build Package	UNKNOWN STEP	2026-05-03T13:38:57.3105183Z   Python3_ROOT_DIR: /opt/hostedtoolcache/Python/3.13.13/x64
Build Package	UNKNOWN STEP	2026-05-03T13:38:57.3105559Z   LD_LIBRARY_PATH: /opt/hostedtoolcache/Python/3.13.13/x64/lib
Build Package	UNKNOWN STEP	2026-05-03T13:38:57.3105860Z ##[endgroup]
Build Package	UNKNOWN STEP	2026-05-03T13:38:58.9695615Z Checking dist/lino_objects_codec-0.2.0-py3-none-any.whl: [32mPASSED[0m
Build Package	UNKNOWN STEP	2026-05-03T13:38:58.9734193Z Checking dist/lino_objects_codec-0.2.0.tar.gz: [32mPASSED[0m
Build Package	UNKNOWN STEP	2026-05-03T13:38:59.0113399Z ##[group]Run actions/upload-artifact@v4
Build Package	UNKNOWN STEP	2026-05-03T13:38:59.0113849Z with:
Build Package	UNKNOWN STEP	2026-05-03T13:38:59.0114012Z   name: dist
Build Package	UNKNOWN STEP	2026-05-03T13:38:59.0114196Z   path: python/dist/
Build Package	UNKNOWN STEP	2026-05-03T13:38:59.0114394Z   if-no-files-found: warn
Build Package	UNKNOWN STEP	2026-05-03T13:38:59.0114918Z   compression-level: 6
Build Package	UNKNOWN STEP	2026-05-03T13:38:59.0115261Z   overwrite: false
Build Package	UNKNOWN STEP	2026-05-03T13:38:59.0115466Z   include-hidden-files: false
Build Package	UNKNOWN STEP	2026-05-03T13:38:59.0115674Z env:
Build Package	UNKNOWN STEP	2026-05-03T13:38:59.0115923Z   pythonLocation: /opt/hostedtoolcache/Python/3.13.13/x64
Build Package	UNKNOWN STEP	2026-05-03T13:38:59.0116329Z   PKG_CONFIG_PATH: /opt/hostedtoolcache/Python/3.13.13/x64/lib/pkgconfig
Build Package	UNKNOWN STEP	2026-05-03T13:38:59.0116774Z   Python_ROOT_DIR: /opt/hostedtoolcache/Python/3.13.13/x64
Build Package	UNKNOWN STEP	2026-05-03T13:38:59.0117128Z   Python2_ROOT_DIR: /opt/hostedtoolcache/Python/3.13.13/x64
Build Package	UNKNOWN STEP	2026-05-03T13:38:59.0117476Z   Python3_ROOT_DIR: /opt/hostedtoolcache/Python/3.13.13/x64
Build Package	UNKNOWN STEP	2026-05-03T13:38:59.0117833Z   LD_LIBRARY_PATH: /opt/hostedtoolcache/Python/3.13.13/x64/lib
Build Package	UNKNOWN STEP	2026-05-03T13:38:59.0118160Z ##[endgroup]
Build Package	UNKNOWN STEP	2026-05-03T13:38:59.2338784Z With the provided path, there will be 2 files uploaded
Build Package	UNKNOWN STEP	2026-05-03T13:38:59.2343845Z Artifact name is valid!
Build Package	UNKNOWN STEP	2026-05-03T13:38:59.2345471Z Root directory input is valid!
Build Package	UNKNOWN STEP	2026-05-03T13:38:59.4025515Z Beginning upload of artifact content to blob storage
Build Package	UNKNOWN STEP	2026-05-03T13:38:59.5712391Z Uploaded bytes 29651
Build Package	UNKNOWN STEP	2026-05-03T13:38:59.6092382Z Finished uploading artifact content to blob storage!
Build Package	UNKNOWN STEP	2026-05-03T13:38:59.6095756Z SHA256 digest of uploaded artifact zip is 60bd33848a2de1efa3d807549779837dabcfc9d8ff52d8fa13617b786772d5a9
Build Package	UNKNOWN STEP	2026-05-03T13:38:59.6097838Z Finalizing artifact upload
Build Package	UNKNOWN STEP	2026-05-03T13:38:59.7335191Z Artifact dist.zip successfully finalized. Artifact ID 6771052593
Build Package	UNKNOWN STEP	2026-05-03T13:38:59.7336710Z Artifact dist has been successfully uploaded! Final size is 29651 bytes. Artifact ID is 6771052593
Build Package	UNKNOWN STEP	2026-05-03T13:38:59.7344740Z Artifact download URL: https://github.com/link-foundation/lino-objects-codec/actions/runs/25280681545/artifacts/6771052593
Build Package	UNKNOWN STEP	2026-05-03T13:38:59.7469417Z Post job cleanup.
Build Package	UNKNOWN STEP	2026-05-03T13:38:59.9116339Z Post job cleanup.
Build Package	UNKNOWN STEP	2026-05-03T13:39:00.0106126Z [command]/usr/bin/git version
Build Package	UNKNOWN STEP	2026-05-03T13:39:00.0145589Z git version 2.53.0
Build Package	UNKNOWN STEP	2026-05-03T13:39:00.0193306Z Temporarily overriding HOME='/home/runner/work/_temp/f861f8b2-d605-4e57-9cb5-3923e47bbfcc' before making global git config changes
Build Package	UNKNOWN STEP	2026-05-03T13:39:00.0195419Z Adding repository directory to the temporary git global config as a safe directory
Build Package	UNKNOWN STEP	2026-05-03T13:39:00.0209474Z [command]/usr/bin/git config --global --add safe.directory /home/runner/work/lino-objects-codec/lino-objects-codec
Build Package	UNKNOWN STEP	2026-05-03T13:39:00.0246017Z [command]/usr/bin/git config --local --name-only --get-regexp core\.sshCommand
Build Package	UNKNOWN STEP	2026-05-03T13:39:00.0278638Z [command]/usr/bin/git submodule foreach --recursive sh -c "git config --local --name-only --get-regexp 'core\.sshCommand' && git config --local --unset-all 'core.sshCommand' || :"
Build Package	UNKNOWN STEP	2026-05-03T13:39:00.0509397Z [command]/usr/bin/git config --local --name-only --get-regexp http\.https\:\/\/github\.com\/\.extraheader
Build Package	UNKNOWN STEP	2026-05-03T13:39:00.0533247Z http.https://github.com/.extraheader
Build Package	UNKNOWN STEP	2026-05-03T13:39:00.0547390Z [command]/usr/bin/git config --local --unset-all http.https://github.com/.extraheader
Build Package	UNKNOWN STEP	2026-05-03T13:39:00.0580712Z [command]/usr/bin/git submodule foreach --recursive sh -c "git config --local --name-only --get-regexp 'http\.https\:\/\/github\.com\/\.extraheader' && git config --local --unset-all 'http.https://github.com/.extraheader' || :"
Build Package	UNKNOWN STEP	2026-05-03T13:39:00.0820771Z [command]/usr/bin/git config --local --name-only --get-regexp ^includeIf\.gitdir:
Build Package	UNKNOWN STEP	2026-05-03T13:39:00.0854076Z [command]/usr/bin/git submodule foreach --recursive git config --local --show-origin --name-only --get-regexp remote.origin.url
Build Package	UNKNOWN STEP	2026-05-03T13:39:00.1205399Z Cleaning up orphan processes
Build Package	UNKNOWN STEP	2026-05-03T13:39:00.1458213Z ##[warning]Node.js 20 actions are deprecated. The following actions are running on Node.js 20 and may not work as expected: actions/checkout@v4, actions/setup-python@v5, actions/upload-artifact@v4. Actions will be forced to run with Node.js 24 by default starting June 2nd, 2026. Node.js 20 will be removed from the runner on September 16th, 2026. Please check if updated versions of these actions are available that support Node.js 24. To opt into Node.js 24 now, set the FORCE_JAVASCRIPT_ACTIONS_TO_NODE24=true environment variable on the runner or in your workflow file. Once Node.js 24 becomes the default, you can temporarily opt out by setting ACTIONS_ALLOW_USE_UNSECURE_NODE_VERSION=true. For more information see: https://github.blog/changelog/2025-09-19-deprecation-of-node-20-on-github-actions-runners/
Auto Release	UNKNOWN STEP	﻿2026-05-03T13:39:05.3047973Z Current runner version: '2.334.0'
Auto Release	UNKNOWN STEP	2026-05-03T13:39:05.3071722Z ##[group]Runner Image Provisioner
Auto Release	UNKNOWN STEP	2026-05-03T13:39:05.3072431Z Hosted Compute Agent
Auto Release	UNKNOWN STEP	2026-05-03T13:39:05.3072901Z Version: 20260213.493
Auto Release	UNKNOWN STEP	2026-05-03T13:39:05.3073465Z Commit: 5c115507f6dd24b8de37d8bbe0bb4509d0cc0fa3
Auto Release	UNKNOWN STEP	2026-05-03T13:39:05.3074080Z Build Date: 2026-02-13T00:28:41Z
Auto Release	UNKNOWN STEP	2026-05-03T13:39:05.3074646Z Worker ID: {8ead3b1b-2fbf-476c-8b74-c17c98d19e0d}
Auto Release	UNKNOWN STEP	2026-05-03T13:39:05.3075313Z Azure Region: westus3
Auto Release	UNKNOWN STEP	2026-05-03T13:39:05.3075770Z ##[endgroup]
Auto Release	UNKNOWN STEP	2026-05-03T13:39:05.3077413Z ##[group]Operating System
Auto Release	UNKNOWN STEP	2026-05-03T13:39:05.3078010Z Ubuntu
Auto Release	UNKNOWN STEP	2026-05-03T13:39:05.3078410Z 24.04.4
Auto Release	UNKNOWN STEP	2026-05-03T13:39:05.3078854Z LTS
Auto Release	UNKNOWN STEP	2026-05-03T13:39:05.3079255Z ##[endgroup]
Auto Release	UNKNOWN STEP	2026-05-03T13:39:05.3079751Z ##[group]Runner Image
Auto Release	UNKNOWN STEP	2026-05-03T13:39:05.3080203Z Image: ubuntu-24.04
Auto Release	UNKNOWN STEP	2026-05-03T13:39:05.3080953Z Version: 20260413.86.1
Auto Release	UNKNOWN STEP	2026-05-03T13:39:05.3082065Z Included Software: https://github.com/actions/runner-images/blob/ubuntu24/20260413.86/images/ubuntu/Ubuntu2404-Readme.md
Auto Release	UNKNOWN STEP	2026-05-03T13:39:05.3083362Z Image Release: https://github.com/actions/runner-images/releases/tag/ubuntu24%2F20260413.86
Auto Release	UNKNOWN STEP	2026-05-03T13:39:05.3084098Z ##[endgroup]
Auto Release	UNKNOWN STEP	2026-05-03T13:39:05.3084986Z ##[group]GITHUB_TOKEN Permissions
Auto Release	UNKNOWN STEP	2026-05-03T13:39:05.3087004Z Contents: write
Auto Release	UNKNOWN STEP	2026-05-03T13:39:05.3087596Z Metadata: read
Auto Release	UNKNOWN STEP	2026-05-03T13:39:05.3088026Z ##[endgroup]
Auto Release	UNKNOWN STEP	2026-05-03T13:39:05.3090048Z Secret source: Actions
Auto Release	UNKNOWN STEP	2026-05-03T13:39:05.3090627Z Prepare workflow directory
Auto Release	UNKNOWN STEP	2026-05-03T13:39:05.3395266Z Prepare all required actions
Auto Release	UNKNOWN STEP	2026-05-03T13:39:05.3442200Z Getting action download info
Auto Release	UNKNOWN STEP	2026-05-03T13:39:05.8460896Z Download action repository 'actions/checkout@v4' (SHA:34e114876b0b11c390a56381ad16ebd13914f8d5)
Auto Release	UNKNOWN STEP	2026-05-03T13:39:05.9498862Z Download action repository 'actions/setup-python@v5' (SHA:a26af69be951a213d495a4c3e4e4022e16d87065)
Auto Release	UNKNOWN STEP	2026-05-03T13:39:06.0130797Z Download action repository 'actions/download-artifact@v4' (SHA:d3f86a106a0bac45b974a628896c90dbdf5c8093)
Auto Release	UNKNOWN STEP	2026-05-03T13:39:06.7478230Z Download action repository 'pypa/gh-action-pypi-publish@release/v1' (SHA:cef221092ed1bacb1cc03d23a2d87d1d172e277b)
Auto Release	UNKNOWN STEP	2026-05-03T13:39:07.1868162Z Getting action download info
Auto Release	UNKNOWN STEP	2026-05-03T13:39:07.3698117Z Download action repository 'actions/setup-python@a26af69be951a213d495a4c3e4e4022e16d87065' (SHA:a26af69be951a213d495a4c3e4e4022e16d87065)
Auto Release	UNKNOWN STEP	2026-05-03T13:39:07.4751778Z Complete job name: Auto Release
Auto Release	UNKNOWN STEP	2026-05-03T13:39:07.5608638Z ##[group]Run actions/checkout@v4
Auto Release	UNKNOWN STEP	2026-05-03T13:39:07.5609785Z with:
Auto Release	UNKNOWN STEP	2026-05-03T13:39:07.5610410Z   fetch-depth: 0
Auto Release	UNKNOWN STEP	2026-05-03T13:39:07.5611226Z   repository: link-foundation/lino-objects-codec
Auto Release	UNKNOWN STEP	2026-05-03T13:39:07.5612471Z   token: ***
Auto Release	UNKNOWN STEP	2026-05-03T13:39:07.5613115Z   ssh-strict: true
Auto Release	UNKNOWN STEP	2026-05-03T13:39:07.5613789Z   ssh-user: git
Auto Release	UNKNOWN STEP	2026-05-03T13:39:07.5614488Z   persist-credentials: true
Auto Release	UNKNOWN STEP	2026-05-03T13:39:07.5615241Z   clean: true
Auto Release	UNKNOWN STEP	2026-05-03T13:39:07.5615937Z   sparse-checkout-cone-mode: true
Auto Release	UNKNOWN STEP	2026-05-03T13:39:07.5616764Z   fetch-tags: false
Auto Release	UNKNOWN STEP	2026-05-03T13:39:07.5617737Z   show-progress: true
Auto Release	UNKNOWN STEP	2026-05-03T13:39:07.5618642Z   lfs: false
Auto Release	UNKNOWN STEP	2026-05-03T13:39:07.5619395Z   submodules: false
Auto Release	UNKNOWN STEP	2026-05-03T13:39:07.5620119Z   set-safe-directory: true
Auto Release	UNKNOWN STEP	2026-05-03T13:39:07.5621199Z ##[endgroup]
Auto Release	UNKNOWN STEP	2026-05-03T13:39:07.6739890Z Syncing repository: link-foundation/lino-objects-codec
Auto Release	UNKNOWN STEP	2026-05-03T13:39:07.6742394Z ##[group]Getting Git version info
Auto Release	UNKNOWN STEP	2026-05-03T13:39:07.6743791Z Working directory is '/home/runner/work/lino-objects-codec/lino-objects-codec'
Auto Release	UNKNOWN STEP	2026-05-03T13:39:07.6745741Z [command]/usr/bin/git version
Auto Release	UNKNOWN STEP	2026-05-03T13:39:07.6763521Z git version 2.53.0
Auto Release	UNKNOWN STEP	2026-05-03T13:39:07.6786934Z ##[endgroup]
Auto Release	UNKNOWN STEP	2026-05-03T13:39:07.6800370Z Temporarily overriding HOME='/home/runner/work/_temp/d08e3f2b-1918-4dfb-a6eb-d544c187ccd1' before making global git config changes
Auto Release	UNKNOWN STEP	2026-05-03T13:39:07.6802787Z Adding repository directory to the temporary git global config as a safe directory
Auto Release	UNKNOWN STEP	2026-05-03T13:39:07.6805948Z [command]/usr/bin/git config --global --add safe.directory /home/runner/work/lino-objects-codec/lino-objects-codec
Auto Release	UNKNOWN STEP	2026-05-03T13:39:07.6832098Z Deleting the contents of '/home/runner/work/lino-objects-codec/lino-objects-codec'
Auto Release	UNKNOWN STEP	2026-05-03T13:39:07.6834917Z ##[group]Initializing the repository
Auto Release	UNKNOWN STEP	2026-05-03T13:39:07.6839143Z [command]/usr/bin/git init /home/runner/work/lino-objects-codec/lino-objects-codec
Auto Release	UNKNOWN STEP	2026-05-03T13:39:07.6899570Z hint: Using 'master' as the name for the initial branch. This default branch name
Auto Release	UNKNOWN STEP	2026-05-03T13:39:07.6901976Z hint: will change to "main" in Git 3.0. To configure the initial branch name
Auto Release	UNKNOWN STEP	2026-05-03T13:39:07.6904310Z hint: to use in all of your new repositories, which will suppress this warning,
Auto Release	UNKNOWN STEP	2026-05-03T13:39:07.6906019Z hint: call:
Auto Release	UNKNOWN STEP	2026-05-03T13:39:07.6906651Z hint:
Auto Release	UNKNOWN STEP	2026-05-03T13:39:07.6907802Z hint: 	git config --global init.defaultBranch <name>
Auto Release	UNKNOWN STEP	2026-05-03T13:39:07.6908791Z hint:
Auto Release	UNKNOWN STEP	2026-05-03T13:39:07.6909739Z hint: Names commonly chosen instead of 'master' are 'main', 'trunk' and
Auto Release	UNKNOWN STEP	2026-05-03T13:39:07.6911673Z hint: 'development'. The just-created branch can be renamed via this command:
Auto Release	UNKNOWN STEP	2026-05-03T13:39:07.6912880Z hint:
Auto Release	UNKNOWN STEP	2026-05-03T13:39:07.6913572Z hint: 	git branch -m <name>
Auto Release	UNKNOWN STEP	2026-05-03T13:39:07.6914364Z hint:
Auto Release	UNKNOWN STEP	2026-05-03T13:39:07.6915554Z hint: Disable this message with "git config set advice.defaultBranchName false"
Auto Release	UNKNOWN STEP	2026-05-03T13:39:07.6917705Z Initialized empty Git repository in /home/runner/work/lino-objects-codec/lino-objects-codec/.git/
Auto Release	UNKNOWN STEP	2026-05-03T13:39:07.6921166Z [command]/usr/bin/git remote add origin https://github.com/link-foundation/lino-objects-codec
Auto Release	UNKNOWN STEP	2026-05-03T13:39:07.6937597Z ##[endgroup]
Auto Release	UNKNOWN STEP	2026-05-03T13:39:07.6938835Z ##[group]Disabling automatic garbage collection
Auto Release	UNKNOWN STEP	2026-05-03T13:39:07.6940184Z [command]/usr/bin/git config --local gc.auto 0
Auto Release	UNKNOWN STEP	2026-05-03T13:39:07.6964238Z ##[endgroup]
Auto Release	UNKNOWN STEP	2026-05-03T13:39:07.6965417Z ##[group]Setting up auth
Auto Release	UNKNOWN STEP	2026-05-03T13:39:07.6969815Z [command]/usr/bin/git config --local --name-only --get-regexp core\.sshCommand
Auto Release	UNKNOWN STEP	2026-05-03T13:39:07.6994592Z [command]/usr/bin/git submodule foreach --recursive sh -c "git config --local --name-only --get-regexp 'core\.sshCommand' && git config --local --unset-all 'core.sshCommand' || :"
Auto Release	UNKNOWN STEP	2026-05-03T13:39:07.7218817Z [command]/usr/bin/git config --local --name-only --get-regexp http\.https\:\/\/github\.com\/\.extraheader
Auto Release	UNKNOWN STEP	2026-05-03T13:39:07.7243745Z [command]/usr/bin/git submodule foreach --recursive sh -c "git config --local --name-only --get-regexp 'http\.https\:\/\/github\.com\/\.extraheader' && git config --local --unset-all 'http.https://github.com/.extraheader' || :"
Auto Release	UNKNOWN STEP	2026-05-03T13:39:07.7418256Z [command]/usr/bin/git config --local --name-only --get-regexp ^includeIf\.gitdir:
Auto Release	UNKNOWN STEP	2026-05-03T13:39:07.7450602Z [command]/usr/bin/git submodule foreach --recursive git config --local --show-origin --name-only --get-regexp remote.origin.url
Auto Release	UNKNOWN STEP	2026-05-03T13:39:07.7626827Z [command]/usr/bin/git config --local http.https://github.com/.extraheader AUTHORIZATION: basic ***
Auto Release	UNKNOWN STEP	2026-05-03T13:39:07.7654361Z ##[endgroup]
Auto Release	UNKNOWN STEP	2026-05-03T13:39:07.7655601Z ##[group]Fetching the repository
Auto Release	UNKNOWN STEP	2026-05-03T13:39:07.7662599Z [command]/usr/bin/git -c protocol.version=2 fetch --prune --no-recurse-submodules origin +refs/heads/*:refs/remotes/origin/* +refs/tags/*:refs/tags/*
Auto Release	UNKNOWN STEP	2026-05-03T13:39:08.6979669Z From https://github.com/link-foundation/lino-objects-codec
Auto Release	UNKNOWN STEP	2026-05-03T13:39:08.6980907Z  * [new branch]      issue-1-843d779c4cdb  -> origin/issue-1-843d779c4cdb
Auto Release	UNKNOWN STEP	2026-05-03T13:39:08.6981769Z  * [new branch]      issue-11-c74c0836aeba -> origin/issue-11-c74c0836aeba
Auto Release	UNKNOWN STEP	2026-05-03T13:39:08.6982667Z  * [new branch]      issue-15-b28422959bc5 -> origin/issue-15-b28422959bc5
Auto Release	UNKNOWN STEP	2026-05-03T13:39:08.6983502Z  * [new branch]      issue-17-ace5a094a724 -> origin/issue-17-ace5a094a724
Auto Release	UNKNOWN STEP	2026-05-03T13:39:08.6984327Z  * [new branch]      issue-19-d88ab983ff7d -> origin/issue-19-d88ab983ff7d
Auto Release	UNKNOWN STEP	2026-05-03T13:39:08.6985172Z  * [new branch]      issue-20-d21ab54e8ff1 -> origin/issue-20-d21ab54e8ff1
Auto Release	UNKNOWN STEP	2026-05-03T13:39:08.6985997Z  * [new branch]      issue-22-e5ea3b44ef6b -> origin/issue-22-e5ea3b44ef6b
Auto Release	UNKNOWN STEP	2026-05-03T13:39:08.6986818Z  * [new branch]      issue-25-76b0e5ea19d6 -> origin/issue-25-76b0e5ea19d6
Auto Release	UNKNOWN STEP	2026-05-03T13:39:08.6987887Z  * [new branch]      issue-27-eb86cc75f92a -> origin/issue-27-eb86cc75f92a
Auto Release	UNKNOWN STEP	2026-05-03T13:39:08.6988961Z  * [new branch]      issue-3-397c5eeac29f  -> origin/issue-3-397c5eeac29f
Auto Release	UNKNOWN STEP	2026-05-03T13:39:08.6989797Z  * [new branch]      issue-5-9641b6fb00d3  -> origin/issue-5-9641b6fb00d3
Auto Release	UNKNOWN STEP	2026-05-03T13:39:08.6990616Z  * [new branch]      issue-7-7a98520cd689  -> origin/issue-7-7a98520cd689
Auto Release	UNKNOWN STEP	2026-05-03T13:39:08.6991460Z  * [new branch]      issue-8-8f8d9acce5f1  -> origin/issue-8-8f8d9acce5f1
Auto Release	UNKNOWN STEP	2026-05-03T13:39:08.6992303Z  * [new branch]      issue-9-bef9e95e65ef  -> origin/issue-9-bef9e95e65ef
Auto Release	UNKNOWN STEP	2026-05-03T13:39:08.6993079Z  * [new branch]      main                  -> origin/main
Auto Release	UNKNOWN STEP	2026-05-03T13:39:08.6993825Z  * [new tag]         csharp-v0.2.0         -> csharp-v0.2.0
Auto Release	UNKNOWN STEP	2026-05-03T13:39:08.6994554Z  * [new tag]         rust-v0.2.0           -> rust-v0.2.0
Auto Release	UNKNOWN STEP	2026-05-03T13:39:08.6995265Z  * [new tag]         v0.1.1                -> v0.1.1
Auto Release	UNKNOWN STEP	2026-05-03T13:39:08.6995970Z  * [new tag]         v0.3.0                -> v0.3.0
Auto Release	UNKNOWN STEP	2026-05-03T13:39:08.6996675Z  * [new tag]         v0.3.1                -> v0.3.1
Auto Release	UNKNOWN STEP	2026-05-03T13:39:08.6997559Z  * [new tag]         v0.3.2                -> v0.3.2
Auto Release	UNKNOWN STEP	2026-05-03T13:39:08.7019858Z [command]/usr/bin/git branch --list --remote origin/main
Auto Release	UNKNOWN STEP	2026-05-03T13:39:08.7039774Z   origin/main
Auto Release	UNKNOWN STEP	2026-05-03T13:39:08.7048249Z [command]/usr/bin/git rev-parse refs/remotes/origin/main
Auto Release	UNKNOWN STEP	2026-05-03T13:39:08.7064540Z 3806da8815dc66a01ed1d6b0a536a2f3035753c6
Auto Release	UNKNOWN STEP	2026-05-03T13:39:08.7068475Z ##[endgroup]
Auto Release	UNKNOWN STEP	2026-05-03T13:39:08.7070264Z ##[group]Determining the checkout info
Auto Release	UNKNOWN STEP	2026-05-03T13:39:08.7072168Z ##[endgroup]
Auto Release	UNKNOWN STEP	2026-05-03T13:39:08.7074946Z [command]/usr/bin/git sparse-checkout disable
Auto Release	UNKNOWN STEP	2026-05-03T13:39:08.7103431Z [command]/usr/bin/git config --local --unset-all extensions.worktreeConfig
Auto Release	UNKNOWN STEP	2026-05-03T13:39:08.7124681Z ##[group]Checking out the ref
Auto Release	UNKNOWN STEP	2026-05-03T13:39:08.7129506Z [command]/usr/bin/git checkout --progress --force -B main refs/remotes/origin/main
Auto Release	UNKNOWN STEP	2026-05-03T13:39:08.7248341Z Switched to a new branch 'main'
Auto Release	UNKNOWN STEP	2026-05-03T13:39:08.7249560Z branch 'main' set up to track 'origin/main'.
Auto Release	UNKNOWN STEP	2026-05-03T13:39:08.7254500Z ##[endgroup]
Auto Release	UNKNOWN STEP	2026-05-03T13:39:08.7283394Z [command]/usr/bin/git log -1 --format=%H
Auto Release	UNKNOWN STEP	2026-05-03T13:39:08.7301430Z 3806da8815dc66a01ed1d6b0a536a2f3035753c6
Auto Release	UNKNOWN STEP	2026-05-03T13:39:08.7513772Z ##[group]Run actions/setup-python@v5
Auto Release	UNKNOWN STEP	2026-05-03T13:39:08.7514415Z with:
Auto Release	UNKNOWN STEP	2026-05-03T13:39:08.7514956Z   python-version: 3.13
Auto Release	UNKNOWN STEP	2026-05-03T13:39:08.7515517Z   check-latest: false
Auto Release	UNKNOWN STEP	2026-05-03T13:39:08.7516288Z   token: ***
Auto Release	UNKNOWN STEP	2026-05-03T13:39:08.7516851Z   update-environment: true
Auto Release	UNKNOWN STEP	2026-05-03T13:39:08.7517678Z   allow-prereleases: false
Auto Release	UNKNOWN STEP	2026-05-03T13:39:08.7518271Z   freethreaded: false
Auto Release	UNKNOWN STEP	2026-05-03T13:39:08.7518830Z ##[endgroup]
Auto Release	UNKNOWN STEP	2026-05-03T13:39:08.9120020Z ##[group]Installed versions
Auto Release	UNKNOWN STEP	2026-05-03T13:39:08.9206859Z Successfully set up CPython (3.13.13)
Auto Release	UNKNOWN STEP	2026-05-03T13:39:08.9210366Z ##[endgroup]
Auto Release	UNKNOWN STEP	2026-05-03T13:39:08.9315316Z ##[group]Run python -m pip install --upgrade pip
Auto Release	UNKNOWN STEP	2026-05-03T13:39:08.9316234Z [36;1mpython -m pip install --upgrade pip[0m
Auto Release	UNKNOWN STEP	2026-05-03T13:39:08.9316898Z [36;1mpip install build twine[0m
Auto Release	UNKNOWN STEP	2026-05-03T13:39:08.9399934Z shell: /usr/bin/bash -e {0}
Auto Release	UNKNOWN STEP	2026-05-03T13:39:08.9400624Z env:
Auto Release	UNKNOWN STEP	2026-05-03T13:39:08.9401308Z   pythonLocation: /opt/hostedtoolcache/Python/3.13.13/x64
Auto Release	UNKNOWN STEP	2026-05-03T13:39:08.9402143Z   PKG_CONFIG_PATH: /opt/hostedtoolcache/Python/3.13.13/x64/lib/pkgconfig
Auto Release	UNKNOWN STEP	2026-05-03T13:39:08.9403140Z   Python_ROOT_DIR: /opt/hostedtoolcache/Python/3.13.13/x64
Auto Release	UNKNOWN STEP	2026-05-03T13:39:08.9404008Z   Python2_ROOT_DIR: /opt/hostedtoolcache/Python/3.13.13/x64
Auto Release	UNKNOWN STEP	2026-05-03T13:39:08.9404771Z   Python3_ROOT_DIR: /opt/hostedtoolcache/Python/3.13.13/x64
Auto Release	UNKNOWN STEP	2026-05-03T13:39:08.9405558Z   LD_LIBRARY_PATH: /opt/hostedtoolcache/Python/3.13.13/x64/lib
Auto Release	UNKNOWN STEP	2026-05-03T13:39:08.9406222Z ##[endgroup]
Auto Release	UNKNOWN STEP	2026-05-03T13:39:12.1902165Z Requirement already satisfied: pip in /opt/hostedtoolcache/Python/3.13.13/x64/lib/python3.13/site-packages (26.0.1)
Auto Release	UNKNOWN STEP	2026-05-03T13:39:12.3113332Z Collecting pip
Auto Release	UNKNOWN STEP	2026-05-03T13:39:12.3931366Z   Downloading pip-26.1-py3-none-any.whl.metadata (4.6 kB)
Auto Release	UNKNOWN STEP	2026-05-03T13:39:12.4092972Z Downloading pip-26.1-py3-none-any.whl (1.8 MB)
Auto Release	UNKNOWN STEP	2026-05-03T13:39:12.5938918Z    ━━━━━━━━━━━━━━━━━━━━━━━━━━━━━━━━━━━━━━━━ 1.8/1.8 MB 11.3 MB/s  0:00:00
Auto Release	UNKNOWN STEP	2026-05-03T13:39:12.6143338Z Installing collected packages: pip
Auto Release	UNKNOWN STEP	2026-05-03T13:39:12.6144193Z   Attempting uninstall: pip
Auto Release	UNKNOWN STEP	2026-05-03T13:39:12.6174215Z     Found existing installation: pip 26.0.1
Auto Release	UNKNOWN STEP	2026-05-03T13:39:12.6756308Z     Uninstalling pip-26.0.1:
Auto Release	UNKNOWN STEP	2026-05-03T13:39:12.6802481Z       Successfully uninstalled pip-26.0.1
Auto Release	UNKNOWN STEP	2026-05-03T13:39:13.4666284Z Successfully installed pip-26.1
Auto Release	UNKNOWN STEP	2026-05-03T13:39:14.4892638Z Collecting build
Auto Release	UNKNOWN STEP	2026-05-03T13:39:14.5652142Z   Downloading build-1.5.0-py3-none-any.whl.metadata (5.7 kB)
Auto Release	UNKNOWN STEP	2026-05-03T13:39:14.5936206Z Collecting twine
Auto Release	UNKNOWN STEP	2026-05-03T13:39:14.6054190Z   Downloading twine-6.2.0-py3-none-any.whl.metadata (3.6 kB)
Auto Release	UNKNOWN STEP	2026-05-03T13:39:14.6292755Z Collecting packaging>=24.0 (from build)
Auto Release	UNKNOWN STEP	2026-05-03T13:39:14.6402741Z   Downloading packaging-26.2-py3-none-any.whl.metadata (3.5 kB)
Auto Release	UNKNOWN STEP	2026-05-03T13:39:14.6572548Z Collecting pyproject_hooks (from build)
Auto Release	UNKNOWN STEP	2026-05-03T13:39:14.6683854Z   Downloading pyproject_hooks-1.2.0-py3-none-any.whl.metadata (1.3 kB)
Auto Release	UNKNOWN STEP	2026-05-03T13:39:14.6893709Z Collecting readme-renderer>=35.0 (from twine)
Auto Release	UNKNOWN STEP	2026-05-03T13:39:14.7018050Z   Downloading readme_renderer-44.0-py3-none-any.whl.metadata (2.8 kB)
Auto Release	UNKNOWN STEP	2026-05-03T13:39:14.7297752Z Collecting requests>=2.20 (from twine)
Auto Release	UNKNOWN STEP	2026-05-03T13:39:14.7408113Z   Downloading requests-2.33.1-py3-none-any.whl.metadata (4.8 kB)
Auto Release	UNKNOWN STEP	2026-05-03T13:39:14.7599696Z Collecting requests-toolbelt!=0.9.0,>=0.8.0 (from twine)
Auto Release	UNKNOWN STEP	2026-05-03T13:39:14.7711835Z   Downloading requests_toolbelt-1.0.0-py2.py3-none-any.whl.metadata (14 kB)
Auto Release	UNKNOWN STEP	2026-05-03T13:39:14.8002841Z Collecting urllib3>=1.26.0 (from twine)
Auto Release	UNKNOWN STEP	2026-05-03T13:39:14.8127969Z   Downloading urllib3-2.6.3-py3-none-any.whl.metadata (6.9 kB)
Auto Release	UNKNOWN STEP	2026-05-03T13:39:14.8448858Z Collecting keyring>=21.2.0 (from twine)
Auto Release	UNKNOWN STEP	2026-05-03T13:39:14.8565527Z   Downloading keyring-25.7.0-py3-none-any.whl.metadata (21 kB)
Auto Release	UNKNOWN STEP	2026-05-03T13:39:14.8829719Z Collecting rfc3986>=1.4.0 (from twine)
Auto Release	UNKNOWN STEP	2026-05-03T13:39:14.8947660Z   Downloading rfc3986-2.0.0-py2.py3-none-any.whl.metadata (6.6 kB)
Auto Release	UNKNOWN STEP	2026-05-03T13:39:14.9363918Z Collecting rich>=12.0.0 (from twine)
Auto Release	UNKNOWN STEP	2026-05-03T13:39:14.9477609Z   Downloading rich-15.0.0-py3-none-any.whl.metadata (18 kB)
Auto Release	UNKNOWN STEP	2026-05-03T13:39:14.9696431Z Collecting id (from twine)
Auto Release	UNKNOWN STEP	2026-05-03T13:39:14.9811066Z   Downloading id-1.6.1-py3-none-any.whl.metadata (5.1 kB)
Auto Release	UNKNOWN STEP	2026-05-03T13:39:15.0010749Z Collecting SecretStorage>=3.2 (from keyring>=21.2.0->twine)
Auto Release	UNKNOWN STEP	2026-05-03T13:39:15.0121798Z   Downloading secretstorage-3.5.0-py3-none-any.whl.metadata (4.0 kB)
Auto Release	UNKNOWN STEP	2026-05-03T13:39:15.0300657Z Collecting jeepney>=0.4.2 (from keyring>=21.2.0->twine)
Auto Release	UNKNOWN STEP	2026-05-03T13:39:15.0409602Z   Downloading jeepney-0.9.0-py3-none-any.whl.metadata (1.2 kB)
Auto Release	UNKNOWN STEP	2026-05-03T13:39:15.0598203Z Collecting jaraco.classes (from keyring>=21.2.0->twine)
Auto Release	UNKNOWN STEP	2026-05-03T13:39:15.0709927Z   Downloading jaraco.classes-3.4.0-py3-none-any.whl.metadata (2.6 kB)
Auto Release	UNKNOWN STEP	2026-05-03T13:39:15.0941180Z Collecting jaraco.functools (from keyring>=21.2.0->twine)
Auto Release	UNKNOWN STEP	2026-05-03T13:39:15.1051651Z   Downloading jaraco_functools-4.4.0-py3-none-any.whl.metadata (3.0 kB)
Auto Release	UNKNOWN STEP	2026-05-03T13:39:15.1249705Z Collecting jaraco.context (from keyring>=21.2.0->twine)
Auto Release	UNKNOWN STEP	2026-05-03T13:39:15.1361315Z   Downloading jaraco_context-6.1.2-py3-none-any.whl.metadata (4.2 kB)
Auto Release	UNKNOWN STEP	2026-05-03T13:39:15.1765606Z Collecting nh3>=0.2.14 (from readme-renderer>=35.0->twine)
Auto Release	UNKNOWN STEP	2026-05-03T13:39:15.1886824Z   Downloading nh3-0.3.5-cp38-abi3-manylinux_2_17_x86_64.manylinux2014_x86_64.whl.metadata (2.0 kB)
Auto Release	UNKNOWN STEP	2026-05-03T13:39:15.2090744Z Collecting docutils>=0.21.2 (from readme-renderer>=35.0->twine)
Auto Release	UNKNOWN STEP	2026-05-03T13:39:15.2202854Z   Downloading docutils-0.22.4-py3-none-any.whl.metadata (15 kB)
Auto Release	UNKNOWN STEP	2026-05-03T13:39:15.2457568Z Collecting Pygments>=2.5.1 (from readme-renderer>=35.0->twine)
Auto Release	UNKNOWN STEP	2026-05-03T13:39:15.2572313Z   Downloading pygments-2.20.0-py3-none-any.whl.metadata (2.5 kB)
Auto Release	UNKNOWN STEP	2026-05-03T13:39:15.3492166Z Collecting charset_normalizer<4,>=2 (from requests>=2.20->twine)
Auto Release	UNKNOWN STEP	2026-05-03T13:39:15.3606923Z   Downloading charset_normalizer-3.4.7-cp313-cp313-manylinux2014_x86_64.manylinux_2_17_x86_64.manylinux_2_28_x86_64.whl.metadata (40 kB)
Auto Release	UNKNOWN STEP	2026-05-03T13:39:15.3849793Z Collecting idna<4,>=2.5 (from requests>=2.20->twine)
Auto Release	UNKNOWN STEP	2026-05-03T13:39:15.3960158Z   Downloading idna-3.13-py3-none-any.whl.metadata (8.0 kB)
Auto Release	UNKNOWN STEP	2026-05-03T13:39:15.4207704Z Collecting certifi>=2023.5.7 (from requests>=2.20->twine)
Auto Release	UNKNOWN STEP	2026-05-03T13:39:15.4323008Z   Downloading certifi-2026.4.22-py3-none-any.whl.metadata (2.5 kB)
Auto Release	UNKNOWN STEP	2026-05-03T13:39:15.4561738Z Collecting markdown-it-py>=2.2.0 (from rich>=12.0.0->twine)
Auto Release	UNKNOWN STEP	2026-05-03T13:39:15.4675010Z   Downloading markdown_it_py-4.0.0-py3-none-any.whl.metadata (7.3 kB)
Auto Release	UNKNOWN STEP	2026-05-03T13:39:15.4888424Z Collecting mdurl~=0.1 (from markdown-it-py>=2.2.0->rich>=12.0.0->twine)
Auto Release	UNKNOWN STEP	2026-05-03T13:39:15.5000848Z   Downloading mdurl-0.1.2-py3-none-any.whl.metadata (1.6 kB)
Auto Release	UNKNOWN STEP	2026-05-03T13:39:15.6528052Z Collecting cryptography>=2.0 (from SecretStorage>=3.2->keyring>=21.2.0->twine)
Auto Release	UNKNOWN STEP	2026-05-03T13:39:15.6641485Z   Downloading cryptography-47.0.0-cp311-abi3-manylinux_2_34_x86_64.whl.metadata (4.5 kB)
Auto Release	UNKNOWN STEP	2026-05-03T13:39:15.7462764Z Collecting cffi>=2.0.0 (from cryptography>=2.0->SecretStorage>=3.2->keyring>=21.2.0->twine)
Auto Release	UNKNOWN STEP	2026-05-03T13:39:15.7574028Z   Downloading cffi-2.0.0-cp313-cp313-manylinux2014_x86_64.manylinux_2_17_x86_64.whl.metadata (2.6 kB)
Auto Release	UNKNOWN STEP	2026-05-03T13:39:15.7754828Z Collecting pycparser (from cffi>=2.0.0->cryptography>=2.0->SecretStorage>=3.2->keyring>=21.2.0->twine)
Auto Release	UNKNOWN STEP	2026-05-03T13:39:15.7863868Z   Downloading pycparser-3.0-py3-none-any.whl.metadata (8.2 kB)
Auto Release	UNKNOWN STEP	2026-05-03T13:39:15.8099926Z Collecting more-itertools (from jaraco.classes->keyring>=21.2.0->twine)
Auto Release	UNKNOWN STEP	2026-05-03T13:39:15.8211866Z   Downloading more_itertools-11.0.2-py3-none-any.whl.metadata (41 kB)
Auto Release	UNKNOWN STEP	2026-05-03T13:39:15.8385497Z Downloading build-1.5.0-py3-none-any.whl (26 kB)
Auto Release	UNKNOWN STEP	2026-05-03T13:39:15.8519178Z Downloading twine-6.2.0-py3-none-any.whl (42 kB)
Auto Release	UNKNOWN STEP	2026-05-03T13:39:15.8654786Z Downloading keyring-25.7.0-py3-none-any.whl (39 kB)
Auto Release	UNKNOWN STEP	2026-05-03T13:39:15.8795199Z Downloading jeepney-0.9.0-py3-none-any.whl (49 kB)
Auto Release	UNKNOWN STEP	2026-05-03T13:39:15.8939297Z Downloading packaging-26.2-py3-none-any.whl (100 kB)
Auto Release	UNKNOWN STEP	2026-05-03T13:39:15.9165786Z Downloading readme_renderer-44.0-py3-none-any.whl (13 kB)
Auto Release	UNKNOWN STEP	2026-05-03T13:39:15.9295031Z Downloading docutils-0.22.4-py3-none-any.whl (633 kB)
Auto Release	UNKNOWN STEP	2026-05-03T13:39:15.9628690Z    ━━━━━━━━━━━━━━━━━━━━━━━━━━━━━━━━━━━━━━━━ 633.2/633.2 kB 18.4 MB/s  0:00:00
Auto Release	UNKNOWN STEP	2026-05-03T13:39:15.9742698Z Downloading nh3-0.3.5-cp38-abi3-manylinux_2_17_x86_64.manylinux2014_x86_64.whl (806 kB)
Auto Release	UNKNOWN STEP	2026-05-03T13:39:15.9895686Z    ━━━━━━━━━━━━━━━━━━━━━━━━━━━━━━━━━━━━━━━━ 807.0/807.0 kB 42.9 MB/s  0:00:00
Auto Release	UNKNOWN STEP	2026-05-03T13:39:16.0009503Z Downloading pygments-2.20.0-py3-none-any.whl (1.2 MB)
Auto Release	UNKNOWN STEP	2026-05-03T13:39:16.0163341Z    ━━━━━━━━━━━━━━━━━━━━━━━━━━━━━━━━━━━━━━━━ 1.2/1.2 MB 76.6 MB/s  0:00:00
Auto Release	UNKNOWN STEP	2026-05-03T13:39:16.0275516Z Downloading requests-2.33.1-py3-none-any.whl (64 kB)
Auto Release	UNKNOWN STEP	2026-05-03T13:39:16.0413000Z Downloading charset_normalizer-3.4.7-cp313-cp313-manylinux2014_x86_64.manylinux_2_17_x86_64.manylinux_2_28_x86_64.whl (215 kB)
Auto Release	UNKNOWN STEP	2026-05-03T13:39:16.0550519Z Downloading idna-3.13-py3-none-any.whl (68 kB)
Auto Release	UNKNOWN STEP	2026-05-03T13:39:16.0684438Z Downloading urllib3-2.6.3-py3-none-any.whl (131 kB)
Auto Release	UNKNOWN STEP	2026-05-03T13:39:16.0820837Z Downloading certifi-2026.4.22-py3-none-any.whl (135 kB)
Auto Release	UNKNOWN STEP	2026-05-03T13:39:16.0961776Z Downloading requests_toolbelt-1.0.0-py2.py3-none-any.whl (54 kB)
Auto Release	UNKNOWN STEP	2026-05-03T13:39:16.1101134Z Downloading rfc3986-2.0.0-py2.py3-none-any.whl (31 kB)
Auto Release	UNKNOWN STEP	2026-05-03T13:39:16.1236386Z Downloading rich-15.0.0-py3-none-any.whl (310 kB)
Auto Release	UNKNOWN STEP	2026-05-03T13:39:16.1380913Z Downloading markdown_it_py-4.0.0-py3-none-any.whl (87 kB)
Auto Release	UNKNOWN STEP	2026-05-03T13:39:16.1519548Z Downloading mdurl-0.1.2-py3-none-any.whl (10.0 kB)
Auto Release	UNKNOWN STEP	2026-05-03T13:39:16.1655325Z Downloading secretstorage-3.5.0-py3-none-any.whl (15 kB)
Auto Release	UNKNOWN STEP	2026-05-03T13:39:16.1794662Z Downloading cryptography-47.0.0-cp311-abi3-manylinux_2_34_x86_64.whl (4.7 MB)
Auto Release	UNKNOWN STEP	2026-05-03T13:39:16.2076466Z    ━━━━━━━━━━━━━━━━━━━━━━━━━━━━━━━━━━━━━━━━ 4.7/4.7 MB 172.1 MB/s  0:00:00
Auto Release	UNKNOWN STEP	2026-05-03T13:39:16.2190344Z Downloading cffi-2.0.0-cp313-cp313-manylinux2014_x86_64.manylinux_2_17_x86_64.whl (219 kB)
Auto Release	UNKNOWN STEP	2026-05-03T13:39:16.2324829Z Downloading id-1.6.1-py3-none-any.whl (14 kB)
Auto Release	UNKNOWN STEP	2026-05-03T13:39:16.2459989Z Downloading jaraco.classes-3.4.0-py3-none-any.whl (6.8 kB)
Auto Release	UNKNOWN STEP	2026-05-03T13:39:16.2591871Z Downloading jaraco_context-6.1.2-py3-none-any.whl (7.9 kB)
Auto Release	UNKNOWN STEP	2026-05-03T13:39:16.2723363Z Downloading jaraco_functools-4.4.0-py3-none-any.whl (10 kB)
Auto Release	UNKNOWN STEP	2026-05-03T13:39:16.2853560Z Downloading more_itertools-11.0.2-py3-none-any.whl (71 kB)
Auto Release	UNKNOWN STEP	2026-05-03T13:39:16.2985380Z Downloading pycparser-3.0-py3-none-any.whl (48 kB)
Auto Release	UNKNOWN STEP	2026-05-03T13:39:16.3119023Z Downloading pyproject_hooks-1.2.0-py3-none-any.whl (10 kB)
Auto Release	UNKNOWN STEP	2026-05-03T13:39:16.4566591Z Installing collected packages: urllib3, rfc3986, pyproject_hooks, Pygments, pycparser, packaging, nh3, more-itertools, mdurl, jeepney, jaraco.context, idna, docutils, charset_normalizer, certifi, requests, readme-renderer, markdown-it-py, jaraco.functools, jaraco.classes, id, cffi, build, rich, requests-toolbelt, cryptography, SecretStorage, keyring, twine
Auto Release	UNKNOWN STEP	2026-05-03T13:39:19.8701970Z 
Auto Release	UNKNOWN STEP	2026-05-03T13:39:19.8731611Z Successfully installed Pygments-2.20.0 SecretStorage-3.5.0 build-1.5.0 certifi-2026.4.22 cffi-2.0.0 charset_normalizer-3.4.7 cryptography-47.0.0 docutils-0.22.4 id-1.6.1 idna-3.13 jaraco.classes-3.4.0 jaraco.context-6.1.2 jaraco.functools-4.4.0 jeepney-0.9.0 keyring-25.7.0 markdown-it-py-4.0.0 mdurl-0.1.2 more-itertools-11.0.2 nh3-0.3.5 packaging-26.2 pycparser-3.0 pyproject_hooks-1.2.0 readme-renderer-44.0 requests-2.33.1 requests-toolbelt-1.0.0 rfc3986-2.0.0 rich-15.0.0 twine-6.2.0 urllib3-2.6.3
Auto Release	UNKNOWN STEP	2026-05-03T13:39:19.9585385Z ##[group]Run # Get current version from pyproject.toml
Auto Release	UNKNOWN STEP	2026-05-03T13:39:19.9585775Z [36;1m# Get current version from pyproject.toml[0m
Auto Release	UNKNOWN STEP	2026-05-03T13:39:19.9586151Z [36;1mCURRENT_VERSION=$(grep -Po '(?<=^version = ")[^"]*' pyproject.toml)[0m
Auto Release	UNKNOWN STEP	2026-05-03T13:39:19.9586584Z [36;1mPACKAGE_NAME=$(grep -Po '(?<=^name = ")[^"]*' pyproject.toml | head -1)[0m
Auto Release	UNKNOWN STEP	2026-05-03T13:39:19.9586977Z [36;1mecho "current_version=$CURRENT_VERSION" >> $GITHUB_OUTPUT[0m
Auto Release	UNKNOWN STEP	2026-05-03T13:39:19.9587480Z [36;1mecho "package_name=$PACKAGE_NAME" >> $GITHUB_OUTPUT[0m
Auto Release	UNKNOWN STEP	2026-05-03T13:39:19.9587750Z [36;1m[0m
Auto Release	UNKNOWN STEP	2026-05-03T13:39:19.9588046Z [36;1m# Decide based on the registry, not on the local git tag. PyPI returns 200 for an[0m
Auto Release	UNKNOWN STEP	2026-05-03T13:39:19.9588470Z [36;1m# existing version's JSON metadata and 404 otherwise. See[0m
Auto Release	UNKNOWN STEP	2026-05-03T13:39:19.9588903Z [36;1m# docs/case-studies/issue-25/README.md for why the tag is not a reliable proxy.[0m
Auto Release	UNKNOWN STEP	2026-05-03T13:39:19.9589543Z [36;1mSTATUS=$(curl -sS -o /dev/null -w '%{http_code}' "https://pypi.org/pypi/${PACKAGE_NAME}/${CURRENT_VERSION}/json")[0m
Auto Release	UNKNOWN STEP	2026-05-03T13:39:19.9590097Z [36;1mecho "PyPI HTTP status for ${PACKAGE_NAME}@${CURRENT_VERSION}: ${STATUS}"[0m
Auto Release	UNKNOWN STEP	2026-05-03T13:39:19.9590446Z [36;1mif [ "$STATUS" = "200" ]; then[0m
Auto Release	UNKNOWN STEP	2026-05-03T13:39:19.9590810Z [36;1m  echo "Version ${PACKAGE_NAME}@${CURRENT_VERSION} already on PyPI, skipping publish"[0m
Auto Release	UNKNOWN STEP	2026-05-03T13:39:19.9591259Z [36;1m  echo "should_release=false" >> $GITHUB_OUTPUT[0m
Auto Release	UNKNOWN STEP	2026-05-03T13:39:19.9591522Z [36;1melse[0m
Auto Release	UNKNOWN STEP	2026-05-03T13:39:19.9591818Z [36;1m  echo "Version ${PACKAGE_NAME}@${CURRENT_VERSION} is NOT on PyPI, will publish"[0m
Auto Release	UNKNOWN STEP	2026-05-03T13:39:19.9592212Z [36;1m  echo "should_release=true" >> $GITHUB_OUTPUT[0m
Auto Release	UNKNOWN STEP	2026-05-03T13:39:19.9592461Z [36;1mfi[0m
Auto Release	UNKNOWN STEP	2026-05-03T13:39:19.9606009Z shell: /usr/bin/bash -e {0}
Auto Release	UNKNOWN STEP	2026-05-03T13:39:19.9606245Z env:
Auto Release	UNKNOWN STEP	2026-05-03T13:39:19.9606481Z   pythonLocation: /opt/hostedtoolcache/Python/3.13.13/x64
Auto Release	UNKNOWN STEP	2026-05-03T13:39:19.9606875Z   PKG_CONFIG_PATH: /opt/hostedtoolcache/Python/3.13.13/x64/lib/pkgconfig
Auto Release	UNKNOWN STEP	2026-05-03T13:39:19.9607336Z   Python_ROOT_DIR: /opt/hostedtoolcache/Python/3.13.13/x64
Auto Release	UNKNOWN STEP	2026-05-03T13:39:19.9607675Z   Python2_ROOT_DIR: /opt/hostedtoolcache/Python/3.13.13/x64
Auto Release	UNKNOWN STEP	2026-05-03T13:39:19.9608007Z   Python3_ROOT_DIR: /opt/hostedtoolcache/Python/3.13.13/x64
Auto Release	UNKNOWN STEP	2026-05-03T13:39:19.9608348Z   LD_LIBRARY_PATH: /opt/hostedtoolcache/Python/3.13.13/x64/lib
Auto Release	UNKNOWN STEP	2026-05-03T13:39:19.9608639Z ##[endgroup]
Auto Release	UNKNOWN STEP	2026-05-03T13:39:20.1481211Z PyPI HTTP status for lino-objects-codec@0.2.0: 404
Auto Release	UNKNOWN STEP	2026-05-03T13:39:20.1481818Z Version lino-objects-codec@0.2.0 is NOT on PyPI, will publish
Auto Release	UNKNOWN STEP	2026-05-03T13:39:20.1562969Z ##[group]Run actions/download-artifact@v4
Auto Release	UNKNOWN STEP	2026-05-03T13:39:20.1563227Z with:
Auto Release	UNKNOWN STEP	2026-05-03T13:39:20.1563387Z   name: dist
Auto Release	UNKNOWN STEP	2026-05-03T13:39:20.1563567Z   path: python/dist/
Auto Release	UNKNOWN STEP	2026-05-03T13:39:20.1563760Z   merge-multiple: false
Auto Release	UNKNOWN STEP	2026-05-03T13:39:20.1564006Z   repository: link-foundation/lino-objects-codec
Auto Release	UNKNOWN STEP	2026-05-03T13:39:20.1564272Z   run-id: 25280681545
Auto Release	UNKNOWN STEP	2026-05-03T13:39:20.1564434Z env:
Auto Release	UNKNOWN STEP	2026-05-03T13:39:20.1564664Z   pythonLocation: /opt/hostedtoolcache/Python/3.13.13/x64
Auto Release	UNKNOWN STEP	2026-05-03T13:39:20.1565031Z   PKG_CONFIG_PATH: /opt/hostedtoolcache/Python/3.13.13/x64/lib/pkgconfig
Auto Release	UNKNOWN STEP	2026-05-03T13:39:20.1565404Z   Python_ROOT_DIR: /opt/hostedtoolcache/Python/3.13.13/x64
Auto Release	UNKNOWN STEP	2026-05-03T13:39:20.1565722Z   Python2_ROOT_DIR: /opt/hostedtoolcache/Python/3.13.13/x64
Auto Release	UNKNOWN STEP	2026-05-03T13:39:20.1566050Z   Python3_ROOT_DIR: /opt/hostedtoolcache/Python/3.13.13/x64
Auto Release	UNKNOWN STEP	2026-05-03T13:39:20.1566398Z   LD_LIBRARY_PATH: /opt/hostedtoolcache/Python/3.13.13/x64/lib
Auto Release	UNKNOWN STEP	2026-05-03T13:39:20.1566668Z ##[endgroup]
Auto Release	UNKNOWN STEP	2026-05-03T13:39:20.3454157Z Downloading single artifact
Auto Release	UNKNOWN STEP	2026-05-03T13:39:20.6026236Z Preparing to download the following artifacts:
Auto Release	UNKNOWN STEP	2026-05-03T13:39:20.6027285Z - dist (ID: 6771052593, Size: 29651, Expected Digest: sha256:60bd33848a2de1efa3d807549779837dabcfc9d8ff52d8fa13617b786772d5a9)
Auto Release	UNKNOWN STEP	2026-05-03T13:39:20.7759003Z Redirecting to blob download url: https://productionresultssa6.blob.core.windows.net/actions-results/e4ac1e8c-91a0-4e95-908a-e8e8e7b1261b/workflow-job-run-7d380649-684e-52ee-a3a5-f136bc8af431/artifacts/bcae0416621b3db43d8cba1e4454a792c7af9e4b7287e51056efc5a215d95839.zip
Auto Release	UNKNOWN STEP	2026-05-03T13:39:20.7761111Z Starting download of artifact to: /home/runner/work/lino-objects-codec/lino-objects-codec/python/dist
Auto Release	UNKNOWN STEP	2026-05-03T13:39:20.9958832Z (node:2362) [DEP0005] DeprecationWarning: Buffer() is deprecated due to security and usability issues. Please use the Buffer.alloc(), Buffer.allocUnsafe(), or Buffer.from() methods instead.
Auto Release	UNKNOWN STEP	2026-05-03T13:39:20.9959699Z (Use `node --trace-deprecation ...` to show where the warning was created)
Auto Release	UNKNOWN STEP	2026-05-03T13:39:21.0422074Z SHA256 digest of downloaded artifact is 60bd33848a2de1efa3d807549779837dabcfc9d8ff52d8fa13617b786772d5a9
Auto Release	UNKNOWN STEP	2026-05-03T13:39:21.0422819Z Artifact download completed successfully.
Auto Release	UNKNOWN STEP	2026-05-03T13:39:21.0423097Z Total of 1 artifact(s) downloaded
Auto Release	UNKNOWN STEP	2026-05-03T13:39:21.0428509Z Download artifact has finished successfully
Auto Release	UNKNOWN STEP	2026-05-03T13:39:21.0582994Z ##[group]Run pypa/gh-action-pypi-publish@release/v1
Auto Release	UNKNOWN STEP	2026-05-03T13:39:21.0583299Z with:
Auto Release	UNKNOWN STEP	2026-05-03T13:39:21.0583491Z   packages-dir: python/dist/
Auto Release	UNKNOWN STEP	2026-05-03T13:39:21.0583703Z   verbose: true
Auto Release	UNKNOWN STEP	2026-05-03T13:39:21.0583891Z   skip-existing: true
Auto Release	UNKNOWN STEP	2026-05-03T13:39:21.0584096Z   user: __token__
Auto Release	UNKNOWN STEP	2026-05-03T13:39:21.0584322Z   repository_url: https://upload.pypi.org/legacy/
Auto Release	UNKNOWN STEP	2026-05-03T13:39:21.0584599Z   packages_dir: dist
Auto Release	UNKNOWN STEP	2026-05-03T13:39:21.0584795Z   verify_metadata: true
Auto Release	UNKNOWN STEP	2026-05-03T13:39:21.0585006Z   skip_existing: false
Auto Release	UNKNOWN STEP	2026-05-03T13:39:21.0585196Z   print_hash: true
Auto Release	UNKNOWN STEP	2026-05-03T13:39:21.0585406Z   attestations: true
Auto Release	UNKNOWN STEP	2026-05-03T13:39:21.0585675Z env:
Auto Release	UNKNOWN STEP	2026-05-03T13:39:21.0585906Z   pythonLocation: /opt/hostedtoolcache/Python/3.13.13/x64
Auto Release	UNKNOWN STEP	2026-05-03T13:39:21.0586292Z   PKG_CONFIG_PATH: /opt/hostedtoolcache/Python/3.13.13/x64/lib/pkgconfig
Auto Release	UNKNOWN STEP	2026-05-03T13:39:21.0586671Z   Python_ROOT_DIR: /opt/hostedtoolcache/Python/3.13.13/x64
Auto Release	UNKNOWN STEP	2026-05-03T13:39:21.0587054Z   Python2_ROOT_DIR: /opt/hostedtoolcache/Python/3.13.13/x64
Auto Release	UNKNOWN STEP	2026-05-03T13:39:21.0587676Z   Python3_ROOT_DIR: /opt/hostedtoolcache/Python/3.13.13/x64
Auto Release	UNKNOWN STEP	2026-05-03T13:39:21.0588039Z   LD_LIBRARY_PATH: /opt/hostedtoolcache/Python/3.13.13/x64/lib
Auto Release	UNKNOWN STEP	2026-05-03T13:39:21.0588330Z ##[endgroup]
Auto Release	UNKNOWN STEP	2026-05-03T13:39:21.0760127Z ##[group]Run # Reset path if needed
Auto Release	UNKNOWN STEP	2026-05-03T13:39:21.0760433Z [36;1m# Reset path if needed[0m
Auto Release	UNKNOWN STEP	2026-05-03T13:39:21.0760769Z [36;1m# https://github.com/pypa/gh-action-pypi-publish/issues/112[0m
Auto Release	UNKNOWN STEP	2026-05-03T13:39:21.0761124Z [36;1mif [[ $PATH != *"/usr/bin"* ]]; then[0m
Auto Release	UNKNOWN STEP	2026-05-03T13:39:21.0761549Z [36;1m  echo "\$PATH=$PATH. Resetting \$PATH for GitHub Actions."[0m
Auto Release	UNKNOWN STEP	2026-05-03T13:39:21.0761950Z [36;1m  PATH="/usr/local/sbin:/usr/local/bin:/usr/sbin:/usr/bin:/sbin:/bin"[0m
Auto Release	UNKNOWN STEP	2026-05-03T13:39:21.0762291Z [36;1m  echo "PATH=$PATH" >>"$GITHUB_ENV"[0m
Auto Release	UNKNOWN STEP	2026-05-03T13:39:21.0762549Z [36;1m  echo "$PATH" >>"$GITHUB_PATH"[0m
Auto Release	UNKNOWN STEP	2026-05-03T13:39:21.0762803Z [36;1m  echo "\$PATH reset. \$PATH=$PATH"[0m
Auto Release	UNKNOWN STEP	2026-05-03T13:39:21.0763037Z [36;1mfi[0m
Auto Release	UNKNOWN STEP	2026-05-03T13:39:21.0778086Z shell: /usr/bin/bash --noprofile --norc -e -o pipefail {0}
Auto Release	UNKNOWN STEP	2026-05-03T13:39:21.0778384Z env:
Auto Release	UNKNOWN STEP	2026-05-03T13:39:21.0778633Z   pythonLocation: /opt/hostedtoolcache/Python/3.13.13/x64
Auto Release	UNKNOWN STEP	2026-05-03T13:39:21.0779027Z   PKG_CONFIG_PATH: /opt/hostedtoolcache/Python/3.13.13/x64/lib/pkgconfig
Auto Release	UNKNOWN STEP	2026-05-03T13:39:21.0779407Z   Python_ROOT_DIR: /opt/hostedtoolcache/Python/3.13.13/x64
Auto Release	UNKNOWN STEP	2026-05-03T13:39:21.0779748Z   Python2_ROOT_DIR: /opt/hostedtoolcache/Python/3.13.13/x64
Auto Release	UNKNOWN STEP	2026-05-03T13:39:21.0780090Z   Python3_ROOT_DIR: /opt/hostedtoolcache/Python/3.13.13/x64
Auto Release	UNKNOWN STEP	2026-05-03T13:39:21.0780455Z   LD_LIBRARY_PATH: /opt/hostedtoolcache/Python/3.13.13/x64/lib
Auto Release	UNKNOWN STEP	2026-05-03T13:39:21.0780735Z ##[endgroup]
Auto Release	UNKNOWN STEP	2026-05-03T13:39:21.0838688Z ##[group]Run # 🔎 Discover pre-installed Python
Auto Release	UNKNOWN STEP	2026-05-03T13:39:21.0839028Z [36;1m# 🔎 Discover pre-installed Python[0m
Auto Release	UNKNOWN STEP	2026-05-03T13:39:21.0839423Z [36;1mecho "python-path=$(command -v python3 || :)" | tee -a "${GITHUB_OUTPUT}"[0m
Auto Release	UNKNOWN STEP	2026-05-03T13:39:21.0851590Z shell: /usr/bin/bash --noprofile --norc -e -o pipefail {0}
Auto Release	UNKNOWN STEP	2026-05-03T13:39:21.0851902Z env:
Auto Release	UNKNOWN STEP	2026-05-03T13:39:21.0852147Z   pythonLocation: /opt/hostedtoolcache/Python/3.13.13/x64
Auto Release	UNKNOWN STEP	2026-05-03T13:39:21.0852540Z   PKG_CONFIG_PATH: /opt/hostedtoolcache/Python/3.13.13/x64/lib/pkgconfig
Auto Release	UNKNOWN STEP	2026-05-03T13:39:21.0852920Z   Python_ROOT_DIR: /opt/hostedtoolcache/Python/3.13.13/x64
Auto Release	UNKNOWN STEP	2026-05-03T13:39:21.0853262Z   Python2_ROOT_DIR: /opt/hostedtoolcache/Python/3.13.13/x64
Auto Release	UNKNOWN STEP	2026-05-03T13:39:21.0853598Z   Python3_ROOT_DIR: /opt/hostedtoolcache/Python/3.13.13/x64
Auto Release	UNKNOWN STEP	2026-05-03T13:39:21.0853952Z   LD_LIBRARY_PATH: /opt/hostedtoolcache/Python/3.13.13/x64/lib
Auto Release	UNKNOWN STEP	2026-05-03T13:39:21.0854240Z ##[endgroup]
Auto Release	UNKNOWN STEP	2026-05-03T13:39:21.0893732Z python-path=/opt/hostedtoolcache/Python/3.13.13/x64/bin/python3
Auto Release	UNKNOWN STEP	2026-05-03T13:39:21.0938923Z ##[group]Run # Create Docker container action
Auto Release	UNKNOWN STEP	2026-05-03T13:39:21.0939239Z [36;1m# Create Docker container action[0m
Auto Release	UNKNOWN STEP	2026-05-03T13:39:21.0939997Z [36;1m/opt/hostedtoolcache/Python/3.13.13/x64/bin/python3 '/home/runner/work/_actions/pypa/gh-action-pypi-publish/release/v1/create-docker-action.py'[0m
Auto Release	UNKNOWN STEP	2026-05-03T13:39:21.0951942Z shell: /usr/bin/bash --noprofile --norc -e -o pipefail {0}
Auto Release	UNKNOWN STEP	2026-05-03T13:39:21.0952239Z env:
Auto Release	UNKNOWN STEP	2026-05-03T13:39:21.0952484Z   pythonLocation: /opt/hostedtoolcache/Python/3.13.13/x64
Auto Release	UNKNOWN STEP	2026-05-03T13:39:21.0952877Z   PKG_CONFIG_PATH: /opt/hostedtoolcache/Python/3.13.13/x64/lib/pkgconfig
Auto Release	UNKNOWN STEP	2026-05-03T13:39:21.0953341Z   Python_ROOT_DIR: /opt/hostedtoolcache/Python/3.13.13/x64
Auto Release	UNKNOWN STEP	2026-05-03T13:39:21.0953711Z   Python2_ROOT_DIR: /opt/hostedtoolcache/Python/3.13.13/x64
Auto Release	UNKNOWN STEP	2026-05-03T13:39:21.0954070Z   Python3_ROOT_DIR: /opt/hostedtoolcache/Python/3.13.13/x64
Auto Release	UNKNOWN STEP	2026-05-03T13:39:21.0954424Z   LD_LIBRARY_PATH: /opt/hostedtoolcache/Python/3.13.13/x64/lib
Auto Release	UNKNOWN STEP	2026-05-03T13:39:21.0954725Z   REF: release/v1
Auto Release	UNKNOWN STEP	2026-05-03T13:39:21.0954939Z   REPO: pypa/gh-action-pypi-publish
Auto Release	UNKNOWN STEP	2026-05-03T13:39:21.0955196Z   REPO_ID: 1097519769
Auto Release	UNKNOWN STEP	2026-05-03T13:39:21.0955390Z ##[endgroup]
Auto Release	UNKNOWN STEP	2026-05-03T13:39:21.1316337Z ##[group]Run ./.github/.tmp/.generated-actions/run-pypi-publish-in-docker-container
Auto Release	UNKNOWN STEP	2026-05-03T13:39:21.1316750Z with:
Auto Release	UNKNOWN STEP	2026-05-03T13:39:21.1316927Z   user: __token__
Auto Release	UNKNOWN STEP	2026-05-03T13:39:21.1317419Z   repository-url: https://upload.pypi.org/legacy/
Auto Release	UNKNOWN STEP	2026-05-03T13:39:21.1317753Z   packages-dir: python/dist/
Auto Release	UNKNOWN STEP	2026-05-03T13:39:21.1317970Z   verify-metadata: true
Auto Release	UNKNOWN STEP	2026-05-03T13:39:21.1318175Z   skip-existing: true
Auto Release	UNKNOWN STEP	2026-05-03T13:39:21.1318387Z   verbose: true
Auto Release	UNKNOWN STEP	2026-05-03T13:39:21.1318567Z   print-hash: true
Auto Release	UNKNOWN STEP	2026-05-03T13:39:21.1318761Z   attestations: true
Auto Release	UNKNOWN STEP	2026-05-03T13:39:21.1319128Z env:
Auto Release	UNKNOWN STEP	2026-05-03T13:39:21.1319375Z   pythonLocation: /opt/hostedtoolcache/Python/3.13.13/x64
Auto Release	UNKNOWN STEP	2026-05-03T13:39:21.1319757Z   PKG_CONFIG_PATH: /opt/hostedtoolcache/Python/3.13.13/x64/lib/pkgconfig
Auto Release	UNKNOWN STEP	2026-05-03T13:39:21.1320147Z   Python_ROOT_DIR: /opt/hostedtoolcache/Python/3.13.13/x64
Auto Release	UNKNOWN STEP	2026-05-03T13:39:21.1320504Z   Python2_ROOT_DIR: /opt/hostedtoolcache/Python/3.13.13/x64
Auto Release	UNKNOWN STEP	2026-05-03T13:39:21.1320845Z   Python3_ROOT_DIR: /opt/hostedtoolcache/Python/3.13.13/x64
Auto Release	UNKNOWN STEP	2026-05-03T13:39:21.1321206Z   LD_LIBRARY_PATH: /opt/hostedtoolcache/Python/3.13.13/x64/lib
Auto Release	UNKNOWN STEP	2026-05-03T13:39:21.1321496Z ##[endgroup]
Auto Release	UNKNOWN STEP	2026-05-03T13:39:21.1446125Z ##[command]/usr/bin/docker run --name ghcriopypaghactionpypipublishreleasev1_7dbfea --label e254f3 --workdir /github/workspace --rm -e "pythonLocation" -e "PKG_CONFIG_PATH" -e "Python_ROOT_DIR" -e "Python2_ROOT_DIR" -e "Python3_ROOT_DIR" -e "LD_LIBRARY_PATH" -e "INPUT_USER" -e "INPUT_PASSWORD" -e "INPUT_REPOSITORY-URL" -e "INPUT_PACKAGES-DIR" -e "INPUT_VERIFY-METADATA" -e "INPUT_SKIP-EXISTING" -e "INPUT_VERBOSE" -e "INPUT_PRINT-HASH" -e "INPUT_ATTESTATIONS" -e "HOME" -e "GITHUB_JOB" -e "GITHUB_REF" -e "GITHUB_SHA" -e "GITHUB_REPOSITORY" -e "GITHUB_REPOSITORY_OWNER" -e "GITHUB_REPOSITORY_OWNER_ID" -e "GITHUB_RUN_ID" -e "GITHUB_RUN_NUMBER" -e "GITHUB_RETENTION_DAYS" -e "GITHUB_RUN_ATTEMPT" -e "GITHUB_ACTOR_ID" -e "GITHUB_ACTOR" -e "GITHUB_WORKFLOW" -e "GITHUB_HEAD_REF" -e "GITHUB_BASE_REF" -e "GITHUB_EVENT_NAME" -e "GITHUB_SERVER_URL" -e "GITHUB_API_URL" -e "GITHUB_GRAPHQL_URL" -e "GITHUB_REF_NAME" -e "GITHUB_REF_PROTECTED" -e "GITHUB_REF_TYPE" -e "GITHUB_WORKFLOW_REF" -e "GITHUB_WORKFLOW_SHA" -e "GITHUB_REPOSITORY_ID" -e "GITHUB_TRIGGERING_ACTOR" -e "GITHUB_WORKSPACE" -e "GITHUB_ACTION" -e "GITHUB_EVENT_PATH" -e "GITHUB_ACTION_REPOSITORY" -e "GITHUB_ACTION_REF" -e "GITHUB_PATH" -e "GITHUB_ENV" -e "GITHUB_STEP_SUMMARY" -e "GITHUB_STATE" -e "GITHUB_OUTPUT" -e "GITHUB_ACTION_PATH" -e "RUNNER_OS" -e "RUNNER_ARCH" -e "RUNNER_NAME" -e "RUNNER_ENVIRONMENT" -e "RUNNER_TOOL_CACHE" -e "RUNNER_TEMP" -e "RUNNER_WORKSPACE" -e "ACTIONS_RUNTIME_URL" -e "ACTIONS_RUNTIME_TOKEN" -e "ACTIONS_CACHE_URL" -e "ACTIONS_ID_TOKEN_REQUEST_URL" -e "ACTIONS_ID_TOKEN_REQUEST_TOKEN" -e "ACTIONS_RESULTS_URL" -e "ACTIONS_ORCHESTRATION_ID" -e GITHUB_ACTIONS=true -e CI=true -v "/var/run/docker.sock":"/var/run/docker.sock" -v "/home/runner/work/_temp":"/github/runner_temp" -v "/home/runner/work/_temp/_github_home":"/github/home" -v "/home/runner/work/_temp/_github_workflow":"/github/workflow" -v "/home/runner/work/_temp/_runner_file_commands":"/github/file_commands" -v "/home/runner/work/lino-objects-codec/lino-objects-codec":"/github/workspace" ghcr.io/pypa/gh-action-pypi-publish:release-v1
Auto Release	UNKNOWN STEP	2026-05-03T13:39:21.1763674Z Unable to find image 'ghcr.io/pypa/gh-action-pypi-publish:release-v1' locally
Auto Release	UNKNOWN STEP	2026-05-03T13:39:22.0456329Z release-v1: Pulling from pypa/gh-action-pypi-publish
Auto Release	UNKNOWN STEP	2026-05-03T13:39:22.0464766Z 9d11882d4b58: Pulling fs layer
Auto Release	UNKNOWN STEP	2026-05-03T13:39:22.0465259Z 4eeb9a554e5a: Pulling fs layer
Auto Release	UNKNOWN STEP	2026-05-03T13:39:22.0465512Z 559c2b59f78d: Pulling fs layer
Auto Release	UNKNOWN STEP	2026-05-03T13:39:22.0465791Z 02b5ccdcca95: Pulling fs layer
Auto Release	UNKNOWN STEP	2026-05-03T13:39:22.0466034Z a3051f342870: Pulling fs layer
Auto Release	UNKNOWN STEP	2026-05-03T13:39:22.0466266Z b0c54e5184e0: Pulling fs layer
Auto Release	UNKNOWN STEP	2026-05-03T13:39:22.0466592Z 736d1ace839c: Pulling fs layer
Auto Release	UNKNOWN STEP	2026-05-03T13:39:22.0466837Z f49adb0f2ede: Pulling fs layer
Auto Release	UNKNOWN STEP	2026-05-03T13:39:22.0467057Z 77c4c4ac7b62: Pulling fs layer
Auto Release	UNKNOWN STEP	2026-05-03T13:39:22.0467816Z b9db235c841b: Pulling fs layer
Auto Release	UNKNOWN STEP	2026-05-03T13:39:22.0468176Z a3051f342870: Waiting
Auto Release	UNKNOWN STEP	2026-05-03T13:39:22.0468439Z 0501f1b4799b: Pulling fs layer
Auto Release	UNKNOWN STEP	2026-05-03T13:39:22.0468643Z 191533a2d4ee: Pulling fs layer
Auto Release	UNKNOWN STEP	2026-05-03T13:39:22.0468849Z b0c54e5184e0: Waiting
Auto Release	UNKNOWN STEP	2026-05-03T13:39:22.0469044Z b003759e3ef8: Pulling fs layer
Auto Release	UNKNOWN STEP	2026-05-03T13:39:22.0469250Z 4f4fb700ef54: Pulling fs layer
Auto Release	UNKNOWN STEP	2026-05-03T13:39:22.0469459Z 736d1ace839c: Waiting
Auto Release	UNKNOWN STEP	2026-05-03T13:39:22.0469650Z f49adb0f2ede: Waiting
Auto Release	UNKNOWN STEP	2026-05-03T13:39:22.0469842Z 77c4c4ac7b62: Waiting
Auto Release	UNKNOWN STEP	2026-05-03T13:39:22.0470019Z b9db235c841b: Waiting
Auto Release	UNKNOWN STEP	2026-05-03T13:39:22.0470198Z 0501f1b4799b: Waiting
Auto Release	UNKNOWN STEP	2026-05-03T13:39:22.0470599Z 191533a2d4ee: Waiting
Auto Release	UNKNOWN STEP	2026-05-03T13:39:22.0470778Z b003759e3ef8: Waiting
Auto Release	UNKNOWN STEP	2026-05-03T13:39:22.0470977Z 4f4fb700ef54: Waiting
Auto Release	UNKNOWN STEP	2026-05-03T13:39:22.0471179Z 02b5ccdcca95: Waiting
Auto Release	UNKNOWN STEP	2026-05-03T13:39:22.4270466Z 4eeb9a554e5a: Verifying Checksum
Auto Release	UNKNOWN STEP	2026-05-03T13:39:22.4271125Z 4eeb9a554e5a: Download complete
Auto Release	UNKNOWN STEP	2026-05-03T13:39:22.5041477Z 559c2b59f78d: Verifying Checksum
Auto Release	UNKNOWN STEP	2026-05-03T13:39:22.5041793Z 559c2b59f78d: Download complete
Auto Release	UNKNOWN STEP	2026-05-03T13:39:22.7121336Z 02b5ccdcca95: Verifying Checksum
Auto Release	UNKNOWN STEP	2026-05-03T13:39:22.7121922Z 02b5ccdcca95: Download complete
Auto Release	UNKNOWN STEP	2026-05-03T13:39:22.7693369Z a3051f342870: Verifying Checksum
Auto Release	UNKNOWN STEP	2026-05-03T13:39:22.7694019Z a3051f342870: Download complete
Auto Release	UNKNOWN STEP	2026-05-03T13:39:22.8408008Z 9d11882d4b58: Verifying Checksum
Auto Release	UNKNOWN STEP	2026-05-03T13:39:22.8408591Z 9d11882d4b58: Download complete
Auto Release	UNKNOWN STEP	2026-05-03T13:39:23.0736909Z 736d1ace839c: Download complete
Auto Release	UNKNOWN STEP	2026-05-03T13:39:23.1312382Z f49adb0f2ede: Download complete
Auto Release	UNKNOWN STEP	2026-05-03T13:39:23.3613590Z 77c4c4ac7b62: Verifying Checksum
Auto Release	UNKNOWN STEP	2026-05-03T13:39:23.3614042Z 77c4c4ac7b62: Download complete
Auto Release	UNKNOWN STEP	2026-05-03T13:39:23.4083261Z b0c54e5184e0: Download complete
Auto Release	UNKNOWN STEP	2026-05-03T13:39:23.4326982Z b9db235c841b: Verifying Checksum
Auto Release	UNKNOWN STEP	2026-05-03T13:39:23.4327974Z b9db235c841b: Download complete
Auto Release	UNKNOWN STEP	2026-05-03T13:39:23.6260356Z 9d11882d4b58: Pull complete
Auto Release	UNKNOWN STEP	2026-05-03T13:39:23.6487813Z 0501f1b4799b: Verifying Checksum
Auto Release	UNKNOWN STEP	2026-05-03T13:39:23.6488240Z 0501f1b4799b: Download complete
Auto Release	UNKNOWN STEP	2026-05-03T13:39:23.7131659Z b003759e3ef8: Verifying Checksum
Auto Release	UNKNOWN STEP	2026-05-03T13:39:23.7132099Z b003759e3ef8: Download complete
Auto Release	UNKNOWN STEP	2026-05-03T13:39:23.7172590Z 191533a2d4ee: Verifying Checksum
Auto Release	UNKNOWN STEP	2026-05-03T13:39:23.7173028Z 191533a2d4ee: Download complete
Auto Release	UNKNOWN STEP	2026-05-03T13:39:23.9025204Z 4f4fb700ef54: Verifying Checksum
Auto Release	UNKNOWN STEP	2026-05-03T13:39:23.9025680Z 4f4fb700ef54: Download complete
Auto Release	UNKNOWN STEP	2026-05-03T13:39:24.5733629Z 4eeb9a554e5a: Pull complete
Auto Release	UNKNOWN STEP	2026-05-03T13:39:25.0357646Z 559c2b59f78d: Pull complete
Auto Release	UNKNOWN STEP	2026-05-03T13:39:25.0451478Z 02b5ccdcca95: Pull complete
Auto Release	UNKNOWN STEP	2026-05-03T13:39:25.0574757Z a3051f342870: Pull complete
Auto Release	UNKNOWN STEP	2026-05-03T13:39:26.1257994Z b0c54e5184e0: Pull complete
Auto Release	UNKNOWN STEP	2026-05-03T13:39:26.1349593Z 736d1ace839c: Pull complete
Auto Release	UNKNOWN STEP	2026-05-03T13:39:26.1423459Z f49adb0f2ede: Pull complete
Auto Release	UNKNOWN STEP	2026-05-03T13:39:26.1483637Z 77c4c4ac7b62: Pull complete
Auto Release	UNKNOWN STEP	2026-05-03T13:39:26.1541328Z b9db235c841b: Pull complete
Auto Release	UNKNOWN STEP	2026-05-03T13:39:26.1614913Z 0501f1b4799b: Pull complete
Auto Release	UNKNOWN STEP	2026-05-03T13:39:26.1674404Z 191533a2d4ee: Pull complete
Auto Release	UNKNOWN STEP	2026-05-03T13:39:26.1737880Z b003759e3ef8: Pull complete
Auto Release	UNKNOWN STEP	2026-05-03T13:39:26.1809573Z 4f4fb700ef54: Pull complete
Auto Release	UNKNOWN STEP	2026-05-03T13:39:26.1880541Z Digest: sha256:6d88f308559d95bdafd10ac3d0b6ed95df4e2daaf7f97f6d4588d8c14ca1fbdd
Auto Release	UNKNOWN STEP	2026-05-03T13:39:26.1892511Z Status: Downloaded newer image for ghcr.io/pypa/gh-action-pypi-publish:release-v1
Auto Release	UNKNOWN STEP	2026-05-03T13:39:27.7062808Z ##[error]Trusted publishing exchange failure: 
Auto Release	UNKNOWN STEP	Token request failed: the server refused the request for the following reasons:
Auto Release	UNKNOWN STEP	
Auto Release	UNKNOWN STEP	* `invalid-publisher`: valid token, but no corresponding publisher (Publisher with matching claims was not found)
Auto Release	UNKNOWN STEP	
Auto Release	UNKNOWN STEP	This generally indicates a trusted publisher configuration error, but could
Auto Release	UNKNOWN STEP	also indicate an internal error on GitHub or PyPI's part.
Auto Release	UNKNOWN STEP	
Auto Release	UNKNOWN STEP	
Auto Release	UNKNOWN STEP	The claims rendered below are **for debugging purposes only**. You should **not**
Auto Release	UNKNOWN STEP	use them to configure a trusted publisher unless they already match your expectations.
Auto Release	UNKNOWN STEP	
Auto Release	UNKNOWN STEP	If a claim is not present in the claim set, then it is rendered as `MISSING`.
Auto Release	UNKNOWN STEP	
Auto Release	UNKNOWN STEP	* `sub`: `repo:link-foundation/lino-objects-codec:ref:refs/heads/main`
Auto Release	UNKNOWN STEP	* `repository`: `link-foundation/lino-objects-codec`
Auto Release	UNKNOWN STEP	* `repository_owner`: `link-foundation`
Auto Release	UNKNOWN STEP	* `repository_owner_id`: `176174013`
Auto Release	UNKNOWN STEP	* `workflow_ref`: `link-foundation/lino-objects-codec/.github/workflows/python.yml@refs/heads/main`
Auto Release	UNKNOWN STEP	* `job_workflow_ref`: `link-foundation/lino-objects-codec/.github/workflows/python.yml@refs/heads/main`
Auto Release	UNKNOWN STEP	* `ref`: `refs/heads/main`
Auto Release	UNKNOWN STEP	* `environment`: `MISSING`
Auto Release	UNKNOWN STEP	
Auto Release	UNKNOWN STEP	See https://docs.pypi.org/trusted-publishers/troubleshooting/ for more help.
Auto Release	UNKNOWN STEP	
Auto Release	UNKNOWN STEP	
Auto Release	UNKNOWN STEP	2026-05-03T13:39:27.7933630Z Post job cleanup.
Auto Release	UNKNOWN STEP	2026-05-03T13:39:27.7985268Z Post job cleanup.
Auto Release	UNKNOWN STEP	2026-05-03T13:39:27.8903748Z [command]/usr/bin/git version
Auto Release	UNKNOWN STEP	2026-05-03T13:39:27.8936587Z git version 2.53.0
Auto Release	UNKNOWN STEP	2026-05-03T13:39:27.8975675Z Temporarily overriding HOME='/home/runner/work/_temp/6541ed8e-43a2-448d-95ea-0eda75289b03' before making global git config changes
Auto Release	UNKNOWN STEP	2026-05-03T13:39:27.8976824Z Adding repository directory to the temporary git global config as a safe directory
Auto Release	UNKNOWN STEP	2026-05-03T13:39:27.8989888Z [command]/usr/bin/git config --global --add safe.directory /home/runner/work/lino-objects-codec/lino-objects-codec
Auto Release	UNKNOWN STEP	2026-05-03T13:39:27.9021088Z [command]/usr/bin/git config --local --name-only --get-regexp core\.sshCommand
Auto Release	UNKNOWN STEP	2026-05-03T13:39:27.9049846Z [command]/usr/bin/git submodule foreach --recursive sh -c "git config --local --name-only --get-regexp 'core\.sshCommand' && git config --local --unset-all 'core.sshCommand' || :"
Auto Release	UNKNOWN STEP	2026-05-03T13:39:27.9244867Z [command]/usr/bin/git config --local --name-only --get-regexp http\.https\:\/\/github\.com\/\.extraheader
Auto Release	UNKNOWN STEP	2026-05-03T13:39:27.9264412Z http.https://github.com/.extraheader
Auto Release	UNKNOWN STEP	2026-05-03T13:39:27.9275402Z [command]/usr/bin/git config --local --unset-all http.https://github.com/.extraheader
Auto Release	UNKNOWN STEP	2026-05-03T13:39:27.9304319Z [command]/usr/bin/git submodule foreach --recursive sh -c "git config --local --name-only --get-regexp 'http\.https\:\/\/github\.com\/\.extraheader' && git config --local --unset-all 'http.https://github.com/.extraheader' || :"
Auto Release	UNKNOWN STEP	2026-05-03T13:39:27.9496377Z [command]/usr/bin/git config --local --name-only --get-regexp ^includeIf\.gitdir:
Auto Release	UNKNOWN STEP	2026-05-03T13:39:27.9524894Z [command]/usr/bin/git submodule foreach --recursive git config --local --show-origin --name-only --get-regexp remote.origin.url
Auto Release	UNKNOWN STEP	2026-05-03T13:39:27.9802486Z Cleaning up orphan processes
Auto Release	UNKNOWN STEP	2026-05-03T13:39:28.0074320Z ##[warning]Node.js 20 actions are deprecated. The following actions are running on Node.js 20 and may not work as expected: actions/checkout@v4, actions/download-artifact@v4, actions/setup-python@v5. Actions will be forced to run with Node.js 24 by default starting June 2nd, 2026. Node.js 20 will be removed from the runner on September 16th, 2026. Please check if updated versions of these actions are available that support Node.js 24. To opt into Node.js 24 now, set the FORCE_JAVASCRIPT_ACTIONS_TO_NODE24=true environment variable on the runner or in your workflow file. Once Node.js 24 becomes the default, you can temporarily opt out by setting ACTIONS_ALLOW_USE_UNSECURE_NODE_VERSION=true. For more information see: https://github.blog/changelog/2025-09-19-deprecation-of-node-20-on-github-actions-runners/
