Detect Changes	UNKNOWN STEP	﻿2026-05-03T13:38:19.9115449Z Current runner version: '2.334.0'
Detect Changes	UNKNOWN STEP	2026-05-03T13:38:19.9140194Z ##[group]Runner Image Provisioner
Detect Changes	UNKNOWN STEP	2026-05-03T13:38:19.9141013Z Hosted Compute Agent
Detect Changes	UNKNOWN STEP	2026-05-03T13:38:19.9141614Z Version: 20260213.493
Detect Changes	UNKNOWN STEP	2026-05-03T13:38:19.9142188Z Commit: 5c115507f6dd24b8de37d8bbe0bb4509d0cc0fa3
Detect Changes	UNKNOWN STEP	2026-05-03T13:38:19.9142878Z Build Date: 2026-02-13T00:28:41Z
Detect Changes	UNKNOWN STEP	2026-05-03T13:38:19.9143852Z Worker ID: {48d29941-a5a0-4b32-8df9-b9d16b72e4b5}
Detect Changes	UNKNOWN STEP	2026-05-03T13:38:19.9144689Z Azure Region: northcentralus
Detect Changes	UNKNOWN STEP	2026-05-03T13:38:19.9145241Z ##[endgroup]
Detect Changes	UNKNOWN STEP	2026-05-03T13:38:19.9146764Z ##[group]Operating System
Detect Changes	UNKNOWN STEP	2026-05-03T13:38:19.9147351Z Ubuntu
Detect Changes	UNKNOWN STEP	2026-05-03T13:38:19.9147821Z 24.04.4
Detect Changes	UNKNOWN STEP	2026-05-03T13:38:19.9148227Z LTS
Detect Changes	UNKNOWN STEP	2026-05-03T13:38:19.9148778Z ##[endgroup]
Detect Changes	UNKNOWN STEP	2026-05-03T13:38:19.9149287Z ##[group]Runner Image
Detect Changes	UNKNOWN STEP	2026-05-03T13:38:19.9149786Z Image: ubuntu-24.04
Detect Changes	UNKNOWN STEP	2026-05-03T13:38:19.9150417Z Version: 20260413.86.1
Detect Changes	UNKNOWN STEP	2026-05-03T13:38:19.9151564Z Included Software: https://github.com/actions/runner-images/blob/ubuntu24/20260413.86/images/ubuntu/Ubuntu2404-Readme.md
Detect Changes	UNKNOWN STEP	2026-05-03T13:38:19.9153046Z Image Release: https://github.com/actions/runner-images/releases/tag/ubuntu24%2F20260413.86
Detect Changes	UNKNOWN STEP	2026-05-03T13:38:19.9154422Z ##[endgroup]
Detect Changes	UNKNOWN STEP	2026-05-03T13:38:19.9157302Z ##[group]GITHUB_TOKEN Permissions
Detect Changes	UNKNOWN STEP	2026-05-03T13:38:19.9159999Z Actions: write
Detect Changes	UNKNOWN STEP	2026-05-03T13:38:19.9160626Z ArtifactMetadata: write
Detect Changes	UNKNOWN STEP	2026-05-03T13:38:19.9161204Z Attestations: write
Detect Changes	UNKNOWN STEP	2026-05-03T13:38:19.9161710Z Checks: write
Detect Changes	UNKNOWN STEP	2026-05-03T13:38:19.9162459Z Contents: write
Detect Changes	UNKNOWN STEP	2026-05-03T13:38:19.9163068Z Deployments: write
Detect Changes	UNKNOWN STEP	2026-05-03T13:38:19.9163788Z Discussions: write
Detect Changes	UNKNOWN STEP	2026-05-03T13:38:19.9164287Z Issues: write
Detect Changes	UNKNOWN STEP	2026-05-03T13:38:19.9164893Z Metadata: read
Detect Changes	UNKNOWN STEP	2026-05-03T13:38:19.9165359Z Models: read
Detect Changes	UNKNOWN STEP	2026-05-03T13:38:19.9165837Z Packages: write
Detect Changes	UNKNOWN STEP	2026-05-03T13:38:19.9166357Z Pages: write
Detect Changes	UNKNOWN STEP	2026-05-03T13:38:19.9166976Z PullRequests: write
Detect Changes	UNKNOWN STEP	2026-05-03T13:38:19.9167474Z RepositoryProjects: write
Detect Changes	UNKNOWN STEP	2026-05-03T13:38:19.9168185Z SecurityEvents: write
Detect Changes	UNKNOWN STEP	2026-05-03T13:38:19.9168716Z Statuses: write
Detect Changes	UNKNOWN STEP	2026-05-03T13:38:19.9169232Z VulnerabilityAlerts: read
Detect Changes	UNKNOWN STEP	2026-05-03T13:38:19.9169875Z ##[endgroup]
Detect Changes	UNKNOWN STEP	2026-05-03T13:38:19.9172086Z Secret source: Actions
Detect Changes	UNKNOWN STEP	2026-05-03T13:38:19.9173047Z Prepare workflow directory
Detect Changes	UNKNOWN STEP	2026-05-03T13:38:19.9560849Z Prepare all required actions
Detect Changes	UNKNOWN STEP	2026-05-03T13:38:19.9598679Z Getting action download info
Detect Changes	UNKNOWN STEP	2026-05-03T13:38:20.2865522Z Download action repository 'actions/checkout@v4' (SHA:34e114876b0b11c390a56381ad16ebd13914f8d5)
Detect Changes	UNKNOWN STEP	2026-05-03T13:38:20.5139762Z Complete job name: Detect Changes
Detect Changes	UNKNOWN STEP	2026-05-03T13:38:20.5955796Z ##[group]Run actions/checkout@v4
Detect Changes	UNKNOWN STEP	2026-05-03T13:38:20.5956668Z with:
Detect Changes	UNKNOWN STEP	2026-05-03T13:38:20.5957049Z   fetch-depth: 0
Detect Changes	UNKNOWN STEP	2026-05-03T13:38:20.5957519Z   repository: link-foundation/lino-objects-codec
Detect Changes	UNKNOWN STEP	2026-05-03T13:38:20.5958236Z   token: ***
Detect Changes	UNKNOWN STEP	2026-05-03T13:38:20.5958612Z   ssh-strict: true
Detect Changes	UNKNOWN STEP	2026-05-03T13:38:20.5959000Z   ssh-user: git
Detect Changes	UNKNOWN STEP	2026-05-03T13:38:20.5959423Z   persist-credentials: true
Detect Changes	UNKNOWN STEP	2026-05-03T13:38:20.5959868Z   clean: true
Detect Changes	UNKNOWN STEP	2026-05-03T13:38:20.5960275Z   sparse-checkout-cone-mode: true
Detect Changes	UNKNOWN STEP	2026-05-03T13:38:20.5960748Z   fetch-tags: false
Detect Changes	UNKNOWN STEP	2026-05-03T13:38:20.5961175Z   show-progress: true
Detect Changes	UNKNOWN STEP	2026-05-03T13:38:20.5961577Z   lfs: false
Detect Changes	UNKNOWN STEP	2026-05-03T13:38:20.5961934Z   submodules: false
Detect Changes	UNKNOWN STEP	2026-05-03T13:38:20.5962337Z   set-safe-directory: true
Detect Changes	UNKNOWN STEP	2026-05-03T13:38:20.5962969Z ##[endgroup]
Detect Changes	UNKNOWN STEP	2026-05-03T13:38:20.7071566Z Syncing repository: link-foundation/lino-objects-codec
Detect Changes	UNKNOWN STEP	2026-05-03T13:38:20.7073735Z ##[group]Getting Git version info
Detect Changes	UNKNOWN STEP	2026-05-03T13:38:20.7074620Z Working directory is '/home/runner/work/lino-objects-codec/lino-objects-codec'
Detect Changes	UNKNOWN STEP	2026-05-03T13:38:20.7075685Z [command]/usr/bin/git version
Detect Changes	UNKNOWN STEP	2026-05-03T13:38:20.7118987Z git version 2.53.0
Detect Changes	UNKNOWN STEP	2026-05-03T13:38:20.7145067Z ##[endgroup]
Detect Changes	UNKNOWN STEP	2026-05-03T13:38:20.7165187Z Temporarily overriding HOME='/home/runner/work/_temp/90691f2f-4f8d-4626-8b69-abf33d8ff93e' before making global git config changes
Detect Changes	UNKNOWN STEP	2026-05-03T13:38:20.7167363Z Adding repository directory to the temporary git global config as a safe directory
Detect Changes	UNKNOWN STEP	2026-05-03T13:38:20.7170316Z [command]/usr/bin/git config --global --add safe.directory /home/runner/work/lino-objects-codec/lino-objects-codec
Detect Changes	UNKNOWN STEP	2026-05-03T13:38:20.7201490Z Deleting the contents of '/home/runner/work/lino-objects-codec/lino-objects-codec'
Detect Changes	UNKNOWN STEP	2026-05-03T13:38:20.7205185Z ##[group]Initializing the repository
Detect Changes	UNKNOWN STEP	2026-05-03T13:38:20.7209135Z [command]/usr/bin/git init /home/runner/work/lino-objects-codec/lino-objects-codec
Detect Changes	UNKNOWN STEP	2026-05-03T13:38:20.7296486Z hint: Using 'master' as the name for the initial branch. This default branch name
Detect Changes	UNKNOWN STEP	2026-05-03T13:38:20.7298371Z hint: will change to "main" in Git 3.0. To configure the initial branch name
Detect Changes	UNKNOWN STEP	2026-05-03T13:38:20.7299510Z hint: to use in all of your new repositories, which will suppress this warning,
Detect Changes	UNKNOWN STEP	2026-05-03T13:38:20.7300321Z hint: call:
Detect Changes	UNKNOWN STEP	2026-05-03T13:38:20.7300711Z hint:
Detect Changes	UNKNOWN STEP	2026-05-03T13:38:20.7301214Z hint: 	git config --global init.defaultBranch <name>
Detect Changes	UNKNOWN STEP	2026-05-03T13:38:20.7301856Z hint:
Detect Changes	UNKNOWN STEP	2026-05-03T13:38:20.7302448Z hint: Names commonly chosen instead of 'master' are 'main', 'trunk' and
Detect Changes	UNKNOWN STEP	2026-05-03T13:38:20.7303881Z hint: 'development'. The just-created branch can be renamed via this command:
Detect Changes	UNKNOWN STEP	2026-05-03T13:38:20.7304800Z hint:
Detect Changes	UNKNOWN STEP	2026-05-03T13:38:20.7305176Z hint: 	git branch -m <name>
Detect Changes	UNKNOWN STEP	2026-05-03T13:38:20.7305599Z hint:
Detect Changes	UNKNOWN STEP	2026-05-03T13:38:20.7306195Z hint: Disable this message with "git config set advice.defaultBranchName false"
Detect Changes	UNKNOWN STEP	2026-05-03T13:38:20.7307243Z Initialized empty Git repository in /home/runner/work/lino-objects-codec/lino-objects-codec/.git/
Detect Changes	UNKNOWN STEP	2026-05-03T13:38:20.7309845Z [command]/usr/bin/git remote add origin https://github.com/link-foundation/lino-objects-codec
Detect Changes	UNKNOWN STEP	2026-05-03T13:38:20.7339394Z ##[endgroup]
Detect Changes	UNKNOWN STEP	2026-05-03T13:38:20.7340472Z ##[group]Disabling automatic garbage collection
Detect Changes	UNKNOWN STEP	2026-05-03T13:38:20.7343480Z [command]/usr/bin/git config --local gc.auto 0
Detect Changes	UNKNOWN STEP	2026-05-03T13:38:20.7371373Z ##[endgroup]
Detect Changes	UNKNOWN STEP	2026-05-03T13:38:20.7372115Z ##[group]Setting up auth
Detect Changes	UNKNOWN STEP	2026-05-03T13:38:20.7378920Z [command]/usr/bin/git config --local --name-only --get-regexp core\.sshCommand
Detect Changes	UNKNOWN STEP	2026-05-03T13:38:20.7408875Z [command]/usr/bin/git submodule foreach --recursive sh -c "git config --local --name-only --get-regexp 'core\.sshCommand' && git config --local --unset-all 'core.sshCommand' || :"
Detect Changes	UNKNOWN STEP	2026-05-03T13:38:20.7688709Z [command]/usr/bin/git config --local --name-only --get-regexp http\.https\:\/\/github\.com\/\.extraheader
Detect Changes	UNKNOWN STEP	2026-05-03T13:38:20.7718605Z [command]/usr/bin/git submodule foreach --recursive sh -c "git config --local --name-only --get-regexp 'http\.https\:\/\/github\.com\/\.extraheader' && git config --local --unset-all 'http.https://github.com/.extraheader' || :"
Detect Changes	UNKNOWN STEP	2026-05-03T13:38:20.7934141Z [command]/usr/bin/git config --local --name-only --get-regexp ^includeIf\.gitdir:
Detect Changes	UNKNOWN STEP	2026-05-03T13:38:20.7965162Z [command]/usr/bin/git submodule foreach --recursive git config --local --show-origin --name-only --get-regexp remote.origin.url
Detect Changes	UNKNOWN STEP	2026-05-03T13:38:20.8186538Z [command]/usr/bin/git config --local http.https://github.com/.extraheader AUTHORIZATION: basic ***
Detect Changes	UNKNOWN STEP	2026-05-03T13:38:20.8221095Z ##[endgroup]
Detect Changes	UNKNOWN STEP	2026-05-03T13:38:20.8221969Z ##[group]Fetching the repository
Detect Changes	UNKNOWN STEP	2026-05-03T13:38:20.8230327Z [command]/usr/bin/git -c protocol.version=2 fetch --prune --no-recurse-submodules origin +refs/heads/*:refs/remotes/origin/* +refs/tags/*:refs/tags/*
Detect Changes	UNKNOWN STEP	2026-05-03T13:38:21.1687664Z From https://github.com/link-foundation/lino-objects-codec
Detect Changes	UNKNOWN STEP	2026-05-03T13:38:21.1689285Z  * [new branch]      issue-1-843d779c4cdb  -> origin/issue-1-843d779c4cdb
Detect Changes	UNKNOWN STEP	2026-05-03T13:38:21.1690129Z  * [new branch]      issue-11-c74c0836aeba -> origin/issue-11-c74c0836aeba
Detect Changes	UNKNOWN STEP	2026-05-03T13:38:21.1690957Z  * [new branch]      issue-15-b28422959bc5 -> origin/issue-15-b28422959bc5
Detect Changes	UNKNOWN STEP	2026-05-03T13:38:21.1691734Z  * [new branch]      issue-17-ace5a094a724 -> origin/issue-17-ace5a094a724
Detect Changes	UNKNOWN STEP	2026-05-03T13:38:21.1692519Z  * [new branch]      issue-19-d88ab983ff7d -> origin/issue-19-d88ab983ff7d
Detect Changes	UNKNOWN STEP	2026-05-03T13:38:21.1693619Z  * [new branch]      issue-20-d21ab54e8ff1 -> origin/issue-20-d21ab54e8ff1
Detect Changes	UNKNOWN STEP	2026-05-03T13:38:21.1694474Z  * [new branch]      issue-22-e5ea3b44ef6b -> origin/issue-22-e5ea3b44ef6b
Detect Changes	UNKNOWN STEP	2026-05-03T13:38:21.1695264Z  * [new branch]      issue-25-76b0e5ea19d6 -> origin/issue-25-76b0e5ea19d6
Detect Changes	UNKNOWN STEP	2026-05-03T13:38:21.1696291Z  * [new branch]      issue-27-eb86cc75f92a -> origin/issue-27-eb86cc75f92a
Detect Changes	UNKNOWN STEP	2026-05-03T13:38:21.1697110Z  * [new branch]      issue-3-397c5eeac29f  -> origin/issue-3-397c5eeac29f
Detect Changes	UNKNOWN STEP	2026-05-03T13:38:21.1697893Z  * [new branch]      issue-5-9641b6fb00d3  -> origin/issue-5-9641b6fb00d3
Detect Changes	UNKNOWN STEP	2026-05-03T13:38:21.1698684Z  * [new branch]      issue-7-7a98520cd689  -> origin/issue-7-7a98520cd689
Detect Changes	UNKNOWN STEP	2026-05-03T13:38:21.1699461Z  * [new branch]      issue-8-8f8d9acce5f1  -> origin/issue-8-8f8d9acce5f1
Detect Changes	UNKNOWN STEP	2026-05-03T13:38:21.1700228Z  * [new branch]      issue-9-bef9e95e65ef  -> origin/issue-9-bef9e95e65ef
Detect Changes	UNKNOWN STEP	2026-05-03T13:38:21.1700928Z  * [new branch]      main                  -> origin/main
Detect Changes	UNKNOWN STEP	2026-05-03T13:38:21.1701598Z  * [new tag]         csharp-v0.2.0         -> csharp-v0.2.0
Detect Changes	UNKNOWN STEP	2026-05-03T13:38:21.1702226Z  * [new tag]         rust-v0.2.0           -> rust-v0.2.0
Detect Changes	UNKNOWN STEP	2026-05-03T13:38:21.1702825Z  * [new tag]         v0.1.1                -> v0.1.1
Detect Changes	UNKNOWN STEP	2026-05-03T13:38:21.1703751Z  * [new tag]         v0.3.0                -> v0.3.0
Detect Changes	UNKNOWN STEP	2026-05-03T13:38:21.1704346Z  * [new tag]         v0.3.1                -> v0.3.1
Detect Changes	UNKNOWN STEP	2026-05-03T13:38:21.1704914Z  * [new tag]         v0.3.2                -> v0.3.2
Detect Changes	UNKNOWN STEP	2026-05-03T13:38:21.1742349Z [command]/usr/bin/git branch --list --remote origin/main
Detect Changes	UNKNOWN STEP	2026-05-03T13:38:21.1766482Z   origin/main
Detect Changes	UNKNOWN STEP	2026-05-03T13:38:21.1774855Z [command]/usr/bin/git rev-parse refs/remotes/origin/main
Detect Changes	UNKNOWN STEP	2026-05-03T13:38:21.1794275Z 3806da8815dc66a01ed1d6b0a536a2f3035753c6
Detect Changes	UNKNOWN STEP	2026-05-03T13:38:21.1798625Z ##[endgroup]
Detect Changes	UNKNOWN STEP	2026-05-03T13:38:21.1799447Z ##[group]Determining the checkout info
Detect Changes	UNKNOWN STEP	2026-05-03T13:38:21.1800703Z ##[endgroup]
Detect Changes	UNKNOWN STEP	2026-05-03T13:38:21.1804903Z [command]/usr/bin/git sparse-checkout disable
Detect Changes	UNKNOWN STEP	2026-05-03T13:38:21.1841108Z [command]/usr/bin/git config --local --unset-all extensions.worktreeConfig
Detect Changes	UNKNOWN STEP	2026-05-03T13:38:21.1867256Z ##[group]Checking out the ref
Detect Changes	UNKNOWN STEP	2026-05-03T13:38:21.1872069Z [command]/usr/bin/git checkout --progress --force -B main refs/remotes/origin/main
Detect Changes	UNKNOWN STEP	2026-05-03T13:38:21.2021142Z Switched to a new branch 'main'
Detect Changes	UNKNOWN STEP	2026-05-03T13:38:21.2024198Z branch 'main' set up to track 'origin/main'.
Detect Changes	UNKNOWN STEP	2026-05-03T13:38:21.2031000Z ##[endgroup]
Detect Changes	UNKNOWN STEP	2026-05-03T13:38:21.2064793Z [command]/usr/bin/git log -1 --format=%H
Detect Changes	UNKNOWN STEP	2026-05-03T13:38:21.2086460Z 3806da8815dc66a01ed1d6b0a536a2f3035753c6
Detect Changes	UNKNOWN STEP	2026-05-03T13:38:21.2281612Z ##[group]Run node scripts/detect-code-changes.mjs
Detect Changes	UNKNOWN STEP	2026-05-03T13:38:21.2282352Z [36;1mnode scripts/detect-code-changes.mjs[0m
Detect Changes	UNKNOWN STEP	2026-05-03T13:38:21.2307531Z shell: /usr/bin/bash -e {0}
Detect Changes	UNKNOWN STEP	2026-05-03T13:38:21.2308001Z env:
Detect Changes	UNKNOWN STEP	2026-05-03T13:38:21.2308363Z   GITHUB_EVENT_NAME: push
Detect Changes	UNKNOWN STEP	2026-05-03T13:38:21.2308782Z   GITHUB_BASE_SHA: 
Detect Changes	UNKNOWN STEP	2026-05-03T13:38:21.2309167Z   GITHUB_HEAD_SHA: 
Detect Changes	UNKNOWN STEP	2026-05-03T13:38:21.2309557Z ##[endgroup]
Detect Changes	UNKNOWN STEP	2026-05-03T13:38:21.5064246Z Detecting file changes for CI/CD...
Detect Changes	UNKNOWN STEP	2026-05-03T13:38:21.5065046Z 
Detect Changes	UNKNOWN STEP	2026-05-03T13:38:21.5069444Z Comparing HEAD^ to HEAD
Detect Changes	UNKNOWN STEP	2026-05-03T13:38:21.5114174Z Changed files:
Detect Changes	UNKNOWN STEP	2026-05-03T13:38:21.5115204Z   js/.changeset/issue-27-builtin-references.md
Detect Changes	UNKNOWN STEP	2026-05-03T13:38:21.5116484Z   js/README.md
Detect Changes	UNKNOWN STEP	2026-05-03T13:38:21.5117478Z   js/tests/test_circular_references.test.js
Detect Changes	UNKNOWN STEP	2026-05-03T13:38:21.5118607Z   python/README.md
Detect Changes	UNKNOWN STEP	2026-05-03T13:38:21.5119698Z   python/changelog.d/20260503_issue_27_builtin_references.md
Detect Changes	UNKNOWN STEP	2026-05-03T13:38:21.5121215Z   python/tests/test_circular_references.py
Detect Changes	UNKNOWN STEP	2026-05-03T13:38:21.5122032Z 
Detect Changes	UNKNOWN STEP	2026-05-03T13:38:21.5122486Z mjs-changed=false
Detect Changes	UNKNOWN STEP	2026-05-03T13:38:21.5123636Z js-changed=true
Detect Changes	UNKNOWN STEP	2026-05-03T13:38:21.5124588Z package-changed=false
Detect Changes	UNKNOWN STEP	2026-05-03T13:38:21.5125546Z docs-changed=true
Detect Changes	UNKNOWN STEP	2026-05-03T13:38:21.5126490Z workflow-changed=false
Detect Changes	UNKNOWN STEP	2026-05-03T13:38:21.5127110Z 
Detect Changes	UNKNOWN STEP	2026-05-03T13:38:21.5129232Z Files considered as code changes:
Detect Changes	UNKNOWN STEP	2026-05-03T13:38:21.5130287Z   js/tests/test_circular_references.test.js
Detect Changes	UNKNOWN STEP	2026-05-03T13:38:21.5131315Z   python/tests/test_circular_references.py
Detect Changes	UNKNOWN STEP	2026-05-03T13:38:21.5131998Z 
Detect Changes	UNKNOWN STEP	2026-05-03T13:38:21.5132345Z any-code-changed=true
Detect Changes	UNKNOWN STEP	2026-05-03T13:38:21.5132807Z 
Detect Changes	UNKNOWN STEP	2026-05-03T13:38:21.5133144Z Change detection completed.
Detect Changes	UNKNOWN STEP	2026-05-03T13:38:21.5316079Z Post job cleanup.
Detect Changes	UNKNOWN STEP	2026-05-03T13:38:21.6301271Z [command]/usr/bin/git version
Detect Changes	UNKNOWN STEP	2026-05-03T13:38:21.6338615Z git version 2.53.0
Detect Changes	UNKNOWN STEP	2026-05-03T13:38:21.6384459Z Temporarily overriding HOME='/home/runner/work/_temp/2645db58-ef80-4234-bb41-0df40aa4bcf5' before making global git config changes
Detect Changes	UNKNOWN STEP	2026-05-03T13:38:21.6386112Z Adding repository directory to the temporary git global config as a safe directory
Detect Changes	UNKNOWN STEP	2026-05-03T13:38:21.6397976Z [command]/usr/bin/git config --global --add safe.directory /home/runner/work/lino-objects-codec/lino-objects-codec
Detect Changes	UNKNOWN STEP	2026-05-03T13:38:21.6432957Z [command]/usr/bin/git config --local --name-only --get-regexp core\.sshCommand
Detect Changes	UNKNOWN STEP	2026-05-03T13:38:21.6467240Z [command]/usr/bin/git submodule foreach --recursive sh -c "git config --local --name-only --get-regexp 'core\.sshCommand' && git config --local --unset-all 'core.sshCommand' || :"
Detect Changes	UNKNOWN STEP	2026-05-03T13:38:21.6692258Z [command]/usr/bin/git config --local --name-only --get-regexp http\.https\:\/\/github\.com\/\.extraheader
Detect Changes	UNKNOWN STEP	2026-05-03T13:38:21.6712864Z http.https://github.com/.extraheader
Detect Changes	UNKNOWN STEP	2026-05-03T13:38:21.6725705Z [command]/usr/bin/git config --local --unset-all http.https://github.com/.extraheader
Detect Changes	UNKNOWN STEP	2026-05-03T13:38:21.6755277Z [command]/usr/bin/git submodule foreach --recursive sh -c "git config --local --name-only --get-regexp 'http\.https\:\/\/github\.com\/\.extraheader' && git config --local --unset-all 'http.https://github.com/.extraheader' || :"
Detect Changes	UNKNOWN STEP	2026-05-03T13:38:21.6968187Z [command]/usr/bin/git config --local --name-only --get-regexp ^includeIf\.gitdir:
Detect Changes	UNKNOWN STEP	2026-05-03T13:38:21.6997127Z [command]/usr/bin/git submodule foreach --recursive git config --local --show-origin --name-only --get-regexp remote.origin.url
Detect Changes	UNKNOWN STEP	2026-05-03T13:38:21.7320664Z Evaluate and set job outputs
Detect Changes	UNKNOWN STEP	2026-05-03T13:38:21.7330098Z Set output 'mjs-changed'
Detect Changes	UNKNOWN STEP	2026-05-03T13:38:21.7332054Z Set output 'js-changed'
Detect Changes	UNKNOWN STEP	2026-05-03T13:38:21.7332802Z Set output 'package-changed'
Detect Changes	UNKNOWN STEP	2026-05-03T13:38:21.7333810Z Set output 'docs-changed'
Detect Changes	UNKNOWN STEP	2026-05-03T13:38:21.7334478Z Set output 'workflow-changed'
Detect Changes	UNKNOWN STEP	2026-05-03T13:38:21.7335159Z Set output 'any-code-changed'
Detect Changes	UNKNOWN STEP	2026-05-03T13:38:21.7336285Z Cleaning up orphan processes
Detect Changes	UNKNOWN STEP	2026-05-03T13:38:21.7717260Z ##[warning]Node.js 20 actions are deprecated. The following actions are running on Node.js 20 and may not work as expected: actions/checkout@v4. Actions will be forced to run with Node.js 24 by default starting June 2nd, 2026. Node.js 20 will be removed from the runner on September 16th, 2026. Please check if updated versions of these actions are available that support Node.js 24. To opt into Node.js 24 now, set the FORCE_JAVASCRIPT_ACTIONS_TO_NODE24=true environment variable on the runner or in your workflow file. Once Node.js 24 becomes the default, you can temporarily opt out by setting ACTIONS_ALLOW_USE_UNSECURE_NODE_VERSION=true. For more information see: https://github.blog/changelog/2025-09-19-deprecation-of-node-20-on-github-actions-runners/
Lint and Format Check	UNKNOWN STEP	﻿2026-05-03T13:38:26.0256710Z Current runner version: '2.334.0'
Lint and Format Check	UNKNOWN STEP	2026-05-03T13:38:26.0280547Z ##[group]Runner Image Provisioner
Lint and Format Check	UNKNOWN STEP	2026-05-03T13:38:26.0281380Z Hosted Compute Agent
Lint and Format Check	UNKNOWN STEP	2026-05-03T13:38:26.0282002Z Version: 20260213.493
Lint and Format Check	UNKNOWN STEP	2026-05-03T13:38:26.0282573Z Commit: 5c115507f6dd24b8de37d8bbe0bb4509d0cc0fa3
Lint and Format Check	UNKNOWN STEP	2026-05-03T13:38:26.0283595Z Build Date: 2026-02-13T00:28:41Z
Lint and Format Check	UNKNOWN STEP	2026-05-03T13:38:26.0284364Z Worker ID: {c5395b57-6683-4441-9382-94f41ad00c30}
Lint and Format Check	UNKNOWN STEP	2026-05-03T13:38:26.0285061Z Azure Region: westus
Lint and Format Check	UNKNOWN STEP	2026-05-03T13:38:26.0285562Z ##[endgroup]
Lint and Format Check	UNKNOWN STEP	2026-05-03T13:38:26.0287070Z ##[group]Operating System
Lint and Format Check	UNKNOWN STEP	2026-05-03T13:38:26.0287660Z Ubuntu
Lint and Format Check	UNKNOWN STEP	2026-05-03T13:38:26.0288170Z 24.04.4
Lint and Format Check	UNKNOWN STEP	2026-05-03T13:38:26.0288673Z LTS
Lint and Format Check	UNKNOWN STEP	2026-05-03T13:38:26.0289110Z ##[endgroup]
Lint and Format Check	UNKNOWN STEP	2026-05-03T13:38:26.0289601Z ##[group]Runner Image
Lint and Format Check	UNKNOWN STEP	2026-05-03T13:38:26.0290097Z Image: ubuntu-24.04
Lint and Format Check	UNKNOWN STEP	2026-05-03T13:38:26.0290668Z Version: 20260413.86.1
Lint and Format Check	UNKNOWN STEP	2026-05-03T13:38:26.0291824Z Included Software: https://github.com/actions/runner-images/blob/ubuntu24/20260413.86/images/ubuntu/Ubuntu2404-Readme.md
Lint and Format Check	UNKNOWN STEP	2026-05-03T13:38:26.0293293Z Image Release: https://github.com/actions/runner-images/releases/tag/ubuntu24%2F20260413.86
Lint and Format Check	UNKNOWN STEP	2026-05-03T13:38:26.0294523Z ##[endgroup]
Lint and Format Check	UNKNOWN STEP	2026-05-03T13:38:26.0297289Z ##[group]GITHUB_TOKEN Permissions
Lint and Format Check	UNKNOWN STEP	2026-05-03T13:38:26.0299249Z Actions: write
Lint and Format Check	UNKNOWN STEP	2026-05-03T13:38:26.0299806Z ArtifactMetadata: write
Lint and Format Check	UNKNOWN STEP	2026-05-03T13:38:26.0300435Z Attestations: write
Lint and Format Check	UNKNOWN STEP	2026-05-03T13:38:26.0300955Z Checks: write
Lint and Format Check	UNKNOWN STEP	2026-05-03T13:38:26.0301410Z Contents: write
Lint and Format Check	UNKNOWN STEP	2026-05-03T13:38:26.0301969Z Deployments: write
Lint and Format Check	UNKNOWN STEP	2026-05-03T13:38:26.0302479Z Discussions: write
Lint and Format Check	UNKNOWN STEP	2026-05-03T13:38:26.0303552Z Issues: write
Lint and Format Check	UNKNOWN STEP	2026-05-03T13:38:26.0304097Z Metadata: read
Lint and Format Check	UNKNOWN STEP	2026-05-03T13:38:26.0304584Z Models: read
Lint and Format Check	UNKNOWN STEP	2026-05-03T13:38:26.0305076Z Packages: write
Lint and Format Check	UNKNOWN STEP	2026-05-03T13:38:26.0305591Z Pages: write
Lint and Format Check	UNKNOWN STEP	2026-05-03T13:38:26.0306180Z PullRequests: write
Lint and Format Check	UNKNOWN STEP	2026-05-03T13:38:26.0306766Z RepositoryProjects: write
Lint and Format Check	UNKNOWN STEP	2026-05-03T13:38:26.0307329Z SecurityEvents: write
Lint and Format Check	UNKNOWN STEP	2026-05-03T13:38:26.0307866Z Statuses: write
Lint and Format Check	UNKNOWN STEP	2026-05-03T13:38:26.0308422Z VulnerabilityAlerts: read
Lint and Format Check	UNKNOWN STEP	2026-05-03T13:38:26.0308956Z ##[endgroup]
Lint and Format Check	UNKNOWN STEP	2026-05-03T13:38:26.0311314Z Secret source: Actions
Lint and Format Check	UNKNOWN STEP	2026-05-03T13:38:26.0311959Z Prepare workflow directory
Lint and Format Check	UNKNOWN STEP	2026-05-03T13:38:26.0645195Z Prepare all required actions
Lint and Format Check	UNKNOWN STEP	2026-05-03T13:38:26.0684302Z Getting action download info
Lint and Format Check	UNKNOWN STEP	2026-05-03T13:38:26.4960233Z Download action repository 'actions/checkout@v4' (SHA:34e114876b0b11c390a56381ad16ebd13914f8d5)
Lint and Format Check	UNKNOWN STEP	2026-05-03T13:38:26.6252857Z Download action repository 'actions/setup-node@v4' (SHA:49933ea5288caeca8642d1e84afbd3f7d6820020)
Lint and Format Check	UNKNOWN STEP	2026-05-03T13:38:26.8115589Z Complete job name: Lint and Format Check
Lint and Format Check	UNKNOWN STEP	2026-05-03T13:38:26.8822987Z ##[group]Run actions/checkout@v4
Lint and Format Check	UNKNOWN STEP	2026-05-03T13:38:26.8824163Z with:
Lint and Format Check	UNKNOWN STEP	2026-05-03T13:38:26.8824631Z   repository: link-foundation/lino-objects-codec
Lint and Format Check	UNKNOWN STEP	2026-05-03T13:38:26.8825334Z   token: ***
Lint and Format Check	UNKNOWN STEP	2026-05-03T13:38:26.8825712Z   ssh-strict: true
Lint and Format Check	UNKNOWN STEP	2026-05-03T13:38:26.8826100Z   ssh-user: git
Lint and Format Check	UNKNOWN STEP	2026-05-03T13:38:26.8826502Z   persist-credentials: true
Lint and Format Check	UNKNOWN STEP	2026-05-03T13:38:26.8826943Z   clean: true
Lint and Format Check	UNKNOWN STEP	2026-05-03T13:38:26.8827353Z   sparse-checkout-cone-mode: true
Lint and Format Check	UNKNOWN STEP	2026-05-03T13:38:26.8827840Z   fetch-depth: 1
Lint and Format Check	UNKNOWN STEP	2026-05-03T13:38:26.8828226Z   fetch-tags: false
Lint and Format Check	UNKNOWN STEP	2026-05-03T13:38:26.8828617Z   show-progress: true
Lint and Format Check	UNKNOWN STEP	2026-05-03T13:38:26.8829017Z   lfs: false
Lint and Format Check	UNKNOWN STEP	2026-05-03T13:38:26.8829380Z   submodules: false
Lint and Format Check	UNKNOWN STEP	2026-05-03T13:38:26.8829784Z   set-safe-directory: true
Lint and Format Check	UNKNOWN STEP	2026-05-03T13:38:26.8830420Z ##[endgroup]
Lint and Format Check	UNKNOWN STEP	2026-05-03T13:38:26.9921662Z Syncing repository: link-foundation/lino-objects-codec
Lint and Format Check	UNKNOWN STEP	2026-05-03T13:38:26.9923630Z ##[group]Getting Git version info
Lint and Format Check	UNKNOWN STEP	2026-05-03T13:38:26.9924498Z Working directory is '/home/runner/work/lino-objects-codec/lino-objects-codec'
Lint and Format Check	UNKNOWN STEP	2026-05-03T13:38:26.9925543Z [command]/usr/bin/git version
Lint and Format Check	UNKNOWN STEP	2026-05-03T13:38:26.9964452Z git version 2.53.0
Lint and Format Check	UNKNOWN STEP	2026-05-03T13:38:26.9991228Z ##[endgroup]
Lint and Format Check	UNKNOWN STEP	2026-05-03T13:38:27.0011392Z Temporarily overriding HOME='/home/runner/work/_temp/2b7698e3-3b60-4756-8ef3-33bf1494a2f4' before making global git config changes
Lint and Format Check	UNKNOWN STEP	2026-05-03T13:38:27.0014199Z Adding repository directory to the temporary git global config as a safe directory
Lint and Format Check	UNKNOWN STEP	2026-05-03T13:38:27.0018743Z [command]/usr/bin/git config --global --add safe.directory /home/runner/work/lino-objects-codec/lino-objects-codec
Lint and Format Check	UNKNOWN STEP	2026-05-03T13:38:27.0053109Z Deleting the contents of '/home/runner/work/lino-objects-codec/lino-objects-codec'
Lint and Format Check	UNKNOWN STEP	2026-05-03T13:38:27.0057109Z ##[group]Initializing the repository
Lint and Format Check	UNKNOWN STEP	2026-05-03T13:38:27.0062113Z [command]/usr/bin/git init /home/runner/work/lino-objects-codec/lino-objects-codec
Lint and Format Check	UNKNOWN STEP	2026-05-03T13:38:27.0161839Z hint: Using 'master' as the name for the initial branch. This default branch name
Lint and Format Check	UNKNOWN STEP	2026-05-03T13:38:27.0163464Z hint: will change to "main" in Git 3.0. To configure the initial branch name
Lint and Format Check	UNKNOWN STEP	2026-05-03T13:38:27.0164803Z hint: to use in all of your new repositories, which will suppress this warning,
Lint and Format Check	UNKNOWN STEP	2026-05-03T13:38:27.0166106Z hint: call:
Lint and Format Check	UNKNOWN STEP	2026-05-03T13:38:27.0166769Z hint:
Lint and Format Check	UNKNOWN STEP	2026-05-03T13:38:27.0167615Z hint: 	git config --global init.defaultBranch <name>
Lint and Format Check	UNKNOWN STEP	2026-05-03T13:38:27.0168682Z hint:
Lint and Format Check	UNKNOWN STEP	2026-05-03T13:38:27.0169661Z hint: Names commonly chosen instead of 'master' are 'main', 'trunk' and
Lint and Format Check	UNKNOWN STEP	2026-05-03T13:38:27.0171378Z hint: 'development'. The just-created branch can be renamed via this command:
Lint and Format Check	UNKNOWN STEP	2026-05-03T13:38:27.0172675Z hint:
Lint and Format Check	UNKNOWN STEP	2026-05-03T13:38:27.0173650Z hint: 	git branch -m <name>
Lint and Format Check	UNKNOWN STEP	2026-05-03T13:38:27.0174459Z hint:
Lint and Format Check	UNKNOWN STEP	2026-05-03T13:38:27.0175525Z hint: Disable this message with "git config set advice.defaultBranchName false"
Lint and Format Check	UNKNOWN STEP	2026-05-03T13:38:27.0177552Z Initialized empty Git repository in /home/runner/work/lino-objects-codec/lino-objects-codec/.git/
Lint and Format Check	UNKNOWN STEP	2026-05-03T13:38:27.0180596Z [command]/usr/bin/git remote add origin https://github.com/link-foundation/lino-objects-codec
Lint and Format Check	UNKNOWN STEP	2026-05-03T13:38:27.0208783Z ##[endgroup]
Lint and Format Check	UNKNOWN STEP	2026-05-03T13:38:27.0209957Z ##[group]Disabling automatic garbage collection
Lint and Format Check	UNKNOWN STEP	2026-05-03T13:38:27.0213430Z [command]/usr/bin/git config --local gc.auto 0
Lint and Format Check	UNKNOWN STEP	2026-05-03T13:38:27.0241520Z ##[endgroup]
Lint and Format Check	UNKNOWN STEP	2026-05-03T13:38:27.0242698Z ##[group]Setting up auth
Lint and Format Check	UNKNOWN STEP	2026-05-03T13:38:27.0249344Z [command]/usr/bin/git config --local --name-only --get-regexp core\.sshCommand
Lint and Format Check	UNKNOWN STEP	2026-05-03T13:38:27.0279571Z [command]/usr/bin/git submodule foreach --recursive sh -c "git config --local --name-only --get-regexp 'core\.sshCommand' && git config --local --unset-all 'core.sshCommand' || :"
Lint and Format Check	UNKNOWN STEP	2026-05-03T13:38:27.0561429Z [command]/usr/bin/git config --local --name-only --get-regexp http\.https\:\/\/github\.com\/\.extraheader
Lint and Format Check	UNKNOWN STEP	2026-05-03T13:38:27.0591395Z [command]/usr/bin/git submodule foreach --recursive sh -c "git config --local --name-only --get-regexp 'http\.https\:\/\/github\.com\/\.extraheader' && git config --local --unset-all 'http.https://github.com/.extraheader' || :"
Lint and Format Check	UNKNOWN STEP	2026-05-03T13:38:27.0815608Z [command]/usr/bin/git config --local --name-only --get-regexp ^includeIf\.gitdir:
Lint and Format Check	UNKNOWN STEP	2026-05-03T13:38:27.0855254Z [command]/usr/bin/git submodule foreach --recursive git config --local --show-origin --name-only --get-regexp remote.origin.url
Lint and Format Check	UNKNOWN STEP	2026-05-03T13:38:27.1097719Z [command]/usr/bin/git config --local http.https://github.com/.extraheader AUTHORIZATION: basic ***
Lint and Format Check	UNKNOWN STEP	2026-05-03T13:38:27.1132571Z ##[endgroup]
Lint and Format Check	UNKNOWN STEP	2026-05-03T13:38:27.1134067Z ##[group]Fetching the repository
Lint and Format Check	UNKNOWN STEP	2026-05-03T13:38:27.1142416Z [command]/usr/bin/git -c protocol.version=2 fetch --no-tags --prune --no-recurse-submodules --depth=1 origin +3806da8815dc66a01ed1d6b0a536a2f3035753c6:refs/remotes/origin/main
Lint and Format Check	UNKNOWN STEP	2026-05-03T13:38:27.6432491Z From https://github.com/link-foundation/lino-objects-codec
Lint and Format Check	UNKNOWN STEP	2026-05-03T13:38:27.6434046Z  * [new ref]         3806da8815dc66a01ed1d6b0a536a2f3035753c6 -> origin/main
Lint and Format Check	UNKNOWN STEP	2026-05-03T13:38:27.6460969Z ##[endgroup]
Lint and Format Check	UNKNOWN STEP	2026-05-03T13:38:27.6462201Z ##[group]Determining the checkout info
Lint and Format Check	UNKNOWN STEP	2026-05-03T13:38:27.6464306Z ##[endgroup]
Lint and Format Check	UNKNOWN STEP	2026-05-03T13:38:27.6469832Z [command]/usr/bin/git sparse-checkout disable
Lint and Format Check	UNKNOWN STEP	2026-05-03T13:38:27.6505497Z [command]/usr/bin/git config --local --unset-all extensions.worktreeConfig
Lint and Format Check	UNKNOWN STEP	2026-05-03T13:38:27.6531384Z ##[group]Checking out the ref
Lint and Format Check	UNKNOWN STEP	2026-05-03T13:38:27.6534918Z [command]/usr/bin/git checkout --progress --force -B main refs/remotes/origin/main
Lint and Format Check	UNKNOWN STEP	2026-05-03T13:38:27.6675695Z Switched to a new branch 'main'
Lint and Format Check	UNKNOWN STEP	2026-05-03T13:38:27.6678423Z branch 'main' set up to track 'origin/main'.
Lint and Format Check	UNKNOWN STEP	2026-05-03T13:38:27.6684519Z ##[endgroup]
Lint and Format Check	UNKNOWN STEP	2026-05-03T13:38:27.6718196Z [command]/usr/bin/git log -1 --format=%H
Lint and Format Check	UNKNOWN STEP	2026-05-03T13:38:27.6739463Z 3806da8815dc66a01ed1d6b0a536a2f3035753c6
Lint and Format Check	UNKNOWN STEP	2026-05-03T13:38:27.6981767Z ##[group]Run actions/setup-node@v4
Lint and Format Check	UNKNOWN STEP	2026-05-03T13:38:27.6982295Z with:
Lint and Format Check	UNKNOWN STEP	2026-05-03T13:38:27.6982639Z   node-version: 22
Lint and Format Check	UNKNOWN STEP	2026-05-03T13:38:27.6983044Z   always-auth: false
Lint and Format Check	UNKNOWN STEP	2026-05-03T13:38:27.6983632Z   check-latest: false
Lint and Format Check	UNKNOWN STEP	2026-05-03T13:38:27.6984196Z   token: ***
Lint and Format Check	UNKNOWN STEP	2026-05-03T13:38:27.6984576Z ##[endgroup]
Lint and Format Check	UNKNOWN STEP	2026-05-03T13:38:27.8771183Z Found in cache @ /opt/hostedtoolcache/node/22.22.2/x64
Lint and Format Check	UNKNOWN STEP	2026-05-03T13:38:27.8776193Z ##[group]Environment details
Lint and Format Check	UNKNOWN STEP	2026-05-03T13:38:31.3044801Z node: v22.22.2
Lint and Format Check	UNKNOWN STEP	2026-05-03T13:38:31.3045375Z npm: 10.9.7
Lint and Format Check	UNKNOWN STEP	2026-05-03T13:38:31.3045724Z yarn: 1.22.22
Lint and Format Check	UNKNOWN STEP	2026-05-03T13:38:31.3048942Z ##[endgroup]
Lint and Format Check	UNKNOWN STEP	2026-05-03T13:38:31.3168190Z ##[group]Run npm install
Lint and Format Check	UNKNOWN STEP	2026-05-03T13:38:31.3168554Z [36;1mnpm install[0m
Lint and Format Check	UNKNOWN STEP	2026-05-03T13:38:31.3203145Z shell: /usr/bin/bash -e {0}
Lint and Format Check	UNKNOWN STEP	2026-05-03T13:38:31.3203778Z ##[endgroup]
Lint and Format Check	UNKNOWN STEP	2026-05-03T13:38:35.7985906Z 
Lint and Format Check	UNKNOWN STEP	2026-05-03T13:38:35.7994803Z > lino-objects-codec@0.3.2 prepare
Lint and Format Check	UNKNOWN STEP	2026-05-03T13:38:35.7995329Z > husky || true
Lint and Format Check	UNKNOWN STEP	2026-05-03T13:38:35.7995490Z 
Lint and Format Check	UNKNOWN STEP	2026-05-03T13:38:35.8467676Z .git can't be found
Lint and Format Check	UNKNOWN STEP	2026-05-03T13:38:35.8468625Z added 321 packages, and audited 322 packages in 4s
Lint and Format Check	UNKNOWN STEP	2026-05-03T13:38:35.8469162Z 
Lint and Format Check	UNKNOWN STEP	2026-05-03T13:38:35.8469501Z 74 packages are looking for funding
Lint and Format Check	UNKNOWN STEP	2026-05-03T13:38:35.8470148Z   run `npm fund` for details
Lint and Format Check	UNKNOWN STEP	2026-05-03T13:38:35.8527691Z 
Lint and Format Check	UNKNOWN STEP	2026-05-03T13:38:35.8528661Z 6 vulnerabilities (3 moderate, 3 high)
Lint and Format Check	UNKNOWN STEP	2026-05-03T13:38:35.8529560Z 
Lint and Format Check	UNKNOWN STEP	2026-05-03T13:38:35.8530194Z To address all issues, run:
Lint and Format Check	UNKNOWN STEP	2026-05-03T13:38:35.8531126Z   npm audit fix
Lint and Format Check	UNKNOWN STEP	2026-05-03T13:38:35.8531723Z 
Lint and Format Check	UNKNOWN STEP	2026-05-03T13:38:35.8532302Z Run `npm audit` for details.
Lint and Format Check	UNKNOWN STEP	2026-05-03T13:38:35.9059643Z ##[group]Run npm run lint
Lint and Format Check	UNKNOWN STEP	2026-05-03T13:38:35.9059969Z [36;1mnpm run lint[0m
Lint and Format Check	UNKNOWN STEP	2026-05-03T13:38:35.9083098Z shell: /usr/bin/bash -e {0}
Lint and Format Check	UNKNOWN STEP	2026-05-03T13:38:35.9083748Z ##[endgroup]
Lint and Format Check	UNKNOWN STEP	2026-05-03T13:38:36.0121396Z 
Lint and Format Check	UNKNOWN STEP	2026-05-03T13:38:36.0121909Z > lino-objects-codec@0.3.2 lint
Lint and Format Check	UNKNOWN STEP	2026-05-03T13:38:36.0122336Z > eslint .
Lint and Format Check	UNKNOWN STEP	2026-05-03T13:38:36.0122500Z 
Lint and Format Check	UNKNOWN STEP	2026-05-03T13:38:37.4108728Z 
Lint and Format Check	UNKNOWN STEP	2026-05-03T13:38:37.4110769Z /home/runner/work/lino-objects-codec/lino-objects-codec/js/examples/basic_usage.js
Lint and Format Check	UNKNOWN STEP	2026-05-03T13:38:37.4181672Z ##[warning]  7:1  warning  Function 'main' has too many statements (71). Maximum allowed is 60  max-statements
Lint and Format Check	UNKNOWN STEP	2026-05-03T13:38:37.4192865Z 
Lint and Format Check	UNKNOWN STEP	2026-05-03T13:38:37.4193823Z /home/runner/work/lino-objects-codec/lino-objects-codec/js/src/codec.js
Lint and Format Check	UNKNOWN STEP	2026-05-03T13:38:37.4195561Z ##[warning]  148:3   warning  Method '_encodeValue' has a complexity of 23. Maximum allowed is 15       complexity
Lint and Format Check	UNKNOWN STEP	2026-05-03T13:38:37.4197456Z ##[warning]  273:3   warning  Method '_decodeLink' has a complexity of 55. Maximum allowed is 15        complexity
Lint and Format Check	UNKNOWN STEP	2026-05-03T13:38:37.4199177Z ##[warning]  273:14  warning  Method '_decodeLink' has too many statements (95). Maximum allowed is 60  max-statements
Lint and Format Check	UNKNOWN STEP	2026-05-03T13:38:37.4200098Z 
Lint and Format Check	UNKNOWN STEP	2026-05-03T13:38:37.4200449Z /home/runner/work/lino-objects-codec/lino-objects-codec/js/src/format.js
Lint and Format Check	UNKNOWN STEP	2026-05-03T13:38:37.4201571Z ##[warning]  449:8  warning  Function 'parseIndented' has a complexity of 16. Maximum allowed is 15  complexity
Lint and Format Check	UNKNOWN STEP	2026-05-03T13:38:37.4202474Z 
Lint and Format Check	UNKNOWN STEP	2026-05-03T13:38:37.4203139Z ✖ 5 problems (0 errors, 5 warnings)
Lint and Format Check	UNKNOWN STEP	2026-05-03T13:38:37.4203953Z 
Lint and Format Check	UNKNOWN STEP	2026-05-03T13:38:37.4817074Z ##[group]Run npm run format:check
Lint and Format Check	UNKNOWN STEP	2026-05-03T13:38:37.4817396Z [36;1mnpm run format:check[0m
Lint and Format Check	UNKNOWN STEP	2026-05-03T13:38:37.4839501Z shell: /usr/bin/bash -e {0}
Lint and Format Check	UNKNOWN STEP	2026-05-03T13:38:37.4839747Z ##[endgroup]
Lint and Format Check	UNKNOWN STEP	2026-05-03T13:38:37.5808837Z 
Lint and Format Check	UNKNOWN STEP	2026-05-03T13:38:37.5809351Z > lino-objects-codec@0.3.2 format:check
Lint and Format Check	UNKNOWN STEP	2026-05-03T13:38:37.5810027Z > prettier --check .
Lint and Format Check	UNKNOWN STEP	2026-05-03T13:38:37.5810275Z 
Lint and Format Check	UNKNOWN STEP	2026-05-03T13:38:37.6671332Z Checking formatting...
Lint and Format Check	UNKNOWN STEP	2026-05-03T13:38:38.4255708Z All matched files use Prettier code style!
Lint and Format Check	UNKNOWN STEP	2026-05-03T13:38:38.4665756Z ##[group]Run npm run check:duplication
Lint and Format Check	UNKNOWN STEP	2026-05-03T13:38:38.4666280Z [36;1mnpm run check:duplication[0m
Lint and Format Check	UNKNOWN STEP	2026-05-03T13:38:38.4689378Z shell: /usr/bin/bash -e {0}
Lint and Format Check	UNKNOWN STEP	2026-05-03T13:38:38.4689621Z ##[endgroup]
Lint and Format Check	UNKNOWN STEP	2026-05-03T13:38:38.5634165Z 
Lint and Format Check	UNKNOWN STEP	2026-05-03T13:38:38.5634850Z > lino-objects-codec@0.3.2 check:duplication
Lint and Format Check	UNKNOWN STEP	2026-05-03T13:38:38.5635340Z > jscpd .
Lint and Format Check	UNKNOWN STEP	2026-05-03T13:38:38.5635493Z 
Lint and Format Check	UNKNOWN STEP	2026-05-03T13:38:38.9739529Z Detection time:: 0.13ms
Lint and Format Check	UNKNOWN STEP	2026-05-03T13:38:38.9954725Z Post job cleanup.
Lint and Format Check	UNKNOWN STEP	2026-05-03T13:38:39.1646230Z Post job cleanup.
Lint and Format Check	UNKNOWN STEP	2026-05-03T13:38:39.2630267Z [command]/usr/bin/git version
Lint and Format Check	UNKNOWN STEP	2026-05-03T13:38:39.2666719Z git version 2.53.0
Lint and Format Check	UNKNOWN STEP	2026-05-03T13:38:39.2717735Z Temporarily overriding HOME='/home/runner/work/_temp/3eff4beb-f12d-424b-bf9d-360925686498' before making global git config changes
Lint and Format Check	UNKNOWN STEP	2026-05-03T13:38:39.2718868Z Adding repository directory to the temporary git global config as a safe directory
Lint and Format Check	UNKNOWN STEP	2026-05-03T13:38:39.2722853Z [command]/usr/bin/git config --global --add safe.directory /home/runner/work/lino-objects-codec/lino-objects-codec
Lint and Format Check	UNKNOWN STEP	2026-05-03T13:38:39.2755841Z [command]/usr/bin/git config --local --name-only --get-regexp core\.sshCommand
Lint and Format Check	UNKNOWN STEP	2026-05-03T13:38:39.2787475Z [command]/usr/bin/git submodule foreach --recursive sh -c "git config --local --name-only --get-regexp 'core\.sshCommand' && git config --local --unset-all 'core.sshCommand' || :"
Lint and Format Check	UNKNOWN STEP	2026-05-03T13:38:39.3007947Z [command]/usr/bin/git config --local --name-only --get-regexp http\.https\:\/\/github\.com\/\.extraheader
Lint and Format Check	UNKNOWN STEP	2026-05-03T13:38:39.3028053Z http.https://github.com/.extraheader
Lint and Format Check	UNKNOWN STEP	2026-05-03T13:38:39.3040450Z [command]/usr/bin/git config --local --unset-all http.https://github.com/.extraheader
Lint and Format Check	UNKNOWN STEP	2026-05-03T13:38:39.3072596Z [command]/usr/bin/git submodule foreach --recursive sh -c "git config --local --name-only --get-regexp 'http\.https\:\/\/github\.com\/\.extraheader' && git config --local --unset-all 'http.https://github.com/.extraheader' || :"
Lint and Format Check	UNKNOWN STEP	2026-05-03T13:38:39.3291164Z [command]/usr/bin/git config --local --name-only --get-regexp ^includeIf\.gitdir:
Lint and Format Check	UNKNOWN STEP	2026-05-03T13:38:39.3320479Z [command]/usr/bin/git submodule foreach --recursive git config --local --show-origin --name-only --get-regexp remote.origin.url
Lint and Format Check	UNKNOWN STEP	2026-05-03T13:38:39.3647626Z Cleaning up orphan processes
Lint and Format Check	UNKNOWN STEP	2026-05-03T13:38:39.3926548Z ##[warning]Node.js 20 actions are deprecated. The following actions are running on Node.js 20 and may not work as expected: actions/checkout@v4, actions/setup-node@v4. Actions will be forced to run with Node.js 24 by default starting June 2nd, 2026. Node.js 20 will be removed from the runner on September 16th, 2026. Please check if updated versions of these actions are available that support Node.js 24. To opt into Node.js 24 now, set the FORCE_JAVASCRIPT_ACTIONS_TO_NODE24=true environment variable on the runner or in your workflow file. Once Node.js 24 becomes the default, you can temporarily opt out by setting ACTIONS_ALLOW_USE_UNSECURE_NODE_VERSION=true. For more information see: https://github.blog/changelog/2025-09-19-deprecation-of-node-20-on-github-actions-runners/
Test (Node.js on windows-latest)	UNKNOWN STEP	﻿2026-05-03T13:38:25.8200832Z Current runner version: '2.334.0'
Test (Node.js on windows-latest)	UNKNOWN STEP	2026-05-03T13:38:25.8228533Z ##[group]Runner Image Provisioner
Test (Node.js on windows-latest)	UNKNOWN STEP	2026-05-03T13:38:25.8229266Z Hosted Compute Agent
Test (Node.js on windows-latest)	UNKNOWN STEP	2026-05-03T13:38:25.8229804Z Version: 20260213.493
Test (Node.js on windows-latest)	UNKNOWN STEP	2026-05-03T13:38:25.8230311Z Commit: 5c115507f6dd24b8de37d8bbe0bb4509d0cc0fa3
Test (Node.js on windows-latest)	UNKNOWN STEP	2026-05-03T13:38:25.8230952Z Build Date: 2026-02-13T00:28:41Z
Test (Node.js on windows-latest)	UNKNOWN STEP	2026-05-03T13:38:25.8231496Z Worker ID: {602356da-829b-4506-a438-837961ab9d47}
Test (Node.js on windows-latest)	UNKNOWN STEP	2026-05-03T13:38:25.8232299Z Azure Region: centralus
Test (Node.js on windows-latest)	UNKNOWN STEP	2026-05-03T13:38:25.8232956Z ##[endgroup]
Test (Node.js on windows-latest)	UNKNOWN STEP	2026-05-03T13:38:25.8234290Z ##[group]Operating System
Test (Node.js on windows-latest)	UNKNOWN STEP	2026-05-03T13:38:25.8235183Z Microsoft Windows Server 2025
Test (Node.js on windows-latest)	UNKNOWN STEP	2026-05-03T13:38:25.8235701Z 10.0.26100
Test (Node.js on windows-latest)	UNKNOWN STEP	2026-05-03T13:38:25.8236103Z Datacenter
Test (Node.js on windows-latest)	UNKNOWN STEP	2026-05-03T13:38:25.8236520Z ##[endgroup]
Test (Node.js on windows-latest)	UNKNOWN STEP	2026-05-03T13:38:25.8236942Z ##[group]Runner Image
Test (Node.js on windows-latest)	UNKNOWN STEP	2026-05-03T13:38:25.8237422Z Image: windows-2025
Test (Node.js on windows-latest)	UNKNOWN STEP	2026-05-03T13:38:25.8238319Z Version: 20260413.84.1
Test (Node.js on windows-latest)	UNKNOWN STEP	2026-05-03T13:38:25.8239636Z Included Software: https://github.com/actions/runner-images/blob/win25/20260413.84/images/windows/Windows2025-Readme.md
Test (Node.js on windows-latest)	UNKNOWN STEP	2026-05-03T13:38:25.8241006Z Image Release: https://github.com/actions/runner-images/releases/tag/win25%2F20260413.84
Test (Node.js on windows-latest)	UNKNOWN STEP	2026-05-03T13:38:25.8242502Z ##[endgroup]
Test (Node.js on windows-latest)	UNKNOWN STEP	2026-05-03T13:38:25.8247556Z ##[group]GITHUB_TOKEN Permissions
Test (Node.js on windows-latest)	UNKNOWN STEP	2026-05-03T13:38:25.8250345Z Actions: write
Test (Node.js on windows-latest)	UNKNOWN STEP	2026-05-03T13:38:25.8251165Z ArtifactMetadata: write
Test (Node.js on windows-latest)	UNKNOWN STEP	2026-05-03T13:38:25.8252864Z Attestations: write
Test (Node.js on windows-latest)	UNKNOWN STEP	2026-05-03T13:38:25.8253727Z Checks: write
Test (Node.js on windows-latest)	UNKNOWN STEP	2026-05-03T13:38:25.8254495Z Contents: write
Test (Node.js on windows-latest)	UNKNOWN STEP	2026-05-03T13:38:25.8255329Z Deployments: write
Test (Node.js on windows-latest)	UNKNOWN STEP	2026-05-03T13:38:25.8256100Z Discussions: write
Test (Node.js on windows-latest)	UNKNOWN STEP	2026-05-03T13:38:25.8256926Z Issues: write
Test (Node.js on windows-latest)	UNKNOWN STEP	2026-05-03T13:38:25.8257713Z Metadata: read
Test (Node.js on windows-latest)	UNKNOWN STEP	2026-05-03T13:38:25.8258455Z Models: read
Test (Node.js on windows-latest)	UNKNOWN STEP	2026-05-03T13:38:25.8259665Z Packages: write
Test (Node.js on windows-latest)	UNKNOWN STEP	2026-05-03T13:38:25.8260564Z Pages: write
Test (Node.js on windows-latest)	UNKNOWN STEP	2026-05-03T13:38:25.8261379Z PullRequests: write
Test (Node.js on windows-latest)	UNKNOWN STEP	2026-05-03T13:38:25.8262255Z RepositoryProjects: write
Test (Node.js on windows-latest)	UNKNOWN STEP	2026-05-03T13:38:25.8263193Z SecurityEvents: write
Test (Node.js on windows-latest)	UNKNOWN STEP	2026-05-03T13:38:25.8264014Z Statuses: write
Test (Node.js on windows-latest)	UNKNOWN STEP	2026-05-03T13:38:25.8264858Z VulnerabilityAlerts: read
Test (Node.js on windows-latest)	UNKNOWN STEP	2026-05-03T13:38:25.8265768Z ##[endgroup]
Test (Node.js on windows-latest)	UNKNOWN STEP	2026-05-03T13:38:25.8268604Z Secret source: Actions
Test (Node.js on windows-latest)	UNKNOWN STEP	2026-05-03T13:38:25.8269667Z Prepare workflow directory
Test (Node.js on windows-latest)	UNKNOWN STEP	2026-05-03T13:38:25.8746921Z Prepare all required actions
Test (Node.js on windows-latest)	UNKNOWN STEP	2026-05-03T13:38:25.8799645Z Getting action download info
Test (Node.js on windows-latest)	UNKNOWN STEP	2026-05-03T13:38:26.1821539Z Download action repository 'actions/checkout@v4' (SHA:34e114876b0b11c390a56381ad16ebd13914f8d5)
Test (Node.js on windows-latest)	UNKNOWN STEP	2026-05-03T13:38:26.3122159Z Download action repository 'actions/setup-node@v4' (SHA:49933ea5288caeca8642d1e84afbd3f7d6820020)
Test (Node.js on windows-latest)	UNKNOWN STEP	2026-05-03T13:38:26.6485599Z Complete job name: Test (Node.js on windows-latest)
Test (Node.js on windows-latest)	UNKNOWN STEP	2026-05-03T13:38:26.8287299Z ##[group]Run actions/checkout@v4
Test (Node.js on windows-latest)	UNKNOWN STEP	2026-05-03T13:38:26.8288238Z with:
Test (Node.js on windows-latest)	UNKNOWN STEP	2026-05-03T13:38:26.8288657Z   repository: link-foundation/lino-objects-codec
Test (Node.js on windows-latest)	UNKNOWN STEP	2026-05-03T13:38:26.8289344Z   token: ***
Test (Node.js on windows-latest)	UNKNOWN STEP	2026-05-03T13:38:26.8289670Z   ssh-strict: true
Test (Node.js on windows-latest)	UNKNOWN STEP	2026-05-03T13:38:26.8290012Z   ssh-user: git
Test (Node.js on windows-latest)	UNKNOWN STEP	2026-05-03T13:38:26.8290368Z   persist-credentials: true
Test (Node.js on windows-latest)	UNKNOWN STEP	2026-05-03T13:38:26.8291077Z   clean: true
Test (Node.js on windows-latest)	UNKNOWN STEP	2026-05-03T13:38:26.8291426Z   sparse-checkout-cone-mode: true
Test (Node.js on windows-latest)	UNKNOWN STEP	2026-05-03T13:38:26.8291853Z   fetch-depth: 1
Test (Node.js on windows-latest)	UNKNOWN STEP	2026-05-03T13:38:26.8292309Z   fetch-tags: false
Test (Node.js on windows-latest)	UNKNOWN STEP	2026-05-03T13:38:26.8292779Z   show-progress: true
Test (Node.js on windows-latest)	UNKNOWN STEP	2026-05-03T13:38:26.8293125Z   lfs: false
Test (Node.js on windows-latest)	UNKNOWN STEP	2026-05-03T13:38:26.8293442Z   submodules: false
Test (Node.js on windows-latest)	UNKNOWN STEP	2026-05-03T13:38:26.8293794Z   set-safe-directory: true
Test (Node.js on windows-latest)	UNKNOWN STEP	2026-05-03T13:38:26.8294449Z ##[endgroup]
Test (Node.js on windows-latest)	UNKNOWN STEP	2026-05-03T13:38:27.0265108Z Syncing repository: link-foundation/lino-objects-codec
Test (Node.js on windows-latest)	UNKNOWN STEP	2026-05-03T13:38:27.0267718Z ##[group]Getting Git version info
Test (Node.js on windows-latest)	UNKNOWN STEP	2026-05-03T13:38:27.0268992Z Working directory is 'D:\a\lino-objects-codec\lino-objects-codec'
Test (Node.js on windows-latest)	UNKNOWN STEP	2026-05-03T13:38:27.1292554Z [command]"C:\Program Files\Git\bin\git.exe" version
Test (Node.js on windows-latest)	UNKNOWN STEP	2026-05-03T13:38:27.5380666Z git version 2.53.0.windows.2
Test (Node.js on windows-latest)	UNKNOWN STEP	2026-05-03T13:38:27.5442428Z ##[endgroup]
Test (Node.js on windows-latest)	UNKNOWN STEP	2026-05-03T13:38:27.5465477Z Temporarily overriding HOME='D:\a\_temp\5fc26314-4ed6-400b-afd7-a755ae44be43' before making global git config changes
Test (Node.js on windows-latest)	UNKNOWN STEP	2026-05-03T13:38:27.5470879Z Adding repository directory to the temporary git global config as a safe directory
Test (Node.js on windows-latest)	UNKNOWN STEP	2026-05-03T13:38:27.5481713Z [command]"C:\Program Files\Git\bin\git.exe" config --global --add safe.directory D:\a\lino-objects-codec\lino-objects-codec
Test (Node.js on windows-latest)	UNKNOWN STEP	2026-05-03T13:38:27.6112141Z Deleting the contents of 'D:\a\lino-objects-codec\lino-objects-codec'
Test (Node.js on windows-latest)	UNKNOWN STEP	2026-05-03T13:38:27.6119759Z ##[group]Initializing the repository
Test (Node.js on windows-latest)	UNKNOWN STEP	2026-05-03T13:38:27.6131400Z [command]"C:\Program Files\Git\bin\git.exe" init D:\a\lino-objects-codec\lino-objects-codec
Test (Node.js on windows-latest)	UNKNOWN STEP	2026-05-03T13:38:27.7096751Z Initialized empty Git repository in D:/a/lino-objects-codec/lino-objects-codec/.git/
Test (Node.js on windows-latest)	UNKNOWN STEP	2026-05-03T13:38:27.7158424Z [command]"C:\Program Files\Git\bin\git.exe" remote add origin https://github.com/link-foundation/lino-objects-codec
Test (Node.js on windows-latest)	UNKNOWN STEP	2026-05-03T13:38:27.7883343Z ##[endgroup]
Test (Node.js on windows-latest)	UNKNOWN STEP	2026-05-03T13:38:27.7885343Z ##[group]Disabling automatic garbage collection
Test (Node.js on windows-latest)	UNKNOWN STEP	2026-05-03T13:38:27.7893622Z [command]"C:\Program Files\Git\bin\git.exe" config --local gc.auto 0
Test (Node.js on windows-latest)	UNKNOWN STEP	2026-05-03T13:38:27.8238797Z ##[endgroup]
Test (Node.js on windows-latest)	UNKNOWN STEP	2026-05-03T13:38:27.8240517Z ##[group]Setting up auth
Test (Node.js on windows-latest)	UNKNOWN STEP	2026-05-03T13:38:27.8258426Z [command]"C:\Program Files\Git\bin\git.exe" config --local --name-only --get-regexp core\.sshCommand
Test (Node.js on windows-latest)	UNKNOWN STEP	2026-05-03T13:38:27.8659105Z [command]"C:\Program Files\Git\bin\git.exe" submodule foreach --recursive "sh -c \"git config --local --name-only --get-regexp 'core\.sshCommand' && git config --local --unset-all 'core.sshCommand' || :\""
Test (Node.js on windows-latest)	UNKNOWN STEP	2026-05-03T13:38:29.4446892Z [command]"C:\Program Files\Git\bin\git.exe" config --local --name-only --get-regexp http\.https\:\/\/github\.com\/\.extraheader
Test (Node.js on windows-latest)	UNKNOWN STEP	2026-05-03T13:38:29.4812542Z [command]"C:\Program Files\Git\bin\git.exe" submodule foreach --recursive "sh -c \"git config --local --name-only --get-regexp 'http\.https\:\/\/github\.com\/\.extraheader' && git config --local --unset-all 'http.https://github.com/.extraheader' || :\""
Test (Node.js on windows-latest)	UNKNOWN STEP	2026-05-03T13:38:30.0604486Z [command]"C:\Program Files\Git\bin\git.exe" config --local --name-only --get-regexp ^includeIf\.gitdir:
Test (Node.js on windows-latest)	UNKNOWN STEP	2026-05-03T13:38:30.0932258Z [command]"C:\Program Files\Git\bin\git.exe" submodule foreach --recursive "git config --local --show-origin --name-only --get-regexp remote.origin.url"
Test (Node.js on windows-latest)	UNKNOWN STEP	2026-05-03T13:38:30.6560460Z [command]"C:\Program Files\Git\bin\git.exe" config --local http.https://github.com/.extraheader "AUTHORIZATION: basic ***"
Test (Node.js on windows-latest)	UNKNOWN STEP	2026-05-03T13:38:30.6898643Z ##[endgroup]
Test (Node.js on windows-latest)	UNKNOWN STEP	2026-05-03T13:38:30.6899539Z ##[group]Fetching the repository
Test (Node.js on windows-latest)	UNKNOWN STEP	2026-05-03T13:38:30.6924254Z [command]"C:\Program Files\Git\bin\git.exe" -c protocol.version=2 fetch --no-tags --prune --no-recurse-submodules --depth=1 origin +3806da8815dc66a01ed1d6b0a536a2f3035753c6:refs/remotes/origin/main
Test (Node.js on windows-latest)	UNKNOWN STEP	2026-05-03T13:38:31.8072624Z From https://github.com/link-foundation/lino-objects-codec
Test (Node.js on windows-latest)	UNKNOWN STEP	2026-05-03T13:38:31.8073207Z  * [new ref]         3806da8815dc66a01ed1d6b0a536a2f3035753c6 -> origin/main
Test (Node.js on windows-latest)	UNKNOWN STEP	2026-05-03T13:38:31.8542840Z ##[endgroup]
Test (Node.js on windows-latest)	UNKNOWN STEP	2026-05-03T13:38:31.8543256Z ##[group]Determining the checkout info
Test (Node.js on windows-latest)	UNKNOWN STEP	2026-05-03T13:38:31.8545794Z ##[endgroup]
Test (Node.js on windows-latest)	UNKNOWN STEP	2026-05-03T13:38:31.8557645Z [command]"C:\Program Files\Git\bin\git.exe" sparse-checkout disable
Test (Node.js on windows-latest)	UNKNOWN STEP	2026-05-03T13:38:31.9042919Z [command]"C:\Program Files\Git\bin\git.exe" config --local --unset-all extensions.worktreeConfig
Test (Node.js on windows-latest)	UNKNOWN STEP	2026-05-03T13:38:31.9356452Z ##[group]Checking out the ref
Test (Node.js on windows-latest)	UNKNOWN STEP	2026-05-03T13:38:31.9367040Z [command]"C:\Program Files\Git\bin\git.exe" checkout --progress --force -B main refs/remotes/origin/main
Test (Node.js on windows-latest)	UNKNOWN STEP	2026-05-03T13:38:32.0498470Z Switched to a new branch 'main'
Test (Node.js on windows-latest)	UNKNOWN STEP	2026-05-03T13:38:32.0589767Z branch 'main' set up to track 'origin/main'.
Test (Node.js on windows-latest)	UNKNOWN STEP	2026-05-03T13:38:32.0646333Z ##[endgroup]
Test (Node.js on windows-latest)	UNKNOWN STEP	2026-05-03T13:38:32.1168115Z [command]"C:\Program Files\Git\bin\git.exe" log -1 --format=%H
Test (Node.js on windows-latest)	UNKNOWN STEP	2026-05-03T13:38:32.1456899Z 3806da8815dc66a01ed1d6b0a536a2f3035753c6
Test (Node.js on windows-latest)	UNKNOWN STEP	2026-05-03T13:38:32.1901683Z ##[group]Run actions/setup-node@v4
Test (Node.js on windows-latest)	UNKNOWN STEP	2026-05-03T13:38:32.1902034Z with:
Test (Node.js on windows-latest)	UNKNOWN STEP	2026-05-03T13:38:32.1902218Z   node-version: 22
Test (Node.js on windows-latest)	UNKNOWN STEP	2026-05-03T13:38:32.1902419Z   always-auth: false
Test (Node.js on windows-latest)	UNKNOWN STEP	2026-05-03T13:38:32.1903833Z   check-latest: false
Test (Node.js on windows-latest)	UNKNOWN STEP	2026-05-03T13:38:32.1904197Z   token: ***
Test (Node.js on windows-latest)	UNKNOWN STEP	2026-05-03T13:38:32.1904381Z ##[endgroup]
Test (Node.js on windows-latest)	UNKNOWN STEP	2026-05-03T13:38:32.4620570Z Found in cache @ C:\hostedtoolcache\windows\node\22.22.2\x64
Test (Node.js on windows-latest)	UNKNOWN STEP	2026-05-03T13:38:32.4631543Z ##[group]Environment details
Test (Node.js on windows-latest)	UNKNOWN STEP	2026-05-03T13:38:38.0058831Z node: v22.22.2
Test (Node.js on windows-latest)	UNKNOWN STEP	2026-05-03T13:38:38.0059287Z npm: 10.9.7
Test (Node.js on windows-latest)	UNKNOWN STEP	2026-05-03T13:38:38.0059534Z yarn: 1.22.22
Test (Node.js on windows-latest)	UNKNOWN STEP	2026-05-03T13:38:38.0061895Z ##[endgroup]
Test (Node.js on windows-latest)	UNKNOWN STEP	2026-05-03T13:38:38.0355642Z ##[group]Run npm install
Test (Node.js on windows-latest)	UNKNOWN STEP	2026-05-03T13:38:38.0356000Z [36;1mnpm install[0m
Test (Node.js on windows-latest)	UNKNOWN STEP	2026-05-03T13:38:38.0998285Z shell: C:\Program Files\PowerShell\7\pwsh.EXE -command ". '{0}'"
Test (Node.js on windows-latest)	UNKNOWN STEP	2026-05-03T13:38:38.0998735Z ##[endgroup]
Test (Node.js on windows-latest)	UNKNOWN STEP	2026-05-03T13:38:54.9015427Z 
Test (Node.js on windows-latest)	UNKNOWN STEP	2026-05-03T13:38:54.9021226Z > lino-objects-codec@0.3.2 prepare
Test (Node.js on windows-latest)	UNKNOWN STEP	2026-05-03T13:38:54.9021615Z > husky || true
Test (Node.js on windows-latest)	UNKNOWN STEP	2026-05-03T13:38:54.9021744Z 
Test (Node.js on windows-latest)	UNKNOWN STEP	2026-05-03T13:38:55.0367980Z .git can't be found
Test (Node.js on windows-latest)	UNKNOWN STEP	2026-05-03T13:38:55.0368745Z added 321 packages, and audited 322 packages in 10s
Test (Node.js on windows-latest)	UNKNOWN STEP	2026-05-03T13:38:55.0369210Z 
Test (Node.js on windows-latest)	UNKNOWN STEP	2026-05-03T13:38:55.0369510Z 74 packages are looking for funding
Test (Node.js on windows-latest)	UNKNOWN STEP	2026-05-03T13:38:55.0369993Z   run `npm fund` for details
Test (Node.js on windows-latest)	UNKNOWN STEP	2026-05-03T13:38:55.0428793Z 
Test (Node.js on windows-latest)	UNKNOWN STEP	2026-05-03T13:38:55.0429174Z 6 vulnerabilities (3 moderate, 3 high)
Test (Node.js on windows-latest)	UNKNOWN STEP	2026-05-03T13:38:55.0429538Z 
Test (Node.js on windows-latest)	UNKNOWN STEP	2026-05-03T13:38:55.0429744Z To address all issues, run:
Test (Node.js on windows-latest)	UNKNOWN STEP	2026-05-03T13:38:55.0430197Z   npm audit fix
Test (Node.js on windows-latest)	UNKNOWN STEP	2026-05-03T13:38:55.0430405Z 
Test (Node.js on windows-latest)	UNKNOWN STEP	2026-05-03T13:38:55.0430686Z Run `npm audit` for details.
Test (Node.js on windows-latest)	UNKNOWN STEP	2026-05-03T13:38:58.2180310Z ##[group]Run npm test
Test (Node.js on windows-latest)	UNKNOWN STEP	2026-05-03T13:38:58.2180614Z [36;1mnpm test[0m
Test (Node.js on windows-latest)	UNKNOWN STEP	2026-05-03T13:38:58.2269318Z shell: C:\Program Files\PowerShell\7\pwsh.EXE -command ". '{0}'"
Test (Node.js on windows-latest)	UNKNOWN STEP	2026-05-03T13:38:58.2269661Z ##[endgroup]
Test (Node.js on windows-latest)	UNKNOWN STEP	2026-05-03T13:38:59.0182760Z 
Test (Node.js on windows-latest)	UNKNOWN STEP	2026-05-03T13:38:59.0183757Z > lino-objects-codec@0.3.2 test
Test (Node.js on windows-latest)	UNKNOWN STEP	2026-05-03T13:38:59.0184382Z > node --test tests/*.test.js
Test (Node.js on windows-latest)	UNKNOWN STEP	2026-05-03T13:38:59.0184657Z 
Test (Node.js on windows-latest)	UNKNOWN STEP	2026-05-03T13:38:59.2432372Z TAP version 13
Test (Node.js on windows-latest)	UNKNOWN STEP	2026-05-03T13:38:59.3415445Z # Subtest: encode null
Test (Node.js on windows-latest)	UNKNOWN STEP	2026-05-03T13:38:59.3423531Z ok 1 - encode null
Test (Node.js on windows-latest)	UNKNOWN STEP	2026-05-03T13:38:59.3460355Z   ---
Test (Node.js on windows-latest)	UNKNOWN STEP	2026-05-03T13:38:59.3477531Z   duration_ms: 3.1123
Test (Node.js on windows-latest)	UNKNOWN STEP	2026-05-03T13:38:59.3489017Z   type: 'test'
Test (Node.js on windows-latest)	UNKNOWN STEP	2026-05-03T13:38:59.3546345Z   ...
Test (Node.js on windows-latest)	UNKNOWN STEP	2026-05-03T13:38:59.3546875Z # Subtest: decode null
Test (Node.js on windows-latest)	UNKNOWN STEP	2026-05-03T13:38:59.3606863Z ok 2 - decode null
Test (Node.js on windows-latest)	UNKNOWN STEP	2026-05-03T13:38:59.3689698Z   ---
Test (Node.js on windows-latest)	UNKNOWN STEP	2026-05-03T13:38:59.3701092Z   duration_ms: 4.5208
Test (Node.js on windows-latest)	UNKNOWN STEP	2026-05-03T13:38:59.3702206Z   type: 'test'
Test (Node.js on windows-latest)	UNKNOWN STEP	2026-05-03T13:38:59.3702750Z   ...
Test (Node.js on windows-latest)	UNKNOWN STEP	2026-05-03T13:38:59.3703462Z # Subtest: roundtrip null
Test (Node.js on windows-latest)	UNKNOWN STEP	2026-05-03T13:38:59.3721518Z ok 3 - roundtrip null
Test (Node.js on windows-latest)	UNKNOWN STEP	2026-05-03T13:38:59.3749733Z   ---
Test (Node.js on windows-latest)	UNKNOWN STEP	2026-05-03T13:38:59.3757380Z   duration_ms: 0.5501
Test (Node.js on windows-latest)	UNKNOWN STEP	2026-05-03T13:38:59.3759783Z   type: 'test'
Test (Node.js on windows-latest)	UNKNOWN STEP	2026-05-03T13:38:59.3760872Z   ...
Test (Node.js on windows-latest)	UNKNOWN STEP	2026-05-03T13:38:59.3761380Z # Subtest: encode undefined
Test (Node.js on windows-latest)	UNKNOWN STEP	2026-05-03T13:38:59.3762510Z ok 4 - encode undefined
Test (Node.js on windows-latest)	UNKNOWN STEP	2026-05-03T13:38:59.3765626Z   ---
Test (Node.js on windows-latest)	UNKNOWN STEP	2026-05-03T13:38:59.3774472Z   duration_ms: 0.2357
Test (Node.js on windows-latest)	UNKNOWN STEP	2026-05-03T13:38:59.3780470Z   type: 'test'
Test (Node.js on windows-latest)	UNKNOWN STEP	2026-05-03T13:38:59.3781633Z   ...
Test (Node.js on windows-latest)	UNKNOWN STEP	2026-05-03T13:38:59.3782094Z # Subtest: decode undefined
Test (Node.js on windows-latest)	UNKNOWN STEP	2026-05-03T13:38:59.3782854Z ok 5 - decode undefined
Test (Node.js on windows-latest)	UNKNOWN STEP	2026-05-03T13:38:59.3784537Z   ---
Test (Node.js on windows-latest)	UNKNOWN STEP	2026-05-03T13:38:59.3800455Z   duration_ms: 0.4841
Test (Node.js on windows-latest)	UNKNOWN STEP	2026-05-03T13:38:59.3801209Z   type: 'test'
Test (Node.js on windows-latest)	UNKNOWN STEP	2026-05-03T13:38:59.3802796Z   ...
Test (Node.js on windows-latest)	UNKNOWN STEP	2026-05-03T13:38:59.3807986Z # Subtest: roundtrip undefined
Test (Node.js on windows-latest)	UNKNOWN STEP	2026-05-03T13:38:59.3810661Z ok 6 - roundtrip undefined
Test (Node.js on windows-latest)	UNKNOWN STEP	2026-05-03T13:38:59.3812312Z   ---
Test (Node.js on windows-latest)	UNKNOWN STEP	2026-05-03T13:38:59.3813964Z   duration_ms: 0.3561
Test (Node.js on windows-latest)	UNKNOWN STEP	2026-05-03T13:38:59.3816457Z   type: 'test'
Test (Node.js on windows-latest)	UNKNOWN STEP	2026-05-03T13:38:59.3817724Z   ...
Test (Node.js on windows-latest)	UNKNOWN STEP	2026-05-03T13:38:59.3819777Z # Subtest: encode true
Test (Node.js on windows-latest)	UNKNOWN STEP	2026-05-03T13:38:59.3857792Z ok 7 - encode true
Test (Node.js on windows-latest)	UNKNOWN STEP	2026-05-03T13:38:59.3866021Z   ---
Test (Node.js on windows-latest)	UNKNOWN STEP	2026-05-03T13:38:59.3869250Z   duration_ms: 0.358
Test (Node.js on windows-latest)	UNKNOWN STEP	2026-05-03T13:38:59.3869700Z   type: 'test'
Test (Node.js on windows-latest)	UNKNOWN STEP	2026-05-03T13:38:59.3870893Z   ...
Test (Node.js on windows-latest)	UNKNOWN STEP	2026-05-03T13:38:59.3872995Z # Subtest: encode false
Test (Node.js on windows-latest)	UNKNOWN STEP	2026-05-03T13:38:59.3873740Z ok 8 - encode false
Test (Node.js on windows-latest)	UNKNOWN STEP	2026-05-03T13:38:59.3900002Z   ---
Test (Node.js on windows-latest)	UNKNOWN STEP	2026-05-03T13:38:59.3902783Z   duration_ms: 0.2347
Test (Node.js on windows-latest)	UNKNOWN STEP	2026-05-03T13:38:59.3904639Z   type: 'test'
Test (Node.js on windows-latest)	UNKNOWN STEP	2026-05-03T13:38:59.3905375Z   ...
Test (Node.js on windows-latest)	UNKNOWN STEP	2026-05-03T13:38:59.3905661Z # Subtest: decode true
Test (Node.js on windows-latest)	UNKNOWN STEP	2026-05-03T13:38:59.3906036Z ok 9 - decode true
Test (Node.js on windows-latest)	UNKNOWN STEP	2026-05-03T13:38:59.3906505Z   ---
Test (Node.js on windows-latest)	UNKNOWN STEP	2026-05-03T13:38:59.3906771Z   duration_ms: 1.0198
Test (Node.js on windows-latest)	UNKNOWN STEP	2026-05-03T13:38:59.3907077Z   type: 'test'
Test (Node.js on windows-latest)	UNKNOWN STEP	2026-05-03T13:38:59.3907350Z   ...
Test (Node.js on windows-latest)	UNKNOWN STEP	2026-05-03T13:38:59.3907630Z # Subtest: decode false
Test (Node.js on windows-latest)	UNKNOWN STEP	2026-05-03T13:38:59.3907998Z ok 10 - decode false
Test (Node.js on windows-latest)	UNKNOWN STEP	2026-05-03T13:38:59.3908573Z   ---
Test (Node.js on windows-latest)	UNKNOWN STEP	2026-05-03T13:38:59.3908842Z   duration_ms: 0.9054
Test (Node.js on windows-latest)	UNKNOWN STEP	2026-05-03T13:38:59.3909170Z   type: 'test'
Test (Node.js on windows-latest)	UNKNOWN STEP	2026-05-03T13:38:59.3909431Z   ...
Test (Node.js on windows-latest)	UNKNOWN STEP	2026-05-03T13:38:59.3909714Z # Subtest: roundtrip bool
Test (Node.js on windows-latest)	UNKNOWN STEP	2026-05-03T13:38:59.3910073Z ok 11 - roundtrip bool
Test (Node.js on windows-latest)	UNKNOWN STEP	2026-05-03T13:38:59.3910375Z   ---
Test (Node.js on windows-latest)	UNKNOWN STEP	2026-05-03T13:38:59.3910631Z   duration_ms: 0.5442
Test (Node.js on windows-latest)	UNKNOWN STEP	2026-05-03T13:38:59.3910941Z   type: 'test'
Test (Node.js on windows-latest)	UNKNOWN STEP	2026-05-03T13:38:59.3911237Z   ...
Test (Node.js on windows-latest)	UNKNOWN STEP	2026-05-03T13:38:59.3911576Z # Subtest: encode zero
Test (Node.js on windows-latest)	UNKNOWN STEP	2026-05-03T13:38:59.3911928Z ok 12 - encode zero
Test (Node.js on windows-latest)	UNKNOWN STEP	2026-05-03T13:38:59.3912214Z   ---
Test (Node.js on windows-latest)	UNKNOWN STEP	2026-05-03T13:38:59.3912496Z   duration_ms: 0.2096
Test (Node.js on windows-latest)	UNKNOWN STEP	2026-05-03T13:38:59.3912806Z   type: 'test'
Test (Node.js on windows-latest)	UNKNOWN STEP	2026-05-03T13:38:59.3913077Z   ...
Test (Node.js on windows-latest)	UNKNOWN STEP	2026-05-03T13:38:59.3913413Z # Subtest: encode positive int
Test (Node.js on windows-latest)	UNKNOWN STEP	2026-05-03T13:38:59.3913840Z ok 13 - encode positive int
Test (Node.js on windows-latest)	UNKNOWN STEP	2026-05-03T13:38:59.3914183Z   ---
Test (Node.js on windows-latest)	UNKNOWN STEP	2026-05-03T13:38:59.3914440Z   duration_ms: 0.1423
Test (Node.js on windows-latest)	UNKNOWN STEP	2026-05-03T13:38:59.3914764Z   type: 'test'
Test (Node.js on windows-latest)	UNKNOWN STEP	2026-05-03T13:38:59.3915033Z   ...
Test (Node.js on windows-latest)	UNKNOWN STEP	2026-05-03T13:38:59.3917958Z # Subtest: encode negative int
Test (Node.js on windows-latest)	UNKNOWN STEP	2026-05-03T13:38:59.3918460Z ok 14 - encode negative int
Test (Node.js on windows-latest)	UNKNOWN STEP	2026-05-03T13:38:59.3918797Z   ---
Test (Node.js on windows-latest)	UNKNOWN STEP	2026-05-03T13:38:59.3919056Z   duration_ms: 0.12
Test (Node.js on windows-latest)	UNKNOWN STEP	2026-05-03T13:38:59.3919352Z   type: 'test'
Test (Node.js on windows-latest)	UNKNOWN STEP	2026-05-03T13:38:59.3920166Z   ...
Test (Node.js on windows-latest)	UNKNOWN STEP	2026-05-03T13:38:59.3920485Z # Subtest: decode int
Test (Node.js on windows-latest)	UNKNOWN STEP	2026-05-03T13:38:59.3920897Z ok 15 - decode int
Test (Node.js on windows-latest)	UNKNOWN STEP	2026-05-03T13:38:59.3921172Z   ---
Test (Node.js on windows-latest)	UNKNOWN STEP	2026-05-03T13:38:59.3921424Z   duration_ms: 0.8075
Test (Node.js on windows-latest)	UNKNOWN STEP	2026-05-03T13:38:59.3921709Z   type: 'test'
Test (Node.js on windows-latest)	UNKNOWN STEP	2026-05-03T13:38:59.3924950Z   ...
Test (Node.js on windows-latest)	UNKNOWN STEP	2026-05-03T13:38:59.3925319Z # Subtest: roundtrip int
Test (Node.js on windows-latest)	UNKNOWN STEP	2026-05-03T13:38:59.3925734Z ok 16 - roundtrip int
Test (Node.js on windows-latest)	UNKNOWN STEP	2026-05-03T13:38:59.3926063Z   ---
Test (Node.js on windows-latest)	UNKNOWN STEP	2026-05-03T13:38:59.3926331Z   duration_ms: 0.5046
Test (Node.js on windows-latest)	UNKNOWN STEP	2026-05-03T13:38:59.3926664Z   type: 'test'
Test (Node.js on windows-latest)	UNKNOWN STEP	2026-05-03T13:38:59.3926944Z   ...
Test (Node.js on windows-latest)	UNKNOWN STEP	2026-05-03T13:38:59.3927218Z # Subtest: encode float
Test (Node.js on windows-latest)	UNKNOWN STEP	2026-05-03T13:38:59.3927574Z ok 17 - encode float
Test (Node.js on windows-latest)	UNKNOWN STEP	2026-05-03T13:38:59.3927868Z   ---
Test (Node.js on windows-latest)	UNKNOWN STEP	2026-05-03T13:38:59.3928129Z   duration_ms: 0.1402
Test (Node.js on windows-latest)	UNKNOWN STEP	2026-05-03T13:38:59.3928853Z   type: 'test'
Test (Node.js on windows-latest)	UNKNOWN STEP	2026-05-03T13:38:59.3929124Z   ...
Test (Node.js on windows-latest)	UNKNOWN STEP	2026-05-03T13:38:59.3929408Z # Subtest: decode float
Test (Node.js on windows-latest)	UNKNOWN STEP	2026-05-03T13:38:59.3929753Z ok 18 - decode float
Test (Node.js on windows-latest)	UNKNOWN STEP	2026-05-03T13:38:59.3930054Z   ---
Test (Node.js on windows-latest)	UNKNOWN STEP	2026-05-03T13:38:59.3930316Z   duration_ms: 0.2054
Test (Node.js on windows-latest)	UNKNOWN STEP	2026-05-03T13:38:59.3930632Z   type: 'test'
Test (Node.js on windows-latest)	UNKNOWN STEP	2026-05-03T13:38:59.3930890Z   ...
Test (Node.js on windows-latest)	UNKNOWN STEP	2026-05-03T13:38:59.3931144Z # Subtest: roundtrip float
Test (Node.js on windows-latest)	UNKNOWN STEP	2026-05-03T13:38:59.3931491Z ok 19 - roundtrip float
Test (Node.js on windows-latest)	UNKNOWN STEP	2026-05-03T13:38:59.3931755Z   ---
Test (Node.js on windows-latest)	UNKNOWN STEP	2026-05-03T13:38:59.3931982Z   duration_ms: 0.9202
Test (Node.js on windows-latest)	UNKNOWN STEP	2026-05-03T13:38:59.3932256Z   type: 'test'
Test (Node.js on windows-latest)	UNKNOWN STEP	2026-05-03T13:38:59.3932496Z   ...
Test (Node.js on windows-latest)	UNKNOWN STEP	2026-05-03T13:38:59.3932813Z # Subtest: float special values
Test (Node.js on windows-latest)	UNKNOWN STEP	2026-05-03T13:38:59.3933183Z ok 20 - float special values
Test (Node.js on windows-latest)	UNKNOWN STEP	2026-05-03T13:38:59.3933488Z   ---
Test (Node.js on windows-latest)	UNKNOWN STEP	2026-05-03T13:38:59.3933719Z   duration_ms: 0.3188
Test (Node.js on windows-latest)	UNKNOWN STEP	2026-05-03T13:38:59.3933980Z   type: 'test'
Test (Node.js on windows-latest)	UNKNOWN STEP	2026-05-03T13:38:59.3934217Z   ...
Test (Node.js on windows-latest)	UNKNOWN STEP	2026-05-03T13:38:59.3934518Z # Subtest: encode empty string
Test (Node.js on windows-latest)	UNKNOWN STEP	2026-05-03T13:38:59.3934889Z ok 21 - encode empty string
Test (Node.js on windows-latest)	UNKNOWN STEP	2026-05-03T13:38:59.3935194Z   ---
Test (Node.js on windows-latest)	UNKNOWN STEP	2026-05-03T13:38:59.3935424Z   duration_ms: 0.1478
Test (Node.js on windows-latest)	UNKNOWN STEP	2026-05-03T13:38:59.3935703Z   type: 'test'
Test (Node.js on windows-latest)	UNKNOWN STEP	2026-05-03T13:38:59.3935933Z   ...
Test (Node.js on windows-latest)	UNKNOWN STEP	2026-05-03T13:38:59.3936217Z # Subtest: encode simple string
Test (Node.js on windows-latest)	UNKNOWN STEP	2026-05-03T13:38:59.3936583Z ok 22 - encode simple string
Test (Node.js on windows-latest)	UNKNOWN STEP	2026-05-03T13:38:59.3936900Z   ---
Test (Node.js on windows-latest)	UNKNOWN STEP	2026-05-03T13:38:59.3937119Z   duration_ms: 0.1963
Test (Node.js on windows-latest)	UNKNOWN STEP	2026-05-03T13:38:59.3937384Z   type: 'test'
Test (Node.js on windows-latest)	UNKNOWN STEP	2026-05-03T13:38:59.3937615Z   ...
Test (Node.js on windows-latest)	UNKNOWN STEP	2026-05-03T13:38:59.3937861Z # Subtest: decode string
Test (Node.js on windows-latest)	UNKNOWN STEP	2026-05-03T13:38:59.3938178Z ok 23 - decode string
Test (Node.js on windows-latest)	UNKNOWN STEP	2026-05-03T13:38:59.3938744Z   ---
Test (Node.js on windows-latest)	UNKNOWN STEP	2026-05-03T13:38:59.3938976Z   duration_ms: 0.8495
Test (Node.js on windows-latest)	UNKNOWN STEP	2026-05-03T13:38:59.3939243Z   type: 'test'
Test (Node.js on windows-latest)	UNKNOWN STEP	2026-05-03T13:38:59.3939485Z   ...
Test (Node.js on windows-latest)	UNKNOWN STEP	2026-05-03T13:38:59.3939747Z # Subtest: roundtrip string
Test (Node.js on windows-latest)	UNKNOWN STEP	2026-05-03T13:38:59.3940094Z ok 24 - roundtrip string
Test (Node.js on windows-latest)	UNKNOWN STEP	2026-05-03T13:38:59.3940360Z   ---
Test (Node.js on windows-latest)	UNKNOWN STEP	2026-05-03T13:38:59.3940564Z   duration_ms: 0.7988
Test (Node.js on windows-latest)	UNKNOWN STEP	2026-05-03T13:38:59.3940829Z   type: 'test'
Test (Node.js on windows-latest)	UNKNOWN STEP	2026-05-03T13:38:59.3941058Z   ...
Test (Node.js on windows-latest)	UNKNOWN STEP	2026-05-03T13:38:59.3941360Z # Subtest: string with quotes
Test (Node.js on windows-latest)	UNKNOWN STEP	2026-05-03T13:38:59.3941716Z ok 25 - string with quotes
Test (Node.js on windows-latest)	UNKNOWN STEP	2026-05-03T13:38:59.3942005Z   ---
Test (Node.js on windows-latest)	UNKNOWN STEP	2026-05-03T13:38:59.3942243Z   duration_ms: 0.3222
Test (Node.js on windows-latest)	UNKNOWN STEP	2026-05-03T13:38:59.3942519Z   type: 'test'
Test (Node.js on windows-latest)	UNKNOWN STEP	2026-05-03T13:38:59.3942747Z   ...
Test (Node.js on windows-latest)	UNKNOWN STEP	2026-05-03T13:38:59.4049611Z # Subtest: self-referencing array
Test (Node.js on windows-latest)	UNKNOWN STEP	2026-05-03T13:38:59.4050823Z ok 26 - self-referencing array
Test (Node.js on windows-latest)	UNKNOWN STEP	2026-05-03T13:38:59.4051771Z   ---
Test (Node.js on windows-latest)	UNKNOWN STEP	2026-05-03T13:38:59.4052414Z   duration_ms: 5.5694
Test (Node.js on windows-latest)	UNKNOWN STEP	2026-05-03T13:38:59.4052765Z   type: 'test'
Test (Node.js on windows-latest)	UNKNOWN STEP	2026-05-03T13:38:59.4053373Z   ...
Test (Node.js on windows-latest)	UNKNOWN STEP	2026-05-03T13:38:59.4054960Z # Subtest: array with self in middle
Test (Node.js on windows-latest)	UNKNOWN STEP	2026-05-03T13:38:59.4056576Z ok 27 - array with self in middle
Test (Node.js on windows-latest)	UNKNOWN STEP	2026-05-03T13:38:59.4057526Z   ---
Test (Node.js on windows-latest)	UNKNOWN STEP	2026-05-03T13:38:59.4057960Z   duration_ms: 0.461
Test (Node.js on windows-latest)	UNKNOWN STEP	2026-05-03T13:38:59.4058438Z   type: 'test'
Test (Node.js on windows-latest)	UNKNOWN STEP	2026-05-03T13:38:59.4058840Z   ...
Test (Node.js on windows-latest)	UNKNOWN STEP	2026-05-03T13:38:59.4060539Z # Subtest: nested array with circular reference
Test (Node.js on windows-latest)	UNKNOWN STEP	2026-05-03T13:38:59.4094641Z ok 28 - nested array with circular reference
Test (Node.js on windows-latest)	UNKNOWN STEP	2026-05-03T13:38:59.4108456Z   ---
Test (Node.js on windows-latest)	UNKNOWN STEP	2026-05-03T13:38:59.4111602Z   duration_ms: 0.6144
Test (Node.js on windows-latest)	UNKNOWN STEP	2026-05-03T13:38:59.4114740Z   type: 'test'
Test (Node.js on windows-latest)	UNKNOWN STEP	2026-05-03T13:38:59.4115456Z   ...
Test (Node.js on windows-latest)	UNKNOWN STEP	2026-05-03T13:38:59.4116022Z # Subtest: self-referencing object
Test (Node.js on windows-latest)	UNKNOWN STEP	2026-05-03T13:38:59.4116678Z ok 29 - self-referencing object
Test (Node.js on windows-latest)	UNKNOWN STEP	2026-05-03T13:38:59.4117158Z   ---
Test (Node.js on windows-latest)	UNKNOWN STEP	2026-05-03T13:38:59.4117570Z   duration_ms: 0.6317
Test (Node.js on windows-latest)	UNKNOWN STEP	2026-05-03T13:38:59.4118066Z   type: 'test'
Test (Node.js on windows-latest)	UNKNOWN STEP	2026-05-03T13:38:59.4118512Z   ...
Test (Node.js on windows-latest)	UNKNOWN STEP	2026-05-03T13:38:59.4119073Z # Subtest: object with multiple self-references
Test (Node.js on windows-latest)	UNKNOWN STEP	2026-05-03T13:38:59.4119814Z ok 30 - object with multiple self-references
Test (Node.js on windows-latest)	UNKNOWN STEP	2026-05-03T13:38:59.4120435Z   ---
Test (Node.js on windows-latest)	UNKNOWN STEP	2026-05-03T13:38:59.4120885Z   duration_ms: 1.7409
Test (Node.js on windows-latest)	UNKNOWN STEP	2026-05-03T13:38:59.4121627Z   type: 'test'
Test (Node.js on windows-latest)	UNKNOWN STEP	2026-05-03T13:38:59.4122106Z   ...
Test (Node.js on windows-latest)	UNKNOWN STEP	2026-05-03T13:38:59.4122656Z # Subtest: nested object with circular reference
Test (Node.js on windows-latest)	UNKNOWN STEP	2026-05-03T13:38:59.4123442Z ok 31 - nested object with circular reference
Test (Node.js on windows-latest)	UNKNOWN STEP	2026-05-03T13:38:59.4124107Z   ---
Test (Node.js on windows-latest)	UNKNOWN STEP	2026-05-03T13:38:59.4124586Z   duration_ms: 0.5046
Test (Node.js on windows-latest)	UNKNOWN STEP	2026-05-03T13:38:59.4125159Z   type: 'test'
Test (Node.js on windows-latest)	UNKNOWN STEP	2026-05-03T13:38:59.4125619Z   ...
Test (Node.js on windows-latest)	UNKNOWN STEP	2026-05-03T13:38:59.4126327Z # Subtest: complex circular structure (tree with back-references)
Test (Node.js on windows-latest)	UNKNOWN STEP	2026-05-03T13:38:59.4207336Z ok 32 - complex circular structure (tree with back-references)
Test (Node.js on windows-latest)	UNKNOWN STEP	2026-05-03T13:38:59.4214359Z   ---
Test (Node.js on windows-latest)	UNKNOWN STEP	2026-05-03T13:38:59.4217108Z   duration_ms: 0.8136
Test (Node.js on windows-latest)	UNKNOWN STEP	2026-05-03T13:38:59.4217497Z   type: 'test'
Test (Node.js on windows-latest)	UNKNOWN STEP	2026-05-03T13:38:59.4226673Z   ...
Test (Node.js on windows-latest)	UNKNOWN STEP	2026-05-03T13:38:59.4228283Z # Subtest: shared object reference
Test (Node.js on windows-latest)	UNKNOWN STEP	2026-05-03T13:38:59.4229310Z ok 33 - shared object reference
Test (Node.js on windows-latest)	UNKNOWN STEP	2026-05-03T13:38:59.4230367Z   ---
Test (Node.js on windows-latest)	UNKNOWN STEP	2026-05-03T13:38:59.4232079Z   duration_ms: 0.5751
Test (Node.js on windows-latest)	UNKNOWN STEP	2026-05-03T13:38:59.4233547Z   type: 'test'
Test (Node.js on windows-latest)	UNKNOWN STEP	2026-05-03T13:38:59.4234273Z   ...
Test (Node.js on windows-latest)	UNKNOWN STEP	2026-05-03T13:38:59.4236423Z # Subtest: shared object reference - modification
Test (Node.js on windows-latest)	UNKNOWN STEP	2026-05-03T13:38:59.4238031Z ok 34 - shared object reference - modification
Test (Node.js on windows-latest)	UNKNOWN STEP	2026-05-03T13:38:59.4238892Z   ---
Test (Node.js on windows-latest)	UNKNOWN STEP	2026-05-03T13:38:59.4239834Z   duration_ms: 1.035
Test (Node.js on windows-latest)	UNKNOWN STEP	2026-05-03T13:38:59.4240307Z   type: 'test'
Test (Node.js on windows-latest)	UNKNOWN STEP	2026-05-03T13:38:59.4240732Z   ...
Test (Node.js on windows-latest)	UNKNOWN STEP	2026-05-03T13:38:59.4241220Z # Subtest: multiple shared objects
Test (Node.js on windows-latest)	UNKNOWN STEP	2026-05-03T13:38:59.4241807Z ok 35 - multiple shared objects
Test (Node.js on windows-latest)	UNKNOWN STEP	2026-05-03T13:38:59.4242283Z   ---
Test (Node.js on windows-latest)	UNKNOWN STEP	2026-05-03T13:38:59.4242661Z   duration_ms: 0.916
Test (Node.js on windows-latest)	UNKNOWN STEP	2026-05-03T13:38:59.4243142Z   type: 'test'
Test (Node.js on windows-latest)	UNKNOWN STEP	2026-05-03T13:38:59.4243540Z   ...
Test (Node.js on windows-latest)	UNKNOWN STEP	2026-05-03T13:38:59.4243983Z # Subtest: shared array reference
Test (Node.js on windows-latest)	UNKNOWN STEP	2026-05-03T13:38:59.4244558Z ok 36 - shared array reference
Test (Node.js on windows-latest)	UNKNOWN STEP	2026-05-03T13:38:59.4245423Z   ---
Test (Node.js on windows-latest)	UNKNOWN STEP	2026-05-03T13:38:59.4245980Z   duration_ms: 16.7121
Test (Node.js on windows-latest)	UNKNOWN STEP	2026-05-03T13:38:59.4247972Z   type: 'test'
Test (Node.js on windows-latest)	UNKNOWN STEP	2026-05-03T13:38:59.4248689Z   ...
Test (Node.js on windows-latest)	UNKNOWN STEP	2026-05-03T13:38:59.4249241Z # Subtest: circular and shared references combined
Test (Node.js on windows-latest)	UNKNOWN STEP	2026-05-03T13:38:59.4250000Z ok 37 - circular and shared references combined
Test (Node.js on windows-latest)	UNKNOWN STEP	2026-05-03T13:38:59.4250575Z   ---
Test (Node.js on windows-latest)	UNKNOWN STEP	2026-05-03T13:38:59.4250965Z   duration_ms: 0.9331
Test (Node.js on windows-latest)	UNKNOWN STEP	2026-05-03T13:38:59.4251411Z   type: 'test'
Test (Node.js on windows-latest)	UNKNOWN STEP	2026-05-03T13:38:59.4251803Z   ...
Test (Node.js on windows-latest)	UNKNOWN STEP	2026-05-03T13:38:59.4252295Z # Subtest: deeply nested circular structure
Test (Node.js on windows-latest)	UNKNOWN STEP	2026-05-03T13:38:59.4254489Z ok 38 - deeply nested circular structure
Test (Node.js on windows-latest)	UNKNOWN STEP	2026-05-03T13:38:59.4254900Z   ---
Test (Node.js on windows-latest)	UNKNOWN STEP	2026-05-03T13:38:59.4255150Z   duration_ms: 0.7087
Test (Node.js on windows-latest)	UNKNOWN STEP	2026-05-03T13:38:59.4255440Z   type: 'test'
Test (Node.js on windows-latest)	UNKNOWN STEP	2026-05-03T13:38:59.4255678Z   ...
Test (Node.js on windows-latest)	UNKNOWN STEP	2026-05-03T13:38:59.4256042Z # Subtest: array and object circular reference
Test (Node.js on windows-latest)	UNKNOWN STEP	2026-05-03T13:38:59.4256577Z ok 39 - array and object circular reference
Test (Node.js on windows-latest)	UNKNOWN STEP	2026-05-03T13:38:59.4256979Z   ---
Test (Node.js on windows-latest)	UNKNOWN STEP	2026-05-03T13:38:59.4257218Z   duration_ms: 1.2717
Test (Node.js on windows-latest)	UNKNOWN STEP	2026-05-03T13:38:59.4257506Z   type: 'test'
Test (Node.js on windows-latest)	UNKNOWN STEP	2026-05-03T13:38:59.4257748Z   ...
Test (Node.js on windows-latest)	UNKNOWN STEP	2026-05-03T13:38:59.4258315Z # Subtest: encoded format uses built-in references, not (ref X) marker
Test (Node.js on windows-latest)	UNKNOWN STEP	2026-05-03T13:38:59.4259233Z ok 40 - encoded format uses built-in references, not (ref X) marker
Test (Node.js on windows-latest)	UNKNOWN STEP	2026-05-03T13:38:59.4260184Z   ---
Test (Node.js on windows-latest)	UNKNOWN STEP	2026-05-03T13:38:59.4260441Z   duration_ms: 4.5398
Test (Node.js on windows-latest)	UNKNOWN STEP	2026-05-03T13:38:59.4260744Z   type: 'test'
Test (Node.js on windows-latest)	UNKNOWN STEP	2026-05-03T13:38:59.4261008Z   ...
Test (Node.js on windows-latest)	UNKNOWN STEP	2026-05-03T13:38:59.4261493Z # Subtest: decoder rejects legacy (ref X) marker as unknown type
Test (Node.js on windows-latest)	UNKNOWN STEP	2026-05-03T13:38:59.4262540Z ok 41 - decoder rejects legacy (ref X) marker as unknown type
Test (Node.js on windows-latest)	UNKNOWN STEP	2026-05-03T13:38:59.4263072Z   ---
Test (Node.js on windows-latest)	UNKNOWN STEP	2026-05-03T13:38:59.4263345Z   duration_ms: 0.9319
Test (Node.js on windows-latest)	UNKNOWN STEP	2026-05-03T13:38:59.4263681Z   type: 'test'
Test (Node.js on windows-latest)	UNKNOWN STEP	2026-05-03T13:38:59.4263949Z   ...
Test (Node.js on windows-latest)	UNKNOWN STEP	2026-05-03T13:38:59.4264254Z # Subtest: encode empty array
Test (Node.js on windows-latest)	UNKNOWN STEP	2026-05-03T13:38:59.4264692Z ok 42 - encode empty array
Test (Node.js on windows-latest)	UNKNOWN STEP	2026-05-03T13:38:59.4265007Z   ---
Test (Node.js on windows-latest)	UNKNOWN STEP	2026-05-03T13:38:59.4265242Z   duration_ms: 2.891
Test (Node.js on windows-latest)	UNKNOWN STEP	2026-05-03T13:38:59.4265537Z   type: 'test'
Test (Node.js on windows-latest)	UNKNOWN STEP	2026-05-03T13:38:59.4265778Z   ...
Test (Node.js on windows-latest)	UNKNOWN STEP	2026-05-03T13:38:59.4266073Z # Subtest: decode empty array
Test (Node.js on windows-latest)	UNKNOWN STEP	2026-05-03T13:38:59.4266436Z ok 43 - decode empty array
Test (Node.js on windows-latest)	UNKNOWN STEP	2026-05-03T13:38:59.4266751Z   ---
Test (Node.js on windows-latest)	UNKNOWN STEP	2026-05-03T13:38:59.4266989Z   duration_ms: 2.9894
Test (Node.js on windows-latest)	UNKNOWN STEP	2026-05-03T13:38:59.4267274Z   type: 'test'
Test (Node.js on windows-latest)	UNKNOWN STEP	2026-05-03T13:38:59.4267542Z   ...
Test (Node.js on windows-latest)	UNKNOWN STEP	2026-05-03T13:38:59.4267858Z # Subtest: roundtrip empty array
Test (Node.js on windows-latest)	UNKNOWN STEP	2026-05-03T13:38:59.4268275Z ok 44 - roundtrip empty array
Test (Node.js on windows-latest)	UNKNOWN STEP	2026-05-03T13:38:59.4268631Z   ---
Test (Node.js on windows-latest)	UNKNOWN STEP	2026-05-03T13:38:59.4268905Z   duration_ms: 10.9368
Test (Node.js on windows-latest)	UNKNOWN STEP	2026-05-03T13:38:59.4269219Z   type: 'test'
Test (Node.js on windows-latest)	UNKNOWN STEP	2026-05-03T13:38:59.4269477Z   ...
Test (Node.js on windows-latest)	UNKNOWN STEP	2026-05-03T13:38:59.4269826Z # Subtest: encode array with basic types
Test (Node.js on windows-latest)	UNKNOWN STEP	2026-05-03T13:38:59.4270426Z ok 45 - encode array with basic types
Test (Node.js on windows-latest)	UNKNOWN STEP	2026-05-03T13:38:59.4270826Z   ---
Test (Node.js on windows-latest)	UNKNOWN STEP	2026-05-03T13:38:59.4271082Z   duration_ms: 0.5712
Test (Node.js on windows-latest)	UNKNOWN STEP	2026-05-03T13:38:59.4271426Z   type: 'test'
Test (Node.js on windows-latest)	UNKNOWN STEP	2026-05-03T13:38:59.4271676Z   ...
Test (Node.js on windows-latest)	UNKNOWN STEP	2026-05-03T13:38:59.4272014Z # Subtest: decode array with basic types
Test (Node.js on windows-latest)	UNKNOWN STEP	2026-05-03T13:38:59.4272495Z ok 46 - decode array with basic types
Test (Node.js on windows-latest)	UNKNOWN STEP	2026-05-03T13:38:59.4272896Z   ---
Test (Node.js on windows-latest)	UNKNOWN STEP	2026-05-03T13:38:59.4273147Z   duration_ms: 1.7849
Test (Node.js on windows-latest)	UNKNOWN STEP	2026-05-03T13:38:59.4273436Z   type: 'test'
Test (Node.js on windows-latest)	UNKNOWN STEP	2026-05-03T13:38:59.4273699Z   ...
Test (Node.js on windows-latest)	UNKNOWN STEP	2026-05-03T13:38:59.4274166Z # Subtest: roundtrip array with mixed types
Test (Node.js on windows-latest)	UNKNOWN STEP	2026-05-03T13:38:59.4274725Z ok 47 - roundtrip array with mixed types
Test (Node.js on windows-latest)	UNKNOWN STEP	2026-05-03T13:38:59.4275168Z   ---
Test (Node.js on windows-latest)	UNKNOWN STEP	2026-05-03T13:38:59.4275414Z   duration_ms: 5.1232
Test (Node.js on windows-latest)	UNKNOWN STEP	2026-05-03T13:38:59.4275734Z   type: 'test'
Test (Node.js on windows-latest)	UNKNOWN STEP	2026-05-03T13:38:59.4276004Z   ...
Test (Node.js on windows-latest)	UNKNOWN STEP	2026-05-03T13:38:59.4276288Z # Subtest: nested arrays
Test (Node.js on windows-latest)	UNKNOWN STEP	2026-05-03T13:38:59.4276659Z ok 48 - nested arrays
Test (Node.js on windows-latest)	UNKNOWN STEP	2026-05-03T13:38:59.4276951Z   ---
Test (Node.js on windows-latest)	UNKNOWN STEP	2026-05-03T13:38:59.4277202Z   duration_ms: 1.7942
Test (Node.js on windows-latest)	UNKNOWN STEP	2026-05-03T13:38:59.4277486Z   type: 'test'
Test (Node.js on windows-latest)	UNKNOWN STEP	2026-05-03T13:38:59.4277731Z   ...
Test (Node.js on windows-latest)	UNKNOWN STEP	2026-05-03T13:38:59.4278026Z # Subtest: encode empty object
Test (Node.js on windows-latest)	UNKNOWN STEP	2026-05-03T13:38:59.4278408Z ok 49 - encode empty object
Test (Node.js on windows-latest)	UNKNOWN STEP	2026-05-03T13:38:59.4278734Z   ---
Test (Node.js on windows-latest)	UNKNOWN STEP	2026-05-03T13:38:59.4278977Z   duration_ms: 0.2916
Test (Node.js on windows-latest)	UNKNOWN STEP	2026-05-03T13:38:59.4279265Z   type: 'test'
Test (Node.js on windows-latest)	UNKNOWN STEP	2026-05-03T13:38:59.4279538Z   ...
Test (Node.js on windows-latest)	UNKNOWN STEP	2026-05-03T13:38:59.4280519Z # Subtest: decode empty object
Test (Node.js on windows-latest)	UNKNOWN STEP	2026-05-03T13:38:59.4280935Z ok 50 - decode empty object
Test (Node.js on windows-latest)	UNKNOWN STEP	2026-05-03T13:38:59.4281281Z   ---
Test (Node.js on windows-latest)	UNKNOWN STEP	2026-05-03T13:38:59.4281531Z   duration_ms: 0.6949
Test (Node.js on windows-latest)	UNKNOWN STEP	2026-05-03T13:38:59.4281855Z   type: 'test'
Test (Node.js on windows-latest)	UNKNOWN STEP	2026-05-03T13:38:59.4282479Z   ...
Test (Node.js on windows-latest)	UNKNOWN STEP	2026-05-03T13:38:59.4283179Z # Subtest: roundtrip empty object
Test (Node.js on windows-latest)	UNKNOWN STEP	2026-05-03T13:38:59.4283866Z ok 51 - roundtrip empty object
Test (Node.js on windows-latest)	UNKNOWN STEP	2026-05-03T13:38:59.4284106Z   ---
Test (Node.js on windows-latest)	UNKNOWN STEP	2026-05-03T13:38:59.4284270Z   duration_ms: 0.882
Test (Node.js on windows-latest)	UNKNOWN STEP	2026-05-03T13:38:59.4284434Z   type: 'test'
Test (Node.js on windows-latest)	UNKNOWN STEP	2026-05-03T13:38:59.4284582Z   ...
Test (Node.js on windows-latest)	UNKNOWN STEP	2026-05-03T13:38:59.4284784Z # Subtest: encode object with basic types
Test (Node.js on windows-latest)	UNKNOWN STEP	2026-05-03T13:38:59.4285064Z ok 52 - encode object with basic types
Test (Node.js on windows-latest)	UNKNOWN STEP	2026-05-03T13:38:59.4285279Z   ---
Test (Node.js on windows-latest)	UNKNOWN STEP	2026-05-03T13:38:59.4285417Z   duration_ms: 0.4911
Test (Node.js on windows-latest)	UNKNOWN STEP	2026-05-03T13:38:59.4285592Z   type: 'test'
Test (Node.js on windows-latest)	UNKNOWN STEP	2026-05-03T13:38:59.4285741Z   ...
Test (Node.js on windows-latest)	UNKNOWN STEP	2026-05-03T13:38:59.4285937Z # Subtest: decode object with basic types
Test (Node.js on windows-latest)	UNKNOWN STEP	2026-05-03T13:38:59.4286223Z ok 53 - decode object with basic types
Test (Node.js on windows-latest)	UNKNOWN STEP	2026-05-03T13:38:59.4286446Z   ---
Test (Node.js on windows-latest)	UNKNOWN STEP	2026-05-03T13:38:59.4286585Z   duration_ms: 0.6769
Test (Node.js on windows-latest)	UNKNOWN STEP	2026-05-03T13:38:59.4286758Z   type: 'test'
Test (Node.js on windows-latest)	UNKNOWN STEP	2026-05-03T13:38:59.4286899Z   ...
Test (Node.js on windows-latest)	UNKNOWN STEP	2026-05-03T13:38:59.4287107Z # Subtest: roundtrip object with mixed types
Test (Node.js on windows-latest)	UNKNOWN STEP	2026-05-03T13:38:59.4287418Z ok 54 - roundtrip object with mixed types
Test (Node.js on windows-latest)	UNKNOWN STEP	2026-05-03T13:38:59.4287643Z   ---
Test (Node.js on windows-latest)	UNKNOWN STEP	2026-05-03T13:38:59.4287788Z   duration_ms: 2.3437
Test (Node.js on windows-latest)	UNKNOWN STEP	2026-05-03T13:38:59.4288149Z   type: 'test'
Test (Node.js on windows-latest)	UNKNOWN STEP	2026-05-03T13:38:59.4288303Z   ...
Test (Node.js on windows-latest)	UNKNOWN STEP	2026-05-03T13:38:59.4288462Z # Subtest: nested objects
Test (Node.js on windows-latest)	UNKNOWN STEP	2026-05-03T13:38:59.4288657Z ok 55 - nested objects
Test (Node.js on windows-latest)	UNKNOWN STEP	2026-05-03T13:38:59.4288826Z   ---
Test (Node.js on windows-latest)	UNKNOWN STEP	2026-05-03T13:38:59.4288959Z   duration_ms: 1.9495
Test (Node.js on windows-latest)	UNKNOWN STEP	2026-05-03T13:38:59.4289123Z   type: 'test'
Test (Node.js on windows-latest)	UNKNOWN STEP	2026-05-03T13:38:59.4289263Z   ...
Test (Node.js on windows-latest)	UNKNOWN STEP	2026-05-03T13:38:59.4289442Z # Subtest: mixed nested structures
Test (Node.js on windows-latest)	UNKNOWN STEP	2026-05-03T13:38:59.4289694Z ok 56 - mixed nested structures
Test (Node.js on windows-latest)	UNKNOWN STEP	2026-05-03T13:38:59.4289879Z   ---
Test (Node.js on windows-latest)	UNKNOWN STEP	2026-05-03T13:38:59.4290019Z   duration_ms: 1.193
Test (Node.js on windows-latest)	UNKNOWN STEP	2026-05-03T13:38:59.4290187Z   type: 'test'
Test (Node.js on windows-latest)	UNKNOWN STEP	2026-05-03T13:38:59.4290331Z   ...
Test (Node.js on windows-latest)	UNKNOWN STEP	2026-05-03T13:38:59.4290491Z # Subtest: array of objects
Test (Node.js on windows-latest)	UNKNOWN STEP	2026-05-03T13:38:59.4290690Z ok 57 - array of objects
Test (Node.js on windows-latest)	UNKNOWN STEP	2026-05-03T13:38:59.4290862Z   ---
Test (Node.js on windows-latest)	UNKNOWN STEP	2026-05-03T13:38:59.4290996Z   duration_ms: 0.9927
Test (Node.js on windows-latest)	UNKNOWN STEP	2026-05-03T13:38:59.4291152Z   type: 'test'
Test (Node.js on windows-latest)	UNKNOWN STEP	2026-05-03T13:38:59.4291309Z   ...
Test (Node.js on windows-latest)	UNKNOWN STEP	2026-05-03T13:38:59.4291495Z # Subtest: object with array values
Test (Node.js on windows-latest)	UNKNOWN STEP	2026-05-03T13:38:59.4291743Z ok 58 - object with array values
Test (Node.js on windows-latest)	UNKNOWN STEP	2026-05-03T13:38:59.4291945Z   ---
Test (Node.js on windows-latest)	UNKNOWN STEP	2026-05-03T13:38:59.4292088Z   duration_ms: 0.6898
Test (Node.js on windows-latest)	UNKNOWN STEP	2026-05-03T13:38:59.4292248Z   type: 'test'
Test (Node.js on windows-latest)	UNKNOWN STEP	2026-05-03T13:38:59.4292392Z   ...
Test (Node.js on windows-latest)	UNKNOWN STEP	2026-05-03T13:38:59.4292571Z # Subtest: deeply nested structure
Test (Node.js on windows-latest)	UNKNOWN STEP	2026-05-03T13:38:59.4292820Z ok 59 - deeply nested structure
Test (Node.js on windows-latest)	UNKNOWN STEP	2026-05-03T13:38:59.4293012Z   ---
Test (Node.js on windows-latest)	UNKNOWN STEP	2026-05-03T13:38:59.4293148Z   duration_ms: 0.9199
Test (Node.js on windows-latest)	UNKNOWN STEP	2026-05-03T13:38:59.4293311Z   type: 'test'
Test (Node.js on windows-latest)	UNKNOWN STEP	2026-05-03T13:38:59.4293449Z   ...
Test (Node.js on windows-latest)	UNKNOWN STEP	2026-05-03T13:38:59.5414187Z # Subtest: escapeReference - simple string
Test (Node.js on windows-latest)	UNKNOWN STEP	2026-05-03T13:38:59.5417388Z ok 60 - escapeReference - simple string
Test (Node.js on windows-latest)	UNKNOWN STEP	2026-05-03T13:38:59.5418393Z   ---
Test (Node.js on windows-latest)	UNKNOWN STEP	2026-05-03T13:38:59.5418949Z   duration_ms: 3.1273
Test (Node.js on windows-latest)	UNKNOWN STEP	2026-05-03T13:38:59.5419553Z   type: 'test'
Test (Node.js on windows-latest)	UNKNOWN STEP	2026-05-03T13:38:59.5420079Z   ...
Test (Node.js on windows-latest)	UNKNOWN STEP	2026-05-03T13:38:59.5420732Z # Subtest: escapeReference - numbers
Test (Node.js on windows-latest)	UNKNOWN STEP	2026-05-03T13:38:59.5422255Z ok 61 - escapeReference - numbers
Test (Node.js on windows-latest)	UNKNOWN STEP	2026-05-03T13:38:59.5422995Z   ---
Test (Node.js on windows-latest)	UNKNOWN STEP	2026-05-03T13:38:59.5423488Z   duration_ms: 0.2308
Test (Node.js on windows-latest)	UNKNOWN STEP	2026-05-03T13:38:59.5424070Z   type: 'test'
Test (Node.js on windows-latest)	UNKNOWN STEP	2026-05-03T13:38:59.5441909Z   ...
Test (Node.js on windows-latest)	UNKNOWN STEP	2026-05-03T13:38:59.5528023Z # Subtest: escapeReference - booleans
Test (Node.js on windows-latest)	UNKNOWN STEP	2026-05-03T13:38:59.5698304Z ok 62 - escapeReference - booleans
Test (Node.js on windows-latest)	UNKNOWN STEP	2026-05-03T13:38:59.5699340Z   ---
Test (Node.js on windows-latest)	UNKNOWN STEP	2026-05-03T13:38:59.5699804Z   duration_ms: 0.1524
Test (Node.js on windows-latest)	UNKNOWN STEP	2026-05-03T13:38:59.5700306Z   type: 'test'
Test (Node.js on windows-latest)	UNKNOWN STEP	2026-05-03T13:38:59.5700710Z   ...
Test (Node.js on windows-latest)	UNKNOWN STEP	2026-05-03T13:38:59.5701254Z # Subtest: escapeReference - string with spaces
Test (Node.js on windows-latest)	UNKNOWN STEP	2026-05-03T13:38:59.5701990Z ok 63 - escapeReference - string with spaces
Test (Node.js on windows-latest)	UNKNOWN STEP	2026-05-03T13:38:59.5793349Z   ---
Test (Node.js on windows-latest)	UNKNOWN STEP	2026-05-03T13:38:59.5810654Z   duration_ms: 0.2203
Test (Node.js on windows-latest)	UNKNOWN STEP	2026-05-03T13:38:59.5824636Z   type: 'test'
Test (Node.js on windows-latest)	UNKNOWN STEP	2026-05-03T13:38:59.5830388Z   ...
Test (Node.js on windows-latest)	UNKNOWN STEP	2026-05-03T13:38:59.5832091Z # Subtest: escapeReference - string with single quotes
Test (Node.js on windows-latest)	UNKNOWN STEP	2026-05-03T13:38:59.5833158Z ok 64 - escapeReference - string with single quotes
Test (Node.js on windows-latest)	UNKNOWN STEP	2026-05-03T13:38:59.5833884Z   ---
Test (Node.js on windows-latest)	UNKNOWN STEP	2026-05-03T13:38:59.5834375Z   duration_ms: 0.302
Test (Node.js on windows-latest)	UNKNOWN STEP	2026-05-03T13:38:59.5834909Z   type: 'test'
Test (Node.js on windows-latest)	UNKNOWN STEP	2026-05-03T13:38:59.5835382Z   ...
Test (Node.js on windows-latest)	UNKNOWN STEP	2026-05-03T13:38:59.5836074Z # Subtest: escapeReference - string with double quotes
Test (Node.js on windows-latest)	UNKNOWN STEP	2026-05-03T13:38:59.5836991Z ok 65 - escapeReference - string with double quotes
Test (Node.js on windows-latest)	UNKNOWN STEP	2026-05-03T13:38:59.5837749Z   ---
Test (Node.js on windows-latest)	UNKNOWN STEP	2026-05-03T13:38:59.5838179Z   duration_ms: 0.159
Test (Node.js on windows-latest)	UNKNOWN STEP	2026-05-03T13:38:59.5838651Z   type: 'test'
Test (Node.js on windows-latest)	UNKNOWN STEP	2026-05-03T13:38:59.5839071Z   ...
Test (Node.js on windows-latest)	UNKNOWN STEP	2026-05-03T13:38:59.5839691Z # Subtest: escapeReference - string with both quotes
Test (Node.js on windows-latest)	UNKNOWN STEP	2026-05-03T13:38:59.5840550Z ok 66 - escapeReference - string with both quotes
Test (Node.js on windows-latest)	UNKNOWN STEP	2026-05-03T13:38:59.5841179Z   ---
Test (Node.js on windows-latest)	UNKNOWN STEP	2026-05-03T13:38:59.5841633Z   duration_ms: 0.3723
Test (Node.js on windows-latest)	UNKNOWN STEP	2026-05-03T13:38:59.5844589Z   type: 'test'
Test (Node.js on windows-latest)	UNKNOWN STEP	2026-05-03T13:38:59.5847303Z   ...
Test (Node.js on windows-latest)	UNKNOWN STEP	2026-05-03T13:38:59.5848487Z # Subtest: escapeReference - string with parentheses
Test (Node.js on windows-latest)	UNKNOWN STEP	2026-05-03T13:38:59.5849381Z ok 67 - escapeReference - string with parentheses
Test (Node.js on windows-latest)	UNKNOWN STEP	2026-05-03T13:38:59.5849988Z   ---
Test (Node.js on windows-latest)	UNKNOWN STEP	2026-05-03T13:38:59.5850366Z   duration_ms: 0.1561
Test (Node.js on windows-latest)	UNKNOWN STEP	2026-05-03T13:38:59.5850795Z   type: 'test'
Test (Node.js on windows-latest)	UNKNOWN STEP	2026-05-03T13:38:59.5851173Z   ...
Test (Node.js on windows-latest)	UNKNOWN STEP	2026-05-03T13:38:59.5852733Z # Subtest: escapeReference - string with colon
Test (Node.js on windows-latest)	UNKNOWN STEP	2026-05-03T13:38:59.5853541Z ok 68 - escapeReference - string with colon
Test (Node.js on windows-latest)	UNKNOWN STEP	2026-05-03T13:38:59.5854103Z   ---
Test (Node.js on windows-latest)	UNKNOWN STEP	2026-05-03T13:38:59.5854477Z   duration_ms: 0.5547
Test (Node.js on windows-latest)	UNKNOWN STEP	2026-05-03T13:38:59.5854959Z   type: 'test'
Test (Node.js on windows-latest)	UNKNOWN STEP	2026-05-03T13:38:59.5855334Z   ...
Test (Node.js on windows-latest)	UNKNOWN STEP	2026-05-03T13:38:59.5855940Z # Subtest: escapeReference - string with newline
Test (Node.js on windows-latest)	UNKNOWN STEP	2026-05-03T13:38:59.5856665Z ok 69 - escapeReference - string with newline
Test (Node.js on windows-latest)	UNKNOWN STEP	2026-05-03T13:38:59.5857234Z   ---
Test (Node.js on windows-latest)	UNKNOWN STEP	2026-05-03T13:38:59.5877794Z   duration_ms: 0.5934
Test (Node.js on windows-latest)	UNKNOWN STEP	2026-05-03T13:38:59.5879330Z   type: 'test'
Test (Node.js on windows-latest)	UNKNOWN STEP	2026-05-03T13:38:59.5883597Z   ...
Test (Node.js on windows-latest)	UNKNOWN STEP	2026-05-03T13:38:59.5889556Z # Subtest: unescapeReference - simple string
Test (Node.js on windows-latest)	UNKNOWN STEP	2026-05-03T13:38:59.5891003Z ok 70 - unescapeReference - simple string
Test (Node.js on windows-latest)	UNKNOWN STEP	2026-05-03T13:38:59.5891677Z   ---
Test (Node.js on windows-latest)	UNKNOWN STEP	2026-05-03T13:38:59.5892247Z   duration_ms: 0.2701
Test (Node.js on windows-latest)	UNKNOWN STEP	2026-05-03T13:38:59.5892832Z   type: 'test'
Test (Node.js on windows-latest)	UNKNOWN STEP	2026-05-03T13:38:59.5893315Z   ...
Test (Node.js on windows-latest)	UNKNOWN STEP	2026-05-03T13:38:59.5893950Z # Subtest: unescapeReference - doubled double quotes
Test (Node.js on windows-latest)	UNKNOWN STEP	2026-05-03T13:38:59.5894864Z ok 71 - unescapeReference - doubled double quotes
Test (Node.js on windows-latest)	UNKNOWN STEP	2026-05-03T13:38:59.5895915Z   ---
Test (Node.js on windows-latest)	UNKNOWN STEP	2026-05-03T13:38:59.5896524Z   duration_ms: 0.1595
Test (Node.js on windows-latest)	UNKNOWN STEP	2026-05-03T13:38:59.5897064Z   type: 'test'
Test (Node.js on windows-latest)	UNKNOWN STEP	2026-05-03T13:38:59.5897507Z   ...
Test (Node.js on windows-latest)	UNKNOWN STEP	2026-05-03T13:38:59.5898165Z # Subtest: unescapeReference - doubled single quotes
Test (Node.js on windows-latest)	UNKNOWN STEP	2026-05-03T13:38:59.5899073Z ok 72 - unescapeReference - doubled single quotes
Test (Node.js on windows-latest)	UNKNOWN STEP	2026-05-03T13:38:59.5899770Z   ---
Test (Node.js on windows-latest)	UNKNOWN STEP	2026-05-03T13:38:59.5900195Z   duration_ms: 0.1288
Test (Node.js on windows-latest)	UNKNOWN STEP	2026-05-03T13:38:59.5900733Z   type: 'test'
Test (Node.js on windows-latest)	UNKNOWN STEP	2026-05-03T13:38:59.5901190Z   ...
Test (Node.js on windows-latest)	UNKNOWN STEP	2026-05-03T13:38:59.5901800Z # Subtest: unescapeReference - null/undefined
Test (Node.js on windows-latest)	UNKNOWN STEP	2026-05-03T13:38:59.5902626Z ok 73 - unescapeReference - null/undefined
Test (Node.js on windows-latest)	UNKNOWN STEP	2026-05-03T13:38:59.5903264Z   ---
Test (Node.js on windows-latest)	UNKNOWN STEP	2026-05-03T13:38:59.5903733Z   duration_ms: 0.1044
Test (Node.js on windows-latest)	UNKNOWN STEP	2026-05-03T13:38:59.5904265Z   type: 'test'
Test (Node.js on windows-latest)	UNKNOWN STEP	2026-05-03T13:38:59.5908888Z   ...
Test (Node.js on windows-latest)	UNKNOWN STEP	2026-05-03T13:38:59.5909450Z # Subtest: jsonToLino - null
Test (Node.js on windows-latest)	UNKNOWN STEP	2026-05-03T13:38:59.5910049Z ok 74 - jsonToLino - null
Test (Node.js on windows-latest)	UNKNOWN STEP	2026-05-03T13:38:59.5910631Z   ---
Test (Node.js on windows-latest)	UNKNOWN STEP	2026-05-03T13:38:59.5911104Z   duration_ms: 0.2202
Test (Node.js on windows-latest)	UNKNOWN STEP	2026-05-03T13:38:59.5911631Z   type: 'test'
Test (Node.js on windows-latest)	UNKNOWN STEP	2026-05-03T13:38:59.5912085Z   ...
Test (Node.js on windows-latest)	UNKNOWN STEP	2026-05-03T13:38:59.5912628Z # Subtest: jsonToLino - undefined
Test (Node.js on windows-latest)	UNKNOWN STEP	2026-05-03T13:38:59.5913284Z ok 75 - jsonToLino - undefined
Test (Node.js on windows-latest)	UNKNOWN STEP	2026-05-03T13:38:59.5913848Z   ---
Test (Node.js on windows-latest)	UNKNOWN STEP	2026-05-03T13:38:59.5914343Z   duration_ms: 0.1084
Test (Node.js on windows-latest)	UNKNOWN STEP	2026-05-03T13:38:59.5915698Z   type: 'test'
Test (Node.js on windows-latest)	UNKNOWN STEP	2026-05-03T13:38:59.5917776Z   ...
Test (Node.js on windows-latest)	UNKNOWN STEP	2026-05-03T13:38:59.5922971Z # Subtest: jsonToLino - number
Test (Node.js on windows-latest)	UNKNOWN STEP	2026-05-03T13:38:59.5923382Z ok 76 - jsonToLino - number
Test (Node.js on windows-latest)	UNKNOWN STEP	2026-05-03T13:38:59.5924065Z   ---
Test (Node.js on windows-latest)	UNKNOWN STEP	2026-05-03T13:38:59.5924326Z   duration_ms: 0.108
Test (Node.js on windows-latest)	UNKNOWN STEP	2026-05-03T13:38:59.5924628Z   type: 'test'
Test (Node.js on windows-latest)	UNKNOWN STEP	2026-05-03T13:38:59.5924877Z   ...
Test (Node.js on windows-latest)	UNKNOWN STEP	2026-05-03T13:38:59.5925228Z # Subtest: jsonToLino - boolean
Test (Node.js on windows-latest)	UNKNOWN STEP	2026-05-03T13:38:59.5925622Z ok 77 - jsonToLino - boolean
Test (Node.js on windows-latest)	UNKNOWN STEP	2026-05-03T13:38:59.5925951Z   ---
Test (Node.js on windows-latest)	UNKNOWN STEP	2026-05-03T13:38:59.5926195Z   duration_ms: 0.0992
Test (Node.js on windows-latest)	UNKNOWN STEP	2026-05-03T13:38:59.5926781Z   type: 'test'
Test (Node.js on windows-latest)	UNKNOWN STEP	2026-05-03T13:38:59.5927039Z   ...
Test (Node.js on windows-latest)	UNKNOWN STEP	2026-05-03T13:38:59.5927378Z # Subtest: jsonToLino - simple string
Test (Node.js on windows-latest)	UNKNOWN STEP	2026-05-03T13:38:59.5927842Z ok 78 - jsonToLino - simple string
Test (Node.js on windows-latest)	UNKNOWN STEP	2026-05-03T13:38:59.5928198Z   ---
Test (Node.js on windows-latest)	UNKNOWN STEP	2026-05-03T13:38:59.5928428Z   duration_ms: 0.1112
Test (Node.js on windows-latest)	UNKNOWN STEP	2026-05-03T13:38:59.5928705Z   type: 'test'
Test (Node.js on windows-latest)	UNKNOWN STEP	2026-05-03T13:38:59.5928934Z   ...
Test (Node.js on windows-latest)	UNKNOWN STEP	2026-05-03T13:38:59.5929267Z # Subtest: jsonToLino - string with spaces
Test (Node.js on windows-latest)	UNKNOWN STEP	2026-05-03T13:38:59.5929723Z ok 79 - jsonToLino - string with spaces
Test (Node.js on windows-latest)	UNKNOWN STEP	2026-05-03T13:38:59.5930082Z   ---
Test (Node.js on windows-latest)	UNKNOWN STEP	2026-05-03T13:38:59.5930313Z   duration_ms: 0.1728
Test (Node.js on windows-latest)	UNKNOWN STEP	2026-05-03T13:38:59.5930575Z   type: 'test'
Test (Node.js on windows-latest)	UNKNOWN STEP	2026-05-03T13:38:59.5930824Z   ...
Test (Node.js on windows-latest)	UNKNOWN STEP	2026-05-03T13:38:59.5931122Z # Subtest: jsonToLino - empty array
Test (Node.js on windows-latest)	UNKNOWN STEP	2026-05-03T13:38:59.5931529Z ok 80 - jsonToLino - empty array
Test (Node.js on windows-latest)	UNKNOWN STEP	2026-05-03T13:38:59.5931845Z   ---
Test (Node.js on windows-latest)	UNKNOWN STEP	2026-05-03T13:38:59.5932054Z   duration_ms: 0.1055
Test (Node.js on windows-latest)	UNKNOWN STEP	2026-05-03T13:38:59.5932331Z   type: 'test'
Test (Node.js on windows-latest)	UNKNOWN STEP	2026-05-03T13:38:59.5932569Z   ...
Test (Node.js on windows-latest)	UNKNOWN STEP	2026-05-03T13:38:59.5933096Z # Subtest: jsonToLino - array of numbers
Test (Node.js on windows-latest)	UNKNOWN STEP	2026-05-03T13:38:59.5944336Z ok 81 - jsonToLino - array of numbers
Test (Node.js on windows-latest)	UNKNOWN STEP	2026-05-03T13:38:59.5951914Z   ---
Test (Node.js on windows-latest)	UNKNOWN STEP	2026-05-03T13:38:59.5952386Z   duration_ms: 0.131
Test (Node.js on windows-latest)	UNKNOWN STEP	2026-05-03T13:38:59.5955768Z   type: 'test'
Test (Node.js on windows-latest)	UNKNOWN STEP	2026-05-03T13:38:59.5961288Z   ...
Test (Node.js on windows-latest)	UNKNOWN STEP	2026-05-03T13:38:59.5964034Z # Subtest: jsonToLino - array of strings
Test (Node.js on windows-latest)	UNKNOWN STEP	2026-05-03T13:38:59.5964955Z ok 82 - jsonToLino - array of strings
Test (Node.js on windows-latest)	UNKNOWN STEP	2026-05-03T13:38:59.5965614Z   ---
Test (Node.js on windows-latest)	UNKNOWN STEP	2026-05-03T13:38:59.5966138Z   duration_ms: 0.1758
Test (Node.js on windows-latest)	UNKNOWN STEP	2026-05-03T13:38:59.5971935Z   type: 'test'
Test (Node.js on windows-latest)	UNKNOWN STEP	2026-05-03T13:38:59.5972235Z   ...
Test (Node.js on windows-latest)	UNKNOWN STEP	2026-05-03T13:38:59.5972841Z # Subtest: jsonToLino - nested array
Test (Node.js on windows-latest)	UNKNOWN STEP	2026-05-03T13:38:59.5973373Z ok 83 - jsonToLino - nested array
Test (Node.js on windows-latest)	UNKNOWN STEP	2026-05-03T13:38:59.5974482Z   ---
Test (Node.js on windows-latest)	UNKNOWN STEP	2026-05-03T13:38:59.5975123Z   duration_ms: 0.125
Test (Node.js on windows-latest)	UNKNOWN STEP	2026-05-03T13:38:59.5975497Z   type: 'test'
Test (Node.js on windows-latest)	UNKNOWN STEP	2026-05-03T13:38:59.5975745Z   ...
Test (Node.js on windows-latest)	UNKNOWN STEP	2026-05-03T13:38:59.5976080Z # Subtest: jsonToLino - empty object
Test (Node.js on windows-latest)	UNKNOWN STEP	2026-05-03T13:38:59.5976560Z ok 84 - jsonToLino - empty object
Test (Node.js on windows-latest)	UNKNOWN STEP	2026-05-03T13:38:59.5976929Z   ---
Test (Node.js on windows-latest)	UNKNOWN STEP	2026-05-03T13:38:59.5977182Z   duration_ms: 0.0959
Test (Node.js on windows-latest)	UNKNOWN STEP	2026-05-03T13:38:59.5977493Z   type: 'test'
Test (Node.js on windows-latest)	UNKNOWN STEP	2026-05-03T13:38:59.5977795Z   ...
Test (Node.js on windows-latest)	UNKNOWN STEP	2026-05-03T13:38:59.5978134Z # Subtest: jsonToLino - simple object
Test (Node.js on windows-latest)	UNKNOWN STEP	2026-05-03T13:38:59.5978609Z ok 85 - jsonToLino - simple object
Test (Node.js on windows-latest)	UNKNOWN STEP	2026-05-03T13:38:59.5978956Z   ---
Test (Node.js on windows-latest)	UNKNOWN STEP	2026-05-03T13:38:59.5979206Z   duration_ms: 0.2533
Test (Node.js on windows-latest)	UNKNOWN STEP	2026-05-03T13:38:59.5979504Z   type: 'test'
Test (Node.js on windows-latest)	UNKNOWN STEP	2026-05-03T13:38:59.5979756Z   ...
Test (Node.js on windows-latest)	UNKNOWN STEP	2026-05-03T13:38:59.5980141Z # Subtest: jsonToLino - object with nested object
Test (Node.js on windows-latest)	UNKNOWN STEP	2026-05-03T13:38:59.5980734Z ok 86 - jsonToLino - object with nested object
Test (Node.js on windows-latest)	UNKNOWN STEP	2026-05-03T13:38:59.5981162Z   ---
Test (Node.js on windows-latest)	UNKNOWN STEP	2026-05-03T13:38:59.5981423Z   duration_ms: 0.1461
Test (Node.js on windows-latest)	UNKNOWN STEP	2026-05-03T13:38:59.5981732Z   type: 'test'
Test (Node.js on windows-latest)	UNKNOWN STEP	2026-05-03T13:38:59.5981982Z   ...
Test (Node.js on windows-latest)	UNKNOWN STEP	2026-05-03T13:38:59.5982333Z # Subtest: jsonToLino - object with array
Test (Node.js on windows-latest)	UNKNOWN STEP	2026-05-03T13:38:59.5982836Z ok 87 - jsonToLino - object with array
Test (Node.js on windows-latest)	UNKNOWN STEP	2026-05-03T13:38:59.5983215Z   ---
Test (Node.js on windows-latest)	UNKNOWN STEP	2026-05-03T13:38:59.5983460Z   duration_ms: 0.1292
Test (Node.js on windows-latest)	UNKNOWN STEP	2026-05-03T13:38:59.5983764Z   type: 'test'
Test (Node.js on windows-latest)	UNKNOWN STEP	2026-05-03T13:38:59.5984015Z   ...
Test (Node.js on windows-latest)	UNKNOWN STEP	2026-05-03T13:38:59.5984361Z # Subtest: linoToJson - null input
Test (Node.js on windows-latest)	UNKNOWN STEP	2026-05-03T13:38:59.5984838Z ok 88 - linoToJson - null input
Test (Node.js on windows-latest)	UNKNOWN STEP	2026-05-03T13:38:59.5985186Z   ---
Test (Node.js on windows-latest)	UNKNOWN STEP	2026-05-03T13:38:59.5985460Z   duration_ms: 0.1839
Test (Node.js on windows-latest)	UNKNOWN STEP	2026-05-03T13:38:59.5985756Z   type: 'test'
Test (Node.js on windows-latest)	UNKNOWN STEP	2026-05-03T13:38:59.5986027Z   ...
Test (Node.js on windows-latest)	UNKNOWN STEP	2026-05-03T13:38:59.5986359Z # Subtest: linoToJson - primitives
Test (Node.js on windows-latest)	UNKNOWN STEP	2026-05-03T13:38:59.5986842Z ok 89 - linoToJson - primitives
Test (Node.js on windows-latest)	UNKNOWN STEP	2026-05-03T13:38:59.5987580Z   ---
Test (Node.js on windows-latest)	UNKNOWN STEP	2026-05-03T13:38:59.5987848Z   duration_ms: 6.5914
Test (Node.js on windows-latest)	UNKNOWN STEP	2026-05-03T13:38:59.5988166Z   type: 'test'
Test (Node.js on windows-latest)	UNKNOWN STEP	2026-05-03T13:38:59.5988426Z   ...
Test (Node.js on windows-latest)	UNKNOWN STEP	2026-05-03T13:38:59.5990267Z # Subtest: linoToJson - simple string
Test (Node.js on windows-latest)	UNKNOWN STEP	2026-05-03T13:38:59.5990786Z ok 90 - linoToJson - simple string
Test (Node.js on windows-latest)	UNKNOWN STEP	2026-05-03T13:38:59.5991163Z   ---
Test (Node.js on windows-latest)	UNKNOWN STEP	2026-05-03T13:38:59.5991419Z   duration_ms: 0.501
Test (Node.js on windows-latest)	UNKNOWN STEP	2026-05-03T13:38:59.5991723Z   type: 'test'
Test (Node.js on windows-latest)	UNKNOWN STEP	2026-05-03T13:38:59.5991991Z   ...
Test (Node.js on windows-latest)	UNKNOWN STEP	2026-05-03T13:38:59.5992329Z # Subtest: linoToJson - empty link
Test (Node.js on windows-latest)	UNKNOWN STEP	2026-05-03T13:38:59.5992798Z ok 91 - linoToJson - empty link
Test (Node.js on windows-latest)	UNKNOWN STEP	2026-05-03T13:38:59.5993163Z   ---
Test (Node.js on windows-latest)	UNKNOWN STEP	2026-05-03T13:38:59.5993401Z   duration_ms: 1.3397
Test (Node.js on windows-latest)	UNKNOWN STEP	2026-05-03T13:38:59.5993697Z   type: 'test'
Test (Node.js on windows-latest)	UNKNOWN STEP	2026-05-03T13:38:59.5993949Z   ...
Test (Node.js on windows-latest)	UNKNOWN STEP	2026-05-03T13:38:59.5994283Z # Subtest: linoToJson - array of numbers
Test (Node.js on windows-latest)	UNKNOWN STEP	2026-05-03T13:38:59.5994783Z ok 92 - linoToJson - array of numbers
Test (Node.js on windows-latest)	UNKNOWN STEP	2026-05-03T13:38:59.5995163Z   ---
Test (Node.js on windows-latest)	UNKNOWN STEP	2026-05-03T13:38:59.5995400Z   duration_ms: 0.4604
Test (Node.js on windows-latest)	UNKNOWN STEP	2026-05-03T13:38:59.5995698Z   type: 'test'
Test (Node.js on windows-latest)	UNKNOWN STEP	2026-05-03T13:38:59.5995944Z   ...
Test (Node.js on windows-latest)	UNKNOWN STEP	2026-05-03T13:38:59.5996268Z # Subtest: linoToJson - simple object
Test (Node.js on windows-latest)	UNKNOWN STEP	2026-05-03T13:38:59.5996746Z ok 93 - linoToJson - simple object
Test (Node.js on windows-latest)	UNKNOWN STEP	2026-05-03T13:38:59.5997118Z   ---
Test (Node.js on windows-latest)	UNKNOWN STEP	2026-05-03T13:38:59.5997367Z   duration_ms: 0.4606
Test (Node.js on windows-latest)	UNKNOWN STEP	2026-05-03T13:38:59.5997680Z   type: 'test'
Test (Node.js on windows-latest)	UNKNOWN STEP	2026-05-03T13:38:59.5997951Z   ...
Test (Node.js on windows-latest)	UNKNOWN STEP	2026-05-03T13:38:59.5998299Z # Subtest: linoToJson - nested object
Test (Node.js on windows-latest)	UNKNOWN STEP	2026-05-03T13:38:59.5998791Z ok 94 - linoToJson - nested object
Test (Node.js on windows-latest)	UNKNOWN STEP	2026-05-03T13:38:59.5999160Z   ---
Test (Node.js on windows-latest)	UNKNOWN STEP	2026-05-03T13:38:59.5999403Z   duration_ms: 1.1548
Test (Node.js on windows-latest)	UNKNOWN STEP	2026-05-03T13:38:59.5999707Z   type: 'test'
Test (Node.js on windows-latest)	UNKNOWN STEP	2026-05-03T13:38:59.6000271Z   ...
Test (Node.js on windows-latest)	UNKNOWN STEP	2026-05-03T13:38:59.6000679Z # Subtest: linoToJson - object with array value
Test (Node.js on windows-latest)	UNKNOWN STEP	2026-05-03T13:38:59.6001269Z ok 95 - linoToJson - object with array value
Test (Node.js on windows-latest)	UNKNOWN STEP	2026-05-03T13:38:59.6001696Z   ---
Test (Node.js on windows-latest)	UNKNOWN STEP	2026-05-03T13:38:59.6001962Z   duration_ms: 0.4392
Test (Node.js on windows-latest)	UNKNOWN STEP	2026-05-03T13:38:59.6002251Z   type: 'test'
Test (Node.js on windows-latest)	UNKNOWN STEP	2026-05-03T13:38:59.6002505Z   ...
Test (Node.js on windows-latest)	UNKNOWN STEP	2026-05-03T13:38:59.6002850Z # Subtest: roundtrip - simple object
Test (Node.js on windows-latest)	UNKNOWN STEP	2026-05-03T13:38:59.6003346Z ok 96 - roundtrip - simple object
Test (Node.js on windows-latest)	UNKNOWN STEP	2026-05-03T13:38:59.6003704Z   ---
Test (Node.js on windows-latest)	UNKNOWN STEP	2026-05-03T13:38:59.6003957Z   duration_ms: 0.3696
Test (Node.js on windows-latest)	UNKNOWN STEP	2026-05-03T13:38:59.6004262Z   type: 'test'
Test (Node.js on windows-latest)	UNKNOWN STEP	2026-05-03T13:38:59.6004509Z   ...
Test (Node.js on windows-latest)	UNKNOWN STEP	2026-05-03T13:38:59.6004842Z # Subtest: roundtrip - nested object
Test (Node.js on windows-latest)	UNKNOWN STEP	2026-05-03T13:38:59.6005314Z ok 97 - roundtrip - nested object
Test (Node.js on windows-latest)	UNKNOWN STEP	2026-05-03T13:38:59.6005664Z   ---
Test (Node.js on windows-latest)	UNKNOWN STEP	2026-05-03T13:38:59.6005901Z   duration_ms: 0.4838
Test (Node.js on windows-latest)	UNKNOWN STEP	2026-05-03T13:38:59.6006195Z   type: 'test'
Test (Node.js on windows-latest)	UNKNOWN STEP	2026-05-03T13:38:59.6006447Z   ...
Test (Node.js on windows-latest)	UNKNOWN STEP	2026-05-03T13:38:59.6006782Z # Subtest: roundtrip - object with array
Test (Node.js on windows-latest)	UNKNOWN STEP	2026-05-03T13:38:59.6007678Z ok 98 - roundtrip - object with array
Test (Node.js on windows-latest)	UNKNOWN STEP	2026-05-03T13:38:59.6008070Z   ---
Test (Node.js on windows-latest)	UNKNOWN STEP	2026-05-03T13:38:59.6008316Z   duration_ms: 0.3635
Test (Node.js on windows-latest)	UNKNOWN STEP	2026-05-03T13:38:59.6008618Z   type: 'test'
Test (Node.js on windows-latest)	UNKNOWN STEP	2026-05-03T13:38:59.6008868Z   ...
Test (Node.js on windows-latest)	UNKNOWN STEP	2026-05-03T13:38:59.6009200Z # Subtest: roundtrip - complex object
Test (Node.js on windows-latest)	UNKNOWN STEP	2026-05-03T13:38:59.6009662Z ok 99 - roundtrip - complex object
Test (Node.js on windows-latest)	UNKNOWN STEP	2026-05-03T13:38:59.6010029Z   ---
Test (Node.js on windows-latest)	UNKNOWN STEP	2026-05-03T13:38:59.6010285Z   duration_ms: 0.2927
Test (Node.js on windows-latest)	UNKNOWN STEP	2026-05-03T13:38:59.6010569Z   type: 'test'
Test (Node.js on windows-latest)	UNKNOWN STEP	2026-05-03T13:38:59.6010830Z   ...
Test (Node.js on windows-latest)	UNKNOWN STEP	2026-05-03T13:38:59.6011178Z # Subtest: formatAsLino - empty array
Test (Node.js on windows-latest)	UNKNOWN STEP	2026-05-03T13:38:59.6011689Z ok 100 - formatAsLino - empty array
Test (Node.js on windows-latest)	UNKNOWN STEP	2026-05-03T13:38:59.6012067Z   ---
Test (Node.js on windows-latest)	UNKNOWN STEP	2026-05-03T13:38:59.6012312Z   duration_ms: 0.4429
Test (Node.js on windows-latest)	UNKNOWN STEP	2026-05-03T13:38:59.6012621Z   type: 'test'
Test (Node.js on windows-latest)	UNKNOWN STEP	2026-05-03T13:38:59.6012869Z   ...
Test (Node.js on windows-latest)	UNKNOWN STEP	2026-05-03T13:38:59.6013218Z # Subtest: formatAsLino - array of values
Test (Node.js on windows-latest)	UNKNOWN STEP	2026-05-03T13:38:59.6013747Z ok 101 - formatAsLino - array of values
Test (Node.js on windows-latest)	UNKNOWN STEP	2026-05-03T13:38:59.6014132Z   ---
Test (Node.js on windows-latest)	UNKNOWN STEP	2026-05-03T13:38:59.6014397Z   duration_ms: 0.314
Test (Node.js on windows-latest)	UNKNOWN STEP	2026-05-03T13:38:59.6014701Z   type: 'test'
Test (Node.js on windows-latest)	UNKNOWN STEP	2026-05-03T13:38:59.6014962Z   ...
Test (Node.js on windows-latest)	UNKNOWN STEP	2026-05-03T13:38:59.6015333Z # Subtest: formatIndented - basic object
Test (Node.js on windows-latest)	UNKNOWN STEP	2026-05-03T13:38:59.6015846Z ok 102 - formatIndented - basic object
Test (Node.js on windows-latest)	UNKNOWN STEP	2026-05-03T13:38:59.6016234Z   ---
Test (Node.js on windows-latest)	UNKNOWN STEP	2026-05-03T13:38:59.6016490Z   duration_ms: 0.5602
Test (Node.js on windows-latest)	UNKNOWN STEP	2026-05-03T13:38:59.6016796Z   type: 'test'
Test (Node.js on windows-latest)	UNKNOWN STEP	2026-05-03T13:38:59.6017056Z   ...
Test (Node.js on windows-latest)	UNKNOWN STEP	2026-05-03T13:38:59.6017438Z # Subtest: formatIndented - custom indentation
Test (Node.js on windows-latest)	UNKNOWN STEP	2026-05-03T13:38:59.6018043Z ok 103 - formatIndented - custom indentation
Test (Node.js on windows-latest)	UNKNOWN STEP	2026-05-03T13:38:59.6018803Z   ---
Test (Node.js on windows-latest)	UNKNOWN STEP	2026-05-03T13:38:59.6019058Z   duration_ms: 0.25
Test (Node.js on windows-latest)	UNKNOWN STEP	2026-05-03T13:38:59.6019352Z   type: 'test'
Test (Node.js on windows-latest)	UNKNOWN STEP	2026-05-03T13:38:59.6019608Z   ...
Test (Node.js on windows-latest)	UNKNOWN STEP	2026-05-03T13:38:59.6020028Z # Subtest: formatIndented - value with double quotes
Test (Node.js on windows-latest)	UNKNOWN STEP	2026-05-03T13:38:59.6020678Z ok 104 - formatIndented - value with double quotes
Test (Node.js on windows-latest)	UNKNOWN STEP	2026-05-03T13:38:59.6021150Z   ---
Test (Node.js on windows-latest)	UNKNOWN STEP	2026-05-03T13:38:59.6021405Z   duration_ms: 0.1362
Test (Node.js on windows-latest)	UNKNOWN STEP	2026-05-03T13:38:59.6021729Z   type: 'test'
Test (Node.js on windows-latest)	UNKNOWN STEP	2026-05-03T13:38:59.6021980Z   ...
Test (Node.js on windows-latest)	UNKNOWN STEP	2026-05-03T13:38:59.6022350Z # Subtest: formatIndented - key with space
Test (Node.js on windows-latest)	UNKNOWN STEP	2026-05-03T13:38:59.6022897Z ok 105 - formatIndented - key with space
Test (Node.js on windows-latest)	UNKNOWN STEP	2026-05-03T13:38:59.6023309Z   ---
Test (Node.js on windows-latest)	UNKNOWN STEP	2026-05-03T13:38:59.6023569Z   duration_ms: 0.4215
Test (Node.js on windows-latest)	UNKNOWN STEP	2026-05-03T13:38:59.6023861Z   type: 'test'
Test (Node.js on windows-latest)	UNKNOWN STEP	2026-05-03T13:38:59.6024113Z   ...
Test (Node.js on windows-latest)	UNKNOWN STEP	2026-05-03T13:38:59.6024453Z # Subtest: formatIndented - null value
Test (Node.js on windows-latest)	UNKNOWN STEP	2026-05-03T13:38:59.6024960Z ok 106 - formatIndented - null value
Test (Node.js on windows-latest)	UNKNOWN STEP	2026-05-03T13:38:59.6025347Z   ---
Test (Node.js on windows-latest)	UNKNOWN STEP	2026-05-03T13:38:59.6025651Z   duration_ms: 0.3328
Test (Node.js on windows-latest)	UNKNOWN STEP	2026-05-03T13:38:59.6025964Z   type: 'test'
Test (Node.js on windows-latest)	UNKNOWN STEP	2026-05-03T13:38:59.6026230Z   ...
Test (Node.js on windows-latest)	UNKNOWN STEP	2026-05-03T13:38:59.6026580Z # Subtest: formatIndented - requires id
Test (Node.js on windows-latest)	UNKNOWN STEP	2026-05-03T13:38:59.6027089Z ok 107 - formatIndented - requires id
Test (Node.js on windows-latest)	UNKNOWN STEP	2026-05-03T13:38:59.6027479Z   ---
Test (Node.js on windows-latest)	UNKNOWN STEP	2026-05-03T13:38:59.6028126Z   duration_ms: 0.9024
Test (Node.js on windows-latest)	UNKNOWN STEP	2026-05-03T13:38:59.6028441Z   type: 'test'
Test (Node.js on windows-latest)	UNKNOWN STEP	2026-05-03T13:38:59.6028700Z   ...
Test (Node.js on windows-latest)	UNKNOWN STEP	2026-05-03T13:38:59.6029400Z # Subtest: formatIndented - requires plain object
Test (Node.js on windows-latest)	UNKNOWN STEP	2026-05-03T13:38:59.6030059Z ok 108 - formatIndented - requires plain object
Test (Node.js on windows-latest)	UNKNOWN STEP	2026-05-03T13:38:59.6030518Z   ---
Test (Node.js on windows-latest)	UNKNOWN STEP	2026-05-03T13:38:59.6030780Z   duration_ms: 0.1643
Test (Node.js on windows-latest)	UNKNOWN STEP	2026-05-03T13:38:59.6031069Z   type: 'test'
Test (Node.js on windows-latest)	UNKNOWN STEP	2026-05-03T13:38:59.6031322Z   ...
Test (Node.js on windows-latest)	UNKNOWN STEP	2026-05-03T13:38:59.6031666Z # Subtest: parseIndented - basic object
Test (Node.js on windows-latest)	UNKNOWN STEP	2026-05-03T13:38:59.6032165Z ok 109 - parseIndented - basic object
Test (Node.js on windows-latest)	UNKNOWN STEP	2026-05-03T13:38:59.6032546Z   ---
Test (Node.js on windows-latest)	UNKNOWN STEP	2026-05-03T13:38:59.6032783Z   duration_ms: 0.8432
Test (Node.js on windows-latest)	UNKNOWN STEP	2026-05-03T13:38:59.6033069Z   type: 'test'
Test (Node.js on windows-latest)	UNKNOWN STEP	2026-05-03T13:38:59.6033321Z   ...
Test (Node.js on windows-latest)	UNKNOWN STEP	2026-05-03T13:38:59.6033683Z # Subtest: parseIndented - value with quotes
Test (Node.js on windows-latest)	UNKNOWN STEP	2026-05-03T13:38:59.6034592Z ok 110 - parseIndented - value with quotes
Test (Node.js on windows-latest)	UNKNOWN STEP	2026-05-03T13:38:59.6034994Z   ---
Test (Node.js on windows-latest)	UNKNOWN STEP	2026-05-03T13:38:59.6035243Z   duration_ms: 0.337
Test (Node.js on windows-latest)	UNKNOWN STEP	2026-05-03T13:38:59.6035819Z   type: 'test'
Test (Node.js on windows-latest)	UNKNOWN STEP	2026-05-03T13:38:59.6036077Z   ...
Test (Node.js on windows-latest)	UNKNOWN STEP	2026-05-03T13:38:59.6036493Z # Subtest: parseIndented - empty lines are skipped
Test (Node.js on windows-latest)	UNKNOWN STEP	2026-05-03T13:38:59.6037115Z ok 111 - parseIndented - empty lines are skipped
Test (Node.js on windows-latest)	UNKNOWN STEP	2026-05-03T13:38:59.6037547Z   ---
Test (Node.js on windows-latest)	UNKNOWN STEP	2026-05-03T13:38:59.6037795Z   duration_ms: 0.2508
Test (Node.js on windows-latest)	UNKNOWN STEP	2026-05-03T13:38:59.6038093Z   type: 'test'
Test (Node.js on windows-latest)	UNKNOWN STEP	2026-05-03T13:38:59.6038344Z   ...
Test (Node.js on windows-latest)	UNKNOWN STEP	2026-05-03T13:38:59.6057508Z # Subtest: parseIndented - requires text
Test (Node.js on windows-latest)	UNKNOWN STEP	2026-05-03T13:38:59.6058139Z ok 112 - parseIndented - requires text
Test (Node.js on windows-latest)	UNKNOWN STEP	2026-05-03T13:38:59.6058863Z   ---
Test (Node.js on windows-latest)	UNKNOWN STEP	2026-05-03T13:38:59.6059142Z   duration_ms: 0.2613
Test (Node.js on windows-latest)	UNKNOWN STEP	2026-05-03T13:38:59.6059716Z   type: 'test'
Test (Node.js on windows-latest)	UNKNOWN STEP	2026-05-03T13:38:59.6060222Z   ...
Test (Node.js on windows-latest)	UNKNOWN STEP	2026-05-03T13:38:59.6060760Z # Subtest: formatIndented/parseIndented roundtrip - basic
Test (Node.js on windows-latest)	UNKNOWN STEP	2026-05-03T13:38:59.6061767Z ok 113 - formatIndented/parseIndented roundtrip - basic
Test (Node.js on windows-latest)	UNKNOWN STEP	2026-05-03T13:38:59.6062494Z   ---
Test (Node.js on windows-latest)	UNKNOWN STEP	2026-05-03T13:38:59.6063020Z   duration_ms: 0.3292
Test (Node.js on windows-latest)	UNKNOWN STEP	2026-05-03T13:38:59.6063347Z   type: 'test'
Test (Node.js on windows-latest)	UNKNOWN STEP	2026-05-03T13:38:59.6063846Z   ...
Test (Node.js on windows-latest)	UNKNOWN STEP	2026-05-03T13:38:59.6064630Z # Subtest: formatIndented/parseIndented roundtrip - with quotes
Test (Node.js on windows-latest)	UNKNOWN STEP	2026-05-03T13:38:59.6068848Z ok 114 - formatIndented/parseIndented roundtrip - with quotes
Test (Node.js on windows-latest)	UNKNOWN STEP	2026-05-03T13:38:59.6069657Z   ---
Test (Node.js on windows-latest)	UNKNOWN STEP	2026-05-03T13:38:59.6069960Z   duration_ms: 0.2628
Test (Node.js on windows-latest)	UNKNOWN STEP	2026-05-03T13:38:59.6073802Z   type: 'test'
Test (Node.js on windows-latest)	UNKNOWN STEP	2026-05-03T13:38:59.6074110Z   ...
Test (Node.js on windows-latest)	UNKNOWN STEP	2026-05-03T13:38:59.6074513Z # Subtest: levenshteinDistance
Test (Node.js on windows-latest)	UNKNOWN STEP	2026-05-03T13:38:59.6076586Z     # Subtest: should return 0 for identical strings
Test (Node.js on windows-latest)	UNKNOWN STEP	2026-05-03T13:38:59.6077277Z     ok 1 - should return 0 for identical strings
Test (Node.js on windows-latest)	UNKNOWN STEP	2026-05-03T13:38:59.6077770Z       ---
Test (Node.js on windows-latest)	UNKNOWN STEP	2026-05-03T13:38:59.6078052Z       duration_ms: 1.463
Test (Node.js on windows-latest)	UNKNOWN STEP	2026-05-03T13:38:59.6078406Z       type: 'test'
Test (Node.js on windows-latest)	UNKNOWN STEP	2026-05-03T13:38:59.6078987Z       ...
Test (Node.js on windows-latest)	UNKNOWN STEP	2026-05-03T13:38:59.6079556Z     # Subtest: should return correct distance for single character difference
Test (Node.js on windows-latest)	UNKNOWN STEP	2026-05-03T13:38:59.6080465Z     ok 2 - should return correct distance for single character difference
Test (Node.js on windows-latest)	UNKNOWN STEP	2026-05-03T13:38:59.6081071Z       ---
Test (Node.js on windows-latest)	UNKNOWN STEP	2026-05-03T13:38:59.6081382Z       duration_ms: 0.3213
Test (Node.js on windows-latest)	UNKNOWN STEP	2026-05-03T13:38:59.6081735Z       type: 'test'
Test (Node.js on windows-latest)	UNKNOWN STEP	2026-05-03T13:38:59.6082009Z       ...
Test (Node.js on windows-latest)	UNKNOWN STEP	2026-05-03T13:38:59.6082783Z     # Subtest: should return length for completely different strings
Test (Node.js on windows-latest)	UNKNOWN STEP	2026-05-03T13:38:59.6083888Z     ok 3 - should return length for completely different strings
Test (Node.js on windows-latest)	UNKNOWN STEP	2026-05-03T13:38:59.6084684Z       ---
Test (Node.js on windows-latest)	UNKNOWN STEP	2026-05-03T13:38:59.6084967Z       duration_ms: 0.2516
Test (Node.js on windows-latest)	UNKNOWN STEP	2026-05-03T13:38:59.6085548Z       type: 'test'
Test (Node.js on windows-latest)	UNKNOWN STEP	2026-05-03T13:38:59.6085846Z       ...
Test (Node.js on windows-latest)	UNKNOWN STEP	2026-05-03T13:38:59.6086423Z     # Subtest: should handle empty strings
Test (Node.js on windows-latest)	UNKNOWN STEP	2026-05-03T13:38:59.6087166Z     ok 4 - should handle empty strings
Test (Node.js on windows-latest)	UNKNOWN STEP	2026-05-03T13:38:59.6087819Z       ---
Test (Node.js on windows-latest)	UNKNOWN STEP	2026-05-03T13:38:59.6088102Z       duration_ms: 0.1704
Test (Node.js on windows-latest)	UNKNOWN STEP	2026-05-03T13:38:59.6088702Z       type: 'test'
Test (Node.js on windows-latest)	UNKNOWN STEP	2026-05-03T13:38:59.6089214Z       ...
Test (Node.js on windows-latest)	UNKNOWN STEP	2026-05-03T13:38:59.6089627Z     # Subtest: should handle case-sensitive comparison
Test (Node.js on windows-latest)	UNKNOWN STEP	2026-05-03T13:38:59.6090239Z     ok 5 - should handle case-sensitive comparison
Test (Node.js on windows-latest)	UNKNOWN STEP	2026-05-03T13:38:59.6091248Z       ---
Test (Node.js on windows-latest)	UNKNOWN STEP	2026-05-03T13:38:59.6091757Z       duration_ms: 0.2839
Test (Node.js on windows-latest)	UNKNOWN STEP	2026-05-03T13:38:59.6092120Z       type: 'test'
Test (Node.js on windows-latest)	UNKNOWN STEP	2026-05-03T13:38:59.6094272Z       ...
Test (Node.js on windows-latest)	UNKNOWN STEP	2026-05-03T13:38:59.6094605Z     1..5
Test (Node.js on windows-latest)	UNKNOWN STEP	2026-05-03T13:38:59.6095175Z ok 115 - levenshteinDistance
Test (Node.js on windows-latest)	UNKNOWN STEP	2026-05-03T13:38:59.6095776Z   ---
Test (Node.js on windows-latest)	UNKNOWN STEP	2026-05-03T13:38:59.6096067Z   duration_ms: 5.3246
Test (Node.js on windows-latest)	UNKNOWN STEP	2026-05-03T13:38:59.6125473Z   type: 'suite'
Test (Node.js on windows-latest)	UNKNOWN STEP	2026-05-03T13:38:59.6126066Z   ...
Test (Node.js on windows-latest)	UNKNOWN STEP	2026-05-03T13:38:59.6126380Z # Subtest: stringSimilarity
Test (Node.js on windows-latest)	UNKNOWN STEP	2026-05-03T13:38:59.6127364Z     # Subtest: should return 1 for identical strings
Test (Node.js on windows-latest)	UNKNOWN STEP	2026-05-03T13:38:59.6128416Z     ok 1 - should return 1 for identical strings
Test (Node.js on windows-latest)	UNKNOWN STEP	2026-05-03T13:38:59.6128905Z       ---
Test (Node.js on windows-latest)	UNKNOWN STEP	2026-05-03T13:38:59.6129452Z       duration_ms: 0.2888
Test (Node.js on windows-latest)	UNKNOWN STEP	2026-05-03T13:38:59.6130024Z       type: 'test'
Test (Node.js on windows-latest)	UNKNOWN STEP	2026-05-03T13:38:59.6130577Z       ...
Test (Node.js on windows-latest)	UNKNOWN STEP	2026-05-03T13:38:59.6131261Z     # Subtest: should return 0 for completely different strings
Test (Node.js on windows-latest)	UNKNOWN STEP	2026-05-03T13:38:59.6132286Z     ok 2 - should return 0 for completely different strings
Test (Node.js on windows-latest)	UNKNOWN STEP	2026-05-03T13:38:59.6132821Z       ---
Test (Node.js on windows-latest)	UNKNOWN STEP	2026-05-03T13:38:59.6133606Z       duration_ms: 0.2997
Test (Node.js on windows-latest)	UNKNOWN STEP	2026-05-03T13:38:59.6134689Z       type: 'test'
Test (Node.js on windows-latest)	UNKNOWN STEP	2026-05-03T13:38:59.6134992Z       ...
Test (Node.js on windows-latest)	UNKNOWN STEP	2026-05-03T13:38:59.6135495Z     # Subtest: should return value between 0 and 1 for similar strings
Test (Node.js on windows-latest)	UNKNOWN STEP	2026-05-03T13:38:59.6136288Z     ok 3 - should return value between 0 and 1 for similar strings
Test (Node.js on windows-latest)	UNKNOWN STEP	2026-05-03T13:38:59.6136827Z       ---
Test (Node.js on windows-latest)	UNKNOWN STEP	2026-05-03T13:38:59.6137095Z       duration_ms: 0.4716
Test (Node.js on windows-latest)	UNKNOWN STEP	2026-05-03T13:38:59.6137427Z       type: 'test'
Test (Node.js on windows-latest)	UNKNOWN STEP	2026-05-03T13:38:59.6137709Z       ...
Test (Node.js on windows-latest)	UNKNOWN STEP	2026-05-03T13:38:59.6138101Z     # Subtest: should handle different length strings
Test (Node.js on windows-latest)	UNKNOWN STEP	2026-05-03T13:38:59.6138704Z     ok 4 - should handle different length strings
Test (Node.js on windows-latest)	UNKNOWN STEP	2026-05-03T13:38:59.6139173Z       ---
Test (Node.js on windows-latest)	UNKNOWN STEP	2026-05-03T13:38:59.6139434Z       duration_ms: 0.5192
Test (Node.js on windows-latest)	UNKNOWN STEP	2026-05-03T13:38:59.6139778Z       type: 'test'
Test (Node.js on windows-latest)	UNKNOWN STEP	2026-05-03T13:38:59.6140055Z       ...
Test (Node.js on windows-latest)	UNKNOWN STEP	2026-05-03T13:38:59.6140677Z     1..4
Test (Node.js on windows-latest)	UNKNOWN STEP	2026-05-03T13:38:59.6141025Z ok 116 - stringSimilarity
Test (Node.js on windows-latest)	UNKNOWN STEP	2026-05-03T13:38:59.6141630Z   ---
Test (Node.js on windows-latest)	UNKNOWN STEP	2026-05-03T13:38:59.6142137Z   duration_ms: 2.2956
Test (Node.js on windows-latest)	UNKNOWN STEP	2026-05-03T13:38:59.6142695Z   type: 'suite'
Test (Node.js on windows-latest)	UNKNOWN STEP	2026-05-03T13:38:59.6143220Z   ...
Test (Node.js on windows-latest)	UNKNOWN STEP	2026-05-03T13:38:59.6143544Z # Subtest: normalizeQuestion
Test (Node.js on windows-latest)	UNKNOWN STEP	2026-05-03T13:38:59.6143991Z     # Subtest: should convert to lowercase
Test (Node.js on windows-latest)	UNKNOWN STEP	2026-05-03T13:38:59.6144492Z     ok 1 - should convert to lowercase
Test (Node.js on windows-latest)	UNKNOWN STEP	2026-05-03T13:38:59.6147589Z       ---
Test (Node.js on windows-latest)	UNKNOWN STEP	2026-05-03T13:38:59.6147886Z       duration_ms: 0.5874
Test (Node.js on windows-latest)	UNKNOWN STEP	2026-05-03T13:38:59.6148238Z       type: 'test'
Test (Node.js on windows-latest)	UNKNOWN STEP	2026-05-03T13:38:59.6148521Z       ...
Test (Node.js on windows-latest)	UNKNOWN STEP	2026-05-03T13:38:59.6148856Z     # Subtest: should remove punctuation
Test (Node.js on windows-latest)	UNKNOWN STEP	2026-05-03T13:38:59.6149354Z     ok 2 - should remove punctuation
Test (Node.js on windows-latest)	UNKNOWN STEP	2026-05-03T13:38:59.6149747Z       ---
Test (Node.js on windows-latest)	UNKNOWN STEP	2026-05-03T13:38:59.6150308Z       duration_ms: 0.1882
Test (Node.js on windows-latest)	UNKNOWN STEP	2026-05-03T13:38:59.6150623Z       type: 'test'
Test (Node.js on windows-latest)	UNKNOWN STEP	2026-05-03T13:38:59.6150905Z       ...
Test (Node.js on windows-latest)	UNKNOWN STEP	2026-05-03T13:38:59.6151249Z     # Subtest: should standardize whitespace
Test (Node.js on windows-latest)	UNKNOWN STEP	2026-05-03T13:38:59.6152105Z     ok 3 - should standardize whitespace
Test (Node.js on windows-latest)	UNKNOWN STEP	2026-05-03T13:38:59.6152524Z       ---
Test (Node.js on windows-latest)	UNKNOWN STEP	2026-05-03T13:38:59.6152779Z       duration_ms: 0.1859
Test (Node.js on windows-latest)	UNKNOWN STEP	2026-05-03T13:38:59.6153167Z       type: 'test'
Test (Node.js on windows-latest)	UNKNOWN STEP	2026-05-03T13:38:59.6153443Z       ...
Test (Node.js on windows-latest)	UNKNOWN STEP	2026-05-03T13:38:59.6153810Z     # Subtest: should handle combined normalization
Test (Node.js on windows-latest)	UNKNOWN STEP	2026-05-03T13:38:59.6154387Z     ok 4 - should handle combined normalization
Test (Node.js on windows-latest)	UNKNOWN STEP	2026-05-03T13:38:59.6154829Z       ---
Test (Node.js on windows-latest)	UNKNOWN STEP	2026-05-03T13:38:59.6155086Z       duration_ms: 0.1696
Test (Node.js on windows-latest)	UNKNOWN STEP	2026-05-03T13:38:59.6155409Z       type: 'test'
Test (Node.js on windows-latest)	UNKNOWN STEP	2026-05-03T13:38:59.6155674Z       ...
Test (Node.js on windows-latest)	UNKNOWN STEP	2026-05-03T13:38:59.6155911Z     1..4
Test (Node.js on windows-latest)	UNKNOWN STEP	2026-05-03T13:38:59.6156195Z ok 117 - normalizeQuestion
Test (Node.js on windows-latest)	UNKNOWN STEP	2026-05-03T13:38:59.6156513Z   ---
Test (Node.js on windows-latest)	UNKNOWN STEP	2026-05-03T13:38:59.6156767Z   duration_ms: 1.5084
Test (Node.js on windows-latest)	UNKNOWN STEP	2026-05-03T13:38:59.6157069Z   type: 'suite'
Test (Node.js on windows-latest)	UNKNOWN STEP	2026-05-03T13:38:59.6157328Z   ...
Test (Node.js on windows-latest)	UNKNOWN STEP	2026-05-03T13:38:59.6157626Z # Subtest: extractKeywords
Test (Node.js on windows-latest)	UNKNOWN STEP	2026-05-03T13:38:59.6158215Z     # Subtest: should extract all keywords when no stopwords provided
Test (Node.js on windows-latest)	UNKNOWN STEP	2026-05-03T13:38:59.6159004Z     ok 1 - should extract all keywords when no stopwords provided
Test (Node.js on windows-latest)	UNKNOWN STEP	2026-05-03T13:38:59.6159545Z       ---
Test (Node.js on windows-latest)	UNKNOWN STEP	2026-05-03T13:38:59.6159803Z       duration_ms: 0.5524
Test (Node.js on windows-latest)	UNKNOWN STEP	2026-05-03T13:38:59.6160377Z       type: 'test'
Test (Node.js on windows-latest)	UNKNOWN STEP	2026-05-03T13:38:59.6160666Z       ...
Test (Node.js on windows-latest)	UNKNOWN STEP	2026-05-03T13:38:59.6161137Z     # Subtest: should filter out English stopwords when provided
Test (Node.js on windows-latest)	UNKNOWN STEP	2026-05-03T13:38:59.6161893Z     ok 2 - should filter out English stopwords when provided
Test (Node.js on windows-latest)	UNKNOWN STEP	2026-05-03T13:38:59.6162387Z       ---
Test (Node.js on windows-latest)	UNKNOWN STEP	2026-05-03T13:38:59.6162638Z       duration_ms: 0.2123
Test (Node.js on windows-latest)	UNKNOWN STEP	2026-05-03T13:38:59.6162959Z       type: 'test'
Test (Node.js on windows-latest)	UNKNOWN STEP	2026-05-03T13:38:59.6163235Z       ...
Test (Node.js on windows-latest)	UNKNOWN STEP	2026-05-03T13:38:59.6163679Z     # Subtest: should filter out Russian stopwords when provided
Test (Node.js on windows-latest)	UNKNOWN STEP	2026-05-03T13:38:59.6164392Z     ok 3 - should filter out Russian stopwords when provided
Test (Node.js on windows-latest)	UNKNOWN STEP	2026-05-03T13:38:59.6164901Z       ---
Test (Node.js on windows-latest)	UNKNOWN STEP	2026-05-03T13:38:59.6165159Z       duration_ms: 0.3601
Test (Node.js on windows-latest)	UNKNOWN STEP	2026-05-03T13:38:59.6165484Z       type: 'test'
Test (Node.js on windows-latest)	UNKNOWN STEP	2026-05-03T13:38:59.6165746Z       ...
Test (Node.js on windows-latest)	UNKNOWN STEP	2026-05-03T13:38:59.6166091Z     # Subtest: should add stems for longer words
Test (Node.js on windows-latest)	UNKNOWN STEP	2026-05-03T13:38:59.6166622Z     ok 4 - should add stems for longer words
Test (Node.js on windows-latest)	UNKNOWN STEP	2026-05-03T13:38:59.6167033Z       ---
Test (Node.js on windows-latest)	UNKNOWN STEP	2026-05-03T13:38:59.6167291Z       duration_ms: 0.1915
Test (Node.js on windows-latest)	UNKNOWN STEP	2026-05-03T13:38:59.6167611Z       type: 'test'
Test (Node.js on windows-latest)	UNKNOWN STEP	2026-05-03T13:38:59.6167878Z       ...
Test (Node.js on windows-latest)	UNKNOWN STEP	2026-05-03T13:38:59.6168240Z     # Subtest: should respect minWordLength option
Test (Node.js on windows-latest)	UNKNOWN STEP	2026-05-03T13:38:59.6168797Z     ok 5 - should respect minWordLength option
Test (Node.js on windows-latest)	UNKNOWN STEP	2026-05-03T13:38:59.6169220Z       ---
Test (Node.js on windows-latest)	UNKNOWN STEP	2026-05-03T13:38:59.6169486Z       duration_ms: 0.1979
Test (Node.js on windows-latest)	UNKNOWN STEP	2026-05-03T13:38:59.6169808Z       type: 'test'
Test (Node.js on windows-latest)	UNKNOWN STEP	2026-05-03T13:38:59.6170102Z       ...
Test (Node.js on windows-latest)	UNKNOWN STEP	2026-05-03T13:38:59.6170504Z     # Subtest: should disable stemming when stemLength is 0
Test (Node.js on windows-latest)	UNKNOWN STEP	2026-05-03T13:38:59.6171148Z     ok 6 - should disable stemming when stemLength is 0
Test (Node.js on windows-latest)	UNKNOWN STEP	2026-05-03T13:38:59.6171601Z       ---
Test (Node.js on windows-latest)	UNKNOWN STEP	2026-05-03T13:38:59.6172287Z       duration_ms: 0.1759
Test (Node.js on windows-latest)	UNKNOWN STEP	2026-05-03T13:38:59.6172634Z       type: 'test'
Test (Node.js on windows-latest)	UNKNOWN STEP	2026-05-03T13:38:59.6172898Z       ...
Test (Node.js on windows-latest)	UNKNOWN STEP	2026-05-03T13:38:59.6173129Z     1..6
Test (Node.js on windows-latest)	UNKNOWN STEP	2026-05-03T13:38:59.6173403Z ok 118 - extractKeywords
Test (Node.js on windows-latest)	UNKNOWN STEP	2026-05-03T13:38:59.6173719Z   ---
Test (Node.js on windows-latest)	UNKNOWN STEP	2026-05-03T13:38:59.6173967Z   duration_ms: 2.1319
Test (Node.js on windows-latest)	UNKNOWN STEP	2026-05-03T13:38:59.6174270Z   type: 'suite'
Test (Node.js on windows-latest)	UNKNOWN STEP	2026-05-03T13:38:59.6174518Z   ...
Test (Node.js on windows-latest)	UNKNOWN STEP	2026-05-03T13:38:59.6174785Z # Subtest: keywordSimilarity
Test (Node.js on windows-latest)	UNKNOWN STEP	2026-05-03T13:38:59.6175265Z     # Subtest: should return 1 for identical questions
Test (Node.js on windows-latest)	UNKNOWN STEP	2026-05-03T13:38:59.6175861Z     ok 1 - should return 1 for identical questions
Test (Node.js on windows-latest)	UNKNOWN STEP	2026-05-03T13:38:59.6176316Z       ---
Test (Node.js on windows-latest)	UNKNOWN STEP	2026-05-03T13:38:59.6176582Z       duration_ms: 0.6535
Test (Node.js on windows-latest)	UNKNOWN STEP	2026-05-03T13:38:59.6176915Z       type: 'test'
Test (Node.js on windows-latest)	UNKNOWN STEP	2026-05-03T13:38:59.6177179Z       ...
Test (Node.js on windows-latest)	UNKNOWN STEP	2026-05-03T13:38:59.6177669Z     # Subtest: should return positive similarity for similar questions
Test (Node.js on windows-latest)	UNKNOWN STEP	2026-05-03T13:38:59.6178723Z     ok 2 - should return positive similarity for similar questions
Test (Node.js on windows-latest)	UNKNOWN STEP	2026-05-03T13:38:59.6179290Z       ---
Test (Node.js on windows-latest)	UNKNOWN STEP	2026-05-03T13:38:59.6179571Z       duration_ms: 0.2359
Test (Node.js on windows-latest)	UNKNOWN STEP	2026-05-03T13:38:59.6179903Z       type: 'test'
Test (Node.js on windows-latest)	UNKNOWN STEP	2026-05-03T13:38:59.6180182Z       ...
Test (Node.js on windows-latest)	UNKNOWN STEP	2026-05-03T13:38:59.6180671Z     # Subtest: should return low similarity for different questions
Test (Node.js on windows-latest)	UNKNOWN STEP	2026-05-03T13:38:59.6181466Z     ok 3 - should return low similarity for different questions
Test (Node.js on windows-latest)	UNKNOWN STEP	2026-05-03T13:38:59.6181985Z       ---
Test (Node.js on windows-latest)	UNKNOWN STEP	2026-05-03T13:38:59.6182237Z       duration_ms: 0.2282
Test (Node.js on windows-latest)	UNKNOWN STEP	2026-05-03T13:38:59.6182566Z       type: 'test'
Test (Node.js on windows-latest)	UNKNOWN STEP	2026-05-03T13:38:59.6182833Z       ...
Test (Node.js on windows-latest)	UNKNOWN STEP	2026-05-03T13:38:59.6183275Z     # Subtest: should return 0 for completely different questions
Test (Node.js on windows-latest)	UNKNOWN STEP	2026-05-03T13:38:59.6183990Z     ok 4 - should return 0 for completely different questions
Test (Node.js on windows-latest)	UNKNOWN STEP	2026-05-03T13:38:59.6184479Z       ---
Test (Node.js on windows-latest)	UNKNOWN STEP	2026-05-03T13:38:59.6184730Z       duration_ms: 0.2112
Test (Node.js on windows-latest)	UNKNOWN STEP	2026-05-03T13:38:59.6185052Z       type: 'test'
Test (Node.js on windows-latest)	UNKNOWN STEP	2026-05-03T13:38:59.6185317Z       ...
Test (Node.js on windows-latest)	UNKNOWN STEP	2026-05-03T13:38:59.6185562Z     1..4
Test (Node.js on windows-latest)	UNKNOWN STEP	2026-05-03T13:38:59.6185850Z ok 119 - keywordSimilarity
Test (Node.js on windows-latest)	UNKNOWN STEP	2026-05-03T13:38:59.6186164Z   ---
Test (Node.js on windows-latest)	UNKNOWN STEP	2026-05-03T13:38:59.6186411Z   duration_ms: 1.84
Test (Node.js on windows-latest)	UNKNOWN STEP	2026-05-03T13:38:59.6186692Z   type: 'suite'
Test (Node.js on windows-latest)	UNKNOWN STEP	2026-05-03T13:38:59.6186941Z   ...
Test (Node.js on windows-latest)	UNKNOWN STEP	2026-05-03T13:38:59.6187205Z # Subtest: findBestMatch
Test (Node.js on windows-latest)	UNKNOWN STEP	2026-05-03T13:38:59.6187657Z     # Subtest: should return exact match with score 1.0
Test (Node.js on windows-latest)	UNKNOWN STEP	2026-05-03T13:38:59.6188466Z     ok 1 - should return exact match with score 1.0
Test (Node.js on windows-latest)	UNKNOWN STEP	2026-05-03T13:38:59.6188942Z       ---
Test (Node.js on windows-latest)	UNKNOWN STEP	2026-05-03T13:38:59.6189195Z       duration_ms: 0.4437
Test (Node.js on windows-latest)	UNKNOWN STEP	2026-05-03T13:38:59.6189517Z       type: 'test'
Test (Node.js on windows-latest)	UNKNOWN STEP	2026-05-03T13:38:59.6189769Z       ...
Test (Node.js on windows-latest)	UNKNOWN STEP	2026-05-03T13:38:59.6190201Z     # Subtest: should find similar question with low threshold
Test (Node.js on windows-latest)	UNKNOWN STEP	2026-05-03T13:38:59.6190886Z     ok 2 - should find similar question with low threshold
Test (Node.js on windows-latest)	UNKNOWN STEP	2026-05-03T13:38:59.6191363Z       ---
Test (Node.js on windows-latest)	UNKNOWN STEP	2026-05-03T13:38:59.6191626Z       duration_ms: 0.9009
Test (Node.js on windows-latest)	UNKNOWN STEP	2026-05-03T13:38:59.6191965Z       type: 'test'
Test (Node.js on windows-latest)	UNKNOWN STEP	2026-05-03T13:38:59.6192623Z       ...
Test (Node.js on windows-latest)	UNKNOWN STEP	2026-05-03T13:38:59.6193066Z     # Subtest: should return null when no match above threshold
Test (Node.js on windows-latest)	UNKNOWN STEP	2026-05-03T13:38:59.6193749Z     ok 3 - should return null when no match above threshold
Test (Node.js on windows-latest)	UNKNOWN STEP	2026-05-03T13:38:59.6194248Z       ---
Test (Node.js on windows-latest)	UNKNOWN STEP	2026-05-03T13:38:59.6194507Z       duration_ms: 2.2397
Test (Node.js on windows-latest)	UNKNOWN STEP	2026-05-03T13:38:59.6194825Z       type: 'test'
Test (Node.js on windows-latest)	UNKNOWN STEP	2026-05-03T13:38:59.6195091Z       ...
Test (Node.js on windows-latest)	UNKNOWN STEP	2026-05-03T13:38:59.6195435Z     # Subtest: should respect threshold option
Test (Node.js on windows-latest)	UNKNOWN STEP	2026-05-03T13:38:59.6195936Z     ok 4 - should respect threshold option
Test (Node.js on windows-latest)	UNKNOWN STEP	2026-05-03T13:38:59.6196334Z       ---
Test (Node.js on windows-latest)	UNKNOWN STEP	2026-05-03T13:38:59.6196584Z       duration_ms: 0.825
Test (Node.js on windows-latest)	UNKNOWN STEP	2026-05-03T13:38:59.6196905Z       type: 'test'
Test (Node.js on windows-latest)	UNKNOWN STEP	2026-05-03T13:38:59.6197168Z       ...
Test (Node.js on windows-latest)	UNKNOWN STEP	2026-05-03T13:38:59.6197524Z     # Subtest: should handle Russian questions
Test (Node.js on windows-latest)	UNKNOWN STEP	2026-05-03T13:38:59.6198048Z     ok 5 - should handle Russian questions
Test (Node.js on windows-latest)	UNKNOWN STEP	2026-05-03T13:38:59.6198446Z       ---
Test (Node.js on windows-latest)	UNKNOWN STEP	2026-05-03T13:38:59.6198702Z       duration_ms: 0.1885
Test (Node.js on windows-latest)	UNKNOWN STEP	2026-05-03T13:38:59.6199034Z       type: 'test'
Test (Node.js on windows-latest)	UNKNOWN STEP	2026-05-03T13:38:59.6199302Z       ...
Test (Node.js on windows-latest)	UNKNOWN STEP	2026-05-03T13:38:59.6199527Z     1..5
Test (Node.js on windows-latest)	UNKNOWN STEP	2026-05-03T13:38:59.6199787Z ok 120 - findBestMatch
Test (Node.js on windows-latest)	UNKNOWN STEP	2026-05-03T13:38:59.6200078Z   ---
Test (Node.js on windows-latest)	UNKNOWN STEP	2026-05-03T13:38:59.6200327Z   duration_ms: 4.9291
Test (Node.js on windows-latest)	UNKNOWN STEP	2026-05-03T13:38:59.6200619Z   type: 'suite'
Test (Node.js on windows-latest)	UNKNOWN STEP	2026-05-03T13:38:59.6200877Z   ...
Test (Node.js on windows-latest)	UNKNOWN STEP	2026-05-03T13:38:59.6201152Z # Subtest: findAllMatches
Test (Node.js on windows-latest)	UNKNOWN STEP	2026-05-03T13:38:59.6201625Z     # Subtest: should return all matches above threshold
Test (Node.js on windows-latest)	UNKNOWN STEP	2026-05-03T13:38:59.6202235Z     ok 1 - should return all matches above threshold
Test (Node.js on windows-latest)	UNKNOWN STEP	2026-05-03T13:38:59.6202694Z       ---
Test (Node.js on windows-latest)	UNKNOWN STEP	2026-05-03T13:38:59.6202963Z       duration_ms: 0.9018
Test (Node.js on windows-latest)	UNKNOWN STEP	2026-05-03T13:38:59.6203294Z       type: 'test'
Test (Node.js on windows-latest)	UNKNOWN STEP	2026-05-03T13:38:59.6203578Z       ...
Test (Node.js on windows-latest)	UNKNOWN STEP	2026-05-03T13:38:59.6204530Z     # Subtest: should sort matches by score descending
Test (Node.js on windows-latest)	UNKNOWN STEP	2026-05-03T13:38:59.6205129Z     ok 2 - should sort matches by score descending
Test (Node.js on windows-latest)	UNKNOWN STEP	2026-05-03T13:38:59.6205499Z       ---
Test (Node.js on windows-latest)	UNKNOWN STEP	2026-05-03T13:38:59.6206043Z       duration_ms: 0.6613
Test (Node.js on windows-latest)	UNKNOWN STEP	2026-05-03T13:38:59.6208084Z       type: 'test'
Test (Node.js on windows-latest)	UNKNOWN STEP	2026-05-03T13:38:59.6208731Z       ...
Test (Node.js on windows-latest)	UNKNOWN STEP	2026-05-03T13:38:59.6209123Z     # Subtest: should return empty array when no matches
Test (Node.js on windows-latest)	UNKNOWN STEP	2026-05-03T13:38:59.6209684Z     ok 3 - should return empty array when no matches
Test (Node.js on windows-latest)	UNKNOWN STEP	2026-05-03T13:38:59.6210074Z       ---
Test (Node.js on windows-latest)	UNKNOWN STEP	2026-05-03T13:38:59.6210305Z       duration_ms: 1.8936
Test (Node.js on windows-latest)	UNKNOWN STEP	2026-05-03T13:38:59.6210596Z       type: 'test'
Test (Node.js on windows-latest)	UNKNOWN STEP	2026-05-03T13:38:59.6210832Z       ...
Test (Node.js on windows-latest)	UNKNOWN STEP	2026-05-03T13:38:59.6211131Z     # Subtest: should include answer in results
Test (Node.js on windows-latest)	UNKNOWN STEP	2026-05-03T13:38:59.6211582Z     ok 4 - should include answer in results
Test (Node.js on windows-latest)	UNKNOWN STEP	2026-05-03T13:38:59.6211999Z       ---
Test (Node.js on windows-latest)	UNKNOWN STEP	2026-05-03T13:38:59.6212248Z       duration_ms: 0.5719
Test (Node.js on windows-latest)	UNKNOWN STEP	2026-05-03T13:38:59.6212544Z       type: 'test'
Test (Node.js on windows-latest)	UNKNOWN STEP	2026-05-03T13:38:59.6212768Z       ...
Test (Node.js on windows-latest)	UNKNOWN STEP	2026-05-03T13:38:59.6212992Z     1..4
Test (Node.js on windows-latest)	UNKNOWN STEP	2026-05-03T13:38:59.6213255Z ok 121 - findAllMatches
Test (Node.js on windows-latest)	UNKNOWN STEP	2026-05-03T13:38:59.6213532Z   ---
Test (Node.js on windows-latest)	UNKNOWN STEP	2026-05-03T13:38:59.6213759Z   duration_ms: 4.2767
Test (Node.js on windows-latest)	UNKNOWN STEP	2026-05-03T13:38:59.6214016Z   type: 'suite'
Test (Node.js on windows-latest)	UNKNOWN STEP	2026-05-03T13:38:59.6214272Z   ...
Test (Node.js on windows-latest)	UNKNOWN STEP	2026-05-03T13:38:59.6214496Z 1..121
Test (Node.js on windows-latest)	UNKNOWN STEP	2026-05-03T13:38:59.6214741Z # tests 146
Test (Node.js on windows-latest)	UNKNOWN STEP	2026-05-03T13:38:59.6215000Z # suites 7
Test (Node.js on windows-latest)	UNKNOWN STEP	2026-05-03T13:38:59.6215229Z # pass 146
Test (Node.js on windows-latest)	UNKNOWN STEP	2026-05-03T13:38:59.6215465Z # fail 0
Test (Node.js on windows-latest)	UNKNOWN STEP	2026-05-03T13:38:59.6215676Z # cancelled 0
Test (Node.js on windows-latest)	UNKNOWN STEP	2026-05-03T13:38:59.6216148Z # skipped 0
Test (Node.js on windows-latest)	UNKNOWN STEP	2026-05-03T13:38:59.6216378Z # todo 0
Test (Node.js on windows-latest)	UNKNOWN STEP	2026-05-03T13:38:59.6216603Z # duration_ms 455.2638
Test (Node.js on windows-latest)	UNKNOWN STEP	2026-05-03T13:38:59.7386670Z ##[group]Run npm run example
Test (Node.js on windows-latest)	UNKNOWN STEP	2026-05-03T13:38:59.7387027Z [36;1mnpm run example[0m
Test (Node.js on windows-latest)	UNKNOWN STEP	2026-05-03T13:38:59.7457886Z shell: C:\Program Files\PowerShell\7\pwsh.EXE -command ". '{0}'"
Test (Node.js on windows-latest)	UNKNOWN STEP	2026-05-03T13:38:59.7458218Z ##[endgroup]
Test (Node.js on windows-latest)	UNKNOWN STEP	2026-05-03T13:39:00.5155509Z 
Test (Node.js on windows-latest)	UNKNOWN STEP	2026-05-03T13:39:00.5155953Z > lino-objects-codec@0.3.2 example
Test (Node.js on windows-latest)	UNKNOWN STEP	2026-05-03T13:39:00.5156323Z > node examples/basic_usage.js
Test (Node.js on windows-latest)	UNKNOWN STEP	2026-05-03T13:39:00.5156485Z 
Test (Node.js on windows-latest)	UNKNOWN STEP	2026-05-03T13:39:00.6123237Z === Link Notation Objects Codec Examples ===
Test (Node.js on windows-latest)	UNKNOWN STEP	2026-05-03T13:39:00.6123509Z 
Test (Node.js on windows-latest)	UNKNOWN STEP	2026-05-03T13:39:00.6126623Z 1. Basic Types:
Test (Node.js on windows-latest)	UNKNOWN STEP	2026-05-03T13:39:00.6157865Z   null                           -> (null)                                             -> null
Test (Node.js on windows-latest)	UNKNOWN STEP	2026-05-03T13:39:00.6160604Z   undefined                      -> (undefined)                                        -> undefined
Test (Node.js on windows-latest)	UNKNOWN STEP	2026-05-03T13:39:00.6163706Z   true                           -> (bool true)                                        -> true
Test (Node.js on windows-latest)	UNKNOWN STEP	2026-05-03T13:39:00.6166159Z   false                          -> (bool false)                                       -> false
Test (Node.js on windows-latest)	UNKNOWN STEP	2026-05-03T13:39:00.6172295Z   42                             -> (int 42)                                           -> 42
Test (Node.js on windows-latest)	UNKNOWN STEP	2026-05-03T13:39:00.6175885Z   3.14                           -> (float 3.14)                                       -> 3.14
Test (Node.js on windows-latest)	UNKNOWN STEP	2026-05-03T13:39:00.6180207Z   Hello, World!                  -> (str SGVsbG8sIFdvcmxkIQ==)                         -> Hello, World!
Test (Node.js on windows-latest)	UNKNOWN STEP	2026-05-03T13:39:00.6187929Z   Unicode: 你好世界 🌍               -> (str VW5pY29kZTog5L2g5aW95LiW55WMIPCfjI0=)         -> Unicode: 你好世界 🌍
Test (Node.js on windows-latest)	UNKNOWN STEP	2026-05-03T13:39:00.6188670Z 
Test (Node.js on windows-latest)	UNKNOWN STEP	2026-05-03T13:39:00.6188806Z 2. Collections:
Test (Node.js on windows-latest)	UNKNOWN STEP	2026-05-03T13:39:00.6189160Z   Array: [1,2,3,"hello",true]
Test (Node.js on windows-latest)	UNKNOWN STEP	2026-05-03T13:39:00.6190526Z   Encoded: (array (int 1) (int 2) (int 3) (str aGVsbG8=) (bool true))
Test (Node.js on windows-latest)	UNKNOWN STEP	2026-05-03T13:39:00.6198966Z   Decoded: [1,2,3,"hello",true]
Test (Node.js on windows-latest)	UNKNOWN STEP	2026-05-03T13:39:00.6199940Z   Match: true
Test (Node.js on windows-latest)	UNKNOWN STEP	2026-05-03T13:39:00.6200289Z 
Test (Node.js on windows-latest)	UNKNOWN STEP	2026-05-03T13:39:00.6200788Z   Object: {"name":"Alice","age":30,"active":true}
Test (Node.js on windows-latest)	UNKNOWN STEP	2026-05-03T13:39:00.6204820Z   Encoded: (object ((str bmFtZQ==) (str QWxpY2U=)) ((str YWdl) (int 30)) ((str YWN0aXZl) (bool true)))
Test (Node.js on windows-latest)	UNKNOWN STEP	2026-05-03T13:39:00.6208366Z   Decoded: {"name":"Alice","age":30,"active":true}
Test (Node.js on windows-latest)	UNKNOWN STEP	2026-05-03T13:39:00.6208835Z   Match: true
Test (Node.js on windows-latest)	UNKNOWN STEP	2026-05-03T13:39:00.6210170Z 
Test (Node.js on windows-latest)	UNKNOWN STEP	2026-05-03T13:39:00.6210390Z 3. Nested Structures:
Test (Node.js on windows-latest)	UNKNOWN STEP	2026-05-03T13:39:00.6212095Z   Original: {"users":[{"id":1,"name":"Alice","admin":true},{"id":2,"name":"Bob","admin":false}],"metadata":{"version":1,"count":2}}
Test (Node.js on windows-latest)	UNKNOWN STEP	2026-05-03T13:39:00.6216839Z   Encoded length: 296 characters
Test (Node.js on windows-latest)	UNKNOWN STEP	2026-05-03T13:39:00.6227934Z   Decoded: {"users":[{"id":1,"name":"Alice","admin":true},{"id":2,"name":"Bob","admin":false}],"metadata":{"version":1,"count":2}}
Test (Node.js on windows-latest)	UNKNOWN STEP	2026-05-03T13:39:00.6229248Z   Match: true
Test (Node.js on windows-latest)	UNKNOWN STEP	2026-05-03T13:39:00.6229440Z 
Test (Node.js on windows-latest)	UNKNOWN STEP	2026-05-03T13:39:00.6229598Z 4. Circular References:
Test (Node.js on windows-latest)	UNKNOWN STEP	2026-05-03T13:39:00.6230005Z   Created self-referencing array
Test (Node.js on windows-latest)	UNKNOWN STEP	2026-05-03T13:39:00.6230549Z   Encoded: (obj_0: array (int 1) (int 2) (int 3) obj_0)
Test (Node.js on windows-latest)	UNKNOWN STEP	2026-05-03T13:39:00.6231145Z   Decoded correctly: true
Test (Node.js on windows-latest)	UNKNOWN STEP	2026-05-03T13:39:00.6231607Z   Circular reference preserved: true
Test (Node.js on windows-latest)	UNKNOWN STEP	2026-05-03T13:39:00.6231966Z 
Test (Node.js on windows-latest)	UNKNOWN STEP	2026-05-03T13:39:00.6232579Z   Created self-referencing object
Test (Node.js on windows-latest)	UNKNOWN STEP	2026-05-03T13:39:00.6233127Z   Encoded: (obj_0: object ((str bmFtZQ==) (str cm9vdA==)) ((str c2VsZg==) obj_0))
Test (Node.js on windows-latest)	UNKNOWN STEP	2026-05-03T13:39:00.6234960Z   Decoded correctly: true
Test (Node.js on windows-latest)	UNKNOWN STEP	2026-05-03T13:39:00.6235488Z   Circular reference preserved: true
Test (Node.js on windows-latest)	UNKNOWN STEP	2026-05-03T13:39:00.6236068Z 
Test (Node.js on windows-latest)	UNKNOWN STEP	2026-05-03T13:39:00.6236257Z 5. Shared Object References:
Test (Node.js on windows-latest)	UNKNOWN STEP	2026-05-03T13:39:00.6236773Z   Created container with 3 references to same object
Test (Node.js on windows-latest)	UNKNOWN STEP	2026-05-03T13:39:00.6238319Z   Encoded: (object ((str Zmlyc3Q=) (obj_0: object ((str c2hhcmVk) (str ZGF0YQ==)) ((str dmFsdWU=) (int 42)))) ((str c2Vjb25k) obj_0) ((str dGhpcmQ=) obj_0))
Test (Node.js on windows-latest)	UNKNOWN STEP	2026-05-03T13:39:00.6240195Z   All three references point to same object: true
Test (Node.js on windows-latest)	UNKNOWN STEP	2026-05-03T13:39:00.6240808Z   Modified through 'first', visible in 'second': true
Test (Node.js on windows-latest)	UNKNOWN STEP	2026-05-03T13:39:00.6241214Z 
Test (Node.js on windows-latest)	UNKNOWN STEP	2026-05-03T13:39:00.6243699Z === All examples completed successfully! ===
Test (Node.js on windows-latest)	UNKNOWN STEP	2026-05-03T13:39:00.7277014Z Post job cleanup.
Test (Node.js on windows-latest)	UNKNOWN STEP	2026-05-03T13:39:01.0038598Z Post job cleanup.
Test (Node.js on windows-latest)	UNKNOWN STEP	2026-05-03T13:39:01.2573680Z [command]"C:\Program Files\Git\bin\git.exe" version
Test (Node.js on windows-latest)	UNKNOWN STEP	2026-05-03T13:39:01.2858465Z git version 2.53.0.windows.2
Test (Node.js on windows-latest)	UNKNOWN STEP	2026-05-03T13:39:01.2942223Z Temporarily overriding HOME='D:\a\_temp\045e02ee-a374-4d07-af4c-5e7e35ad92dd' before making global git config changes
Test (Node.js on windows-latest)	UNKNOWN STEP	2026-05-03T13:39:01.2943627Z Adding repository directory to the temporary git global config as a safe directory
Test (Node.js on windows-latest)	UNKNOWN STEP	2026-05-03T13:39:01.2955749Z [command]"C:\Program Files\Git\bin\git.exe" config --global --add safe.directory D:\a\lino-objects-codec\lino-objects-codec
Test (Node.js on windows-latest)	UNKNOWN STEP	2026-05-03T13:39:01.3322593Z [command]"C:\Program Files\Git\bin\git.exe" config --local --name-only --get-regexp core\.sshCommand
Test (Node.js on windows-latest)	UNKNOWN STEP	2026-05-03T13:39:01.3739480Z [command]"C:\Program Files\Git\bin\git.exe" submodule foreach --recursive "sh -c \"git config --local --name-only --get-regexp 'core\.sshCommand' && git config --local --unset-all 'core.sshCommand' || :\""
Test (Node.js on windows-latest)	UNKNOWN STEP	2026-05-03T13:39:02.0097082Z [command]"C:\Program Files\Git\bin\git.exe" config --local --name-only --get-regexp http\.https\:\/\/github\.com\/\.extraheader
Test (Node.js on windows-latest)	UNKNOWN STEP	2026-05-03T13:39:02.0379862Z http.https://github.com/.extraheader
Test (Node.js on windows-latest)	UNKNOWN STEP	2026-05-03T13:39:02.0435860Z [command]"C:\Program Files\Git\bin\git.exe" config --local --unset-all http.https://github.com/.extraheader
Test (Node.js on windows-latest)	UNKNOWN STEP	2026-05-03T13:39:02.0769812Z [command]"C:\Program Files\Git\bin\git.exe" submodule foreach --recursive "sh -c \"git config --local --name-only --get-regexp 'http\.https\:\/\/github\.com\/\.extraheader' && git config --local --unset-all 'http.https://github.com/.extraheader' || :\""
Test (Node.js on windows-latest)	UNKNOWN STEP	2026-05-03T13:39:02.6932475Z [command]"C:\Program Files\Git\bin\git.exe" config --local --name-only --get-regexp ^includeIf\.gitdir:
Test (Node.js on windows-latest)	UNKNOWN STEP	2026-05-03T13:39:02.7304778Z [command]"C:\Program Files\Git\bin\git.exe" submodule foreach --recursive "git config --local --show-origin --name-only --get-regexp remote.origin.url"
Test (Node.js on windows-latest)	UNKNOWN STEP	2026-05-03T13:39:03.3478988Z Cleaning up orphan processes
Test (Node.js on windows-latest)	UNKNOWN STEP	2026-05-03T13:39:03.3550221Z ##[warning]Node.js 20 actions are deprecated. The following actions are running on Node.js 20 and may not work as expected: actions/checkout@v4, actions/setup-node@v4. Actions will be forced to run with Node.js 24 by default starting June 2nd, 2026. Node.js 20 will be removed from the runner on September 16th, 2026. Please check if updated versions of these actions are available that support Node.js 24. To opt into Node.js 24 now, set the FORCE_JAVASCRIPT_ACTIONS_TO_NODE24=true environment variable on the runner or in your workflow file. Once Node.js 24 becomes the default, you can temporarily opt out by setting ACTIONS_ALLOW_USE_UNSECURE_NODE_VERSION=true. For more information see: https://github.blog/changelog/2025-09-19-deprecation-of-node-20-on-github-actions-runners/
Test (Node.js on macos-latest)	UNKNOWN STEP	﻿2026-05-03T13:38:25.5596500Z Current runner version: '2.334.0'
Test (Node.js on macos-latest)	UNKNOWN STEP	2026-05-03T13:38:25.5610610Z ##[group]Runner Image Provisioner
Test (Node.js on macos-latest)	UNKNOWN STEP	2026-05-03T13:38:25.5611080Z Hosted Compute Agent
Test (Node.js on macos-latest)	UNKNOWN STEP	2026-05-03T13:38:25.5611420Z Version: 20260422.526
Test (Node.js on macos-latest)	UNKNOWN STEP	2026-05-03T13:38:25.5611790Z Commit: e1a9e573f4d0838b3a7c1b07401aeb29ed3635a9
Test (Node.js on macos-latest)	UNKNOWN STEP	2026-05-03T13:38:25.5612230Z Build Date: 2026-04-22T09:31:31Z
Test (Node.js on macos-latest)	UNKNOWN STEP	2026-05-03T13:38:25.5612640Z Worker ID: {71be0bf7-e679-400f-b0e4-a162f4058b86}
Test (Node.js on macos-latest)	UNKNOWN STEP	2026-05-03T13:38:25.5613070Z Azure Region: westus
Test (Node.js on macos-latest)	UNKNOWN STEP	2026-05-03T13:38:25.5613410Z ##[endgroup]
Test (Node.js on macos-latest)	UNKNOWN STEP	2026-05-03T13:38:25.5614200Z ##[group]Operating System
Test (Node.js on macos-latest)	UNKNOWN STEP	2026-05-03T13:38:25.5614550Z macOS
Test (Node.js on macos-latest)	UNKNOWN STEP	2026-05-03T13:38:25.5614830Z 15.7.4
Test (Node.js on macos-latest)	UNKNOWN STEP	2026-05-03T13:38:25.5615100Z 24G517
Test (Node.js on macos-latest)	UNKNOWN STEP	2026-05-03T13:38:25.5615380Z ##[endgroup]
Test (Node.js on macos-latest)	UNKNOWN STEP	2026-05-03T13:38:25.5615680Z ##[group]Runner Image
Test (Node.js on macos-latest)	UNKNOWN STEP	2026-05-03T13:38:25.5616000Z Image: macos-15-arm64
Test (Node.js on macos-latest)	UNKNOWN STEP	2026-05-03T13:38:25.5616330Z Version: 20260427.0018.1
Test (Node.js on macos-latest)	UNKNOWN STEP	2026-05-03T13:38:25.5617070Z Included Software: https://github.com/actions/runner-images/blob/macos-15-arm64/20260427.0018/images/macos/macos-15-arm64-Readme.md
Test (Node.js on macos-latest)	UNKNOWN STEP	2026-05-03T13:38:25.5618030Z Image Release: https://github.com/actions/runner-images/releases/tag/macos-15-arm64%2F20260427.0018
Test (Node.js on macos-latest)	UNKNOWN STEP	2026-05-03T13:38:25.5618630Z ##[endgroup]
Test (Node.js on macos-latest)	UNKNOWN STEP	2026-05-03T13:38:25.5620600Z ##[group]GITHUB_TOKEN Permissions
Test (Node.js on macos-latest)	UNKNOWN STEP	2026-05-03T13:38:25.5621620Z Actions: write
Test (Node.js on macos-latest)	UNKNOWN STEP	2026-05-03T13:38:25.5621940Z ArtifactMetadata: write
Test (Node.js on macos-latest)	UNKNOWN STEP	2026-05-03T13:38:25.5622260Z Attestations: write
Test (Node.js on macos-latest)	UNKNOWN STEP	2026-05-03T13:38:25.5622570Z Checks: write
Test (Node.js on macos-latest)	UNKNOWN STEP	2026-05-03T13:38:25.5622860Z Contents: write
Test (Node.js on macos-latest)	UNKNOWN STEP	2026-05-03T13:38:25.5623170Z Deployments: write
Test (Node.js on macos-latest)	UNKNOWN STEP	2026-05-03T13:38:25.5623480Z Discussions: write
Test (Node.js on macos-latest)	UNKNOWN STEP	2026-05-03T13:38:25.5623800Z Issues: write
Test (Node.js on macos-latest)	UNKNOWN STEP	2026-05-03T13:38:25.5624090Z Metadata: read
Test (Node.js on macos-latest)	UNKNOWN STEP	2026-05-03T13:38:25.5624390Z Models: read
Test (Node.js on macos-latest)	UNKNOWN STEP	2026-05-03T13:38:25.5624680Z Packages: write
Test (Node.js on macos-latest)	UNKNOWN STEP	2026-05-03T13:38:25.5624990Z Pages: write
Test (Node.js on macos-latest)	UNKNOWN STEP	2026-05-03T13:38:25.5625320Z PullRequests: write
Test (Node.js on macos-latest)	UNKNOWN STEP	2026-05-03T13:38:25.5625640Z RepositoryProjects: write
Test (Node.js on macos-latest)	UNKNOWN STEP	2026-05-03T13:38:25.5625990Z SecurityEvents: write
Test (Node.js on macos-latest)	UNKNOWN STEP	2026-05-03T13:38:25.5626310Z Statuses: write
Test (Node.js on macos-latest)	UNKNOWN STEP	2026-05-03T13:38:25.5626630Z VulnerabilityAlerts: read
Test (Node.js on macos-latest)	UNKNOWN STEP	2026-05-03T13:38:25.5626960Z ##[endgroup]
Test (Node.js on macos-latest)	UNKNOWN STEP	2026-05-03T13:38:25.5628240Z Secret source: Actions
Test (Node.js on macos-latest)	UNKNOWN STEP	2026-05-03T13:38:25.5628630Z Prepare workflow directory
Test (Node.js on macos-latest)	UNKNOWN STEP	2026-05-03T13:38:25.5842280Z Prepare all required actions
Test (Node.js on macos-latest)	UNKNOWN STEP	2026-05-03T13:38:25.5869360Z Getting action download info
Test (Node.js on macos-latest)	UNKNOWN STEP	2026-05-03T13:38:26.0858930Z Download action repository 'actions/checkout@v4' (SHA:34e114876b0b11c390a56381ad16ebd13914f8d5)
Test (Node.js on macos-latest)	UNKNOWN STEP	2026-05-03T13:38:26.5465520Z Download action repository 'actions/setup-node@v4' (SHA:49933ea5288caeca8642d1e84afbd3f7d6820020)
Test (Node.js on macos-latest)	UNKNOWN STEP	2026-05-03T13:38:26.7654830Z Complete job name: Test (Node.js on macos-latest)
Test (Node.js on macos-latest)	UNKNOWN STEP	2026-05-03T13:38:26.8068590Z ##[group]Run actions/checkout@v4
Test (Node.js on macos-latest)	UNKNOWN STEP	2026-05-03T13:38:26.8069080Z with:
Test (Node.js on macos-latest)	UNKNOWN STEP	2026-05-03T13:38:26.8069400Z   repository: link-foundation/lino-objects-codec
Test (Node.js on macos-latest)	UNKNOWN STEP	2026-05-03T13:38:26.8069920Z   token: ***
Test (Node.js on macos-latest)	UNKNOWN STEP	2026-05-03T13:38:26.8070220Z   ssh-strict: true
Test (Node.js on macos-latest)	UNKNOWN STEP	2026-05-03T13:38:26.8070500Z   ssh-user: git
Test (Node.js on macos-latest)	UNKNOWN STEP	2026-05-03T13:38:26.8070780Z   persist-credentials: true
Test (Node.js on macos-latest)	UNKNOWN STEP	2026-05-03T13:38:26.8071090Z   clean: true
Test (Node.js on macos-latest)	UNKNOWN STEP	2026-05-03T13:38:26.8071390Z   sparse-checkout-cone-mode: true
Test (Node.js on macos-latest)	UNKNOWN STEP	2026-05-03T13:38:26.8071720Z   fetch-depth: 1
Test (Node.js on macos-latest)	UNKNOWN STEP	2026-05-03T13:38:26.8071990Z   fetch-tags: false
Test (Node.js on macos-latest)	UNKNOWN STEP	2026-05-03T13:38:26.8072270Z   show-progress: true
Test (Node.js on macos-latest)	UNKNOWN STEP	2026-05-03T13:38:26.8072550Z   lfs: false
Test (Node.js on macos-latest)	UNKNOWN STEP	2026-05-03T13:38:26.8072810Z   submodules: false
Test (Node.js on macos-latest)	UNKNOWN STEP	2026-05-03T13:38:26.8073100Z   set-safe-directory: true
Test (Node.js on macos-latest)	UNKNOWN STEP	2026-05-03T13:38:26.8073510Z ##[endgroup]
Test (Node.js on macos-latest)	UNKNOWN STEP	2026-05-03T13:38:27.1082690Z Syncing repository: link-foundation/lino-objects-codec
Test (Node.js on macos-latest)	UNKNOWN STEP	2026-05-03T13:38:27.1084130Z ##[group]Getting Git version info
Test (Node.js on macos-latest)	UNKNOWN STEP	2026-05-03T13:38:27.1084810Z Working directory is '/Users/runner/work/lino-objects-codec/lino-objects-codec'
Test (Node.js on macos-latest)	UNKNOWN STEP	2026-05-03T13:38:27.1085660Z [command]/opt/homebrew/bin/git version
Test (Node.js on macos-latest)	UNKNOWN STEP	2026-05-03T13:38:27.1694030Z git version 2.54.0
Test (Node.js on macos-latest)	UNKNOWN STEP	2026-05-03T13:38:27.1721040Z ##[endgroup]
Test (Node.js on macos-latest)	UNKNOWN STEP	2026-05-03T13:38:27.1733240Z Copying '/Users/runner/.gitconfig' to '/Users/runner/work/_temp/f31fe1a3-c074-458d-ad67-e46e9f55d0e4/.gitconfig'
Test (Node.js on macos-latest)	UNKNOWN STEP	2026-05-03T13:38:27.1741880Z Temporarily overriding HOME='/Users/runner/work/_temp/f31fe1a3-c074-458d-ad67-e46e9f55d0e4' before making global git config changes
Test (Node.js on macos-latest)	UNKNOWN STEP	2026-05-03T13:38:27.1743690Z Adding repository directory to the temporary git global config as a safe directory
Test (Node.js on macos-latest)	UNKNOWN STEP	2026-05-03T13:38:27.1746410Z [command]/opt/homebrew/bin/git config --global --add safe.directory /Users/runner/work/lino-objects-codec/lino-objects-codec
Test (Node.js on macos-latest)	UNKNOWN STEP	2026-05-03T13:38:27.1852550Z Deleting the contents of '/Users/runner/work/lino-objects-codec/lino-objects-codec'
Test (Node.js on macos-latest)	UNKNOWN STEP	2026-05-03T13:38:27.1854570Z ##[group]Initializing the repository
Test (Node.js on macos-latest)	UNKNOWN STEP	2026-05-03T13:38:27.1858580Z [command]/opt/homebrew/bin/git init /Users/runner/work/lino-objects-codec/lino-objects-codec
Test (Node.js on macos-latest)	UNKNOWN STEP	2026-05-03T13:38:27.2051710Z hint: Using 'master' as the name for the initial branch. This default branch name
Test (Node.js on macos-latest)	UNKNOWN STEP	2026-05-03T13:38:27.2052840Z hint: will change to "main" in Git 3.0. To configure the initial branch name
Test (Node.js on macos-latest)	UNKNOWN STEP	2026-05-03T13:38:27.2053690Z hint: to use in all of your new repositories, which will suppress this warning,
Test (Node.js on macos-latest)	UNKNOWN STEP	2026-05-03T13:38:27.2054310Z hint: call:
Test (Node.js on macos-latest)	UNKNOWN STEP	2026-05-03T13:38:27.2054660Z hint:
Test (Node.js on macos-latest)	UNKNOWN STEP	2026-05-03T13:38:27.2055060Z hint: 	git config --global init.defaultBranch <name>
Test (Node.js on macos-latest)	UNKNOWN STEP	2026-05-03T13:38:27.2055530Z hint:
Test (Node.js on macos-latest)	UNKNOWN STEP	2026-05-03T13:38:27.2055970Z hint: Names commonly chosen instead of 'master' are 'main', 'trunk' and
Test (Node.js on macos-latest)	UNKNOWN STEP	2026-05-03T13:38:27.2056700Z hint: 'development'. The just-created branch can be renamed via this command:
Test (Node.js on macos-latest)	UNKNOWN STEP	2026-05-03T13:38:27.2057240Z hint:
Test (Node.js on macos-latest)	UNKNOWN STEP	2026-05-03T13:38:27.2057560Z hint: 	git branch -m <name>
Test (Node.js on macos-latest)	UNKNOWN STEP	2026-05-03T13:38:27.2057900Z hint:
Test (Node.js on macos-latest)	UNKNOWN STEP	2026-05-03T13:38:27.2058370Z hint: Disable this message with "git config set advice.defaultBranchName false"
Test (Node.js on macos-latest)	UNKNOWN STEP	2026-05-03T13:38:27.2059220Z Initialized empty Git repository in /Users/runner/work/lino-objects-codec/lino-objects-codec/.git/
Test (Node.js on macos-latest)	UNKNOWN STEP	2026-05-03T13:38:27.2063690Z [command]/opt/homebrew/bin/git remote add origin https://github.com/link-foundation/lino-objects-codec
Test (Node.js on macos-latest)	UNKNOWN STEP	2026-05-03T13:38:27.2134510Z ##[endgroup]
Test (Node.js on macos-latest)	UNKNOWN STEP	2026-05-03T13:38:27.2135170Z ##[group]Disabling automatic garbage collection
Test (Node.js on macos-latest)	UNKNOWN STEP	2026-05-03T13:38:27.2136910Z [command]/opt/homebrew/bin/git config --local gc.auto 0
Test (Node.js on macos-latest)	UNKNOWN STEP	2026-05-03T13:38:27.2201600Z ##[endgroup]
Test (Node.js on macos-latest)	UNKNOWN STEP	2026-05-03T13:38:27.2202170Z ##[group]Setting up auth
Test (Node.js on macos-latest)	UNKNOWN STEP	2026-05-03T13:38:27.2206170Z [command]/opt/homebrew/bin/git config --local --name-only --get-regexp core\.sshCommand
Test (Node.js on macos-latest)	UNKNOWN STEP	2026-05-03T13:38:27.2289370Z [command]/opt/homebrew/bin/git submodule foreach --recursive sh -c "git config --local --name-only --get-regexp 'core\.sshCommand' && git config --local --unset-all 'core.sshCommand' || :"
Test (Node.js on macos-latest)	UNKNOWN STEP	2026-05-03T13:38:27.3358940Z [command]/opt/homebrew/bin/git config --local --name-only --get-regexp http\.https\:\/\/github\.com\/\.extraheader
Test (Node.js on macos-latest)	UNKNOWN STEP	2026-05-03T13:38:27.3429290Z [command]/opt/homebrew/bin/git submodule foreach --recursive sh -c "git config --local --name-only --get-regexp 'http\.https\:\/\/github\.com\/\.extraheader' && git config --local --unset-all 'http.https://github.com/.extraheader' || :"
Test (Node.js on macos-latest)	UNKNOWN STEP	2026-05-03T13:38:27.4243430Z [command]/opt/homebrew/bin/git config --local --name-only --get-regexp ^includeIf\.gitdir:
Test (Node.js on macos-latest)	UNKNOWN STEP	2026-05-03T13:38:27.4300370Z [command]/opt/homebrew/bin/git submodule foreach --recursive git config --local --show-origin --name-only --get-regexp remote.origin.url
Test (Node.js on macos-latest)	UNKNOWN STEP	2026-05-03T13:38:27.5024360Z [command]/opt/homebrew/bin/git config --local http.https://github.com/.extraheader AUTHORIZATION: basic ***
Test (Node.js on macos-latest)	UNKNOWN STEP	2026-05-03T13:38:27.5294930Z ##[endgroup]
Test (Node.js on macos-latest)	UNKNOWN STEP	2026-05-03T13:38:27.5296260Z ##[group]Fetching the repository
Test (Node.js on macos-latest)	UNKNOWN STEP	2026-05-03T13:38:27.5299090Z [command]/opt/homebrew/bin/git -c protocol.version=2 fetch --no-tags --prune --no-recurse-submodules --depth=1 origin +3806da8815dc66a01ed1d6b0a536a2f3035753c6:refs/remotes/origin/main
Test (Node.js on macos-latest)	UNKNOWN STEP	2026-05-03T13:38:28.0390740Z From https://github.com/link-foundation/lino-objects-codec
Test (Node.js on macos-latest)	UNKNOWN STEP	2026-05-03T13:38:28.0392190Z  * [new ref]         3806da8815dc66a01ed1d6b0a536a2f3035753c6 -> origin/main
Test (Node.js on macos-latest)	UNKNOWN STEP	2026-05-03T13:38:28.0461900Z ##[endgroup]
Test (Node.js on macos-latest)	UNKNOWN STEP	2026-05-03T13:38:28.0462800Z ##[group]Determining the checkout info
Test (Node.js on macos-latest)	UNKNOWN STEP	2026-05-03T13:38:28.0463840Z ##[endgroup]
Test (Node.js on macos-latest)	UNKNOWN STEP	2026-05-03T13:38:28.0464530Z [command]/opt/homebrew/bin/git sparse-checkout disable
Test (Node.js on macos-latest)	UNKNOWN STEP	2026-05-03T13:38:28.0534080Z [command]/opt/homebrew/bin/git config --local --unset-all extensions.worktreeConfig
Test (Node.js on macos-latest)	UNKNOWN STEP	2026-05-03T13:38:28.0590820Z ##[group]Checking out the ref
Test (Node.js on macos-latest)	UNKNOWN STEP	2026-05-03T13:38:28.0592520Z [command]/opt/homebrew/bin/git checkout --progress --force -B main refs/remotes/origin/main
Test (Node.js on macos-latest)	UNKNOWN STEP	2026-05-03T13:38:28.1168610Z Switched to a new branch 'main'
Test (Node.js on macos-latest)	UNKNOWN STEP	2026-05-03T13:38:28.1169670Z branch 'main' set up to track 'origin/main'.
Test (Node.js on macos-latest)	UNKNOWN STEP	2026-05-03T13:38:28.1173410Z ##[endgroup]
Test (Node.js on macos-latest)	UNKNOWN STEP	2026-05-03T13:38:28.1246120Z [command]/opt/homebrew/bin/git log -1 --format=%H
Test (Node.js on macos-latest)	UNKNOWN STEP	2026-05-03T13:38:28.1303460Z 3806da8815dc66a01ed1d6b0a536a2f3035753c6
Test (Node.js on macos-latest)	UNKNOWN STEP	2026-05-03T13:38:28.1541450Z ##[group]Run actions/setup-node@v4
Test (Node.js on macos-latest)	UNKNOWN STEP	2026-05-03T13:38:28.1542140Z with:
Test (Node.js on macos-latest)	UNKNOWN STEP	2026-05-03T13:38:28.1542600Z   node-version: 22
Test (Node.js on macos-latest)	UNKNOWN STEP	2026-05-03T13:38:28.1543100Z   always-auth: false
Test (Node.js on macos-latest)	UNKNOWN STEP	2026-05-03T13:38:28.1543640Z   check-latest: false
Test (Node.js on macos-latest)	UNKNOWN STEP	2026-05-03T13:38:28.1544320Z   token: ***
Test (Node.js on macos-latest)	UNKNOWN STEP	2026-05-03T13:38:28.1544790Z ##[endgroup]
Test (Node.js on macos-latest)	UNKNOWN STEP	2026-05-03T13:38:28.2915660Z Found in cache @ /Users/runner/hostedtoolcache/node/22.22.2/arm64
Test (Node.js on macos-latest)	UNKNOWN STEP	2026-05-03T13:38:28.2919140Z ##[group]Environment details
Test (Node.js on macos-latest)	UNKNOWN STEP	2026-05-03T13:38:28.9009910Z node: v22.22.2
Test (Node.js on macos-latest)	UNKNOWN STEP	2026-05-03T13:38:28.9014070Z npm: 10.9.7
Test (Node.js on macos-latest)	UNKNOWN STEP	2026-05-03T13:38:28.9014710Z yarn: 1.22.22
Test (Node.js on macos-latest)	UNKNOWN STEP	2026-05-03T13:38:28.9016140Z ##[endgroup]
Test (Node.js on macos-latest)	UNKNOWN STEP	2026-05-03T13:38:28.9149740Z ##[group]Run npm install
Test (Node.js on macos-latest)	UNKNOWN STEP	2026-05-03T13:38:28.9150590Z [36;1mnpm install[0m
Test (Node.js on macos-latest)	UNKNOWN STEP	2026-05-03T13:38:28.9206580Z shell: /bin/bash -e {0}
Test (Node.js on macos-latest)	UNKNOWN STEP	2026-05-03T13:38:28.9207300Z ##[endgroup]
Test (Node.js on macos-latest)	UNKNOWN STEP	2026-05-03T13:38:31.9889700Z 
Test (Node.js on macos-latest)	UNKNOWN STEP	2026-05-03T13:38:31.9898720Z > lino-objects-codec@0.3.2 prepare
Test (Node.js on macos-latest)	UNKNOWN STEP	2026-05-03T13:38:31.9899280Z > husky || true
Test (Node.js on macos-latest)	UNKNOWN STEP	2026-05-03T13:38:31.9901140Z 
Test (Node.js on macos-latest)	UNKNOWN STEP	2026-05-03T13:38:32.0524020Z .git can't be found
Test (Node.js on macos-latest)	UNKNOWN STEP	2026-05-03T13:38:32.0525740Z added 321 packages, and audited 322 packages in 3s
Test (Node.js on macos-latest)	UNKNOWN STEP	2026-05-03T13:38:32.0526280Z 
Test (Node.js on macos-latest)	UNKNOWN STEP	2026-05-03T13:38:32.0526610Z 74 packages are looking for funding
Test (Node.js on macos-latest)	UNKNOWN STEP	2026-05-03T13:38:32.0527390Z   run `npm fund` for details
Test (Node.js on macos-latest)	UNKNOWN STEP	2026-05-03T13:38:32.0569750Z 
Test (Node.js on macos-latest)	UNKNOWN STEP	2026-05-03T13:38:32.0572220Z 6 vulnerabilities (3 moderate, 3 high)
Test (Node.js on macos-latest)	UNKNOWN STEP	2026-05-03T13:38:32.0572790Z 
Test (Node.js on macos-latest)	UNKNOWN STEP	2026-05-03T13:38:32.0573050Z To address all issues, run:
Test (Node.js on macos-latest)	UNKNOWN STEP	2026-05-03T13:38:32.0573440Z   npm audit fix
Test (Node.js on macos-latest)	UNKNOWN STEP	2026-05-03T13:38:32.0573780Z 
Test (Node.js on macos-latest)	UNKNOWN STEP	2026-05-03T13:38:32.0574050Z Run `npm audit` for details.
Test (Node.js on macos-latest)	UNKNOWN STEP	2026-05-03T13:38:32.1291640Z ##[group]Run npm test
Test (Node.js on macos-latest)	UNKNOWN STEP	2026-05-03T13:38:32.1291890Z [36;1mnpm test[0m
Test (Node.js on macos-latest)	UNKNOWN STEP	2026-05-03T13:38:32.1329750Z shell: /bin/bash -e {0}
Test (Node.js on macos-latest)	UNKNOWN STEP	2026-05-03T13:38:32.1329990Z ##[endgroup]
Test (Node.js on macos-latest)	UNKNOWN STEP	2026-05-03T13:38:32.2714260Z 
Test (Node.js on macos-latest)	UNKNOWN STEP	2026-05-03T13:38:32.2714980Z > lino-objects-codec@0.3.2 test
Test (Node.js on macos-latest)	UNKNOWN STEP	2026-05-03T13:38:32.2715510Z > node --test tests/*.test.js
Test (Node.js on macos-latest)	UNKNOWN STEP	2026-05-03T13:38:32.2715810Z 
Test (Node.js on macos-latest)	UNKNOWN STEP	2026-05-03T13:38:32.3170930Z TAP version 13
Test (Node.js on macos-latest)	UNKNOWN STEP	2026-05-03T13:38:32.3617870Z # Subtest: encode null
Test (Node.js on macos-latest)	UNKNOWN STEP	2026-05-03T13:38:32.3643620Z ok 1 - encode null
Test (Node.js on macos-latest)	UNKNOWN STEP	2026-05-03T13:38:32.3644700Z   ---
Test (Node.js on macos-latest)	UNKNOWN STEP	2026-05-03T13:38:32.3645180Z   duration_ms: 0.836042
Test (Node.js on macos-latest)	UNKNOWN STEP	2026-05-03T13:38:32.3645750Z   type: 'test'
Test (Node.js on macos-latest)	UNKNOWN STEP	2026-05-03T13:38:32.3650770Z   ...
Test (Node.js on macos-latest)	UNKNOWN STEP	2026-05-03T13:38:32.3651840Z # Subtest: decode null
Test (Node.js on macos-latest)	UNKNOWN STEP	2026-05-03T13:38:32.3652740Z ok 2 - decode null
Test (Node.js on macos-latest)	UNKNOWN STEP	2026-05-03T13:38:32.3654950Z   ---
Test (Node.js on macos-latest)	UNKNOWN STEP	2026-05-03T13:38:32.3655620Z   duration_ms: 1.144625
Test (Node.js on macos-latest)	UNKNOWN STEP	2026-05-03T13:38:32.3656150Z   type: 'test'
Test (Node.js on macos-latest)	UNKNOWN STEP	2026-05-03T13:38:32.3657040Z   ...
Test (Node.js on macos-latest)	UNKNOWN STEP	2026-05-03T13:38:32.3661330Z # Subtest: roundtrip null
Test (Node.js on macos-latest)	UNKNOWN STEP	2026-05-03T13:38:32.3662500Z ok 3 - roundtrip null
Test (Node.js on macos-latest)	UNKNOWN STEP	2026-05-03T13:38:32.3663300Z   ---
Test (Node.js on macos-latest)	UNKNOWN STEP	2026-05-03T13:38:32.3666800Z   duration_ms: 0.173667
Test (Node.js on macos-latest)	UNKNOWN STEP	2026-05-03T13:38:32.3667330Z   type: 'test'
Test (Node.js on macos-latest)	UNKNOWN STEP	2026-05-03T13:38:32.3667870Z   ...
Test (Node.js on macos-latest)	UNKNOWN STEP	2026-05-03T13:38:32.3668520Z # Subtest: encode undefined
Test (Node.js on macos-latest)	UNKNOWN STEP	2026-05-03T13:38:32.3669290Z ok 4 - encode undefined
Test (Node.js on macos-latest)	UNKNOWN STEP	2026-05-03T13:38:32.3669710Z   ---
Test (Node.js on macos-latest)	UNKNOWN STEP	2026-05-03T13:38:32.3671660Z   duration_ms: 0.112375
Test (Node.js on macos-latest)	UNKNOWN STEP	2026-05-03T13:38:32.3672270Z   type: 'test'
Test (Node.js on macos-latest)	UNKNOWN STEP	2026-05-03T13:38:32.3672660Z   ...
Test (Node.js on macos-latest)	UNKNOWN STEP	2026-05-03T13:38:32.3673110Z # Subtest: decode undefined
Test (Node.js on macos-latest)	UNKNOWN STEP	2026-05-03T13:38:32.3673610Z ok 5 - decode undefined
Test (Node.js on macos-latest)	UNKNOWN STEP	2026-05-03T13:38:32.3674320Z   ---
Test (Node.js on macos-latest)	UNKNOWN STEP	2026-05-03T13:38:32.3681810Z   duration_ms: 0.137834
Test (Node.js on macos-latest)	UNKNOWN STEP	2026-05-03T13:38:32.3682150Z   type: 'test'
Test (Node.js on macos-latest)	UNKNOWN STEP	2026-05-03T13:38:32.3682470Z   ...
Test (Node.js on macos-latest)	UNKNOWN STEP	2026-05-03T13:38:32.3682810Z # Subtest: roundtrip undefined
Test (Node.js on macos-latest)	UNKNOWN STEP	2026-05-03T13:38:32.3684010Z ok 6 - roundtrip undefined
Test (Node.js on macos-latest)	UNKNOWN STEP	2026-05-03T13:38:32.3684340Z   ---
Test (Node.js on macos-latest)	UNKNOWN STEP	2026-05-03T13:38:32.3684610Z   duration_ms: 0.517833
Test (Node.js on macos-latest)	UNKNOWN STEP	2026-05-03T13:38:32.3684900Z   type: 'test'
Test (Node.js on macos-latest)	UNKNOWN STEP	2026-05-03T13:38:32.3685200Z   ...
Test (Node.js on macos-latest)	UNKNOWN STEP	2026-05-03T13:38:32.3685390Z # Subtest: encode true
Test (Node.js on macos-latest)	UNKNOWN STEP	2026-05-03T13:38:32.3685720Z ok 7 - encode true
Test (Node.js on macos-latest)	UNKNOWN STEP	2026-05-03T13:38:32.3685980Z   ---
Test (Node.js on macos-latest)	UNKNOWN STEP	2026-05-03T13:38:32.3686230Z   duration_ms: 0.11425
Test (Node.js on macos-latest)	UNKNOWN STEP	2026-05-03T13:38:32.3686540Z   type: 'test'
Test (Node.js on macos-latest)	UNKNOWN STEP	2026-05-03T13:38:32.3686810Z   ...
Test (Node.js on macos-latest)	UNKNOWN STEP	2026-05-03T13:38:32.3687080Z # Subtest: encode false
Test (Node.js on macos-latest)	UNKNOWN STEP	2026-05-03T13:38:32.3687400Z ok 8 - encode false
Test (Node.js on macos-latest)	UNKNOWN STEP	2026-05-03T13:38:32.3702290Z   ---
Test (Node.js on macos-latest)	UNKNOWN STEP	2026-05-03T13:38:32.3702520Z   duration_ms: 0.051459
Test (Node.js on macos-latest)	UNKNOWN STEP	2026-05-03T13:38:32.3702880Z   type: 'test'
Test (Node.js on macos-latest)	UNKNOWN STEP	2026-05-03T13:38:32.3703140Z   ...
Test (Node.js on macos-latest)	UNKNOWN STEP	2026-05-03T13:38:32.3703430Z # Subtest: decode true
Test (Node.js on macos-latest)	UNKNOWN STEP	2026-05-03T13:38:32.3703810Z ok 9 - decode true
Test (Node.js on macos-latest)	UNKNOWN STEP	2026-05-03T13:38:32.3744880Z   ---
Test (Node.js on macos-latest)	UNKNOWN STEP	2026-05-03T13:38:32.3745470Z   duration_ms: 0.367834
Test (Node.js on macos-latest)	UNKNOWN STEP	2026-05-03T13:38:32.3745810Z   type: 'test'
Test (Node.js on macos-latest)	UNKNOWN STEP	2026-05-03T13:38:32.3746060Z   ...
Test (Node.js on macos-latest)	UNKNOWN STEP	2026-05-03T13:38:32.3746390Z # Subtest: decode false
Test (Node.js on macos-latest)	UNKNOWN STEP	2026-05-03T13:38:32.3746690Z ok 10 - decode false
Test (Node.js on macos-latest)	UNKNOWN STEP	2026-05-03T13:38:32.3746970Z   ---
Test (Node.js on macos-latest)	UNKNOWN STEP	2026-05-03T13:38:32.3747210Z   duration_ms: 0.344625
Test (Node.js on macos-latest)	UNKNOWN STEP	2026-05-03T13:38:32.3747560Z   type: 'test'
Test (Node.js on macos-latest)	UNKNOWN STEP	2026-05-03T13:38:32.3747900Z   ...
Test (Node.js on macos-latest)	UNKNOWN STEP	2026-05-03T13:38:32.3748180Z # Subtest: roundtrip bool
Test (Node.js on macos-latest)	UNKNOWN STEP	2026-05-03T13:38:32.3748510Z ok 11 - roundtrip bool
Test (Node.js on macos-latest)	UNKNOWN STEP	2026-05-03T13:38:32.3748770Z   ---
Test (Node.js on macos-latest)	UNKNOWN STEP	2026-05-03T13:38:32.3749020Z   duration_ms: 0.161959
Test (Node.js on macos-latest)	UNKNOWN STEP	2026-05-03T13:38:32.3749290Z   type: 'test'
Test (Node.js on macos-latest)	UNKNOWN STEP	2026-05-03T13:38:32.3749540Z   ...
Test (Node.js on macos-latest)	UNKNOWN STEP	2026-05-03T13:38:32.3749800Z # Subtest: encode zero
Test (Node.js on macos-latest)	UNKNOWN STEP	2026-05-03T13:38:32.3750110Z ok 12 - encode zero
Test (Node.js on macos-latest)	UNKNOWN STEP	2026-05-03T13:38:32.3750410Z   ---
Test (Node.js on macos-latest)	UNKNOWN STEP	2026-05-03T13:38:32.3750670Z   duration_ms: 0.046084
Test (Node.js on macos-latest)	UNKNOWN STEP	2026-05-03T13:38:32.3750930Z   type: 'test'
Test (Node.js on macos-latest)	UNKNOWN STEP	2026-05-03T13:38:32.3751190Z   ...
Test (Node.js on macos-latest)	UNKNOWN STEP	2026-05-03T13:38:32.3751490Z # Subtest: encode positive int
Test (Node.js on macos-latest)	UNKNOWN STEP	2026-05-03T13:38:32.3751830Z ok 13 - encode positive int
Test (Node.js on macos-latest)	UNKNOWN STEP	2026-05-03T13:38:32.3752110Z   ---
Test (Node.js on macos-latest)	UNKNOWN STEP	2026-05-03T13:38:32.3752350Z   duration_ms: 0.039041
Test (Node.js on macos-latest)	UNKNOWN STEP	2026-05-03T13:38:32.3752630Z   type: 'test'
Test (Node.js on macos-latest)	UNKNOWN STEP	2026-05-03T13:38:32.3752880Z   ...
Test (Node.js on macos-latest)	UNKNOWN STEP	2026-05-03T13:38:32.3753180Z # Subtest: encode negative int
Test (Node.js on macos-latest)	UNKNOWN STEP	2026-05-03T13:38:32.3753540Z ok 14 - encode negative int
Test (Node.js on macos-latest)	UNKNOWN STEP	2026-05-03T13:38:32.3754510Z   ---
Test (Node.js on macos-latest)	UNKNOWN STEP	2026-05-03T13:38:32.3754790Z   duration_ms: 0.034791
Test (Node.js on macos-latest)	UNKNOWN STEP	2026-05-03T13:38:32.3755060Z   type: 'test'
Test (Node.js on macos-latest)	UNKNOWN STEP	2026-05-03T13:38:32.3755310Z   ...
Test (Node.js on macos-latest)	UNKNOWN STEP	2026-05-03T13:38:32.3755560Z # Subtest: decode int
Test (Node.js on macos-latest)	UNKNOWN STEP	2026-05-03T13:38:32.3755840Z ok 15 - decode int
Test (Node.js on macos-latest)	UNKNOWN STEP	2026-05-03T13:38:32.3756100Z   ---
Test (Node.js on macos-latest)	UNKNOWN STEP	2026-05-03T13:38:32.3756330Z   duration_ms: 0.42175
Test (Node.js on macos-latest)	UNKNOWN STEP	2026-05-03T13:38:32.3756600Z   type: 'test'
Test (Node.js on macos-latest)	UNKNOWN STEP	2026-05-03T13:38:32.3756840Z   ...
Test (Node.js on macos-latest)	UNKNOWN STEP	2026-05-03T13:38:32.3757120Z # Subtest: roundtrip int
Test (Node.js on macos-latest)	UNKNOWN STEP	2026-05-03T13:38:32.3757410Z ok 16 - roundtrip int
Test (Node.js on macos-latest)	UNKNOWN STEP	2026-05-03T13:38:32.3757680Z   ---
Test (Node.js on macos-latest)	UNKNOWN STEP	2026-05-03T13:38:32.3757940Z   duration_ms: 0.22625
Test (Node.js on macos-latest)	UNKNOWN STEP	2026-05-03T13:38:32.3758210Z   type: 'test'
Test (Node.js on macos-latest)	UNKNOWN STEP	2026-05-03T13:38:32.3758450Z   ...
Test (Node.js on macos-latest)	UNKNOWN STEP	2026-05-03T13:38:32.3758900Z # Subtest: encode float
Test (Node.js on macos-latest)	UNKNOWN STEP	2026-05-03T13:38:32.3759190Z ok 17 - encode float
Test (Node.js on macos-latest)	UNKNOWN STEP	2026-05-03T13:38:32.3759450Z   ---
Test (Node.js on macos-latest)	UNKNOWN STEP	2026-05-03T13:38:32.3759710Z   duration_ms: 0.037667
Test (Node.js on macos-latest)	UNKNOWN STEP	2026-05-03T13:38:32.3759980Z   type: 'test'
Test (Node.js on macos-latest)	UNKNOWN STEP	2026-05-03T13:38:32.3760210Z   ...
Test (Node.js on macos-latest)	UNKNOWN STEP	2026-05-03T13:38:32.3760480Z # Subtest: decode float
Test (Node.js on macos-latest)	UNKNOWN STEP	2026-05-03T13:38:32.3760770Z ok 18 - decode float
Test (Node.js on macos-latest)	UNKNOWN STEP	2026-05-03T13:38:32.3761030Z   ---
Test (Node.js on macos-latest)	UNKNOWN STEP	2026-05-03T13:38:32.3761320Z   duration_ms: 0.058458
Test (Node.js on macos-latest)	UNKNOWN STEP	2026-05-03T13:38:32.3761580Z   type: 'test'
Test (Node.js on macos-latest)	UNKNOWN STEP	2026-05-03T13:38:32.3761820Z   ...
Test (Node.js on macos-latest)	UNKNOWN STEP	2026-05-03T13:38:32.3762090Z # Subtest: roundtrip float
Test (Node.js on macos-latest)	UNKNOWN STEP	2026-05-03T13:38:32.3762390Z ok 19 - roundtrip float
Test (Node.js on macos-latest)	UNKNOWN STEP	2026-05-03T13:38:32.3762650Z   ---
Test (Node.js on macos-latest)	UNKNOWN STEP	2026-05-03T13:38:32.3762910Z   duration_ms: 0.258125
Test (Node.js on macos-latest)	UNKNOWN STEP	2026-05-03T13:38:32.3763180Z   type: 'test'
Test (Node.js on macos-latest)	UNKNOWN STEP	2026-05-03T13:38:32.3763420Z   ...
Test (Node.js on macos-latest)	UNKNOWN STEP	2026-05-03T13:38:32.3763710Z # Subtest: float special values
Test (Node.js on macos-latest)	UNKNOWN STEP	2026-05-03T13:38:32.3764040Z ok 20 - float special values
Test (Node.js on macos-latest)	UNKNOWN STEP	2026-05-03T13:38:32.3764350Z   ---
Test (Node.js on macos-latest)	UNKNOWN STEP	2026-05-03T13:38:32.3764640Z   duration_ms: 0.088583
Test (Node.js on macos-latest)	UNKNOWN STEP	2026-05-03T13:38:32.3764920Z   type: 'test'
Test (Node.js on macos-latest)	UNKNOWN STEP	2026-05-03T13:38:32.3765160Z   ...
Test (Node.js on macos-latest)	UNKNOWN STEP	2026-05-03T13:38:32.3765470Z # Subtest: encode empty string
Test (Node.js on macos-latest)	UNKNOWN STEP	2026-05-03T13:38:32.3766020Z ok 21 - encode empty string
Test (Node.js on macos-latest)	UNKNOWN STEP	2026-05-03T13:38:32.3766300Z   ---
Test (Node.js on macos-latest)	UNKNOWN STEP	2026-05-03T13:38:32.3766540Z   duration_ms: 0.046167
Test (Node.js on macos-latest)	UNKNOWN STEP	2026-05-03T13:38:32.3766820Z   type: 'test'
Test (Node.js on macos-latest)	UNKNOWN STEP	2026-05-03T13:38:32.3767060Z   ...
Test (Node.js on macos-latest)	UNKNOWN STEP	2026-05-03T13:38:32.3767350Z # Subtest: encode simple string
Test (Node.js on macos-latest)	UNKNOWN STEP	2026-05-03T13:38:32.3767690Z ok 22 - encode simple string
Test (Node.js on macos-latest)	UNKNOWN STEP	2026-05-03T13:38:32.3767970Z   ---
Test (Node.js on macos-latest)	UNKNOWN STEP	2026-05-03T13:38:32.3768210Z   duration_ms: 0.053041
Test (Node.js on macos-latest)	UNKNOWN STEP	2026-05-03T13:38:32.3768520Z   type: 'test'
Test (Node.js on macos-latest)	UNKNOWN STEP	2026-05-03T13:38:32.3768760Z   ...
Test (Node.js on macos-latest)	UNKNOWN STEP	2026-05-03T13:38:32.3769020Z # Subtest: decode string
Test (Node.js on macos-latest)	UNKNOWN STEP	2026-05-03T13:38:32.3769320Z ok 23 - decode string
Test (Node.js on macos-latest)	UNKNOWN STEP	2026-05-03T13:38:32.3769580Z   ---
Test (Node.js on macos-latest)	UNKNOWN STEP	2026-05-03T13:38:32.3769820Z   duration_ms: 0.064709
Test (Node.js on macos-latest)	UNKNOWN STEP	2026-05-03T13:38:32.3770100Z   type: 'test'
Test (Node.js on macos-latest)	UNKNOWN STEP	2026-05-03T13:38:32.3770330Z   ...
Test (Node.js on macos-latest)	UNKNOWN STEP	2026-05-03T13:38:32.3770600Z # Subtest: roundtrip string
Test (Node.js on macos-latest)	UNKNOWN STEP	2026-05-03T13:38:32.3770970Z ok 24 - roundtrip string
Test (Node.js on macos-latest)	UNKNOWN STEP	2026-05-03T13:38:32.3771240Z   ---
Test (Node.js on macos-latest)	UNKNOWN STEP	2026-05-03T13:38:32.3771480Z   duration_ms: 0.284084
Test (Node.js on macos-latest)	UNKNOWN STEP	2026-05-03T13:38:32.3771760Z   type: 'test'
Test (Node.js on macos-latest)	UNKNOWN STEP	2026-05-03T13:38:32.3772000Z   ...
Test (Node.js on macos-latest)	UNKNOWN STEP	2026-05-03T13:38:32.3772270Z # Subtest: string with quotes
Test (Node.js on macos-latest)	UNKNOWN STEP	2026-05-03T13:38:32.3772580Z ok 25 - string with quotes
Test (Node.js on macos-latest)	UNKNOWN STEP	2026-05-03T13:38:32.3772860Z   ---
Test (Node.js on macos-latest)	UNKNOWN STEP	2026-05-03T13:38:32.3773160Z   duration_ms: 0.107125
Test (Node.js on macos-latest)	UNKNOWN STEP	2026-05-03T13:38:32.3773420Z   type: 'test'
Test (Node.js on macos-latest)	UNKNOWN STEP	2026-05-03T13:38:32.3773700Z   ...
Test (Node.js on macos-latest)	UNKNOWN STEP	2026-05-03T13:38:32.3774000Z # Subtest: self-referencing array
Test (Node.js on macos-latest)	UNKNOWN STEP	2026-05-03T13:38:32.3774350Z ok 26 - self-referencing array
Test (Node.js on macos-latest)	UNKNOWN STEP	2026-05-03T13:38:32.3774650Z   ---
Test (Node.js on macos-latest)	UNKNOWN STEP	2026-05-03T13:38:32.3774890Z   duration_ms: 2.036041
Test (Node.js on macos-latest)	UNKNOWN STEP	2026-05-03T13:38:32.3775160Z   type: 'test'
Test (Node.js on macos-latest)	UNKNOWN STEP	2026-05-03T13:38:32.3775410Z   ...
Test (Node.js on macos-latest)	UNKNOWN STEP	2026-05-03T13:38:32.3775720Z # Subtest: array with self in middle
Test (Node.js on macos-latest)	UNKNOWN STEP	2026-05-03T13:38:32.3776090Z ok 27 - array with self in middle
Test (Node.js on macos-latest)	UNKNOWN STEP	2026-05-03T13:38:32.3776430Z   ---
Test (Node.js on macos-latest)	UNKNOWN STEP	2026-05-03T13:38:32.3776670Z   duration_ms: 0.2945
Test (Node.js on macos-latest)	UNKNOWN STEP	2026-05-03T13:38:32.3776930Z   type: 'test'
Test (Node.js on macos-latest)	UNKNOWN STEP	2026-05-03T13:38:32.3777190Z   ...
Test (Node.js on macos-latest)	UNKNOWN STEP	2026-05-03T13:38:32.3777530Z # Subtest: nested array with circular reference
Test (Node.js on macos-latest)	UNKNOWN STEP	2026-05-03T13:38:32.3777960Z ok 28 - nested array with circular reference
Test (Node.js on macos-latest)	UNKNOWN STEP	2026-05-03T13:38:32.3778300Z   ---
Test (Node.js on macos-latest)	UNKNOWN STEP	2026-05-03T13:38:32.3778580Z   duration_ms: 0.306458
Test (Node.js on macos-latest)	UNKNOWN STEP	2026-05-03T13:38:32.3778850Z   type: 'test'
Test (Node.js on macos-latest)	UNKNOWN STEP	2026-05-03T13:38:32.3779180Z   ...
Test (Node.js on macos-latest)	UNKNOWN STEP	2026-05-03T13:38:32.3779660Z # Subtest: self-referencing object
Test (Node.js on macos-latest)	UNKNOWN STEP	2026-05-03T13:38:32.3780050Z ok 29 - self-referencing object
Test (Node.js on macos-latest)	UNKNOWN STEP	2026-05-03T13:38:32.3780350Z   ---
Test (Node.js on macos-latest)	UNKNOWN STEP	2026-05-03T13:38:32.3780590Z   duration_ms: 0.242834
Test (Node.js on macos-latest)	UNKNOWN STEP	2026-05-03T13:38:32.3780860Z   type: 'test'
Test (Node.js on macos-latest)	UNKNOWN STEP	2026-05-03T13:38:32.3781120Z   ...
Test (Node.js on macos-latest)	UNKNOWN STEP	2026-05-03T13:38:32.3781460Z # Subtest: object with multiple self-references
Test (Node.js on macos-latest)	UNKNOWN STEP	2026-05-03T13:38:32.3781890Z ok 30 - object with multiple self-references
Test (Node.js on macos-latest)	UNKNOWN STEP	2026-05-03T13:38:32.3782210Z   ---
Test (Node.js on macos-latest)	UNKNOWN STEP	2026-05-03T13:38:32.3782470Z   duration_ms: 0.911417
Test (Node.js on macos-latest)	UNKNOWN STEP	2026-05-03T13:38:32.3782740Z   type: 'test'
Test (Node.js on macos-latest)	UNKNOWN STEP	2026-05-03T13:38:32.3782980Z   ...
Test (Node.js on macos-latest)	UNKNOWN STEP	2026-05-03T13:38:32.3783340Z # Subtest: nested object with circular reference
Test (Node.js on macos-latest)	UNKNOWN STEP	2026-05-03T13:38:32.3783770Z ok 31 - nested object with circular reference
Test (Node.js on macos-latest)	UNKNOWN STEP	2026-05-03T13:38:32.3784090Z   ---
Test (Node.js on macos-latest)	UNKNOWN STEP	2026-05-03T13:38:32.3784330Z   duration_ms: 0.260416
Test (Node.js on macos-latest)	UNKNOWN STEP	2026-05-03T13:38:32.3784620Z   type: 'test'
Test (Node.js on macos-latest)	UNKNOWN STEP	2026-05-03T13:38:32.3784860Z   ...
Test (Node.js on macos-latest)	UNKNOWN STEP	2026-05-03T13:38:32.3785280Z # Subtest: complex circular structure (tree with back-references)
Test (Node.js on macos-latest)	UNKNOWN STEP	2026-05-03T13:38:32.3785860Z ok 32 - complex circular structure (tree with back-references)
Test (Node.js on macos-latest)	UNKNOWN STEP	2026-05-03T13:38:32.3786240Z   ---
Test (Node.js on macos-latest)	UNKNOWN STEP	2026-05-03T13:38:32.3786490Z   duration_ms: 0.234833
Test (Node.js on macos-latest)	UNKNOWN STEP	2026-05-03T13:38:32.3786770Z   type: 'test'
Test (Node.js on macos-latest)	UNKNOWN STEP	2026-05-03T13:38:32.3787010Z   ...
Test (Node.js on macos-latest)	UNKNOWN STEP	2026-05-03T13:38:32.3787310Z # Subtest: shared object reference
Test (Node.js on macos-latest)	UNKNOWN STEP	2026-05-03T13:38:32.3787680Z ok 33 - shared object reference
Test (Node.js on macos-latest)	UNKNOWN STEP	2026-05-03T13:38:32.3787960Z   ---
Test (Node.js on macos-latest)	UNKNOWN STEP	2026-05-03T13:38:32.3788200Z   duration_ms: 0.151
Test (Node.js on macos-latest)	UNKNOWN STEP	2026-05-03T13:38:32.3788530Z   type: 'test'
Test (Node.js on macos-latest)	UNKNOWN STEP	2026-05-03T13:38:32.3788780Z   ...
Test (Node.js on macos-latest)	UNKNOWN STEP	2026-05-03T13:38:32.3789130Z # Subtest: shared object reference - modification
Test (Node.js on macos-latest)	UNKNOWN STEP	2026-05-03T13:38:32.3789600Z ok 34 - shared object reference - modification
Test (Node.js on macos-latest)	UNKNOWN STEP	2026-05-03T13:38:32.3789920Z   ---
Test (Node.js on macos-latest)	UNKNOWN STEP	2026-05-03T13:38:32.3790200Z   duration_ms: 0.598333
Test (Node.js on macos-latest)	UNKNOWN STEP	2026-05-03T13:38:32.3790480Z   type: 'test'
Test (Node.js on macos-latest)	UNKNOWN STEP	2026-05-03T13:38:32.3790950Z   ...
Test (Node.js on macos-latest)	UNKNOWN STEP	2026-05-03T13:38:32.3791250Z # Subtest: multiple shared objects
Test (Node.js on macos-latest)	UNKNOWN STEP	2026-05-03T13:38:32.3791620Z ok 35 - multiple shared objects
Test (Node.js on macos-latest)	UNKNOWN STEP	2026-05-03T13:38:32.3791920Z   ---
Test (Node.js on macos-latest)	UNKNOWN STEP	2026-05-03T13:38:32.3792170Z   duration_ms: 0.484958
Test (Node.js on macos-latest)	UNKNOWN STEP	2026-05-03T13:38:32.3792460Z   type: 'test'
Test (Node.js on macos-latest)	UNKNOWN STEP	2026-05-03T13:38:32.3792710Z   ...
Test (Node.js on macos-latest)	UNKNOWN STEP	2026-05-03T13:38:32.3793000Z # Subtest: shared array reference
Test (Node.js on macos-latest)	UNKNOWN STEP	2026-05-03T13:38:32.3793380Z ok 36 - shared array reference
Test (Node.js on macos-latest)	UNKNOWN STEP	2026-05-03T13:38:32.3793660Z   ---
Test (Node.js on macos-latest)	UNKNOWN STEP	2026-05-03T13:38:32.3793910Z   duration_ms: 0.604417
Test (Node.js on macos-latest)	UNKNOWN STEP	2026-05-03T13:38:32.3794200Z   type: 'test'
Test (Node.js on macos-latest)	UNKNOWN STEP	2026-05-03T13:38:32.3794440Z   ...
Test (Node.js on macos-latest)	UNKNOWN STEP	2026-05-03T13:38:32.3794780Z # Subtest: circular and shared references combined
Test (Node.js on macos-latest)	UNKNOWN STEP	2026-05-03T13:38:32.3795240Z ok 37 - circular and shared references combined
Test (Node.js on macos-latest)	UNKNOWN STEP	2026-05-03T13:38:32.3795560Z   ---
Test (Node.js on macos-latest)	UNKNOWN STEP	2026-05-03T13:38:32.3795870Z   duration_ms: 0.285333
Test (Node.js on macos-latest)	UNKNOWN STEP	2026-05-03T13:38:32.3796150Z   type: 'test'
Test (Node.js on macos-latest)	UNKNOWN STEP	2026-05-03T13:38:32.3796400Z   ...
Test (Node.js on macos-latest)	UNKNOWN STEP	2026-05-03T13:38:32.3796750Z # Subtest: deeply nested circular structure
Test (Node.js on macos-latest)	UNKNOWN STEP	2026-05-03T13:38:32.3797160Z ok 38 - deeply nested circular structure
Test (Node.js on macos-latest)	UNKNOWN STEP	2026-05-03T13:38:32.3797470Z   ---
Test (Node.js on macos-latest)	UNKNOWN STEP	2026-05-03T13:38:32.3797760Z   duration_ms: 0.183042
Test (Node.js on macos-latest)	UNKNOWN STEP	2026-05-03T13:38:32.3798060Z   type: 'test'
Test (Node.js on macos-latest)	UNKNOWN STEP	2026-05-03T13:38:32.3798310Z   ...
Test (Node.js on macos-latest)	UNKNOWN STEP	2026-05-03T13:38:32.3798670Z # Subtest: array and object circular reference
Test (Node.js on macos-latest)	UNKNOWN STEP	2026-05-03T13:38:32.3799090Z ok 39 - array and object circular reference
Test (Node.js on macos-latest)	UNKNOWN STEP	2026-05-03T13:38:32.3799410Z   ---
Test (Node.js on macos-latest)	UNKNOWN STEP	2026-05-03T13:38:32.3799680Z   duration_ms: 1.549334
Test (Node.js on macos-latest)	UNKNOWN STEP	2026-05-03T13:38:32.3799970Z   type: 'test'
Test (Node.js on macos-latest)	UNKNOWN STEP	2026-05-03T13:38:32.3800220Z   ...
Test (Node.js on macos-latest)	UNKNOWN STEP	2026-05-03T13:38:32.3800700Z # Subtest: encoded format uses built-in references, not (ref X) marker
Test (Node.js on macos-latest)	UNKNOWN STEP	2026-05-03T13:38:32.3801310Z ok 40 - encoded format uses built-in references, not (ref X) marker
Test (Node.js on macos-latest)	UNKNOWN STEP	2026-05-03T13:38:32.3801690Z   ---
Test (Node.js on macos-latest)	UNKNOWN STEP	2026-05-03T13:38:32.3801970Z   duration_ms: 0.196042
Test (Node.js on macos-latest)	UNKNOWN STEP	2026-05-03T13:38:32.3802250Z   type: 'test'
Test (Node.js on macos-latest)	UNKNOWN STEP	2026-05-03T13:38:32.3802520Z   ...
Test (Node.js on macos-latest)	UNKNOWN STEP	2026-05-03T13:38:32.3802950Z # Subtest: decoder rejects legacy (ref X) marker as unknown type
Test (Node.js on macos-latest)	UNKNOWN STEP	2026-05-03T13:38:32.3803500Z ok 41 - decoder rejects legacy (ref X) marker as unknown type
Test (Node.js on macos-latest)	UNKNOWN STEP	2026-05-03T13:38:32.3803870Z   ---
Test (Node.js on macos-latest)	UNKNOWN STEP	2026-05-03T13:38:32.3804130Z   duration_ms: 0.281917
Test (Node.js on macos-latest)	UNKNOWN STEP	2026-05-03T13:38:32.3804580Z   type: 'test'
Test (Node.js on macos-latest)	UNKNOWN STEP	2026-05-03T13:38:32.3804890Z   ...
Test (Node.js on macos-latest)	UNKNOWN STEP	2026-05-03T13:38:32.4190870Z # Subtest: encode empty array
Test (Node.js on macos-latest)	UNKNOWN STEP	2026-05-03T13:38:32.4271700Z ok 42 - encode empty array
Test (Node.js on macos-latest)	UNKNOWN STEP	2026-05-03T13:38:32.4272260Z   ---
Test (Node.js on macos-latest)	UNKNOWN STEP	2026-05-03T13:38:32.4272470Z   duration_ms: 0.819709
Test (Node.js on macos-latest)	UNKNOWN STEP	2026-05-03T13:38:32.4272890Z   type: 'test'
Test (Node.js on macos-latest)	UNKNOWN STEP	2026-05-03T13:38:32.4273070Z   ...
Test (Node.js on macos-latest)	UNKNOWN STEP	2026-05-03T13:38:32.4273470Z # Subtest: decode empty array
Test (Node.js on macos-latest)	UNKNOWN STEP	2026-05-03T13:38:32.4273720Z ok 43 - decode empty array
Test (Node.js on macos-latest)	UNKNOWN STEP	2026-05-03T13:38:32.4273980Z   ---
Test (Node.js on macos-latest)	UNKNOWN STEP	2026-05-03T13:38:32.4274200Z   duration_ms: 1.213875
Test (Node.js on macos-latest)	UNKNOWN STEP	2026-05-03T13:38:32.4351820Z   type: 'test'
Test (Node.js on macos-latest)	UNKNOWN STEP	2026-05-03T13:38:32.4352310Z   ...
Test (Node.js on macos-latest)	UNKNOWN STEP	2026-05-03T13:38:32.4352880Z # Subtest: roundtrip empty array
Test (Node.js on macos-latest)	UNKNOWN STEP	2026-05-03T13:38:32.4410320Z ok 44 - roundtrip empty array
Test (Node.js on macos-latest)	UNKNOWN STEP	2026-05-03T13:38:32.4410830Z   ---
Test (Node.js on macos-latest)	UNKNOWN STEP	2026-05-03T13:38:32.4411370Z   duration_ms: 0.466083
Test (Node.js on macos-latest)	UNKNOWN STEP	2026-05-03T13:38:32.4411590Z   type: 'test'
Test (Node.js on macos-latest)	UNKNOWN STEP	2026-05-03T13:38:32.4411730Z   ...
Test (Node.js on macos-latest)	UNKNOWN STEP	2026-05-03T13:38:32.4411980Z # Subtest: encode array with basic types
Test (Node.js on macos-latest)	UNKNOWN STEP	2026-05-03T13:38:32.4412270Z ok 45 - encode array with basic types
Test (Node.js on macos-latest)	UNKNOWN STEP	2026-05-03T13:38:32.4413460Z   ---
Test (Node.js on macos-latest)	UNKNOWN STEP	2026-05-03T13:38:32.4413620Z   duration_ms: 0.184666
Test (Node.js on macos-latest)	UNKNOWN STEP	2026-05-03T13:38:32.4413810Z   type: 'test'
Test (Node.js on macos-latest)	UNKNOWN STEP	2026-05-03T13:38:32.4413950Z   ...
Test (Node.js on macos-latest)	UNKNOWN STEP	2026-05-03T13:38:32.4414180Z # Subtest: decode array with basic types
Test (Node.js on macos-latest)	UNKNOWN STEP	2026-05-03T13:38:32.4414480Z ok 46 - decode array with basic types
Test (Node.js on macos-latest)	UNKNOWN STEP	2026-05-03T13:38:32.4414670Z   ---
Test (Node.js on macos-latest)	UNKNOWN STEP	2026-05-03T13:38:32.4414900Z   duration_ms: 0.322958
Test (Node.js on macos-latest)	UNKNOWN STEP	2026-05-03T13:38:32.4415130Z   type: 'test'
Test (Node.js on macos-latest)	UNKNOWN STEP	2026-05-03T13:38:32.4415330Z   ...
Test (Node.js on macos-latest)	UNKNOWN STEP	2026-05-03T13:38:32.4415620Z # Subtest: roundtrip array with mixed types
Test (Node.js on macos-latest)	UNKNOWN STEP	2026-05-03T13:38:32.4416000Z ok 47 - roundtrip array with mixed types
Test (Node.js on macos-latest)	UNKNOWN STEP	2026-05-03T13:38:32.4416280Z   ---
Test (Node.js on macos-latest)	UNKNOWN STEP	2026-05-03T13:38:32.4416480Z   duration_ms: 1.381917
Test (Node.js on macos-latest)	UNKNOWN STEP	2026-05-03T13:38:32.4416710Z   type: 'test'
Test (Node.js on macos-latest)	UNKNOWN STEP	2026-05-03T13:38:32.4416910Z   ...
Test (Node.js on macos-latest)	UNKNOWN STEP	2026-05-03T13:38:32.4417140Z # Subtest: nested arrays
Test (Node.js on macos-latest)	UNKNOWN STEP	2026-05-03T13:38:32.4418100Z ok 48 - nested arrays
Test (Node.js on macos-latest)	UNKNOWN STEP	2026-05-03T13:38:32.4418320Z   ---
Test (Node.js on macos-latest)	UNKNOWN STEP	2026-05-03T13:38:32.4418530Z   duration_ms: 0.661166
Test (Node.js on macos-latest)	UNKNOWN STEP	2026-05-03T13:38:32.4418770Z   type: 'test'
Test (Node.js on macos-latest)	UNKNOWN STEP	2026-05-03T13:38:32.4418960Z   ...
Test (Node.js on macos-latest)	UNKNOWN STEP	2026-05-03T13:38:32.4419240Z # Subtest: encode empty object
Test (Node.js on macos-latest)	UNKNOWN STEP	2026-05-03T13:38:32.4419550Z ok 49 - encode empty object
Test (Node.js on macos-latest)	UNKNOWN STEP	2026-05-03T13:38:32.4419800Z   ---
Test (Node.js on macos-latest)	UNKNOWN STEP	2026-05-03T13:38:32.4420070Z   duration_ms: 0.068917
Test (Node.js on macos-latest)	UNKNOWN STEP	2026-05-03T13:38:32.4420330Z   type: 'test'
Test (Node.js on macos-latest)	UNKNOWN STEP	2026-05-03T13:38:32.4420530Z   ...
Test (Node.js on macos-latest)	UNKNOWN STEP	2026-05-03T13:38:32.4420800Z # Subtest: decode empty object
Test (Node.js on macos-latest)	UNKNOWN STEP	2026-05-03T13:38:32.4421080Z ok 50 - decode empty object
Test (Node.js on macos-latest)	UNKNOWN STEP	2026-05-03T13:38:32.4421310Z   ---
Test (Node.js on macos-latest)	UNKNOWN STEP	2026-05-03T13:38:32.4421510Z   duration_ms: 0.271666
Test (Node.js on macos-latest)	UNKNOWN STEP	2026-05-03T13:38:32.4421740Z   type: 'test'
Test (Node.js on macos-latest)	UNKNOWN STEP	2026-05-03T13:38:32.4421930Z   ...
Test (Node.js on macos-latest)	UNKNOWN STEP	2026-05-03T13:38:32.4422190Z # Subtest: roundtrip empty object
Test (Node.js on macos-latest)	UNKNOWN STEP	2026-05-03T13:38:32.4422520Z ok 51 - roundtrip empty object
Test (Node.js on macos-latest)	UNKNOWN STEP	2026-05-03T13:38:32.4423960Z   ---
Test (Node.js on macos-latest)	UNKNOWN STEP	2026-05-03T13:38:32.4424160Z   duration_ms: 0.317916
Test (Node.js on macos-latest)	UNKNOWN STEP	2026-05-03T13:38:32.4424400Z   type: 'test'
Test (Node.js on macos-latest)	UNKNOWN STEP	2026-05-03T13:38:32.4424590Z   ...
Test (Node.js on macos-latest)	UNKNOWN STEP	2026-05-03T13:38:32.4424880Z # Subtest: encode object with basic types
Test (Node.js on macos-latest)	UNKNOWN STEP	2026-05-03T13:38:32.4425230Z ok 52 - encode object with basic types
Test (Node.js on macos-latest)	UNKNOWN STEP	2026-05-03T13:38:32.4425490Z   ---
Test (Node.js on macos-latest)	UNKNOWN STEP	2026-05-03T13:38:32.4425780Z   duration_ms: 0.15225
Test (Node.js on macos-latest)	UNKNOWN STEP	2026-05-03T13:38:32.4426000Z   type: 'test'
Test (Node.js on macos-latest)	UNKNOWN STEP	2026-05-03T13:38:32.4426310Z   ...
Test (Node.js on macos-latest)	UNKNOWN STEP	2026-05-03T13:38:32.4426720Z # Subtest: decode object with basic types
Test (Node.js on macos-latest)	UNKNOWN STEP	2026-05-03T13:38:32.4427060Z ok 53 - decode object with basic types
Test (Node.js on macos-latest)	UNKNOWN STEP	2026-05-03T13:38:32.4427310Z   ---
Test (Node.js on macos-latest)	UNKNOWN STEP	2026-05-03T13:38:32.4427510Z   duration_ms: 0.137666
Test (Node.js on macos-latest)	UNKNOWN STEP	2026-05-03T13:38:32.4427750Z   type: 'test'
Test (Node.js on macos-latest)	UNKNOWN STEP	2026-05-03T13:38:32.4427950Z   ...
Test (Node.js on macos-latest)	UNKNOWN STEP	2026-05-03T13:38:32.4428240Z # Subtest: roundtrip object with mixed types
Test (Node.js on macos-latest)	UNKNOWN STEP	2026-05-03T13:38:32.4428660Z ok 54 - roundtrip object with mixed types
Test (Node.js on macos-latest)	UNKNOWN STEP	2026-05-03T13:38:32.4429600Z   ---
Test (Node.js on macos-latest)	UNKNOWN STEP	2026-05-03T13:38:32.4429800Z   duration_ms: 0.479417
Test (Node.js on macos-latest)	UNKNOWN STEP	2026-05-03T13:38:32.4430030Z   type: 'test'
Test (Node.js on macos-latest)	UNKNOWN STEP	2026-05-03T13:38:32.4430530Z   ...
Test (Node.js on macos-latest)	UNKNOWN STEP	2026-05-03T13:38:32.4430680Z # Subtest: nested objects
Test (Node.js on macos-latest)	UNKNOWN STEP	2026-05-03T13:38:32.4430860Z ok 55 - nested objects
Test (Node.js on macos-latest)	UNKNOWN STEP	2026-05-03T13:38:32.4431000Z   ---
Test (Node.js on macos-latest)	UNKNOWN STEP	2026-05-03T13:38:32.4431190Z   duration_ms: 0.684125
Test (Node.js on macos-latest)	UNKNOWN STEP	2026-05-03T13:38:32.4431630Z   type: 'test'
Test (Node.js on macos-latest)	UNKNOWN STEP	2026-05-03T13:38:32.4431770Z   ...
Test (Node.js on macos-latest)	UNKNOWN STEP	2026-05-03T13:38:32.4431960Z # Subtest: mixed nested structures
Test (Node.js on macos-latest)	UNKNOWN STEP	2026-05-03T13:38:32.4432200Z ok 56 - mixed nested structures
Test (Node.js on macos-latest)	UNKNOWN STEP	2026-05-03T13:38:32.4432370Z   ---
Test (Node.js on macos-latest)	UNKNOWN STEP	2026-05-03T13:38:32.4432490Z   duration_ms: 0.431625
Test (Node.js on macos-latest)	UNKNOWN STEP	2026-05-03T13:38:32.4432630Z   type: 'test'
Test (Node.js on macos-latest)	UNKNOWN STEP	2026-05-03T13:38:32.4432760Z   ...
Test (Node.js on macos-latest)	UNKNOWN STEP	2026-05-03T13:38:32.4432900Z # Subtest: array of objects
Test (Node.js on macos-latest)	UNKNOWN STEP	2026-05-03T13:38:32.4433090Z ok 57 - array of objects
Test (Node.js on macos-latest)	UNKNOWN STEP	2026-05-03T13:38:32.4433230Z   ---
Test (Node.js on macos-latest)	UNKNOWN STEP	2026-05-03T13:38:32.4433360Z   duration_ms: 0.281667
Test (Node.js on macos-latest)	UNKNOWN STEP	2026-05-03T13:38:32.4433500Z   type: 'test'
Test (Node.js on macos-latest)	UNKNOWN STEP	2026-05-03T13:38:32.4433620Z   ...
Test (Node.js on macos-latest)	UNKNOWN STEP	2026-05-03T13:38:32.4433810Z # Subtest: object with array values
Test (Node.js on macos-latest)	UNKNOWN STEP	2026-05-03T13:38:32.4434060Z ok 58 - object with array values
Test (Node.js on macos-latest)	UNKNOWN STEP	2026-05-03T13:38:32.4434220Z   ---
Test (Node.js on macos-latest)	UNKNOWN STEP	2026-05-03T13:38:32.4434340Z   duration_ms: 0.191083
Test (Node.js on macos-latest)	UNKNOWN STEP	2026-05-03T13:38:32.4434490Z   type: 'test'
Test (Node.js on macos-latest)	UNKNOWN STEP	2026-05-03T13:38:32.4434620Z   ...
Test (Node.js on macos-latest)	UNKNOWN STEP	2026-05-03T13:38:32.4434810Z # Subtest: deeply nested structure
Test (Node.js on macos-latest)	UNKNOWN STEP	2026-05-03T13:38:32.4435050Z ok 59 - deeply nested structure
Test (Node.js on macos-latest)	UNKNOWN STEP	2026-05-03T13:38:32.4435210Z   ---
Test (Node.js on macos-latest)	UNKNOWN STEP	2026-05-03T13:38:32.4435340Z   duration_ms: 0.220083
Test (Node.js on macos-latest)	UNKNOWN STEP	2026-05-03T13:38:32.4435490Z   type: 'test'
Test (Node.js on macos-latest)	UNKNOWN STEP	2026-05-03T13:38:32.4435610Z   ...
Test (Node.js on macos-latest)	UNKNOWN STEP	2026-05-03T13:38:32.4435820Z # Subtest: escapeReference - simple string
Test (Node.js on macos-latest)	UNKNOWN STEP	2026-05-03T13:38:32.4436110Z ok 60 - escapeReference - simple string
Test (Node.js on macos-latest)	UNKNOWN STEP	2026-05-03T13:38:32.4436290Z   ---
Test (Node.js on macos-latest)	UNKNOWN STEP	2026-05-03T13:38:32.4436410Z   duration_ms: 1.242792
Test (Node.js on macos-latest)	UNKNOWN STEP	2026-05-03T13:38:32.4436570Z   type: 'test'
Test (Node.js on macos-latest)	UNKNOWN STEP	2026-05-03T13:38:32.4436690Z   ...
Test (Node.js on macos-latest)	UNKNOWN STEP	2026-05-03T13:38:32.4436880Z # Subtest: escapeReference - numbers
Test (Node.js on macos-latest)	UNKNOWN STEP	2026-05-03T13:38:32.4437140Z ok 61 - escapeReference - numbers
Test (Node.js on macos-latest)	UNKNOWN STEP	2026-05-03T13:38:32.4437310Z   ---
Test (Node.js on macos-latest)	UNKNOWN STEP	2026-05-03T13:38:32.4437430Z   duration_ms: 0.158625
Test (Node.js on macos-latest)	UNKNOWN STEP	2026-05-03T13:38:32.4437580Z   type: 'test'
Test (Node.js on macos-latest)	UNKNOWN STEP	2026-05-03T13:38:32.4437700Z   ...
Test (Node.js on macos-latest)	UNKNOWN STEP	2026-05-03T13:38:32.4437890Z # Subtest: escapeReference - booleans
Test (Node.js on macos-latest)	UNKNOWN STEP	2026-05-03T13:38:32.4438410Z ok 62 - escapeReference - booleans
Test (Node.js on macos-latest)	UNKNOWN STEP	2026-05-03T13:38:32.4438580Z   ---
Test (Node.js on macos-latest)	UNKNOWN STEP	2026-05-03T13:38:32.4438700Z   duration_ms: 0.052917
Test (Node.js on macos-latest)	UNKNOWN STEP	2026-05-03T13:38:32.4438850Z   type: 'test'
Test (Node.js on macos-latest)	UNKNOWN STEP	2026-05-03T13:38:32.4438970Z   ...
Test (Node.js on macos-latest)	UNKNOWN STEP	2026-05-03T13:38:32.4439210Z # Subtest: escapeReference - string with spaces
Test (Node.js on macos-latest)	UNKNOWN STEP	2026-05-03T13:38:32.4439520Z ok 63 - escapeReference - string with spaces
Test (Node.js on macos-latest)	UNKNOWN STEP	2026-05-03T13:38:32.4439720Z   ---
Test (Node.js on macos-latest)	UNKNOWN STEP	2026-05-03T13:38:32.4439840Z   duration_ms: 0.081833
Test (Node.js on macos-latest)	UNKNOWN STEP	2026-05-03T13:38:32.4439990Z   type: 'test'
Test (Node.js on macos-latest)	UNKNOWN STEP	2026-05-03T13:38:32.4440120Z   ...
Test (Node.js on macos-latest)	UNKNOWN STEP	2026-05-03T13:38:32.4440370Z # Subtest: escapeReference - string with single quotes
Test (Node.js on macos-latest)	UNKNOWN STEP	2026-05-03T13:38:32.4440720Z ok 64 - escapeReference - string with single quotes
Test (Node.js on macos-latest)	UNKNOWN STEP	2026-05-03T13:38:32.4440930Z   ---
Test (Node.js on macos-latest)	UNKNOWN STEP	2026-05-03T13:38:32.4441050Z   duration_ms: 0.060542
Test (Node.js on macos-latest)	UNKNOWN STEP	2026-05-03T13:38:32.4441200Z   type: 'test'
Test (Node.js on macos-latest)	UNKNOWN STEP	2026-05-03T13:38:32.4441310Z   ...
Test (Node.js on macos-latest)	UNKNOWN STEP	2026-05-03T13:38:32.4441570Z # Subtest: escapeReference - string with double quotes
Test (Node.js on macos-latest)	UNKNOWN STEP	2026-05-03T13:38:32.4441910Z ok 65 - escapeReference - string with double quotes
Test (Node.js on macos-latest)	UNKNOWN STEP	2026-05-03T13:38:32.4442120Z   ---
Test (Node.js on macos-latest)	UNKNOWN STEP	2026-05-03T13:38:32.4442240Z   duration_ms: 0.054
Test (Node.js on macos-latest)	UNKNOWN STEP	2026-05-03T13:38:32.4442390Z   type: 'test'
Test (Node.js on macos-latest)	UNKNOWN STEP	2026-05-03T13:38:32.4442510Z   ...
Test (Node.js on macos-latest)	UNKNOWN STEP	2026-05-03T13:38:32.4442760Z # Subtest: escapeReference - string with both quotes
Test (Node.js on macos-latest)	UNKNOWN STEP	2026-05-03T13:38:32.4443090Z ok 66 - escapeReference - string with both quotes
Test (Node.js on macos-latest)	UNKNOWN STEP	2026-05-03T13:38:32.4443290Z   ---
Test (Node.js on macos-latest)	UNKNOWN STEP	2026-05-03T13:38:32.4443420Z   duration_ms: 0.102709
Test (Node.js on macos-latest)	UNKNOWN STEP	2026-05-03T13:38:32.4443570Z   type: 'test'
Test (Node.js on macos-latest)	UNKNOWN STEP	2026-05-03T13:38:32.4443690Z   ...
Test (Node.js on macos-latest)	UNKNOWN STEP	2026-05-03T13:38:32.4443930Z # Subtest: escapeReference - string with parentheses
Test (Node.js on macos-latest)	UNKNOWN STEP	2026-05-03T13:38:32.4444260Z ok 67 - escapeReference - string with parentheses
Test (Node.js on macos-latest)	UNKNOWN STEP	2026-05-03T13:38:32.4444470Z   ---
Test (Node.js on macos-latest)	UNKNOWN STEP	2026-05-03T13:38:32.4444590Z   duration_ms: 0.046292
Test (Node.js on macos-latest)	UNKNOWN STEP	2026-05-03T13:38:32.4444730Z   type: 'test'
Test (Node.js on macos-latest)	UNKNOWN STEP	2026-05-03T13:38:32.4444860Z   ...
Test (Node.js on macos-latest)	UNKNOWN STEP	2026-05-03T13:38:32.4445080Z # Subtest: escapeReference - string with colon
Test (Node.js on macos-latest)	UNKNOWN STEP	2026-05-03T13:38:32.4445380Z ok 68 - escapeReference - string with colon
Test (Node.js on macos-latest)	UNKNOWN STEP	2026-05-03T13:38:32.4445570Z   ---
Test (Node.js on macos-latest)	UNKNOWN STEP	2026-05-03T13:38:32.4445700Z   duration_ms: 0.254667
Test (Node.js on macos-latest)	UNKNOWN STEP	2026-05-03T13:38:32.4445850Z   type: 'test'
Test (Node.js on macos-latest)	UNKNOWN STEP	2026-05-03T13:38:32.4445970Z   ...
Test (Node.js on macos-latest)	UNKNOWN STEP	2026-05-03T13:38:32.4446410Z # Subtest: escapeReference - string with newline
Test (Node.js on macos-latest)	UNKNOWN STEP	2026-05-03T13:38:32.4446740Z ok 69 - escapeReference - string with newline
Test (Node.js on macos-latest)	UNKNOWN STEP	2026-05-03T13:38:32.4446930Z   ---
Test (Node.js on macos-latest)	UNKNOWN STEP	2026-05-03T13:38:32.4447060Z   duration_ms: 0.294
Test (Node.js on macos-latest)	UNKNOWN STEP	2026-05-03T13:38:32.4447200Z   type: 'test'
Test (Node.js on macos-latest)	UNKNOWN STEP	2026-05-03T13:38:32.4447320Z   ...
Test (Node.js on macos-latest)	UNKNOWN STEP	2026-05-03T13:38:32.4447540Z # Subtest: unescapeReference - simple string
Test (Node.js on macos-latest)	UNKNOWN STEP	2026-05-03T13:38:32.4447820Z ok 70 - unescapeReference - simple string
Test (Node.js on macos-latest)	UNKNOWN STEP	2026-05-03T13:38:32.4448020Z   ---
Test (Node.js on macos-latest)	UNKNOWN STEP	2026-05-03T13:38:32.4448140Z   duration_ms: 0.129291
Test (Node.js on macos-latest)	UNKNOWN STEP	2026-05-03T13:38:32.4448290Z   type: 'test'
Test (Node.js on macos-latest)	UNKNOWN STEP	2026-05-03T13:38:32.4448410Z   ...
Test (Node.js on macos-latest)	UNKNOWN STEP	2026-05-03T13:38:32.4448660Z # Subtest: unescapeReference - doubled double quotes
Test (Node.js on macos-latest)	UNKNOWN STEP	2026-05-03T13:38:32.4449000Z ok 71 - unescapeReference - doubled double quotes
Test (Node.js on macos-latest)	UNKNOWN STEP	2026-05-03T13:38:32.4449200Z   ---
Test (Node.js on macos-latest)	UNKNOWN STEP	2026-05-03T13:38:32.4449320Z   duration_ms: 0.041042
Test (Node.js on macos-latest)	UNKNOWN STEP	2026-05-03T13:38:32.4449480Z   type: 'test'
Test (Node.js on macos-latest)	UNKNOWN STEP	2026-05-03T13:38:32.4449600Z   ...
Test (Node.js on macos-latest)	UNKNOWN STEP	2026-05-03T13:38:32.4449850Z # Subtest: unescapeReference - doubled single quotes
Test (Node.js on macos-latest)	UNKNOWN STEP	2026-05-03T13:38:32.4450320Z ok 72 - unescapeReference - doubled single quotes
Test (Node.js on macos-latest)	UNKNOWN STEP	2026-05-03T13:38:32.4450520Z   ---
Test (Node.js on macos-latest)	UNKNOWN STEP	2026-05-03T13:38:32.4450650Z   duration_ms: 0.033083
Test (Node.js on macos-latest)	UNKNOWN STEP	2026-05-03T13:38:32.4450800Z   type: 'test'
Test (Node.js on macos-latest)	UNKNOWN STEP	2026-05-03T13:38:32.4450920Z   ...
Test (Node.js on macos-latest)	UNKNOWN STEP	2026-05-03T13:38:32.4451140Z # Subtest: unescapeReference - null/undefined
Test (Node.js on macos-latest)	UNKNOWN STEP	2026-05-03T13:38:32.4451430Z ok 73 - unescapeReference - null/undefined
Test (Node.js on macos-latest)	UNKNOWN STEP	2026-05-03T13:38:32.4451620Z   ---
Test (Node.js on macos-latest)	UNKNOWN STEP	2026-05-03T13:38:32.4451750Z   duration_ms: 0.032209
Test (Node.js on macos-latest)	UNKNOWN STEP	2026-05-03T13:38:32.4451890Z   type: 'test'
Test (Node.js on macos-latest)	UNKNOWN STEP	2026-05-03T13:38:32.4452010Z   ...
Test (Node.js on macos-latest)	UNKNOWN STEP	2026-05-03T13:38:32.4452170Z # Subtest: jsonToLino - null
Test (Node.js on macos-latest)	UNKNOWN STEP	2026-05-03T13:38:32.4452370Z ok 74 - jsonToLino - null
Test (Node.js on macos-latest)	UNKNOWN STEP	2026-05-03T13:38:32.4452510Z   ---
Test (Node.js on macos-latest)	UNKNOWN STEP	2026-05-03T13:38:32.4452630Z   duration_ms: 0.058959
Test (Node.js on macos-latest)	UNKNOWN STEP	2026-05-03T13:38:32.4452780Z   type: 'test'
Test (Node.js on macos-latest)	UNKNOWN STEP	2026-05-03T13:38:32.4452900Z   ...
Test (Node.js on macos-latest)	UNKNOWN STEP	2026-05-03T13:38:32.4453250Z # Subtest: jsonToLino - undefined
Test (Node.js on macos-latest)	UNKNOWN STEP	2026-05-03T13:38:32.4453490Z ok 75 - jsonToLino - undefined
Test (Node.js on macos-latest)	UNKNOWN STEP	2026-05-03T13:38:32.4453640Z   ---
Test (Node.js on macos-latest)	UNKNOWN STEP	2026-05-03T13:38:32.4453770Z   duration_ms: 0.029292
Test (Node.js on macos-latest)	UNKNOWN STEP	2026-05-03T13:38:32.4453920Z   type: 'test'
Test (Node.js on macos-latest)	UNKNOWN STEP	2026-05-03T13:38:32.4454040Z   ...
Test (Node.js on macos-latest)	UNKNOWN STEP	2026-05-03T13:38:32.4454210Z # Subtest: jsonToLino - number
Test (Node.js on macos-latest)	UNKNOWN STEP	2026-05-03T13:38:32.4454410Z ok 76 - jsonToLino - number
Test (Node.js on macos-latest)	UNKNOWN STEP	2026-05-03T13:38:32.4454560Z   ---
Test (Node.js on macos-latest)	UNKNOWN STEP	2026-05-03T13:38:32.4454770Z   duration_ms: 0.032709
Test (Node.js on macos-latest)	UNKNOWN STEP	2026-05-03T13:38:32.4454920Z   type: 'test'
Test (Node.js on macos-latest)	UNKNOWN STEP	2026-05-03T13:38:32.4455030Z   ...
Test (Node.js on macos-latest)	UNKNOWN STEP	2026-05-03T13:38:32.4455210Z # Subtest: jsonToLino - boolean
Test (Node.js on macos-latest)	UNKNOWN STEP	2026-05-03T13:38:32.4455410Z ok 77 - jsonToLino - boolean
Test (Node.js on macos-latest)	UNKNOWN STEP	2026-05-03T13:38:32.4455570Z   ---
Test (Node.js on macos-latest)	UNKNOWN STEP	2026-05-03T13:38:32.4455690Z   duration_ms: 0.02925
Test (Node.js on macos-latest)	UNKNOWN STEP	2026-05-03T13:38:32.4455830Z   type: 'test'
Test (Node.js on macos-latest)	UNKNOWN STEP	2026-05-03T13:38:32.4455950Z   ...
Test (Node.js on macos-latest)	UNKNOWN STEP	2026-05-03T13:38:32.4456140Z # Subtest: jsonToLino - simple string
Test (Node.js on macos-latest)	UNKNOWN STEP	2026-05-03T13:38:32.4456390Z ok 78 - jsonToLino - simple string
Test (Node.js on macos-latest)	UNKNOWN STEP	2026-05-03T13:38:32.4456560Z   ---
Test (Node.js on macos-latest)	UNKNOWN STEP	2026-05-03T13:38:32.4456690Z   duration_ms: 0.029792
Test (Node.js on macos-latest)	UNKNOWN STEP	2026-05-03T13:38:32.4456830Z   type: 'test'
Test (Node.js on macos-latest)	UNKNOWN STEP	2026-05-03T13:38:32.4456950Z   ...
Test (Node.js on macos-latest)	UNKNOWN STEP	2026-05-03T13:38:32.4457150Z # Subtest: jsonToLino - string with spaces
Test (Node.js on macos-latest)	UNKNOWN STEP	2026-05-03T13:38:32.4457430Z ok 79 - jsonToLino - string with spaces
Test (Node.js on macos-latest)	UNKNOWN STEP	2026-05-03T13:38:32.4457610Z   ---
Test (Node.js on macos-latest)	UNKNOWN STEP	2026-05-03T13:38:32.4457740Z   duration_ms: 0.034459
Test (Node.js on macos-latest)	UNKNOWN STEP	2026-05-03T13:38:32.4457890Z   type: 'test'
Test (Node.js on macos-latest)	UNKNOWN STEP	2026-05-03T13:38:32.4458000Z   ...
Test (Node.js on macos-latest)	UNKNOWN STEP	2026-05-03T13:38:32.4458190Z # Subtest: jsonToLino - empty array
Test (Node.js on macos-latest)	UNKNOWN STEP	2026-05-03T13:38:32.4458440Z ok 80 - jsonToLino - empty array
Test (Node.js on macos-latest)	UNKNOWN STEP	2026-05-03T13:38:32.4458600Z   ---
Test (Node.js on macos-latest)	UNKNOWN STEP	2026-05-03T13:38:32.4458770Z   duration_ms: 0.028917
Test (Node.js on macos-latest)	UNKNOWN STEP	2026-05-03T13:38:32.4459080Z   type: 'test'
Test (Node.js on macos-latest)	UNKNOWN STEP	2026-05-03T13:38:32.4459200Z   ...
Test (Node.js on macos-latest)	UNKNOWN STEP	2026-05-03T13:38:32.4459400Z # Subtest: jsonToLino - array of numbers
Test (Node.js on macos-latest)	UNKNOWN STEP	2026-05-03T13:38:32.4459670Z ok 81 - jsonToLino - array of numbers
Test (Node.js on macos-latest)	UNKNOWN STEP	2026-05-03T13:38:32.4459840Z   ---
Test (Node.js on macos-latest)	UNKNOWN STEP	2026-05-03T13:38:32.4459960Z   duration_ms: 0.037542
Test (Node.js on macos-latest)	UNKNOWN STEP	2026-05-03T13:38:32.4460110Z   type: 'test'
Test (Node.js on macos-latest)	UNKNOWN STEP	2026-05-03T13:38:32.4460240Z   ...
Test (Node.js on macos-latest)	UNKNOWN STEP	2026-05-03T13:38:32.4460450Z # Subtest: jsonToLino - array of strings
Test (Node.js on macos-latest)	UNKNOWN STEP	2026-05-03T13:38:32.4460710Z ok 82 - jsonToLino - array of strings
Test (Node.js on macos-latest)	UNKNOWN STEP	2026-05-03T13:38:32.4460880Z   ---
Test (Node.js on macos-latest)	UNKNOWN STEP	2026-05-03T13:38:32.4461230Z   duration_ms: 0.039208
Test (Node.js on macos-latest)	UNKNOWN STEP	2026-05-03T13:38:32.4461390Z   type: 'test'
Test (Node.js on macos-latest)	UNKNOWN STEP	2026-05-03T13:38:32.4461520Z   ...
Test (Node.js on macos-latest)	UNKNOWN STEP	2026-05-03T13:38:32.4461700Z # Subtest: jsonToLino - nested array
Test (Node.js on macos-latest)	UNKNOWN STEP	2026-05-03T13:38:32.4461950Z ok 83 - jsonToLino - nested array
Test (Node.js on macos-latest)	UNKNOWN STEP	2026-05-03T13:38:32.4462120Z   ---
Test (Node.js on macos-latest)	UNKNOWN STEP	2026-05-03T13:38:32.4462240Z   duration_ms: 0.038
Test (Node.js on macos-latest)	UNKNOWN STEP	2026-05-03T13:38:32.4462380Z   type: 'test'
Test (Node.js on macos-latest)	UNKNOWN STEP	2026-05-03T13:38:32.4462500Z   ...
Test (Node.js on macos-latest)	UNKNOWN STEP	2026-05-03T13:38:32.4462690Z # Subtest: jsonToLino - empty object
Test (Node.js on macos-latest)	UNKNOWN STEP	2026-05-03T13:38:32.4462940Z ok 84 - jsonToLino - empty object
Test (Node.js on macos-latest)	UNKNOWN STEP	2026-05-03T13:38:32.4463100Z   ---
Test (Node.js on macos-latest)	UNKNOWN STEP	2026-05-03T13:38:32.4463220Z   duration_ms: 0.028959
Test (Node.js on macos-latest)	UNKNOWN STEP	2026-05-03T13:38:32.4463370Z   type: 'test'
Test (Node.js on macos-latest)	UNKNOWN STEP	2026-05-03T13:38:32.4463530Z   ...
Test (Node.js on macos-latest)	UNKNOWN STEP	2026-05-03T13:38:32.4463730Z # Subtest: jsonToLino - simple object
Test (Node.js on macos-latest)	UNKNOWN STEP	2026-05-03T13:38:32.4463980Z ok 85 - jsonToLino - simple object
Test (Node.js on macos-latest)	UNKNOWN STEP	2026-05-03T13:38:32.4464150Z   ---
Test (Node.js on macos-latest)	UNKNOWN STEP	2026-05-03T13:38:32.4464280Z   duration_ms: 0.105416
Test (Node.js on macos-latest)	UNKNOWN STEP	2026-05-03T13:38:32.4464420Z   type: 'test'
Test (Node.js on macos-latest)	UNKNOWN STEP	2026-05-03T13:38:32.4464550Z   ...
Test (Node.js on macos-latest)	UNKNOWN STEP	2026-05-03T13:38:32.4464780Z # Subtest: jsonToLino - object with nested object
Test (Node.js on macos-latest)	UNKNOWN STEP	2026-05-03T13:38:32.4465090Z ok 86 - jsonToLino - object with nested object
Test (Node.js on macos-latest)	UNKNOWN STEP	2026-05-03T13:38:32.4465290Z   ---
Test (Node.js on macos-latest)	UNKNOWN STEP	2026-05-03T13:38:32.4465410Z   duration_ms: 0.039208
Test (Node.js on macos-latest)	UNKNOWN STEP	2026-05-03T13:38:32.4465560Z   type: 'test'
Test (Node.js on macos-latest)	UNKNOWN STEP	2026-05-03T13:38:32.4465680Z   ...
Test (Node.js on macos-latest)	UNKNOWN STEP	2026-05-03T13:38:32.4465880Z # Subtest: jsonToLino - object with array
Test (Node.js on macos-latest)	UNKNOWN STEP	2026-05-03T13:38:32.4466150Z ok 87 - jsonToLino - object with array
Test (Node.js on macos-latest)	UNKNOWN STEP	2026-05-03T13:38:32.4466320Z   ---
Test (Node.js on macos-latest)	UNKNOWN STEP	2026-05-03T13:38:32.4466440Z   duration_ms: 0.034417
Test (Node.js on macos-latest)	UNKNOWN STEP	2026-05-03T13:38:32.4466590Z   type: 'test'
Test (Node.js on macos-latest)	UNKNOWN STEP	2026-05-03T13:38:32.4466710Z   ...
Test (Node.js on macos-latest)	UNKNOWN STEP	2026-05-03T13:38:32.4466900Z # Subtest: linoToJson - null input
Test (Node.js on macos-latest)	UNKNOWN STEP	2026-05-03T13:38:32.4467130Z ok 88 - linoToJson - null input
Test (Node.js on macos-latest)	UNKNOWN STEP	2026-05-03T13:38:32.4467300Z   ---
Test (Node.js on macos-latest)	UNKNOWN STEP	2026-05-03T13:38:32.4467420Z   duration_ms: 0.052375
Test (Node.js on macos-latest)	UNKNOWN STEP	2026-05-03T13:38:32.4467760Z   type: 'test'
Test (Node.js on macos-latest)	UNKNOWN STEP	2026-05-03T13:38:32.4467880Z   ...
Test (Node.js on macos-latest)	UNKNOWN STEP	2026-05-03T13:38:32.4468060Z # Subtest: linoToJson - primitives
Test (Node.js on macos-latest)	UNKNOWN STEP	2026-05-03T13:38:32.4468310Z ok 89 - linoToJson - primitives
Test (Node.js on macos-latest)	UNKNOWN STEP	2026-05-03T13:38:32.4468470Z   ---
Test (Node.js on macos-latest)	UNKNOWN STEP	2026-05-03T13:38:32.4468590Z   duration_ms: 1.662459
Test (Node.js on macos-latest)	UNKNOWN STEP	2026-05-03T13:38:32.4468740Z   type: 'test'
Test (Node.js on macos-latest)	UNKNOWN STEP	2026-05-03T13:38:32.4468860Z   ...
Test (Node.js on macos-latest)	UNKNOWN STEP	2026-05-03T13:38:32.4469050Z # Subtest: linoToJson - simple string
Test (Node.js on macos-latest)	UNKNOWN STEP	2026-05-03T13:38:32.4469290Z ok 90 - linoToJson - simple string
Test (Node.js on macos-latest)	UNKNOWN STEP	2026-05-03T13:38:32.4469460Z   ---
Test (Node.js on macos-latest)	UNKNOWN STEP	2026-05-03T13:38:32.4469580Z   duration_ms: 0.143
Test (Node.js on macos-latest)	UNKNOWN STEP	2026-05-03T13:38:32.4469720Z   type: 'test'
Test (Node.js on macos-latest)	UNKNOWN STEP	2026-05-03T13:38:32.4469840Z   ...
Test (Node.js on macos-latest)	UNKNOWN STEP	2026-05-03T13:38:32.4470030Z # Subtest: linoToJson - empty link
Test (Node.js on macos-latest)	UNKNOWN STEP	2026-05-03T13:38:32.4470260Z ok 91 - linoToJson - empty link
Test (Node.js on macos-latest)	UNKNOWN STEP	2026-05-03T13:38:32.4470420Z   ---
Test (Node.js on macos-latest)	UNKNOWN STEP	2026-05-03T13:38:32.4478600Z   duration_ms: 0.422208
Test (Node.js on macos-latest)	UNKNOWN STEP	2026-05-03T13:38:32.4478810Z   type: 'test'
Test (Node.js on macos-latest)	UNKNOWN STEP	2026-05-03T13:38:32.4478930Z   ...
Test (Node.js on macos-latest)	UNKNOWN STEP	2026-05-03T13:38:32.4479130Z # Subtest: linoToJson - array of numbers
Test (Node.js on macos-latest)	UNKNOWN STEP	2026-05-03T13:38:32.4479400Z ok 92 - linoToJson - array of numbers
Test (Node.js on macos-latest)	UNKNOWN STEP	2026-05-03T13:38:32.4479580Z   ---
Test (Node.js on macos-latest)	UNKNOWN STEP	2026-05-03T13:38:32.4479700Z   duration_ms: 0.125958
Test (Node.js on macos-latest)	UNKNOWN STEP	2026-05-03T13:38:32.4479850Z   type: 'test'
Test (Node.js on macos-latest)	UNKNOWN STEP	2026-05-03T13:38:32.4479980Z   ...
Test (Node.js on macos-latest)	UNKNOWN STEP	2026-05-03T13:38:32.4480170Z # Subtest: linoToJson - simple object
Test (Node.js on macos-latest)	UNKNOWN STEP	2026-05-03T13:38:32.4480420Z ok 93 - linoToJson - simple object
Test (Node.js on macos-latest)	UNKNOWN STEP	2026-05-03T13:38:32.4480590Z   ---
Test (Node.js on macos-latest)	UNKNOWN STEP	2026-05-03T13:38:32.4480710Z   duration_ms: 0.155125
Test (Node.js on macos-latest)	UNKNOWN STEP	2026-05-03T13:38:32.4480860Z   type: 'test'
Test (Node.js on macos-latest)	UNKNOWN STEP	2026-05-03T13:38:32.4480980Z   ...
Test (Node.js on macos-latest)	UNKNOWN STEP	2026-05-03T13:38:32.4481170Z # Subtest: linoToJson - nested object
Test (Node.js on macos-latest)	UNKNOWN STEP	2026-05-03T13:38:32.4481420Z ok 94 - linoToJson - nested object
Test (Node.js on macos-latest)	UNKNOWN STEP	2026-05-03T13:38:32.4481580Z   ---
Test (Node.js on macos-latest)	UNKNOWN STEP	2026-05-03T13:38:32.4481710Z   duration_ms: 0.399417
Test (Node.js on macos-latest)	UNKNOWN STEP	2026-05-03T13:38:32.4481850Z   type: 'test'
Test (Node.js on macos-latest)	UNKNOWN STEP	2026-05-03T13:38:32.4481970Z   ...
Test (Node.js on macos-latest)	UNKNOWN STEP	2026-05-03T13:38:32.4482200Z # Subtest: linoToJson - object with array value
Test (Node.js on macos-latest)	UNKNOWN STEP	2026-05-03T13:38:32.4482500Z ok 95 - linoToJson - object with array value
Test (Node.js on macos-latest)	UNKNOWN STEP	2026-05-03T13:38:32.4482690Z   ---
Test (Node.js on macos-latest)	UNKNOWN STEP	2026-05-03T13:38:32.4482820Z   duration_ms: 0.127
Test (Node.js on macos-latest)	UNKNOWN STEP	2026-05-03T13:38:32.4482960Z   type: 'test'
Test (Node.js on macos-latest)	UNKNOWN STEP	2026-05-03T13:38:32.4483080Z   ...
Test (Node.js on macos-latest)	UNKNOWN STEP	2026-05-03T13:38:32.4483270Z # Subtest: roundtrip - simple object
Test (Node.js on macos-latest)	UNKNOWN STEP	2026-05-03T13:38:32.4483760Z ok 96 - roundtrip - simple object
Test (Node.js on macos-latest)	UNKNOWN STEP	2026-05-03T13:38:32.4483930Z   ---
Test (Node.js on macos-latest)	UNKNOWN STEP	2026-05-03T13:38:32.4484060Z   duration_ms: 0.086958
Test (Node.js on macos-latest)	UNKNOWN STEP	2026-05-03T13:38:32.4484210Z   type: 'test'
Test (Node.js on macos-latest)	UNKNOWN STEP	2026-05-03T13:38:32.4484330Z   ...
Test (Node.js on macos-latest)	UNKNOWN STEP	2026-05-03T13:38:32.4484510Z # Subtest: roundtrip - nested object
Test (Node.js on macos-latest)	UNKNOWN STEP	2026-05-03T13:38:32.4484760Z ok 97 - roundtrip - nested object
Test (Node.js on macos-latest)	UNKNOWN STEP	2026-05-03T13:38:32.4484930Z   ---
Test (Node.js on macos-latest)	UNKNOWN STEP	2026-05-03T13:38:32.4485050Z   duration_ms: 0.119959
Test (Node.js on macos-latest)	UNKNOWN STEP	2026-05-03T13:38:32.4485200Z   type: 'test'
Test (Node.js on macos-latest)	UNKNOWN STEP	2026-05-03T13:38:32.4485320Z   ...
Test (Node.js on macos-latest)	UNKNOWN STEP	2026-05-03T13:38:32.4485520Z # Subtest: roundtrip - object with array
Test (Node.js on macos-latest)	UNKNOWN STEP	2026-05-03T13:38:32.4485780Z ok 98 - roundtrip - object with array
Test (Node.js on macos-latest)	UNKNOWN STEP	2026-05-03T13:38:32.4485950Z   ---
Test (Node.js on macos-latest)	UNKNOWN STEP	2026-05-03T13:38:32.4486080Z   duration_ms: 0.070333
Test (Node.js on macos-latest)	UNKNOWN STEP	2026-05-03T13:38:32.4486220Z   type: 'test'
Test (Node.js on macos-latest)	UNKNOWN STEP	2026-05-03T13:38:32.4486350Z   ...
Test (Node.js on macos-latest)	UNKNOWN STEP	2026-05-03T13:38:32.4486540Z # Subtest: roundtrip - complex object
Test (Node.js on macos-latest)	UNKNOWN STEP	2026-05-03T13:38:32.4486790Z ok 99 - roundtrip - complex object
Test (Node.js on macos-latest)	UNKNOWN STEP	2026-05-03T13:38:32.4486960Z   ---
Test (Node.js on macos-latest)	UNKNOWN STEP	2026-05-03T13:38:32.4487080Z   duration_ms: 0.115958
Test (Node.js on macos-latest)	UNKNOWN STEP	2026-05-03T13:38:32.4487230Z   type: 'test'
Test (Node.js on macos-latest)	UNKNOWN STEP	2026-05-03T13:38:32.4487350Z   ...
Test (Node.js on macos-latest)	UNKNOWN STEP	2026-05-03T13:38:32.4487540Z # Subtest: formatAsLino - empty array
Test (Node.js on macos-latest)	UNKNOWN STEP	2026-05-03T13:38:32.4487790Z ok 100 - formatAsLino - empty array
Test (Node.js on macos-latest)	UNKNOWN STEP	2026-05-03T13:38:32.4487960Z   ---
Test (Node.js on macos-latest)	UNKNOWN STEP	2026-05-03T13:38:32.4488090Z   duration_ms: 0.055917
Test (Node.js on macos-latest)	UNKNOWN STEP	2026-05-03T13:38:32.4488230Z   type: 'test'
Test (Node.js on macos-latest)	UNKNOWN STEP	2026-05-03T13:38:32.4488350Z   ...
Test (Node.js on macos-latest)	UNKNOWN STEP	2026-05-03T13:38:32.4488550Z # Subtest: formatAsLino - array of values
Test (Node.js on macos-latest)	UNKNOWN STEP	2026-05-03T13:38:32.4488820Z ok 101 - formatAsLino - array of values
Test (Node.js on macos-latest)	UNKNOWN STEP	2026-05-03T13:38:32.4489000Z   ---
Test (Node.js on macos-latest)	UNKNOWN STEP	2026-05-03T13:38:32.4489130Z   duration_ms: 0.046041
Test (Node.js on macos-latest)	UNKNOWN STEP	2026-05-03T13:38:32.4489280Z   type: 'test'
Test (Node.js on macos-latest)	UNKNOWN STEP	2026-05-03T13:38:32.4489400Z   ...
Test (Node.js on macos-latest)	UNKNOWN STEP	2026-05-03T13:38:32.4489600Z # Subtest: formatIndented - basic object
Test (Node.js on macos-latest)	UNKNOWN STEP	2026-05-03T13:38:32.4489860Z ok 102 - formatIndented - basic object
Test (Node.js on macos-latest)	UNKNOWN STEP	2026-05-03T13:38:32.4490160Z   ---
Test (Node.js on macos-latest)	UNKNOWN STEP	2026-05-03T13:38:32.4490390Z   duration_ms: 0.10975
Test (Node.js on macos-latest)	UNKNOWN STEP	2026-05-03T13:38:32.4490540Z   type: 'test'
Test (Node.js on macos-latest)	UNKNOWN STEP	2026-05-03T13:38:32.4490650Z   ...
Test (Node.js on macos-latest)	UNKNOWN STEP	2026-05-03T13:38:32.4490880Z # Subtest: formatIndented - custom indentation
Test (Node.js on macos-latest)	UNKNOWN STEP	2026-05-03T13:38:32.4491180Z ok 103 - formatIndented - custom indentation
Test (Node.js on macos-latest)	UNKNOWN STEP	2026-05-03T13:38:32.4491370Z   ---
Test (Node.js on macos-latest)	UNKNOWN STEP	2026-05-03T13:38:32.4491500Z   duration_ms: 0.046125
Test (Node.js on macos-latest)	UNKNOWN STEP	2026-05-03T13:38:32.4491650Z   type: 'test'
Test (Node.js on macos-latest)	UNKNOWN STEP	2026-05-03T13:38:32.4491770Z   ...
Test (Node.js on macos-latest)	UNKNOWN STEP	2026-05-03T13:38:32.4492020Z # Subtest: formatIndented - value with double quotes
Test (Node.js on macos-latest)	UNKNOWN STEP	2026-05-03T13:38:32.4492350Z ok 104 - formatIndented - value with double quotes
Test (Node.js on macos-latest)	UNKNOWN STEP	2026-05-03T13:38:32.4492550Z   ---
Test (Node.js on macos-latest)	UNKNOWN STEP	2026-05-03T13:38:32.4492680Z   duration_ms: 0.037667
Test (Node.js on macos-latest)	UNKNOWN STEP	2026-05-03T13:38:32.4492820Z   type: 'test'
Test (Node.js on macos-latest)	UNKNOWN STEP	2026-05-03T13:38:32.4492940Z   ...
Test (Node.js on macos-latest)	UNKNOWN STEP	2026-05-03T13:38:32.4493150Z # Subtest: formatIndented - key with space
Test (Node.js on macos-latest)	UNKNOWN STEP	2026-05-03T13:38:32.4493420Z ok 105 - formatIndented - key with space
Test (Node.js on macos-latest)	UNKNOWN STEP	2026-05-03T13:38:32.4493600Z   ---
Test (Node.js on macos-latest)	UNKNOWN STEP	2026-05-03T13:38:32.4493720Z   duration_ms: 0.066542
Test (Node.js on macos-latest)	UNKNOWN STEP	2026-05-03T13:38:32.4493880Z   type: 'test'
Test (Node.js on macos-latest)	UNKNOWN STEP	2026-05-03T13:38:32.4493990Z   ...
Test (Node.js on macos-latest)	UNKNOWN STEP	2026-05-03T13:38:32.4494190Z # Subtest: formatIndented - null value
Test (Node.js on macos-latest)	UNKNOWN STEP	2026-05-03T13:38:32.4494450Z ok 106 - formatIndented - null value
Test (Node.js on macos-latest)	UNKNOWN STEP	2026-05-03T13:38:32.4494700Z   ---
Test (Node.js on macos-latest)	UNKNOWN STEP	2026-05-03T13:38:32.4494830Z   duration_ms: 0.075625
Test (Node.js on macos-latest)	UNKNOWN STEP	2026-05-03T13:38:32.4494970Z   type: 'test'
Test (Node.js on macos-latest)	UNKNOWN STEP	2026-05-03T13:38:32.4495090Z   ...
Test (Node.js on macos-latest)	UNKNOWN STEP	2026-05-03T13:38:32.4495280Z # Subtest: formatIndented - requires id
Test (Node.js on macos-latest)	UNKNOWN STEP	2026-05-03T13:38:32.4495540Z ok 107 - formatIndented - requires id
Test (Node.js on macos-latest)	UNKNOWN STEP	2026-05-03T13:38:32.4495720Z   ---
Test (Node.js on macos-latest)	UNKNOWN STEP	2026-05-03T13:38:32.4495840Z   duration_ms: 0.227875
Test (Node.js on macos-latest)	UNKNOWN STEP	2026-05-03T13:38:32.4496000Z   type: 'test'
Test (Node.js on macos-latest)	UNKNOWN STEP	2026-05-03T13:38:32.4496120Z   ...
Test (Node.js on macos-latest)	UNKNOWN STEP	2026-05-03T13:38:32.4496340Z # Subtest: formatIndented - requires plain object
Test (Node.js on macos-latest)	UNKNOWN STEP	2026-05-03T13:38:32.4496660Z ok 108 - formatIndented - requires plain object
Test (Node.js on macos-latest)	UNKNOWN STEP	2026-05-03T13:38:32.4496860Z   ---
Test (Node.js on macos-latest)	UNKNOWN STEP	2026-05-03T13:38:32.4496990Z   duration_ms: 0.047375
Test (Node.js on macos-latest)	UNKNOWN STEP	2026-05-03T13:38:32.4497140Z   type: 'test'
Test (Node.js on macos-latest)	UNKNOWN STEP	2026-05-03T13:38:32.4497250Z   ...
Test (Node.js on macos-latest)	UNKNOWN STEP	2026-05-03T13:38:32.4497460Z # Subtest: parseIndented - basic object
Test (Node.js on macos-latest)	UNKNOWN STEP	2026-05-03T13:38:32.4497720Z ok 109 - parseIndented - basic object
Test (Node.js on macos-latest)	UNKNOWN STEP	2026-05-03T13:38:32.4497890Z   ---
Test (Node.js on macos-latest)	UNKNOWN STEP	2026-05-03T13:38:32.4498130Z   duration_ms: 0.288
Test (Node.js on macos-latest)	UNKNOWN STEP	2026-05-03T13:38:32.4498280Z   type: 'test'
Test (Node.js on macos-latest)	UNKNOWN STEP	2026-05-03T13:38:32.4498410Z   ...
Test (Node.js on macos-latest)	UNKNOWN STEP	2026-05-03T13:38:32.4498620Z # Subtest: parseIndented - value with quotes
Test (Node.js on macos-latest)	UNKNOWN STEP	2026-05-03T13:38:32.4498900Z ok 110 - parseIndented - value with quotes
Test (Node.js on macos-latest)	UNKNOWN STEP	2026-05-03T13:38:32.4499090Z   ---
Test (Node.js on macos-latest)	UNKNOWN STEP	2026-05-03T13:38:32.4499220Z   duration_ms: 0.096459
Test (Node.js on macos-latest)	UNKNOWN STEP	2026-05-03T13:38:32.4499360Z   type: 'test'
Test (Node.js on macos-latest)	UNKNOWN STEP	2026-05-03T13:38:32.4499490Z   ...
Test (Node.js on macos-latest)	UNKNOWN STEP	2026-05-03T13:38:32.4499720Z # Subtest: parseIndented - empty lines are skipped
Test (Node.js on macos-latest)	UNKNOWN STEP	2026-05-03T13:38:32.4500040Z ok 111 - parseIndented - empty lines are skipped
Test (Node.js on macos-latest)	UNKNOWN STEP	2026-05-03T13:38:32.4500240Z   ---
Test (Node.js on macos-latest)	UNKNOWN STEP	2026-05-03T13:38:32.4500360Z   duration_ms: 0.076417
Test (Node.js on macos-latest)	UNKNOWN STEP	2026-05-03T13:38:32.4500510Z   type: 'test'
Test (Node.js on macos-latest)	UNKNOWN STEP	2026-05-03T13:38:32.4500630Z   ...
Test (Node.js on macos-latest)	UNKNOWN STEP	2026-05-03T13:38:32.4500830Z # Subtest: parseIndented - requires text
Test (Node.js on macos-latest)	UNKNOWN STEP	2026-05-03T13:38:32.4501100Z ok 112 - parseIndented - requires text
Test (Node.js on macos-latest)	UNKNOWN STEP	2026-05-03T13:38:32.4501280Z   ---
Test (Node.js on macos-latest)	UNKNOWN STEP	2026-05-03T13:38:32.4501400Z   duration_ms: 0.046334
Test (Node.js on macos-latest)	UNKNOWN STEP	2026-05-03T13:38:32.4501550Z   type: 'test'
Test (Node.js on macos-latest)	UNKNOWN STEP	2026-05-03T13:38:32.4501680Z   ...
Test (Node.js on macos-latest)	UNKNOWN STEP	2026-05-03T13:38:32.4501940Z # Subtest: formatIndented/parseIndented roundtrip - basic
Test (Node.js on macos-latest)	UNKNOWN STEP	2026-05-03T13:38:32.4502320Z ok 113 - formatIndented/parseIndented roundtrip - basic
Test (Node.js on macos-latest)	UNKNOWN STEP	2026-05-03T13:38:32.4502540Z   ---
Test (Node.js on macos-latest)	UNKNOWN STEP	2026-05-03T13:38:32.4502660Z   duration_ms: 0.126916
Test (Node.js on macos-latest)	UNKNOWN STEP	2026-05-03T13:38:32.4502810Z   type: 'test'
Test (Node.js on macos-latest)	UNKNOWN STEP	2026-05-03T13:38:32.4502930Z   ...
Test (Node.js on macos-latest)	UNKNOWN STEP	2026-05-03T13:38:32.4503220Z # Subtest: formatIndented/parseIndented roundtrip - with quotes
Test (Node.js on macos-latest)	UNKNOWN STEP	2026-05-03T13:38:32.4503640Z ok 114 - formatIndented/parseIndented roundtrip - with quotes
Test (Node.js on macos-latest)	UNKNOWN STEP	2026-05-03T13:38:32.4503870Z   ---
Test (Node.js on macos-latest)	UNKNOWN STEP	2026-05-03T13:38:32.4503990Z   duration_ms: 0.069916
Test (Node.js on macos-latest)	UNKNOWN STEP	2026-05-03T13:38:32.4504140Z   type: 'test'
Test (Node.js on macos-latest)	UNKNOWN STEP	2026-05-03T13:38:32.4504260Z   ...
Test (Node.js on macos-latest)	UNKNOWN STEP	2026-05-03T13:38:32.4911970Z # Subtest: levenshteinDistance
Test (Node.js on macos-latest)	UNKNOWN STEP	2026-05-03T13:38:32.4989770Z     # Subtest: should return 0 for identical strings
Test (Node.js on macos-latest)	UNKNOWN STEP	2026-05-03T13:38:32.4990840Z     ok 1 - should return 0 for identical strings
Test (Node.js on macos-latest)	UNKNOWN STEP	2026-05-03T13:38:32.4991110Z       ---
Test (Node.js on macos-latest)	UNKNOWN STEP	2026-05-03T13:38:32.4991310Z       duration_ms: 0.516042
Test (Node.js on macos-latest)	UNKNOWN STEP	2026-05-03T13:38:32.4991540Z       type: 'test'
Test (Node.js on macos-latest)	UNKNOWN STEP	2026-05-03T13:38:32.4991730Z       ...
Test (Node.js on macos-latest)	UNKNOWN STEP	2026-05-03T13:38:32.4992080Z     # Subtest: should return correct distance for single character difference
Test (Node.js on macos-latest)	UNKNOWN STEP	2026-05-03T13:38:32.4992580Z     ok 2 - should return correct distance for single character difference
Test (Node.js on macos-latest)	UNKNOWN STEP	2026-05-03T13:38:32.4992890Z       ---
Test (Node.js on macos-latest)	UNKNOWN STEP	2026-05-03T13:38:32.4993080Z       duration_ms: 0.073417
Test (Node.js on macos-latest)	UNKNOWN STEP	2026-05-03T13:38:32.4993310Z       type: 'test'
Test (Node.js on macos-latest)	UNKNOWN STEP	2026-05-03T13:38:32.4993490Z       ...
Test (Node.js on macos-latest)	UNKNOWN STEP	2026-05-03T13:38:32.4993800Z     # Subtest: should return length for completely different strings
Test (Node.js on macos-latest)	UNKNOWN STEP	2026-05-03T13:38:32.4994240Z     ok 3 - should return length for completely different strings
Test (Node.js on macos-latest)	UNKNOWN STEP	2026-05-03T13:38:32.4994540Z       ---
Test (Node.js on macos-latest)	UNKNOWN STEP	2026-05-03T13:38:32.4994770Z       duration_ms: 0.056584
Test (Node.js on macos-latest)	UNKNOWN STEP	2026-05-03T13:38:32.4994990Z       type: 'test'
Test (Node.js on macos-latest)	UNKNOWN STEP	2026-05-03T13:38:32.4995180Z       ...
Test (Node.js on macos-latest)	UNKNOWN STEP	2026-05-03T13:38:32.4995410Z     # Subtest: should handle empty strings
Test (Node.js on macos-latest)	UNKNOWN STEP	2026-05-03T13:38:32.4995710Z     ok 4 - should handle empty strings
Test (Node.js on macos-latest)	UNKNOWN STEP	2026-05-03T13:38:32.4995950Z       ---
Test (Node.js on macos-latest)	UNKNOWN STEP	2026-05-03T13:38:32.4996140Z       duration_ms: 0.051416
Test (Node.js on macos-latest)	UNKNOWN STEP	2026-05-03T13:38:32.4996350Z       type: 'test'
Test (Node.js on macos-latest)	UNKNOWN STEP	2026-05-03T13:38:32.4996530Z       ...
Test (Node.js on macos-latest)	UNKNOWN STEP	2026-05-03T13:38:32.4996800Z     # Subtest: should handle case-sensitive comparison
Test (Node.js on macos-latest)	UNKNOWN STEP	2026-05-03T13:38:32.4997160Z     ok 5 - should handle case-sensitive comparison
Test (Node.js on macos-latest)	UNKNOWN STEP	2026-05-03T13:38:32.4997410Z       ---
Test (Node.js on macos-latest)	UNKNOWN STEP	2026-05-03T13:38:32.4997600Z       duration_ms: 0.493041
Test (Node.js on macos-latest)	UNKNOWN STEP	2026-05-03T13:38:32.4997820Z       type: 'test'
Test (Node.js on macos-latest)	UNKNOWN STEP	2026-05-03T13:38:32.4998000Z       ...
Test (Node.js on macos-latest)	UNKNOWN STEP	2026-05-03T13:38:32.4998170Z     1..5
Test (Node.js on macos-latest)	UNKNOWN STEP	2026-05-03T13:38:32.4998380Z ok 115 - levenshteinDistance
Test (Node.js on macos-latest)	UNKNOWN STEP	2026-05-03T13:38:32.4998600Z   ---
Test (Node.js on macos-latest)	UNKNOWN STEP	2026-05-03T13:38:32.4998780Z   duration_ms: 1.792917
Test (Node.js on macos-latest)	UNKNOWN STEP	2026-05-03T13:38:32.4998980Z   type: 'suite'
Test (Node.js on macos-latest)	UNKNOWN STEP	2026-05-03T13:38:32.4999160Z   ...
Test (Node.js on macos-latest)	UNKNOWN STEP	2026-05-03T13:38:32.4999370Z # Subtest: stringSimilarity
Test (Node.js on macos-latest)	UNKNOWN STEP	2026-05-03T13:38:32.4999670Z     # Subtest: should return 1 for identical strings
Test (Node.js on macos-latest)	UNKNOWN STEP	2026-05-03T13:38:32.5000010Z     ok 1 - should return 1 for identical strings
Test (Node.js on macos-latest)	UNKNOWN STEP	2026-05-03T13:38:32.5000270Z       ---
Test (Node.js on macos-latest)	UNKNOWN STEP	2026-05-03T13:38:32.5000710Z       duration_ms: 0.085125
Test (Node.js on macos-latest)	UNKNOWN STEP	2026-05-03T13:38:32.5000950Z       type: 'test'
Test (Node.js on macos-latest)	UNKNOWN STEP	2026-05-03T13:38:32.5011360Z       ...
Test (Node.js on macos-latest)	UNKNOWN STEP	2026-05-03T13:38:32.5011760Z     # Subtest: should return 0 for completely different strings
Test (Node.js on macos-latest)	UNKNOWN STEP	2026-05-03T13:38:32.5012180Z     ok 2 - should return 0 for completely different strings
Test (Node.js on macos-latest)	UNKNOWN STEP	2026-05-03T13:38:32.5012470Z       ---
Test (Node.js on macos-latest)	UNKNOWN STEP	2026-05-03T13:38:32.5012660Z       duration_ms: 0.142667
Test (Node.js on macos-latest)	UNKNOWN STEP	2026-05-03T13:38:32.5012870Z       type: 'test'
Test (Node.js on macos-latest)	UNKNOWN STEP	2026-05-03T13:38:32.5013080Z       ...
Test (Node.js on macos-latest)	UNKNOWN STEP	2026-05-03T13:38:32.5013410Z     # Subtest: should return value between 0 and 1 for similar strings
Test (Node.js on macos-latest)	UNKNOWN STEP	2026-05-03T13:38:32.5013810Z     ok 3 - should return value between 0 and 1 for similar strings
Test (Node.js on macos-latest)	UNKNOWN STEP	2026-05-03T13:38:32.5014100Z       ---
Test (Node.js on macos-latest)	UNKNOWN STEP	2026-05-03T13:38:32.5014290Z       duration_ms: 0.22075
Test (Node.js on macos-latest)	UNKNOWN STEP	2026-05-03T13:38:32.5014470Z       type: 'test'
Test (Node.js on macos-latest)	UNKNOWN STEP	2026-05-03T13:38:32.5014610Z       ...
Test (Node.js on macos-latest)	UNKNOWN STEP	2026-05-03T13:38:32.5014830Z     # Subtest: should handle different length strings
Test (Node.js on macos-latest)	UNKNOWN STEP	2026-05-03T13:38:32.5015200Z     ok 4 - should handle different length strings
Test (Node.js on macos-latest)	UNKNOWN STEP	2026-05-03T13:38:32.5015430Z       ---
Test (Node.js on macos-latest)	UNKNOWN STEP	2026-05-03T13:38:32.5015560Z       duration_ms: 0.158542
Test (Node.js on macos-latest)	UNKNOWN STEP	2026-05-03T13:38:32.5015730Z       type: 'test'
Test (Node.js on macos-latest)	UNKNOWN STEP	2026-05-03T13:38:32.5015860Z       ...
Test (Node.js on macos-latest)	UNKNOWN STEP	2026-05-03T13:38:32.5015980Z     1..4
Test (Node.js on macos-latest)	UNKNOWN STEP	2026-05-03T13:38:32.5016130Z ok 116 - stringSimilarity
Test (Node.js on macos-latest)	UNKNOWN STEP	2026-05-03T13:38:32.5016280Z   ---
Test (Node.js on macos-latest)	UNKNOWN STEP	2026-05-03T13:38:32.5016400Z   duration_ms: 0.906208
Test (Node.js on macos-latest)	UNKNOWN STEP	2026-05-03T13:38:32.5016560Z   type: 'suite'
Test (Node.js on macos-latest)	UNKNOWN STEP	2026-05-03T13:38:32.5016680Z   ...
Test (Node.js on macos-latest)	UNKNOWN STEP	2026-05-03T13:38:32.5016840Z # Subtest: normalizeQuestion
Test (Node.js on macos-latest)	UNKNOWN STEP	2026-05-03T13:38:32.5017070Z     # Subtest: should convert to lowercase
Test (Node.js on macos-latest)	UNKNOWN STEP	2026-05-03T13:38:32.5017300Z     ok 1 - should convert to lowercase
Test (Node.js on macos-latest)	UNKNOWN STEP	2026-05-03T13:38:32.5017480Z       ---
Test (Node.js on macos-latest)	UNKNOWN STEP	2026-05-03T13:38:32.5017620Z       duration_ms: 0.188167
Test (Node.js on macos-latest)	UNKNOWN STEP	2026-05-03T13:38:32.5017780Z       type: 'test'
Test (Node.js on macos-latest)	UNKNOWN STEP	2026-05-03T13:38:32.5018150Z       ...
Test (Node.js on macos-latest)	UNKNOWN STEP	2026-05-03T13:38:32.5018320Z     # Subtest: should remove punctuation
Test (Node.js on macos-latest)	UNKNOWN STEP	2026-05-03T13:38:32.5018560Z     ok 2 - should remove punctuation
Test (Node.js on macos-latest)	UNKNOWN STEP	2026-05-03T13:38:32.5018730Z       ---
Test (Node.js on macos-latest)	UNKNOWN STEP	2026-05-03T13:38:32.5018860Z       duration_ms: 0.044625
Test (Node.js on macos-latest)	UNKNOWN STEP	2026-05-03T13:38:32.5019020Z       type: 'test'
Test (Node.js on macos-latest)	UNKNOWN STEP	2026-05-03T13:38:32.5019150Z       ...
Test (Node.js on macos-latest)	UNKNOWN STEP	2026-05-03T13:38:32.5019340Z     # Subtest: should standardize whitespace
Test (Node.js on macos-latest)	UNKNOWN STEP	2026-05-03T13:38:32.5019580Z     ok 3 - should standardize whitespace
Test (Node.js on macos-latest)	UNKNOWN STEP	2026-05-03T13:38:32.5019770Z       ---
Test (Node.js on macos-latest)	UNKNOWN STEP	2026-05-03T13:38:32.5019900Z       duration_ms: 0.038125
Test (Node.js on macos-latest)	UNKNOWN STEP	2026-05-03T13:38:32.5020060Z       type: 'test'
Test (Node.js on macos-latest)	UNKNOWN STEP	2026-05-03T13:38:32.5020190Z       ...
Test (Node.js on macos-latest)	UNKNOWN STEP	2026-05-03T13:38:32.5020390Z     # Subtest: should handle combined normalization
Test (Node.js on macos-latest)	UNKNOWN STEP	2026-05-03T13:38:32.5020680Z     ok 4 - should handle combined normalization
Test (Node.js on macos-latest)	UNKNOWN STEP	2026-05-03T13:38:32.5020880Z       ---
Test (Node.js on macos-latest)	UNKNOWN STEP	2026-05-03T13:38:32.5021010Z       duration_ms: 0.034625
Test (Node.js on macos-latest)	UNKNOWN STEP	2026-05-03T13:38:32.5021180Z       type: 'test'
Test (Node.js on macos-latest)	UNKNOWN STEP	2026-05-03T13:38:32.5021310Z       ...
Test (Node.js on macos-latest)	UNKNOWN STEP	2026-05-03T13:38:32.5021450Z     1..4
Test (Node.js on macos-latest)	UNKNOWN STEP	2026-05-03T13:38:32.5021610Z ok 117 - normalizeQuestion
Test (Node.js on macos-latest)	UNKNOWN STEP	2026-05-03T13:38:32.5021760Z   ---
Test (Node.js on macos-latest)	UNKNOWN STEP	2026-05-03T13:38:32.5021890Z   duration_ms: 0.368375
Test (Node.js on macos-latest)	UNKNOWN STEP	2026-05-03T13:38:32.5022040Z   type: 'suite'
Test (Node.js on macos-latest)	UNKNOWN STEP	2026-05-03T13:38:32.5022170Z   ...
Test (Node.js on macos-latest)	UNKNOWN STEP	2026-05-03T13:38:32.5022370Z # Subtest: extractKeywords
Test (Node.js on macos-latest)	UNKNOWN STEP	2026-05-03T13:38:32.5022680Z     # Subtest: should extract all keywords when no stopwords provided
Test (Node.js on macos-latest)	UNKNOWN STEP	2026-05-03T13:38:32.5023060Z     ok 1 - should extract all keywords when no stopwords provided
Test (Node.js on macos-latest)	UNKNOWN STEP	2026-05-03T13:38:32.5023350Z       ---
Test (Node.js on macos-latest)	UNKNOWN STEP	2026-05-03T13:38:32.5023480Z       duration_ms: 0.140083
Test (Node.js on macos-latest)	UNKNOWN STEP	2026-05-03T13:38:32.5023640Z       type: 'test'
Test (Node.js on macos-latest)	UNKNOWN STEP	2026-05-03T13:38:32.5023770Z       ...
Test (Node.js on macos-latest)	UNKNOWN STEP	2026-05-03T13:38:32.5024010Z     # Subtest: should filter out English stopwords when provided
Test (Node.js on macos-latest)	UNKNOWN STEP	2026-05-03T13:38:32.5024360Z     ok 2 - should filter out English stopwords when provided
Test (Node.js on macos-latest)	UNKNOWN STEP	2026-05-03T13:38:32.5024580Z       ---
Test (Node.js on macos-latest)	UNKNOWN STEP	2026-05-03T13:38:32.5024720Z       duration_ms: 0.04425
Test (Node.js on macos-latest)	UNKNOWN STEP	2026-05-03T13:38:32.5024880Z       type: 'test'
Test (Node.js on macos-latest)	UNKNOWN STEP	2026-05-03T13:38:32.5025020Z       ...
Test (Node.js on macos-latest)	UNKNOWN STEP	2026-05-03T13:38:32.5025350Z     # Subtest: should filter out Russian stopwords when provided
Test (Node.js on macos-latest)	UNKNOWN STEP	2026-05-03T13:38:32.5026170Z     ok 3 - should filter out Russian stopwords when provided
Test (Node.js on macos-latest)	UNKNOWN STEP	2026-05-03T13:38:32.5026530Z       ---
Test (Node.js on macos-latest)	UNKNOWN STEP	2026-05-03T13:38:32.5026690Z       duration_ms: 0.087792
Test (Node.js on macos-latest)	UNKNOWN STEP	2026-05-03T13:38:32.5026860Z       type: 'test'
Test (Node.js on macos-latest)	UNKNOWN STEP	2026-05-03T13:38:32.5027080Z       ...
Test (Node.js on macos-latest)	UNKNOWN STEP	2026-05-03T13:38:32.5027280Z     # Subtest: should add stems for longer words
Test (Node.js on macos-latest)	UNKNOWN STEP	2026-05-03T13:38:32.5027700Z     ok 4 - should add stems for longer words
Test (Node.js on macos-latest)	UNKNOWN STEP	2026-05-03T13:38:32.5027900Z       ---
Test (Node.js on macos-latest)	UNKNOWN STEP	2026-05-03T13:38:32.5028030Z       duration_ms: 0.038625
Test (Node.js on macos-latest)	UNKNOWN STEP	2026-05-03T13:38:32.5028190Z       type: 'test'
Test (Node.js on macos-latest)	UNKNOWN STEP	2026-05-03T13:38:32.5028320Z       ...
Test (Node.js on macos-latest)	UNKNOWN STEP	2026-05-03T13:38:32.5028520Z     # Subtest: should respect minWordLength option
Test (Node.js on macos-latest)	UNKNOWN STEP	2026-05-03T13:38:32.5028810Z     ok 5 - should respect minWordLength option
Test (Node.js on macos-latest)	UNKNOWN STEP	2026-05-03T13:38:32.5029010Z       ---
Test (Node.js on macos-latest)	UNKNOWN STEP	2026-05-03T13:38:32.5029140Z       duration_ms: 0.039166
Test (Node.js on macos-latest)	UNKNOWN STEP	2026-05-03T13:38:32.5029300Z       type: 'test'
Test (Node.js on macos-latest)	UNKNOWN STEP	2026-05-03T13:38:32.5029430Z       ...
Test (Node.js on macos-latest)	UNKNOWN STEP	2026-05-03T13:38:32.5029660Z     # Subtest: should disable stemming when stemLength is 0
Test (Node.js on macos-latest)	UNKNOWN STEP	2026-05-03T13:38:32.5029980Z     ok 6 - should disable stemming when stemLength is 0
Test (Node.js on macos-latest)	UNKNOWN STEP	2026-05-03T13:38:32.5030190Z       ---
Test (Node.js on macos-latest)	UNKNOWN STEP	2026-05-03T13:38:32.5030320Z       duration_ms: 0.033416
Test (Node.js on macos-latest)	UNKNOWN STEP	2026-05-03T13:38:32.5030480Z       type: 'test'
Test (Node.js on macos-latest)	UNKNOWN STEP	2026-05-03T13:38:32.5030610Z       ...
Test (Node.js on macos-latest)	UNKNOWN STEP	2026-05-03T13:38:32.5030720Z     1..6
Test (Node.js on macos-latest)	UNKNOWN STEP	2026-05-03T13:38:32.5030870Z ok 118 - extractKeywords
Test (Node.js on macos-latest)	UNKNOWN STEP	2026-05-03T13:38:32.5031020Z   ---
Test (Node.js on macos-latest)	UNKNOWN STEP	2026-05-03T13:38:32.5031140Z   duration_ms: 0.446833
Test (Node.js on macos-latest)	UNKNOWN STEP	2026-05-03T13:38:32.5048980Z   type: 'suite'
Test (Node.js on macos-latest)	UNKNOWN STEP	2026-05-03T13:38:32.5049150Z   ...
Test (Node.js on macos-latest)	UNKNOWN STEP	2026-05-03T13:38:32.5049320Z # Subtest: keywordSimilarity
Test (Node.js on macos-latest)	UNKNOWN STEP	2026-05-03T13:38:32.5049600Z     # Subtest: should return 1 for identical questions
Test (Node.js on macos-latest)	UNKNOWN STEP	2026-05-03T13:38:32.5049910Z     ok 1 - should return 1 for identical questions
Test (Node.js on macos-latest)	UNKNOWN STEP	2026-05-03T13:38:32.5050110Z       ---
Test (Node.js on macos-latest)	UNKNOWN STEP	2026-05-03T13:38:32.5050250Z       duration_ms: 0.143959
Test (Node.js on macos-latest)	UNKNOWN STEP	2026-05-03T13:38:32.5050420Z       type: 'test'
Test (Node.js on macos-latest)	UNKNOWN STEP	2026-05-03T13:38:32.5050910Z       ...
Test (Node.js on macos-latest)	UNKNOWN STEP	2026-05-03T13:38:32.5051180Z     # Subtest: should return positive similarity for similar questions
Test (Node.js on macos-latest)	UNKNOWN STEP	2026-05-03T13:38:32.5051580Z     ok 2 - should return positive similarity for similar questions
Test (Node.js on macos-latest)	UNKNOWN STEP	2026-05-03T13:38:32.5051820Z       ---
Test (Node.js on macos-latest)	UNKNOWN STEP	2026-05-03T13:38:32.5051960Z       duration_ms: 0.040042
Test (Node.js on macos-latest)	UNKNOWN STEP	2026-05-03T13:38:32.5052120Z       type: 'test'
Test (Node.js on macos-latest)	UNKNOWN STEP	2026-05-03T13:38:32.5052250Z       ...
Test (Node.js on macos-latest)	UNKNOWN STEP	2026-05-03T13:38:32.5052510Z     # Subtest: should return low similarity for different questions
Test (Node.js on macos-latest)	UNKNOWN STEP	2026-05-03T13:38:32.5052870Z     ok 3 - should return low similarity for different questions
Test (Node.js on macos-latest)	UNKNOWN STEP	2026-05-03T13:38:32.5053100Z       ---
Test (Node.js on macos-latest)	UNKNOWN STEP	2026-05-03T13:38:32.5053230Z       duration_ms: 0.038334
Test (Node.js on macos-latest)	UNKNOWN STEP	2026-05-03T13:38:32.5053380Z       type: 'test'
Test (Node.js on macos-latest)	UNKNOWN STEP	2026-05-03T13:38:32.5053520Z       ...
Test (Node.js on macos-latest)	UNKNOWN STEP	2026-05-03T13:38:32.5057310Z     # Subtest: should return 0 for completely different questions
Test (Node.js on macos-latest)	UNKNOWN STEP	2026-05-03T13:38:32.5057750Z     ok 4 - should return 0 for completely different questions
Test (Node.js on macos-latest)	UNKNOWN STEP	2026-05-03T13:38:32.5058040Z       ---
Test (Node.js on macos-latest)	UNKNOWN STEP	2026-05-03T13:38:32.5058240Z       duration_ms: 0.036666
Test (Node.js on macos-latest)	UNKNOWN STEP	2026-05-03T13:38:32.5058460Z       type: 'test'
Test (Node.js on macos-latest)	UNKNOWN STEP	2026-05-03T13:38:32.5059280Z       ...
Test (Node.js on macos-latest)	UNKNOWN STEP	2026-05-03T13:38:32.5059400Z     1..4
Test (Node.js on macos-latest)	UNKNOWN STEP	2026-05-03T13:38:32.5059550Z ok 119 - keywordSimilarity
Test (Node.js on macos-latest)	UNKNOWN STEP	2026-05-03T13:38:32.5059700Z   ---
Test (Node.js on macos-latest)	UNKNOWN STEP	2026-05-03T13:38:32.5059830Z   duration_ms: 0.3495
Test (Node.js on macos-latest)	UNKNOWN STEP	2026-05-03T13:38:32.5059980Z   type: 'suite'
Test (Node.js on macos-latest)	UNKNOWN STEP	2026-05-03T13:38:32.5060100Z   ...
Test (Node.js on macos-latest)	UNKNOWN STEP	2026-05-03T13:38:32.5060240Z # Subtest: findBestMatch
Test (Node.js on macos-latest)	UNKNOWN STEP	2026-05-03T13:38:32.5060490Z     # Subtest: should return exact match with score 1.0
Test (Node.js on macos-latest)	UNKNOWN STEP	2026-05-03T13:38:32.5060790Z     ok 1 - should return exact match with score 1.0
Test (Node.js on macos-latest)	UNKNOWN STEP	2026-05-03T13:38:32.5061060Z       ---
Test (Node.js on macos-latest)	UNKNOWN STEP	2026-05-03T13:38:32.5061300Z       duration_ms: 0.0965
Test (Node.js on macos-latest)	UNKNOWN STEP	2026-05-03T13:38:32.5061860Z       type: 'test'
Test (Node.js on macos-latest)	UNKNOWN STEP	2026-05-03T13:38:32.5062320Z       ...
Test (Node.js on macos-latest)	UNKNOWN STEP	2026-05-03T13:38:32.5062610Z     # Subtest: should find similar question with low threshold
Test (Node.js on macos-latest)	UNKNOWN STEP	2026-05-03T13:38:32.5062960Z     ok 2 - should find similar question with low threshold
Test (Node.js on macos-latest)	UNKNOWN STEP	2026-05-03T13:38:32.5063390Z       ---
Test (Node.js on macos-latest)	UNKNOWN STEP	2026-05-03T13:38:32.5063530Z       duration_ms: 0.219792
Test (Node.js on macos-latest)	UNKNOWN STEP	2026-05-03T13:38:32.5064340Z       type: 'test'
Test (Node.js on macos-latest)	UNKNOWN STEP	2026-05-03T13:38:32.5064470Z       ...
Test (Node.js on macos-latest)	UNKNOWN STEP	2026-05-03T13:38:32.5064930Z     # Subtest: should return null when no match above threshold
Test (Node.js on macos-latest)	UNKNOWN STEP	2026-05-03T13:38:32.5065290Z     ok 3 - should return null when no match above threshold
Test (Node.js on macos-latest)	UNKNOWN STEP	2026-05-03T13:38:32.5065510Z       ---
Test (Node.js on macos-latest)	UNKNOWN STEP	2026-05-03T13:38:32.5065640Z       duration_ms: 0.810042
Test (Node.js on macos-latest)	UNKNOWN STEP	2026-05-03T13:38:32.5065800Z       type: 'test'
Test (Node.js on macos-latest)	UNKNOWN STEP	2026-05-03T13:38:32.5065940Z       ...
Test (Node.js on macos-latest)	UNKNOWN STEP	2026-05-03T13:38:32.5066150Z     # Subtest: should respect threshold option
Test (Node.js on macos-latest)	UNKNOWN STEP	2026-05-03T13:38:32.5066400Z     ok 4 - should respect threshold option
Test (Node.js on macos-latest)	UNKNOWN STEP	2026-05-03T13:38:32.5066660Z       ---
Test (Node.js on macos-latest)	UNKNOWN STEP	2026-05-03T13:38:32.5067020Z       duration_ms: 0.307333
Test (Node.js on macos-latest)	UNKNOWN STEP	2026-05-03T13:38:32.5067340Z       type: 'test'
Test (Node.js on macos-latest)	UNKNOWN STEP	2026-05-03T13:38:32.5067580Z       ...
Test (Node.js on macos-latest)	UNKNOWN STEP	2026-05-03T13:38:32.5068460Z     # Subtest: should handle Russian questions
Test (Node.js on macos-latest)	UNKNOWN STEP	2026-05-03T13:38:32.5068720Z     ok 5 - should handle Russian questions
Test (Node.js on macos-latest)	UNKNOWN STEP	2026-05-03T13:38:32.5068900Z       ---
Test (Node.js on macos-latest)	UNKNOWN STEP	2026-05-03T13:38:32.5069040Z       duration_ms: 0.059042
Test (Node.js on macos-latest)	UNKNOWN STEP	2026-05-03T13:38:32.5069200Z       type: 'test'
Test (Node.js on macos-latest)	UNKNOWN STEP	2026-05-03T13:38:32.5069360Z       ...
Test (Node.js on macos-latest)	UNKNOWN STEP	2026-05-03T13:38:32.5069480Z     1..5
Test (Node.js on macos-latest)	UNKNOWN STEP	2026-05-03T13:38:32.5069630Z ok 120 - findBestMatch
Test (Node.js on macos-latest)	UNKNOWN STEP	2026-05-03T13:38:32.5069770Z   ---
Test (Node.js on macos-latest)	UNKNOWN STEP	2026-05-03T13:38:32.5069900Z   duration_ms: 1.57175
Test (Node.js on macos-latest)	UNKNOWN STEP	2026-05-03T13:38:32.5070050Z   type: 'suite'
Test (Node.js on macos-latest)	UNKNOWN STEP	2026-05-03T13:38:32.5070180Z   ...
Test (Node.js on macos-latest)	UNKNOWN STEP	2026-05-03T13:38:32.5070360Z # Subtest: findAllMatches
Test (Node.js on macos-latest)	UNKNOWN STEP	2026-05-03T13:38:32.5070610Z     # Subtest: should return all matches above threshold
Test (Node.js on macos-latest)	UNKNOWN STEP	2026-05-03T13:38:32.5070910Z     ok 1 - should return all matches above threshold
Test (Node.js on macos-latest)	UNKNOWN STEP	2026-05-03T13:38:32.5071120Z       ---
Test (Node.js on macos-latest)	UNKNOWN STEP	2026-05-03T13:38:32.5071240Z       duration_ms: 0.292666
Test (Node.js on macos-latest)	UNKNOWN STEP	2026-05-03T13:38:32.5071430Z       type: 'test'
Test (Node.js on macos-latest)	UNKNOWN STEP	2026-05-03T13:38:32.5071560Z       ...
Test (Node.js on macos-latest)	UNKNOWN STEP	2026-05-03T13:38:32.5071770Z     # Subtest: should sort matches by score descending
Test (Node.js on macos-latest)	UNKNOWN STEP	2026-05-03T13:38:32.5072070Z     ok 2 - should sort matches by score descending
Test (Node.js on macos-latest)	UNKNOWN STEP	2026-05-03T13:38:32.5072270Z       ---
Test (Node.js on macos-latest)	UNKNOWN STEP	2026-05-03T13:38:32.5072660Z       duration_ms: 0.172375
Test (Node.js on macos-latest)	UNKNOWN STEP	2026-05-03T13:38:32.5072820Z       type: 'test'
Test (Node.js on macos-latest)	UNKNOWN STEP	2026-05-03T13:38:32.5072950Z       ...
Test (Node.js on macos-latest)	UNKNOWN STEP	2026-05-03T13:38:32.5073170Z     # Subtest: should return empty array when no matches
Test (Node.js on macos-latest)	UNKNOWN STEP	2026-05-03T13:38:32.5073470Z     ok 3 - should return empty array when no matches
Test (Node.js on macos-latest)	UNKNOWN STEP	2026-05-03T13:38:32.5073670Z       ---
Test (Node.js on macos-latest)	UNKNOWN STEP	2026-05-03T13:38:32.5073800Z       duration_ms: 4.726625
Test (Node.js on macos-latest)	UNKNOWN STEP	2026-05-03T13:38:32.5073950Z       type: 'test'
Test (Node.js on macos-latest)	UNKNOWN STEP	2026-05-03T13:38:32.5074080Z       ...
Test (Node.js on macos-latest)	UNKNOWN STEP	2026-05-03T13:38:32.5074270Z     # Subtest: should include answer in results
Test (Node.js on macos-latest)	UNKNOWN STEP	2026-05-03T13:38:32.5074520Z     ok 4 - should include answer in results
Test (Node.js on macos-latest)	UNKNOWN STEP	2026-05-03T13:38:32.5074710Z       ---
Test (Node.js on macos-latest)	UNKNOWN STEP	2026-05-03T13:38:32.5074830Z       duration_ms: 0.271333
Test (Node.js on macos-latest)	UNKNOWN STEP	2026-05-03T13:38:32.5074990Z       type: 'test'
Test (Node.js on macos-latest)	UNKNOWN STEP	2026-05-03T13:38:32.5075120Z       ...
Test (Node.js on macos-latest)	UNKNOWN STEP	2026-05-03T13:38:32.5075220Z     1..4
Test (Node.js on macos-latest)	UNKNOWN STEP	2026-05-03T13:38:32.5075370Z ok 121 - findAllMatches
Test (Node.js on macos-latest)	UNKNOWN STEP	2026-05-03T13:38:32.5075510Z   ---
Test (Node.js on macos-latest)	UNKNOWN STEP	2026-05-03T13:38:32.5075630Z   duration_ms: 5.731666
Test (Node.js on macos-latest)	UNKNOWN STEP	2026-05-03T13:38:32.5075780Z   type: 'suite'
Test (Node.js on macos-latest)	UNKNOWN STEP	2026-05-03T13:38:32.5075910Z   ...
Test (Node.js on macos-latest)	UNKNOWN STEP	2026-05-03T13:38:32.5209520Z 1..121
Test (Node.js on macos-latest)	UNKNOWN STEP	2026-05-03T13:38:32.5209710Z # tests 146
Test (Node.js on macos-latest)	UNKNOWN STEP	2026-05-03T13:38:32.5293720Z # suites 7
Test (Node.js on macos-latest)	UNKNOWN STEP	2026-05-03T13:38:32.5294120Z # pass 146
Test (Node.js on macos-latest)	UNKNOWN STEP	2026-05-03T13:38:32.5294520Z # fail 0
Test (Node.js on macos-latest)	UNKNOWN STEP	2026-05-03T13:38:32.5294740Z # cancelled 0
Test (Node.js on macos-latest)	UNKNOWN STEP	2026-05-03T13:38:32.5294970Z # skipped 0
Test (Node.js on macos-latest)	UNKNOWN STEP	2026-05-03T13:38:32.5295180Z # todo 0
Test (Node.js on macos-latest)	UNKNOWN STEP	2026-05-03T13:38:32.5295420Z # duration_ms 200.399834
Test (Node.js on macos-latest)	UNKNOWN STEP	2026-05-03T13:38:32.5323830Z ##[group]Run npm run example
Test (Node.js on macos-latest)	UNKNOWN STEP	2026-05-03T13:38:32.5324050Z [36;1mnpm run example[0m
Test (Node.js on macos-latest)	UNKNOWN STEP	2026-05-03T13:38:32.5357800Z shell: /bin/bash -e {0}
Test (Node.js on macos-latest)	UNKNOWN STEP	2026-05-03T13:38:32.5358000Z ##[endgroup]
Test (Node.js on macos-latest)	UNKNOWN STEP	2026-05-03T13:38:32.6606850Z 
Test (Node.js on macos-latest)	UNKNOWN STEP	2026-05-03T13:38:32.6610640Z > lino-objects-codec@0.3.2 example
Test (Node.js on macos-latest)	UNKNOWN STEP	2026-05-03T13:38:32.6612150Z > node examples/basic_usage.js
Test (Node.js on macos-latest)	UNKNOWN STEP	2026-05-03T13:38:32.6613010Z 
Test (Node.js on macos-latest)	UNKNOWN STEP	2026-05-03T13:38:32.6959570Z === Link Notation Objects Codec Examples ===
Test (Node.js on macos-latest)	UNKNOWN STEP	2026-05-03T13:38:32.6960000Z 
Test (Node.js on macos-latest)	UNKNOWN STEP	2026-05-03T13:38:32.6960200Z 1. Basic Types:
Test (Node.js on macos-latest)	UNKNOWN STEP	2026-05-03T13:38:32.6974760Z   null                           -> (null)                                             -> null
Test (Node.js on macos-latest)	UNKNOWN STEP	2026-05-03T13:38:32.6975740Z   undefined                      -> (undefined)                                        -> undefined
Test (Node.js on macos-latest)	UNKNOWN STEP	2026-05-03T13:38:32.6976750Z   true                           -> (bool true)                                        -> true
Test (Node.js on macos-latest)	UNKNOWN STEP	2026-05-03T13:38:32.6977330Z   false                          -> (bool false)                                       -> false
Test (Node.js on macos-latest)	UNKNOWN STEP	2026-05-03T13:38:32.6979010Z   42                             -> (int 42)                                           -> 42
Test (Node.js on macos-latest)	UNKNOWN STEP	2026-05-03T13:38:32.6979990Z   3.14                           -> (float 3.14)                                       -> 3.14
Test (Node.js on macos-latest)	UNKNOWN STEP	2026-05-03T13:38:32.6981380Z   Hello, World!                  -> (str SGVsbG8sIFdvcmxkIQ==)                         -> Hello, World!
Test (Node.js on macos-latest)	UNKNOWN STEP	2026-05-03T13:38:32.6984190Z   Unicode: 你好世界 🌍               -> (str VW5pY29kZTog5L2g5aW95LiW55WMIPCfjI0=)         -> Unicode: 你好世界 🌍
Test (Node.js on macos-latest)	UNKNOWN STEP	2026-05-03T13:38:32.6984600Z 
Test (Node.js on macos-latest)	UNKNOWN STEP	2026-05-03T13:38:32.6984730Z 2. Collections:
Test (Node.js on macos-latest)	UNKNOWN STEP	2026-05-03T13:38:32.6984920Z   Array: [1,2,3,"hello",true]
Test (Node.js on macos-latest)	UNKNOWN STEP	2026-05-03T13:38:32.6985350Z   Encoded: (array (int 1) (int 2) (int 3) (str aGVsbG8=) (bool true))
Test (Node.js on macos-latest)	UNKNOWN STEP	2026-05-03T13:38:32.6988920Z   Decoded: [1,2,3,"hello",true]
Test (Node.js on macos-latest)	UNKNOWN STEP	2026-05-03T13:38:32.6989280Z   Match: true
Test (Node.js on macos-latest)	UNKNOWN STEP	2026-05-03T13:38:32.6989380Z 
Test (Node.js on macos-latest)	UNKNOWN STEP	2026-05-03T13:38:32.6989540Z   Object: {"name":"Alice","age":30,"active":true}
Test (Node.js on macos-latest)	UNKNOWN STEP	2026-05-03T13:38:32.6990020Z   Encoded: (object ((str bmFtZQ==) (str QWxpY2U=)) ((str YWdl) (int 30)) ((str YWN0aXZl) (bool true)))
Test (Node.js on macos-latest)	UNKNOWN STEP	2026-05-03T13:38:32.6991980Z   Decoded: {"name":"Alice","age":30,"active":true}
Test (Node.js on macos-latest)	UNKNOWN STEP	2026-05-03T13:38:32.6992340Z   Match: true
Test (Node.js on macos-latest)	UNKNOWN STEP	2026-05-03T13:38:32.6992450Z 
Test (Node.js on macos-latest)	UNKNOWN STEP	2026-05-03T13:38:32.6992830Z 3. Nested Structures:
Test (Node.js on macos-latest)	UNKNOWN STEP	2026-05-03T13:38:32.6993330Z   Original: {"users":[{"id":1,"name":"Alice","admin":true},{"id":2,"name":"Bob","admin":false}],"metadata":{"version":1,"count":2}}
Test (Node.js on macos-latest)	UNKNOWN STEP	2026-05-03T13:38:32.6995610Z   Encoded length: 296 characters
Test (Node.js on macos-latest)	UNKNOWN STEP	2026-05-03T13:38:32.7001740Z   Decoded: {"users":[{"id":1,"name":"Alice","admin":true},{"id":2,"name":"Bob","admin":false}],"metadata":{"version":1,"count":2}}
Test (Node.js on macos-latest)	UNKNOWN STEP	2026-05-03T13:38:32.7002440Z   Match: true
Test (Node.js on macos-latest)	UNKNOWN STEP	2026-05-03T13:38:32.7002540Z 
Test (Node.js on macos-latest)	UNKNOWN STEP	2026-05-03T13:38:32.7002620Z 4. Circular References:
Test (Node.js on macos-latest)	UNKNOWN STEP	2026-05-03T13:38:32.7002900Z   Created self-referencing array
Test (Node.js on macos-latest)	UNKNOWN STEP	2026-05-03T13:38:32.7003170Z   Encoded: (obj_0: array (int 1) (int 2) (int 3) obj_0)
Test (Node.js on macos-latest)	UNKNOWN STEP	2026-05-03T13:38:32.7003420Z   Decoded correctly: true
Test (Node.js on macos-latest)	UNKNOWN STEP	2026-05-03T13:38:32.7003790Z   Circular reference preserved: true
Test (Node.js on macos-latest)	UNKNOWN STEP	2026-05-03T13:38:32.7003930Z 
Test (Node.js on macos-latest)	UNKNOWN STEP	2026-05-03T13:38:32.7004040Z   Created self-referencing object
Test (Node.js on macos-latest)	UNKNOWN STEP	2026-05-03T13:38:32.7004390Z   Encoded: (obj_0: object ((str bmFtZQ==) (str cm9vdA==)) ((str c2VsZg==) obj_0))
Test (Node.js on macos-latest)	UNKNOWN STEP	2026-05-03T13:38:32.7004700Z   Decoded correctly: true
Test (Node.js on macos-latest)	UNKNOWN STEP	2026-05-03T13:38:32.7004910Z   Circular reference preserved: true
Test (Node.js on macos-latest)	UNKNOWN STEP	2026-05-03T13:38:32.7005110Z 
Test (Node.js on macos-latest)	UNKNOWN STEP	2026-05-03T13:38:32.7005200Z 5. Shared Object References:
Test (Node.js on macos-latest)	UNKNOWN STEP	2026-05-03T13:38:32.7005470Z   Created container with 3 references to same object
Test (Node.js on macos-latest)	UNKNOWN STEP	2026-05-03T13:38:32.7006120Z   Encoded: (object ((str Zmlyc3Q=) (obj_0: object ((str c2hhcmVk) (str ZGF0YQ==)) ((str dmFsdWU=) (int 42)))) ((str c2Vjb25k) obj_0) ((str dGhpcmQ=) obj_0))
Test (Node.js on macos-latest)	UNKNOWN STEP	2026-05-03T13:38:32.7006660Z   All three references point to same object: true
Test (Node.js on macos-latest)	UNKNOWN STEP	2026-05-03T13:38:32.7006970Z   Modified through 'first', visible in 'second': true
Test (Node.js on macos-latest)	UNKNOWN STEP	2026-05-03T13:38:32.7007140Z 
Test (Node.js on macos-latest)	UNKNOWN STEP	2026-05-03T13:38:32.7007300Z === All examples completed successfully! ===
Test (Node.js on macos-latest)	UNKNOWN STEP	2026-05-03T13:38:32.7117860Z Post job cleanup.
Test (Node.js on macos-latest)	UNKNOWN STEP	2026-05-03T13:38:32.8546710Z Post job cleanup.
Test (Node.js on macos-latest)	UNKNOWN STEP	2026-05-03T13:38:32.9457050Z [command]/opt/homebrew/bin/git version
Test (Node.js on macos-latest)	UNKNOWN STEP	2026-05-03T13:38:32.9516570Z git version 2.54.0
Test (Node.js on macos-latest)	UNKNOWN STEP	2026-05-03T13:38:32.9538520Z Copying '/Users/runner/.gitconfig' to '/Users/runner/work/_temp/9989b888-46c9-45ed-962f-f5bde6196338/.gitconfig'
Test (Node.js on macos-latest)	UNKNOWN STEP	2026-05-03T13:38:32.9545690Z Temporarily overriding HOME='/Users/runner/work/_temp/9989b888-46c9-45ed-962f-f5bde6196338' before making global git config changes
Test (Node.js on macos-latest)	UNKNOWN STEP	2026-05-03T13:38:32.9546500Z Adding repository directory to the temporary git global config as a safe directory
Test (Node.js on macos-latest)	UNKNOWN STEP	2026-05-03T13:38:32.9553480Z [command]/opt/homebrew/bin/git config --global --add safe.directory /Users/runner/work/lino-objects-codec/lino-objects-codec
Test (Node.js on macos-latest)	UNKNOWN STEP	2026-05-03T13:38:32.9619550Z [command]/opt/homebrew/bin/git config --local --name-only --get-regexp core\.sshCommand
Test (Node.js on macos-latest)	UNKNOWN STEP	2026-05-03T13:38:32.9679630Z [command]/opt/homebrew/bin/git submodule foreach --recursive sh -c "git config --local --name-only --get-regexp 'core\.sshCommand' && git config --local --unset-all 'core.sshCommand' || :"
Test (Node.js on macos-latest)	UNKNOWN STEP	2026-05-03T13:38:33.0426570Z [command]/opt/homebrew/bin/git config --local --name-only --get-regexp http\.https\:\/\/github\.com\/\.extraheader
Test (Node.js on macos-latest)	UNKNOWN STEP	2026-05-03T13:38:33.0480300Z http.https://github.com/.extraheader
Test (Node.js on macos-latest)	UNKNOWN STEP	2026-05-03T13:38:33.0488740Z [command]/opt/homebrew/bin/git config --local --unset-all http.https://github.com/.extraheader
Test (Node.js on macos-latest)	UNKNOWN STEP	2026-05-03T13:38:33.0551220Z [command]/opt/homebrew/bin/git submodule foreach --recursive sh -c "git config --local --name-only --get-regexp 'http\.https\:\/\/github\.com\/\.extraheader' && git config --local --unset-all 'http.https://github.com/.extraheader' || :"
Test (Node.js on macos-latest)	UNKNOWN STEP	2026-05-03T13:38:33.1406640Z [command]/opt/homebrew/bin/git config --local --name-only --get-regexp ^includeIf\.gitdir:
Test (Node.js on macos-latest)	UNKNOWN STEP	2026-05-03T13:38:33.1434250Z [command]/opt/homebrew/bin/git submodule foreach --recursive git config --local --show-origin --name-only --get-regexp remote.origin.url
Test (Node.js on macos-latest)	UNKNOWN STEP	2026-05-03T13:38:33.2240900Z Cleaning up orphan processes
Test (Node.js on macos-latest)	UNKNOWN STEP	2026-05-03T13:38:33.2982720Z ##[warning]Node.js 20 actions are deprecated. The following actions are running on Node.js 20 and may not work as expected: actions/checkout@v4, actions/setup-node@v4. Actions will be forced to run with Node.js 24 by default starting June 2nd, 2026. Node.js 20 will be removed from the runner on September 16th, 2026. Please check if updated versions of these actions are available that support Node.js 24. To opt into Node.js 24 now, set the FORCE_JAVASCRIPT_ACTIONS_TO_NODE24=true environment variable on the runner or in your workflow file. Once Node.js 24 becomes the default, you can temporarily opt out by setting ACTIONS_ALLOW_USE_UNSECURE_NODE_VERSION=true. For more information see: https://github.blog/changelog/2025-09-19-deprecation-of-node-20-on-github-actions-runners/
Test (Node.js on ubuntu-latest)	UNKNOWN STEP	﻿2026-05-03T13:38:25.2637781Z Current runner version: '2.334.0'
Test (Node.js on ubuntu-latest)	UNKNOWN STEP	2026-05-03T13:38:25.2661574Z ##[group]Runner Image Provisioner
Test (Node.js on ubuntu-latest)	UNKNOWN STEP	2026-05-03T13:38:25.2662389Z Hosted Compute Agent
Test (Node.js on ubuntu-latest)	UNKNOWN STEP	2026-05-03T13:38:25.2662934Z Version: 20260213.493
Test (Node.js on ubuntu-latest)	UNKNOWN STEP	2026-05-03T13:38:25.2663482Z Commit: 5c115507f6dd24b8de37d8bbe0bb4509d0cc0fa3
Test (Node.js on ubuntu-latest)	UNKNOWN STEP	2026-05-03T13:38:25.2664495Z Build Date: 2026-02-13T00:28:41Z
Test (Node.js on ubuntu-latest)	UNKNOWN STEP	2026-05-03T13:38:25.2665139Z Worker ID: {77a7118d-e201-41f0-925e-49ff13139343}
Test (Node.js on ubuntu-latest)	UNKNOWN STEP	2026-05-03T13:38:25.2665752Z Azure Region: eastus
Test (Node.js on ubuntu-latest)	UNKNOWN STEP	2026-05-03T13:38:25.2666395Z ##[endgroup]
Test (Node.js on ubuntu-latest)	UNKNOWN STEP	2026-05-03T13:38:25.2667768Z ##[group]Operating System
Test (Node.js on ubuntu-latest)	UNKNOWN STEP	2026-05-03T13:38:25.2668358Z Ubuntu
Test (Node.js on ubuntu-latest)	UNKNOWN STEP	2026-05-03T13:38:25.2668878Z 24.04.4
Test (Node.js on ubuntu-latest)	UNKNOWN STEP	2026-05-03T13:38:25.2669339Z LTS
Test (Node.js on ubuntu-latest)	UNKNOWN STEP	2026-05-03T13:38:25.2669761Z ##[endgroup]
Test (Node.js on ubuntu-latest)	UNKNOWN STEP	2026-05-03T13:38:25.2670321Z ##[group]Runner Image
Test (Node.js on ubuntu-latest)	UNKNOWN STEP	2026-05-03T13:38:25.2670854Z Image: ubuntu-24.04
Test (Node.js on ubuntu-latest)	UNKNOWN STEP	2026-05-03T13:38:25.2671321Z Version: 20260413.86.1
Test (Node.js on ubuntu-latest)	UNKNOWN STEP	2026-05-03T13:38:25.2672483Z Included Software: https://github.com/actions/runner-images/blob/ubuntu24/20260413.86/images/ubuntu/Ubuntu2404-Readme.md
Test (Node.js on ubuntu-latest)	UNKNOWN STEP	2026-05-03T13:38:25.2674073Z Image Release: https://github.com/actions/runner-images/releases/tag/ubuntu24%2F20260413.86
Test (Node.js on ubuntu-latest)	UNKNOWN STEP	2026-05-03T13:38:25.2675075Z ##[endgroup]
Test (Node.js on ubuntu-latest)	UNKNOWN STEP	2026-05-03T13:38:25.2677771Z ##[group]GITHUB_TOKEN Permissions
Test (Node.js on ubuntu-latest)	UNKNOWN STEP	2026-05-03T13:38:25.2680210Z Actions: write
Test (Node.js on ubuntu-latest)	UNKNOWN STEP	2026-05-03T13:38:25.2680793Z ArtifactMetadata: write
Test (Node.js on ubuntu-latest)	UNKNOWN STEP	2026-05-03T13:38:25.2681386Z Attestations: write
Test (Node.js on ubuntu-latest)	UNKNOWN STEP	2026-05-03T13:38:25.2681895Z Checks: write
Test (Node.js on ubuntu-latest)	UNKNOWN STEP	2026-05-03T13:38:25.2682402Z Contents: write
Test (Node.js on ubuntu-latest)	UNKNOWN STEP	2026-05-03T13:38:25.2683191Z Deployments: write
Test (Node.js on ubuntu-latest)	UNKNOWN STEP	2026-05-03T13:38:25.2684098Z Discussions: write
Test (Node.js on ubuntu-latest)	UNKNOWN STEP	2026-05-03T13:38:25.2684771Z Issues: write
Test (Node.js on ubuntu-latest)	UNKNOWN STEP	2026-05-03T13:38:25.2685358Z Metadata: read
Test (Node.js on ubuntu-latest)	UNKNOWN STEP	2026-05-03T13:38:25.2685865Z Models: read
Test (Node.js on ubuntu-latest)	UNKNOWN STEP	2026-05-03T13:38:25.2686355Z Packages: write
Test (Node.js on ubuntu-latest)	UNKNOWN STEP	2026-05-03T13:38:25.2686882Z Pages: write
Test (Node.js on ubuntu-latest)	UNKNOWN STEP	2026-05-03T13:38:25.2687460Z PullRequests: write
Test (Node.js on ubuntu-latest)	UNKNOWN STEP	2026-05-03T13:38:25.2687995Z RepositoryProjects: write
Test (Node.js on ubuntu-latest)	UNKNOWN STEP	2026-05-03T13:38:25.2688523Z SecurityEvents: write
Test (Node.js on ubuntu-latest)	UNKNOWN STEP	2026-05-03T13:38:25.2689156Z Statuses: write
Test (Node.js on ubuntu-latest)	UNKNOWN STEP	2026-05-03T13:38:25.2689658Z VulnerabilityAlerts: read
Test (Node.js on ubuntu-latest)	UNKNOWN STEP	2026-05-03T13:38:25.2690200Z ##[endgroup]
Test (Node.js on ubuntu-latest)	UNKNOWN STEP	2026-05-03T13:38:25.2692245Z Secret source: Actions
Test (Node.js on ubuntu-latest)	UNKNOWN STEP	2026-05-03T13:38:25.2693198Z Prepare workflow directory
Test (Node.js on ubuntu-latest)	UNKNOWN STEP	2026-05-03T13:38:25.3017992Z Prepare all required actions
Test (Node.js on ubuntu-latest)	UNKNOWN STEP	2026-05-03T13:38:25.3055121Z Getting action download info
Test (Node.js on ubuntu-latest)	UNKNOWN STEP	2026-05-03T13:38:25.6161136Z Download action repository 'actions/checkout@v4' (SHA:34e114876b0b11c390a56381ad16ebd13914f8d5)
Test (Node.js on ubuntu-latest)	UNKNOWN STEP	2026-05-03T13:38:25.7666120Z Download action repository 'actions/setup-node@v4' (SHA:49933ea5288caeca8642d1e84afbd3f7d6820020)
Test (Node.js on ubuntu-latest)	UNKNOWN STEP	2026-05-03T13:38:25.9533598Z Complete job name: Test (Node.js on ubuntu-latest)
Test (Node.js on ubuntu-latest)	UNKNOWN STEP	2026-05-03T13:38:26.0234848Z ##[group]Run actions/checkout@v4
Test (Node.js on ubuntu-latest)	UNKNOWN STEP	2026-05-03T13:38:26.0235714Z with:
Test (Node.js on ubuntu-latest)	UNKNOWN STEP	2026-05-03T13:38:26.0236164Z   repository: link-foundation/lino-objects-codec
Test (Node.js on ubuntu-latest)	UNKNOWN STEP	2026-05-03T13:38:26.0236984Z   token: ***
Test (Node.js on ubuntu-latest)	UNKNOWN STEP	2026-05-03T13:38:26.0237380Z   ssh-strict: true
Test (Node.js on ubuntu-latest)	UNKNOWN STEP	2026-05-03T13:38:26.0237816Z   ssh-user: git
Test (Node.js on ubuntu-latest)	UNKNOWN STEP	2026-05-03T13:38:26.0238241Z   persist-credentials: true
Test (Node.js on ubuntu-latest)	UNKNOWN STEP	2026-05-03T13:38:26.0238731Z   clean: true
Test (Node.js on ubuntu-latest)	UNKNOWN STEP	2026-05-03T13:38:26.0239183Z   sparse-checkout-cone-mode: true
Test (Node.js on ubuntu-latest)	UNKNOWN STEP	2026-05-03T13:38:26.0239681Z   fetch-depth: 1
Test (Node.js on ubuntu-latest)	UNKNOWN STEP	2026-05-03T13:38:26.0240075Z   fetch-tags: false
Test (Node.js on ubuntu-latest)	UNKNOWN STEP	2026-05-03T13:38:26.0240493Z   show-progress: true
Test (Node.js on ubuntu-latest)	UNKNOWN STEP	2026-05-03T13:38:26.0240897Z   lfs: false
Test (Node.js on ubuntu-latest)	UNKNOWN STEP	2026-05-03T13:38:26.0241270Z   submodules: false
Test (Node.js on ubuntu-latest)	UNKNOWN STEP	2026-05-03T13:38:26.0241681Z   set-safe-directory: true
Test (Node.js on ubuntu-latest)	UNKNOWN STEP	2026-05-03T13:38:26.0242359Z ##[endgroup]
Test (Node.js on ubuntu-latest)	UNKNOWN STEP	2026-05-03T13:38:26.1321010Z Syncing repository: link-foundation/lino-objects-codec
Test (Node.js on ubuntu-latest)	UNKNOWN STEP	2026-05-03T13:38:26.1323110Z ##[group]Getting Git version info
Test (Node.js on ubuntu-latest)	UNKNOWN STEP	2026-05-03T13:38:26.1324513Z Working directory is '/home/runner/work/lino-objects-codec/lino-objects-codec'
Test (Node.js on ubuntu-latest)	UNKNOWN STEP	2026-05-03T13:38:26.1325649Z [command]/usr/bin/git version
Test (Node.js on ubuntu-latest)	UNKNOWN STEP	2026-05-03T13:38:26.1360492Z git version 2.53.0
Test (Node.js on ubuntu-latest)	UNKNOWN STEP	2026-05-03T13:38:26.1386165Z ##[endgroup]
Test (Node.js on ubuntu-latest)	UNKNOWN STEP	2026-05-03T13:38:26.1406761Z Temporarily overriding HOME='/home/runner/work/_temp/aae33523-0e1c-4925-b61a-a6103a9f5193' before making global git config changes
Test (Node.js on ubuntu-latest)	UNKNOWN STEP	2026-05-03T13:38:26.1408131Z Adding repository directory to the temporary git global config as a safe directory
Test (Node.js on ubuntu-latest)	UNKNOWN STEP	2026-05-03T13:38:26.1411798Z [command]/usr/bin/git config --global --add safe.directory /home/runner/work/lino-objects-codec/lino-objects-codec
Test (Node.js on ubuntu-latest)	UNKNOWN STEP	2026-05-03T13:38:26.1441929Z Deleting the contents of '/home/runner/work/lino-objects-codec/lino-objects-codec'
Test (Node.js on ubuntu-latest)	UNKNOWN STEP	2026-05-03T13:38:26.1445530Z ##[group]Initializing the repository
Test (Node.js on ubuntu-latest)	UNKNOWN STEP	2026-05-03T13:38:26.1449455Z [command]/usr/bin/git init /home/runner/work/lino-objects-codec/lino-objects-codec
Test (Node.js on ubuntu-latest)	UNKNOWN STEP	2026-05-03T13:38:26.1528518Z hint: Using 'master' as the name for the initial branch. This default branch name
Test (Node.js on ubuntu-latest)	UNKNOWN STEP	2026-05-03T13:38:26.1530431Z hint: will change to "main" in Git 3.0. To configure the initial branch name
Test (Node.js on ubuntu-latest)	UNKNOWN STEP	2026-05-03T13:38:26.1531740Z hint: to use in all of your new repositories, which will suppress this warning,
Test (Node.js on ubuntu-latest)	UNKNOWN STEP	2026-05-03T13:38:26.1532537Z hint: call:
Test (Node.js on ubuntu-latest)	UNKNOWN STEP	2026-05-03T13:38:26.1532917Z hint:
Test (Node.js on ubuntu-latest)	UNKNOWN STEP	2026-05-03T13:38:26.1533417Z hint: 	git config --global init.defaultBranch <name>
Test (Node.js on ubuntu-latest)	UNKNOWN STEP	2026-05-03T13:38:26.1534308Z hint:
Test (Node.js on ubuntu-latest)	UNKNOWN STEP	2026-05-03T13:38:26.1534919Z hint: Names commonly chosen instead of 'master' are 'main', 'trunk' and
Test (Node.js on ubuntu-latest)	UNKNOWN STEP	2026-05-03T13:38:26.1536314Z hint: 'development'. The just-created branch can be renamed via this command:
Test (Node.js on ubuntu-latest)	UNKNOWN STEP	2026-05-03T13:38:26.1537028Z hint:
Test (Node.js on ubuntu-latest)	UNKNOWN STEP	2026-05-03T13:38:26.1537399Z hint: 	git branch -m <name>
Test (Node.js on ubuntu-latest)	UNKNOWN STEP	2026-05-03T13:38:26.1537843Z hint:
Test (Node.js on ubuntu-latest)	UNKNOWN STEP	2026-05-03T13:38:26.1538424Z hint: Disable this message with "git config set advice.defaultBranchName false"
Test (Node.js on ubuntu-latest)	UNKNOWN STEP	2026-05-03T13:38:26.1539487Z Initialized empty Git repository in /home/runner/work/lino-objects-codec/lino-objects-codec/.git/
Test (Node.js on ubuntu-latest)	UNKNOWN STEP	2026-05-03T13:38:26.1541606Z [command]/usr/bin/git remote add origin https://github.com/link-foundation/lino-objects-codec
Test (Node.js on ubuntu-latest)	UNKNOWN STEP	2026-05-03T13:38:26.1568838Z ##[endgroup]
Test (Node.js on ubuntu-latest)	UNKNOWN STEP	2026-05-03T13:38:26.1569580Z ##[group]Disabling automatic garbage collection
Test (Node.js on ubuntu-latest)	UNKNOWN STEP	2026-05-03T13:38:26.1572711Z [command]/usr/bin/git config --local gc.auto 0
Test (Node.js on ubuntu-latest)	UNKNOWN STEP	2026-05-03T13:38:26.1599857Z ##[endgroup]
Test (Node.js on ubuntu-latest)	UNKNOWN STEP	2026-05-03T13:38:26.1600559Z ##[group]Setting up auth
Test (Node.js on ubuntu-latest)	UNKNOWN STEP	2026-05-03T13:38:26.1606757Z [command]/usr/bin/git config --local --name-only --get-regexp core\.sshCommand
Test (Node.js on ubuntu-latest)	UNKNOWN STEP	2026-05-03T13:38:26.1635061Z [command]/usr/bin/git submodule foreach --recursive sh -c "git config --local --name-only --get-regexp 'core\.sshCommand' && git config --local --unset-all 'core.sshCommand' || :"
Test (Node.js on ubuntu-latest)	UNKNOWN STEP	2026-05-03T13:38:26.1910265Z [command]/usr/bin/git config --local --name-only --get-regexp http\.https\:\/\/github\.com\/\.extraheader
Test (Node.js on ubuntu-latest)	UNKNOWN STEP	2026-05-03T13:38:26.1938122Z [command]/usr/bin/git submodule foreach --recursive sh -c "git config --local --name-only --get-regexp 'http\.https\:\/\/github\.com\/\.extraheader' && git config --local --unset-all 'http.https://github.com/.extraheader' || :"
Test (Node.js on ubuntu-latest)	UNKNOWN STEP	2026-05-03T13:38:26.2146024Z [command]/usr/bin/git config --local --name-only --get-regexp ^includeIf\.gitdir:
Test (Node.js on ubuntu-latest)	UNKNOWN STEP	2026-05-03T13:38:26.2175119Z [command]/usr/bin/git submodule foreach --recursive git config --local --show-origin --name-only --get-regexp remote.origin.url
Test (Node.js on ubuntu-latest)	UNKNOWN STEP	2026-05-03T13:38:26.2394205Z [command]/usr/bin/git config --local http.https://github.com/.extraheader AUTHORIZATION: basic ***
Test (Node.js on ubuntu-latest)	UNKNOWN STEP	2026-05-03T13:38:26.2429266Z ##[endgroup]
Test (Node.js on ubuntu-latest)	UNKNOWN STEP	2026-05-03T13:38:26.2430665Z ##[group]Fetching the repository
Test (Node.js on ubuntu-latest)	UNKNOWN STEP	2026-05-03T13:38:26.2439114Z [command]/usr/bin/git -c protocol.version=2 fetch --no-tags --prune --no-recurse-submodules --depth=1 origin +3806da8815dc66a01ed1d6b0a536a2f3035753c6:refs/remotes/origin/main
Test (Node.js on ubuntu-latest)	UNKNOWN STEP	2026-05-03T13:38:26.4307014Z From https://github.com/link-foundation/lino-objects-codec
Test (Node.js on ubuntu-latest)	UNKNOWN STEP	2026-05-03T13:38:26.4308480Z  * [new ref]         3806da8815dc66a01ed1d6b0a536a2f3035753c6 -> origin/main
Test (Node.js on ubuntu-latest)	UNKNOWN STEP	2026-05-03T13:38:26.4335084Z ##[endgroup]
Test (Node.js on ubuntu-latest)	UNKNOWN STEP	2026-05-03T13:38:26.4342713Z ##[group]Determining the checkout info
Test (Node.js on ubuntu-latest)	UNKNOWN STEP	2026-05-03T13:38:26.4349366Z ##[endgroup]
Test (Node.js on ubuntu-latest)	UNKNOWN STEP	2026-05-03T13:38:26.4349868Z [command]/usr/bin/git sparse-checkout disable
Test (Node.js on ubuntu-latest)	UNKNOWN STEP	2026-05-03T13:38:26.4378051Z [command]/usr/bin/git config --local --unset-all extensions.worktreeConfig
Test (Node.js on ubuntu-latest)	UNKNOWN STEP	2026-05-03T13:38:26.4402472Z ##[group]Checking out the ref
Test (Node.js on ubuntu-latest)	UNKNOWN STEP	2026-05-03T13:38:26.4405995Z [command]/usr/bin/git checkout --progress --force -B main refs/remotes/origin/main
Test (Node.js on ubuntu-latest)	UNKNOWN STEP	2026-05-03T13:38:26.4543696Z Switched to a new branch 'main'
Test (Node.js on ubuntu-latest)	UNKNOWN STEP	2026-05-03T13:38:26.4546896Z branch 'main' set up to track 'origin/main'.
Test (Node.js on ubuntu-latest)	UNKNOWN STEP	2026-05-03T13:38:26.4553350Z ##[endgroup]
Test (Node.js on ubuntu-latest)	UNKNOWN STEP	2026-05-03T13:38:26.4585381Z [command]/usr/bin/git log -1 --format=%H
Test (Node.js on ubuntu-latest)	UNKNOWN STEP	2026-05-03T13:38:26.4606272Z 3806da8815dc66a01ed1d6b0a536a2f3035753c6
Test (Node.js on ubuntu-latest)	UNKNOWN STEP	2026-05-03T13:38:26.4846454Z ##[group]Run actions/setup-node@v4
Test (Node.js on ubuntu-latest)	UNKNOWN STEP	2026-05-03T13:38:26.4846986Z with:
Test (Node.js on ubuntu-latest)	UNKNOWN STEP	2026-05-03T13:38:26.4847343Z   node-version: 22
Test (Node.js on ubuntu-latest)	UNKNOWN STEP	2026-05-03T13:38:26.4847728Z   always-auth: false
Test (Node.js on ubuntu-latest)	UNKNOWN STEP	2026-05-03T13:38:26.4848150Z   check-latest: false
Test (Node.js on ubuntu-latest)	UNKNOWN STEP	2026-05-03T13:38:26.4848696Z   token: ***
Test (Node.js on ubuntu-latest)	UNKNOWN STEP	2026-05-03T13:38:26.4849056Z ##[endgroup]
Test (Node.js on ubuntu-latest)	UNKNOWN STEP	2026-05-03T13:38:26.6623179Z Found in cache @ /opt/hostedtoolcache/node/22.22.2/x64
Test (Node.js on ubuntu-latest)	UNKNOWN STEP	2026-05-03T13:38:26.6626206Z ##[group]Environment details
Test (Node.js on ubuntu-latest)	UNKNOWN STEP	2026-05-03T13:38:26.9623147Z node: v22.22.2
Test (Node.js on ubuntu-latest)	UNKNOWN STEP	2026-05-03T13:38:26.9624378Z npm: 10.9.7
Test (Node.js on ubuntu-latest)	UNKNOWN STEP	2026-05-03T13:38:26.9624940Z yarn: 1.22.22
Test (Node.js on ubuntu-latest)	UNKNOWN STEP	2026-05-03T13:38:26.9626133Z ##[endgroup]
Test (Node.js on ubuntu-latest)	UNKNOWN STEP	2026-05-03T13:38:26.9746652Z ##[group]Run npm install
Test (Node.js on ubuntu-latest)	UNKNOWN STEP	2026-05-03T13:38:26.9747182Z [36;1mnpm install[0m
Test (Node.js on ubuntu-latest)	UNKNOWN STEP	2026-05-03T13:38:26.9779397Z shell: /usr/bin/bash -e {0}
Test (Node.js on ubuntu-latest)	UNKNOWN STEP	2026-05-03T13:38:26.9779870Z ##[endgroup]
Test (Node.js on ubuntu-latest)	UNKNOWN STEP	2026-05-03T13:38:30.3901450Z 
Test (Node.js on ubuntu-latest)	UNKNOWN STEP	2026-05-03T13:38:30.3907697Z > lino-objects-codec@0.3.2 prepare
Test (Node.js on ubuntu-latest)	UNKNOWN STEP	2026-05-03T13:38:30.3908847Z > husky || true
Test (Node.js on ubuntu-latest)	UNKNOWN STEP	2026-05-03T13:38:30.3909003Z 
Test (Node.js on ubuntu-latest)	UNKNOWN STEP	2026-05-03T13:38:30.4427735Z .git can't be found
Test (Node.js on ubuntu-latest)	UNKNOWN STEP	2026-05-03T13:38:30.4428626Z added 321 packages, and audited 322 packages in 3s
Test (Node.js on ubuntu-latest)	UNKNOWN STEP	2026-05-03T13:38:30.4429246Z 
Test (Node.js on ubuntu-latest)	UNKNOWN STEP	2026-05-03T13:38:30.4429587Z 74 packages are looking for funding
Test (Node.js on ubuntu-latest)	UNKNOWN STEP	2026-05-03T13:38:30.4430187Z   run `npm fund` for details
Test (Node.js on ubuntu-latest)	UNKNOWN STEP	2026-05-03T13:38:30.4489830Z 
Test (Node.js on ubuntu-latest)	UNKNOWN STEP	2026-05-03T13:38:30.4490402Z 6 vulnerabilities (3 moderate, 3 high)
Test (Node.js on ubuntu-latest)	UNKNOWN STEP	2026-05-03T13:38:30.4490839Z 
Test (Node.js on ubuntu-latest)	UNKNOWN STEP	2026-05-03T13:38:30.4491148Z To address all issues, run:
Test (Node.js on ubuntu-latest)	UNKNOWN STEP	2026-05-03T13:38:30.4491673Z   npm audit fix
Test (Node.js on ubuntu-latest)	UNKNOWN STEP	2026-05-03T13:38:30.4491940Z 
Test (Node.js on ubuntu-latest)	UNKNOWN STEP	2026-05-03T13:38:30.4492257Z Run `npm audit` for details.
Test (Node.js on ubuntu-latest)	UNKNOWN STEP	2026-05-03T13:38:30.5020139Z ##[group]Run npm test
Test (Node.js on ubuntu-latest)	UNKNOWN STEP	2026-05-03T13:38:30.5020452Z [36;1mnpm test[0m
Test (Node.js on ubuntu-latest)	UNKNOWN STEP	2026-05-03T13:38:30.5043111Z shell: /usr/bin/bash -e {0}
Test (Node.js on ubuntu-latest)	UNKNOWN STEP	2026-05-03T13:38:30.5043431Z ##[endgroup]
Test (Node.js on ubuntu-latest)	UNKNOWN STEP	2026-05-03T13:38:30.6297792Z 
Test (Node.js on ubuntu-latest)	UNKNOWN STEP	2026-05-03T13:38:30.6298520Z > lino-objects-codec@0.3.2 test
Test (Node.js on ubuntu-latest)	UNKNOWN STEP	2026-05-03T13:38:30.6299208Z > node --test tests/*.test.js
Test (Node.js on ubuntu-latest)	UNKNOWN STEP	2026-05-03T13:38:30.6299551Z 
Test (Node.js on ubuntu-latest)	UNKNOWN STEP	2026-05-03T13:38:30.6878410Z TAP version 13
Test (Node.js on ubuntu-latest)	UNKNOWN STEP	2026-05-03T13:38:30.7645343Z # Subtest: encode null
Test (Node.js on ubuntu-latest)	UNKNOWN STEP	2026-05-03T13:38:30.7709584Z ok 1 - encode null
Test (Node.js on ubuntu-latest)	UNKNOWN STEP	2026-05-03T13:38:30.7759121Z   ---
Test (Node.js on ubuntu-latest)	UNKNOWN STEP	2026-05-03T13:38:30.7812278Z   duration_ms: 2.441591
Test (Node.js on ubuntu-latest)	UNKNOWN STEP	2026-05-03T13:38:30.7834635Z   type: 'test'
Test (Node.js on ubuntu-latest)	UNKNOWN STEP	2026-05-03T13:38:30.7884201Z   ...
Test (Node.js on ubuntu-latest)	UNKNOWN STEP	2026-05-03T13:38:30.7895391Z # Subtest: decode null
Test (Node.js on ubuntu-latest)	UNKNOWN STEP	2026-05-03T13:38:30.7896134Z ok 2 - decode null
Test (Node.js on ubuntu-latest)	UNKNOWN STEP	2026-05-03T13:38:30.7896774Z   ---
Test (Node.js on ubuntu-latest)	UNKNOWN STEP	2026-05-03T13:38:30.7897420Z   duration_ms: 3.206736
Test (Node.js on ubuntu-latest)	UNKNOWN STEP	2026-05-03T13:38:30.7898044Z   type: 'test'
Test (Node.js on ubuntu-latest)	UNKNOWN STEP	2026-05-03T13:38:30.7898588Z   ...
Test (Node.js on ubuntu-latest)	UNKNOWN STEP	2026-05-03T13:38:30.7899204Z # Subtest: roundtrip null
Test (Node.js on ubuntu-latest)	UNKNOWN STEP	2026-05-03T13:38:30.7900068Z ok 3 - roundtrip null
Test (Node.js on ubuntu-latest)	UNKNOWN STEP	2026-05-03T13:38:30.7900733Z   ---
Test (Node.js on ubuntu-latest)	UNKNOWN STEP	2026-05-03T13:38:30.7901332Z   duration_ms: 0.449984
Test (Node.js on ubuntu-latest)	UNKNOWN STEP	2026-05-03T13:38:30.7902273Z   type: 'test'
Test (Node.js on ubuntu-latest)	UNKNOWN STEP	2026-05-03T13:38:30.7902977Z   ...
Test (Node.js on ubuntu-latest)	UNKNOWN STEP	2026-05-03T13:38:30.7903702Z # Subtest: encode undefined
Test (Node.js on ubuntu-latest)	UNKNOWN STEP	2026-05-03T13:38:30.7904817Z ok 4 - encode undefined
Test (Node.js on ubuntu-latest)	UNKNOWN STEP	2026-05-03T13:38:30.7905602Z   ---
Test (Node.js on ubuntu-latest)	UNKNOWN STEP	2026-05-03T13:38:30.7906268Z   duration_ms: 0.305353
Test (Node.js on ubuntu-latest)	UNKNOWN STEP	2026-05-03T13:38:30.7906993Z   type: 'test'
Test (Node.js on ubuntu-latest)	UNKNOWN STEP	2026-05-03T13:38:30.7907654Z   ...
Test (Node.js on ubuntu-latest)	UNKNOWN STEP	2026-05-03T13:38:30.7908258Z # Subtest: decode undefined
Test (Node.js on ubuntu-latest)	UNKNOWN STEP	2026-05-03T13:38:30.7908951Z ok 5 - decode undefined
Test (Node.js on ubuntu-latest)	UNKNOWN STEP	2026-05-03T13:38:30.7909556Z   ---
Test (Node.js on ubuntu-latest)	UNKNOWN STEP	2026-05-03T13:38:30.7910081Z   duration_ms: 0.409448
Test (Node.js on ubuntu-latest)	UNKNOWN STEP	2026-05-03T13:38:30.7910683Z   type: 'test'
Test (Node.js on ubuntu-latest)	UNKNOWN STEP	2026-05-03T13:38:30.7911516Z   ...
Test (Node.js on ubuntu-latest)	UNKNOWN STEP	2026-05-03T13:38:30.7912222Z # Subtest: roundtrip undefined
Test (Node.js on ubuntu-latest)	UNKNOWN STEP	2026-05-03T13:38:30.7912934Z ok 6 - roundtrip undefined
Test (Node.js on ubuntu-latest)	UNKNOWN STEP	2026-05-03T13:38:30.7913520Z   ---
Test (Node.js on ubuntu-latest)	UNKNOWN STEP	2026-05-03T13:38:30.7914442Z   duration_ms: 0.318998
Test (Node.js on ubuntu-latest)	UNKNOWN STEP	2026-05-03T13:38:30.7915063Z   type: 'test'
Test (Node.js on ubuntu-latest)	UNKNOWN STEP	2026-05-03T13:38:30.7915636Z   ...
Test (Node.js on ubuntu-latest)	UNKNOWN STEP	2026-05-03T13:38:30.7916207Z # Subtest: encode true
Test (Node.js on ubuntu-latest)	UNKNOWN STEP	2026-05-03T13:38:30.7916823Z ok 7 - encode true
Test (Node.js on ubuntu-latest)	UNKNOWN STEP	2026-05-03T13:38:30.7917861Z   ---
Test (Node.js on ubuntu-latest)	UNKNOWN STEP	2026-05-03T13:38:30.7918410Z   duration_ms: 1.630597
Test (Node.js on ubuntu-latest)	UNKNOWN STEP	2026-05-03T13:38:30.7919029Z   type: 'test'
Test (Node.js on ubuntu-latest)	UNKNOWN STEP	2026-05-03T13:38:30.7919551Z   ...
Test (Node.js on ubuntu-latest)	UNKNOWN STEP	2026-05-03T13:38:30.7920088Z # Subtest: encode false
Test (Node.js on ubuntu-latest)	UNKNOWN STEP	2026-05-03T13:38:30.7920750Z ok 8 - encode false
Test (Node.js on ubuntu-latest)	UNKNOWN STEP	2026-05-03T13:38:30.7921323Z   ---
Test (Node.js on ubuntu-latest)	UNKNOWN STEP	2026-05-03T13:38:30.7921838Z   duration_ms: 0.193994
Test (Node.js on ubuntu-latest)	UNKNOWN STEP	2026-05-03T13:38:30.7922499Z   type: 'test'
Test (Node.js on ubuntu-latest)	UNKNOWN STEP	2026-05-03T13:38:30.7922813Z   ...
Test (Node.js on ubuntu-latest)	UNKNOWN STEP	2026-05-03T13:38:30.7923139Z # Subtest: decode true
Test (Node.js on ubuntu-latest)	UNKNOWN STEP	2026-05-03T13:38:30.7923528Z ok 9 - decode true
Test (Node.js on ubuntu-latest)	UNKNOWN STEP	2026-05-03T13:38:30.7924119Z   ---
Test (Node.js on ubuntu-latest)	UNKNOWN STEP	2026-05-03T13:38:30.7924430Z   duration_ms: 0.804118
Test (Node.js on ubuntu-latest)	UNKNOWN STEP	2026-05-03T13:38:30.7924980Z   type: 'test'
Test (Node.js on ubuntu-latest)	UNKNOWN STEP	2026-05-03T13:38:30.7925262Z   ...
Test (Node.js on ubuntu-latest)	UNKNOWN STEP	2026-05-03T13:38:30.7925573Z # Subtest: decode false
Test (Node.js on ubuntu-latest)	UNKNOWN STEP	2026-05-03T13:38:30.7926004Z ok 10 - decode false
Test (Node.js on ubuntu-latest)	UNKNOWN STEP	2026-05-03T13:38:30.7926236Z   ---
Test (Node.js on ubuntu-latest)	UNKNOWN STEP	2026-05-03T13:38:30.7926411Z   duration_ms: 0.734017
Test (Node.js on ubuntu-latest)	UNKNOWN STEP	2026-05-03T13:38:30.7926621Z   type: 'test'
Test (Node.js on ubuntu-latest)	UNKNOWN STEP	2026-05-03T13:38:30.7926808Z   ...
Test (Node.js on ubuntu-latest)	UNKNOWN STEP	2026-05-03T13:38:30.7927007Z # Subtest: roundtrip bool
Test (Node.js on ubuntu-latest)	UNKNOWN STEP	2026-05-03T13:38:30.7927247Z ok 11 - roundtrip bool
Test (Node.js on ubuntu-latest)	UNKNOWN STEP	2026-05-03T13:38:30.7927436Z   ---
Test (Node.js on ubuntu-latest)	UNKNOWN STEP	2026-05-03T13:38:30.7927606Z   duration_ms: 0.528341
Test (Node.js on ubuntu-latest)	UNKNOWN STEP	2026-05-03T13:38:30.7927795Z   type: 'test'
Test (Node.js on ubuntu-latest)	UNKNOWN STEP	2026-05-03T13:38:30.7927987Z   ...
Test (Node.js on ubuntu-latest)	UNKNOWN STEP	2026-05-03T13:38:30.7928172Z # Subtest: encode zero
Test (Node.js on ubuntu-latest)	UNKNOWN STEP	2026-05-03T13:38:30.7928381Z ok 12 - encode zero
Test (Node.js on ubuntu-latest)	UNKNOWN STEP	2026-05-03T13:38:30.7928562Z   ---
Test (Node.js on ubuntu-latest)	UNKNOWN STEP	2026-05-03T13:38:30.7928726Z   duration_ms: 0.177183
Test (Node.js on ubuntu-latest)	UNKNOWN STEP	2026-05-03T13:38:30.7935870Z   type: 'test'
Test (Node.js on ubuntu-latest)	UNKNOWN STEP	2026-05-03T13:38:30.7936223Z   ...
Test (Node.js on ubuntu-latest)	UNKNOWN STEP	2026-05-03T13:38:30.7936630Z # Subtest: encode positive int
Test (Node.js on ubuntu-latest)	UNKNOWN STEP	2026-05-03T13:38:30.7937106Z ok 13 - encode positive int
Test (Node.js on ubuntu-latest)	UNKNOWN STEP	2026-05-03T13:38:30.7937468Z   ---
Test (Node.js on ubuntu-latest)	UNKNOWN STEP	2026-05-03T13:38:30.7937766Z   duration_ms: 0.160611
Test (Node.js on ubuntu-latest)	UNKNOWN STEP	2026-05-03T13:38:30.7938110Z   type: 'test'
Test (Node.js on ubuntu-latest)	UNKNOWN STEP	2026-05-03T13:38:30.7938394Z   ...
Test (Node.js on ubuntu-latest)	UNKNOWN STEP	2026-05-03T13:38:30.7938762Z # Subtest: encode negative int
Test (Node.js on ubuntu-latest)	UNKNOWN STEP	2026-05-03T13:38:30.7939181Z ok 14 - encode negative int
Test (Node.js on ubuntu-latest)	UNKNOWN STEP	2026-05-03T13:38:30.7939922Z   ---
Test (Node.js on ubuntu-latest)	UNKNOWN STEP	2026-05-03T13:38:30.7940234Z   duration_ms: 0.13876
Test (Node.js on ubuntu-latest)	UNKNOWN STEP	2026-05-03T13:38:30.7940589Z   type: 'test'
Test (Node.js on ubuntu-latest)	UNKNOWN STEP	2026-05-03T13:38:30.7940787Z   ...
Test (Node.js on ubuntu-latest)	UNKNOWN STEP	2026-05-03T13:38:30.7940981Z # Subtest: decode int
Test (Node.js on ubuntu-latest)	UNKNOWN STEP	2026-05-03T13:38:30.7941195Z ok 15 - decode int
Test (Node.js on ubuntu-latest)	UNKNOWN STEP	2026-05-03T13:38:30.7941381Z   ---
Test (Node.js on ubuntu-latest)	UNKNOWN STEP	2026-05-03T13:38:30.7941554Z   duration_ms: 0.960422
Test (Node.js on ubuntu-latest)	UNKNOWN STEP	2026-05-03T13:38:30.7941767Z   type: 'test'
Test (Node.js on ubuntu-latest)	UNKNOWN STEP	2026-05-03T13:38:30.7941944Z   ...
Test (Node.js on ubuntu-latest)	UNKNOWN STEP	2026-05-03T13:38:30.7942135Z # Subtest: roundtrip int
Test (Node.js on ubuntu-latest)	UNKNOWN STEP	2026-05-03T13:38:30.7942372Z ok 16 - roundtrip int
Test (Node.js on ubuntu-latest)	UNKNOWN STEP	2026-05-03T13:38:30.7942565Z   ---
Test (Node.js on ubuntu-latest)	UNKNOWN STEP	2026-05-03T13:38:30.7942925Z   duration_ms: 0.754656
Test (Node.js on ubuntu-latest)	UNKNOWN STEP	2026-05-03T13:38:30.7943156Z   type: 'test'
Test (Node.js on ubuntu-latest)	UNKNOWN STEP	2026-05-03T13:38:30.7943330Z   ...
Test (Node.js on ubuntu-latest)	UNKNOWN STEP	2026-05-03T13:38:30.7943523Z # Subtest: encode float
Test (Node.js on ubuntu-latest)	UNKNOWN STEP	2026-05-03T13:38:30.7943974Z ok 17 - encode float
Test (Node.js on ubuntu-latest)	UNKNOWN STEP	2026-05-03T13:38:30.7944198Z   ---
Test (Node.js on ubuntu-latest)	UNKNOWN STEP	2026-05-03T13:38:30.7944514Z   duration_ms: 0.156874
Test (Node.js on ubuntu-latest)	UNKNOWN STEP	2026-05-03T13:38:30.7944797Z   type: 'test'
Test (Node.js on ubuntu-latest)	UNKNOWN STEP	2026-05-03T13:38:30.7944983Z   ...
Test (Node.js on ubuntu-latest)	UNKNOWN STEP	2026-05-03T13:38:30.7945176Z # Subtest: decode float
Test (Node.js on ubuntu-latest)	UNKNOWN STEP	2026-05-03T13:38:30.7945393Z ok 18 - decode float
Test (Node.js on ubuntu-latest)	UNKNOWN STEP	2026-05-03T13:38:30.7945582Z   ---
Test (Node.js on ubuntu-latest)	UNKNOWN STEP	2026-05-03T13:38:30.7945751Z   duration_ms: 0.28779
Test (Node.js on ubuntu-latest)	UNKNOWN STEP	2026-05-03T13:38:30.7945958Z   type: 'test'
Test (Node.js on ubuntu-latest)	UNKNOWN STEP	2026-05-03T13:38:30.7946129Z   ...
Test (Node.js on ubuntu-latest)	UNKNOWN STEP	2026-05-03T13:38:30.7946315Z # Subtest: roundtrip float
Test (Node.js on ubuntu-latest)	UNKNOWN STEP	2026-05-03T13:38:30.7946555Z ok 19 - roundtrip float
Test (Node.js on ubuntu-latest)	UNKNOWN STEP	2026-05-03T13:38:30.7946742Z   ---
Test (Node.js on ubuntu-latest)	UNKNOWN STEP	2026-05-03T13:38:30.7946913Z   duration_ms: 0.840116
Test (Node.js on ubuntu-latest)	UNKNOWN STEP	2026-05-03T13:38:30.7947110Z   type: 'test'
Test (Node.js on ubuntu-latest)	UNKNOWN STEP	2026-05-03T13:38:30.7947274Z   ...
Test (Node.js on ubuntu-latest)	UNKNOWN STEP	2026-05-03T13:38:30.7947498Z # Subtest: float special values
Test (Node.js on ubuntu-latest)	UNKNOWN STEP	2026-05-03T13:38:30.7947752Z ok 20 - float special values
Test (Node.js on ubuntu-latest)	UNKNOWN STEP	2026-05-03T13:38:30.7947966Z   ---
Test (Node.js on ubuntu-latest)	UNKNOWN STEP	2026-05-03T13:38:30.7948147Z   duration_ms: 0.341461
Test (Node.js on ubuntu-latest)	UNKNOWN STEP	2026-05-03T13:38:30.7948341Z   type: 'test'
Test (Node.js on ubuntu-latest)	UNKNOWN STEP	2026-05-03T13:38:30.7948513Z   ...
Test (Node.js on ubuntu-latest)	UNKNOWN STEP	2026-05-03T13:38:30.7948729Z # Subtest: encode empty string
Test (Node.js on ubuntu-latest)	UNKNOWN STEP	2026-05-03T13:38:30.7948983Z ok 21 - encode empty string
Test (Node.js on ubuntu-latest)	UNKNOWN STEP	2026-05-03T13:38:30.7949192Z   ---
Test (Node.js on ubuntu-latest)	UNKNOWN STEP	2026-05-03T13:38:30.7949357Z   duration_ms: 0.160511
Test (Node.js on ubuntu-latest)	UNKNOWN STEP	2026-05-03T13:38:30.7949563Z   type: 'test'
Test (Node.js on ubuntu-latest)	UNKNOWN STEP	2026-05-03T13:38:30.7949741Z   ...
Test (Node.js on ubuntu-latest)	UNKNOWN STEP	2026-05-03T13:38:30.7949963Z # Subtest: encode simple string
Test (Node.js on ubuntu-latest)	UNKNOWN STEP	2026-05-03T13:38:30.7950222Z ok 22 - encode simple string
Test (Node.js on ubuntu-latest)	UNKNOWN STEP	2026-05-03T13:38:30.7950612Z   ---
Test (Node.js on ubuntu-latest)	UNKNOWN STEP	2026-05-03T13:38:30.7950789Z   duration_ms: 0.155
Test (Node.js on ubuntu-latest)	UNKNOWN STEP	2026-05-03T13:38:30.7950990Z   type: 'test'
Test (Node.js on ubuntu-latest)	UNKNOWN STEP	2026-05-03T13:38:30.7951160Z   ...
Test (Node.js on ubuntu-latest)	UNKNOWN STEP	2026-05-03T13:38:30.7951353Z # Subtest: decode string
Test (Node.js on ubuntu-latest)	UNKNOWN STEP	2026-05-03T13:38:30.7951574Z ok 23 - decode string
Test (Node.js on ubuntu-latest)	UNKNOWN STEP	2026-05-03T13:38:30.7951765Z   ---
Test (Node.js on ubuntu-latest)	UNKNOWN STEP	2026-05-03T13:38:30.7951939Z   duration_ms: 0.270106
Test (Node.js on ubuntu-latest)	UNKNOWN STEP	2026-05-03T13:38:30.7952139Z   type: 'test'
Test (Node.js on ubuntu-latest)	UNKNOWN STEP	2026-05-03T13:38:30.7952309Z   ...
Test (Node.js on ubuntu-latest)	UNKNOWN STEP	2026-05-03T13:38:30.7952495Z # Subtest: roundtrip string
Test (Node.js on ubuntu-latest)	UNKNOWN STEP	2026-05-03T13:38:30.7952737Z ok 24 - roundtrip string
Test (Node.js on ubuntu-latest)	UNKNOWN STEP	2026-05-03T13:38:30.7952936Z   ---
Test (Node.js on ubuntu-latest)	UNKNOWN STEP	2026-05-03T13:38:30.7953110Z   duration_ms: 1.824703
Test (Node.js on ubuntu-latest)	UNKNOWN STEP	2026-05-03T13:38:30.7953310Z   type: 'test'
Test (Node.js on ubuntu-latest)	UNKNOWN STEP	2026-05-03T13:38:30.7953475Z   ...
Test (Node.js on ubuntu-latest)	UNKNOWN STEP	2026-05-03T13:38:30.7953671Z # Subtest: string with quotes
Test (Node.js on ubuntu-latest)	UNKNOWN STEP	2026-05-03T13:38:30.7954706Z ok 25 - string with quotes
Test (Node.js on ubuntu-latest)	UNKNOWN STEP	2026-05-03T13:38:30.7954955Z   ---
Test (Node.js on ubuntu-latest)	UNKNOWN STEP	2026-05-03T13:38:30.7955162Z   duration_ms: 0.442209
Test (Node.js on ubuntu-latest)	UNKNOWN STEP	2026-05-03T13:38:30.7955373Z   type: 'test'
Test (Node.js on ubuntu-latest)	UNKNOWN STEP	2026-05-03T13:38:30.7955554Z   ...
Test (Node.js on ubuntu-latest)	UNKNOWN STEP	2026-05-03T13:38:30.8064916Z # Subtest: self-referencing array
Test (Node.js on ubuntu-latest)	UNKNOWN STEP	2026-05-03T13:38:30.8066072Z ok 26 - self-referencing array
Test (Node.js on ubuntu-latest)	UNKNOWN STEP	2026-05-03T13:38:30.8066905Z   ---
Test (Node.js on ubuntu-latest)	UNKNOWN STEP	2026-05-03T13:38:30.8067439Z   duration_ms: 5.915738
Test (Node.js on ubuntu-latest)	UNKNOWN STEP	2026-05-03T13:38:30.8067878Z   type: 'test'
Test (Node.js on ubuntu-latest)	UNKNOWN STEP	2026-05-03T13:38:30.8068189Z   ...
Test (Node.js on ubuntu-latest)	UNKNOWN STEP	2026-05-03T13:38:30.8068587Z # Subtest: array with self in middle
Test (Node.js on ubuntu-latest)	UNKNOWN STEP	2026-05-03T13:38:30.8069112Z ok 27 - array with self in middle
Test (Node.js on ubuntu-latest)	UNKNOWN STEP	2026-05-03T13:38:30.8069497Z   ---
Test (Node.js on ubuntu-latest)	UNKNOWN STEP	2026-05-03T13:38:30.8069796Z   duration_ms: 0.627146
Test (Node.js on ubuntu-latest)	UNKNOWN STEP	2026-05-03T13:38:30.8070139Z   type: 'test'
Test (Node.js on ubuntu-latest)	UNKNOWN STEP	2026-05-03T13:38:30.8070433Z   ...
Test (Node.js on ubuntu-latest)	UNKNOWN STEP	2026-05-03T13:38:30.8070883Z # Subtest: nested array with circular reference
Test (Node.js on ubuntu-latest)	UNKNOWN STEP	2026-05-03T13:38:30.8071504Z ok 28 - nested array with circular reference
Test (Node.js on ubuntu-latest)	UNKNOWN STEP	2026-05-03T13:38:30.8071951Z   ---
Test (Node.js on ubuntu-latest)	UNKNOWN STEP	2026-05-03T13:38:30.8072232Z   duration_ms: 0.758964
Test (Node.js on ubuntu-latest)	UNKNOWN STEP	2026-05-03T13:38:30.8072581Z   type: 'test'
Test (Node.js on ubuntu-latest)	UNKNOWN STEP	2026-05-03T13:38:30.8072930Z   ...
Test (Node.js on ubuntu-latest)	UNKNOWN STEP	2026-05-03T13:38:30.8073599Z # Subtest: self-referencing object
Test (Node.js on ubuntu-latest)	UNKNOWN STEP	2026-05-03T13:38:30.8074554Z ok 29 - self-referencing object
Test (Node.js on ubuntu-latest)	UNKNOWN STEP	2026-05-03T13:38:30.8074997Z   ---
Test (Node.js on ubuntu-latest)	UNKNOWN STEP	2026-05-03T13:38:30.8075285Z   duration_ms: 0.773661
Test (Node.js on ubuntu-latest)	UNKNOWN STEP	2026-05-03T13:38:30.8075630Z   type: 'test'
Test (Node.js on ubuntu-latest)	UNKNOWN STEP	2026-05-03T13:38:30.8075916Z   ...
Test (Node.js on ubuntu-latest)	UNKNOWN STEP	2026-05-03T13:38:30.8076284Z # Subtest: object with multiple self-references
Test (Node.js on ubuntu-latest)	UNKNOWN STEP	2026-05-03T13:38:30.8076676Z ok 30 - object with multiple self-references
Test (Node.js on ubuntu-latest)	UNKNOWN STEP	2026-05-03T13:38:30.8076932Z   ---
Test (Node.js on ubuntu-latest)	UNKNOWN STEP	2026-05-03T13:38:30.8077115Z   duration_ms: 2.466287
Test (Node.js on ubuntu-latest)	UNKNOWN STEP	2026-05-03T13:38:30.8077317Z   type: 'test'
Test (Node.js on ubuntu-latest)	UNKNOWN STEP	2026-05-03T13:38:30.8077492Z   ...
Test (Node.js on ubuntu-latest)	UNKNOWN STEP	2026-05-03T13:38:30.8077761Z # Subtest: nested object with circular reference
Test (Node.js on ubuntu-latest)	UNKNOWN STEP	2026-05-03T13:38:30.8078116Z ok 31 - nested object with circular reference
Test (Node.js on ubuntu-latest)	UNKNOWN STEP	2026-05-03T13:38:30.8078373Z   ---
Test (Node.js on ubuntu-latest)	UNKNOWN STEP	2026-05-03T13:38:30.8078541Z   duration_ms: 1.409415
Test (Node.js on ubuntu-latest)	UNKNOWN STEP	2026-05-03T13:38:30.8078746Z   type: 'test'
Test (Node.js on ubuntu-latest)	UNKNOWN STEP	2026-05-03T13:38:30.8078922Z   ...
Test (Node.js on ubuntu-latest)	UNKNOWN STEP	2026-05-03T13:38:30.8079277Z # Subtest: complex circular structure (tree with back-references)
Test (Node.js on ubuntu-latest)	UNKNOWN STEP	2026-05-03T13:38:30.8079768Z ok 32 - complex circular structure (tree with back-references)
Test (Node.js on ubuntu-latest)	UNKNOWN STEP	2026-05-03T13:38:30.8080078Z   ---
Test (Node.js on ubuntu-latest)	UNKNOWN STEP	2026-05-03T13:38:30.8080253Z   duration_ms: 0.833404
Test (Node.js on ubuntu-latest)	UNKNOWN STEP	2026-05-03T13:38:30.8080456Z   type: 'test'
Test (Node.js on ubuntu-latest)	UNKNOWN STEP	2026-05-03T13:38:30.8080626Z   ...
Test (Node.js on ubuntu-latest)	UNKNOWN STEP	2026-05-03T13:38:30.8080849Z # Subtest: shared object reference
Test (Node.js on ubuntu-latest)	UNKNOWN STEP	2026-05-03T13:38:30.8081161Z ok 33 - shared object reference
Test (Node.js on ubuntu-latest)	UNKNOWN STEP	2026-05-03T13:38:30.8081393Z   ---
Test (Node.js on ubuntu-latest)	UNKNOWN STEP	2026-05-03T13:38:30.8081563Z   duration_ms: 0.583134
Test (Node.js on ubuntu-latest)	UNKNOWN STEP	2026-05-03T13:38:30.8081766Z   type: 'test'
Test (Node.js on ubuntu-latest)	UNKNOWN STEP	2026-05-03T13:38:30.8081936Z   ...
Test (Node.js on ubuntu-latest)	UNKNOWN STEP	2026-05-03T13:38:30.8082204Z # Subtest: shared object reference - modification
Test (Node.js on ubuntu-latest)	UNKNOWN STEP	2026-05-03T13:38:30.8082574Z ok 34 - shared object reference - modification
Test (Node.js on ubuntu-latest)	UNKNOWN STEP	2026-05-03T13:38:30.8082831Z   ---
Test (Node.js on ubuntu-latest)	UNKNOWN STEP	2026-05-03T13:38:30.8083001Z   duration_ms: 1.384697
Test (Node.js on ubuntu-latest)	UNKNOWN STEP	2026-05-03T13:38:30.8083199Z   type: 'test'
Test (Node.js on ubuntu-latest)	UNKNOWN STEP	2026-05-03T13:38:30.8083361Z   ...
Test (Node.js on ubuntu-latest)	UNKNOWN STEP	2026-05-03T13:38:30.8083576Z # Subtest: multiple shared objects
Test (Node.js on ubuntu-latest)	UNKNOWN STEP	2026-05-03T13:38:30.8084378Z ok 35 - multiple shared objects
Test (Node.js on ubuntu-latest)	UNKNOWN STEP	2026-05-03T13:38:30.8084916Z   ---
Test (Node.js on ubuntu-latest)	UNKNOWN STEP	2026-05-03T13:38:30.8085156Z   duration_ms: 1.149637
Test (Node.js on ubuntu-latest)	UNKNOWN STEP	2026-05-03T13:38:30.8085359Z   type: 'test'
Test (Node.js on ubuntu-latest)	UNKNOWN STEP	2026-05-03T13:38:30.8085708Z   ...
Test (Node.js on ubuntu-latest)	UNKNOWN STEP	2026-05-03T13:38:30.8085962Z # Subtest: shared array reference
Test (Node.js on ubuntu-latest)	UNKNOWN STEP	2026-05-03T13:38:30.8086241Z ok 36 - shared array reference
Test (Node.js on ubuntu-latest)	UNKNOWN STEP	2026-05-03T13:38:30.8087802Z   ---
Test (Node.js on ubuntu-latest)	UNKNOWN STEP	2026-05-03T13:38:30.8088128Z   duration_ms: 1.5568
Test (Node.js on ubuntu-latest)	UNKNOWN STEP	2026-05-03T13:38:30.8088500Z   type: 'test'
Test (Node.js on ubuntu-latest)	UNKNOWN STEP	2026-05-03T13:38:30.8088796Z   ...
Test (Node.js on ubuntu-latest)	UNKNOWN STEP	2026-05-03T13:38:30.8089274Z # Subtest: circular and shared references combined
Test (Node.js on ubuntu-latest)	UNKNOWN STEP	2026-05-03T13:38:30.8089951Z ok 37 - circular and shared references combined
Test (Node.js on ubuntu-latest)	UNKNOWN STEP	2026-05-03T13:38:30.8104967Z   ---
Test (Node.js on ubuntu-latest)	UNKNOWN STEP	2026-05-03T13:38:30.8136481Z   duration_ms: 0.885461
Test (Node.js on ubuntu-latest)	UNKNOWN STEP	2026-05-03T13:38:30.8137200Z   type: 'test'
Test (Node.js on ubuntu-latest)	UNKNOWN STEP	2026-05-03T13:38:30.8137792Z   ...
Test (Node.js on ubuntu-latest)	UNKNOWN STEP	2026-05-03T13:38:30.8138405Z # Subtest: deeply nested circular structure
Test (Node.js on ubuntu-latest)	UNKNOWN STEP	2026-05-03T13:38:30.8139176Z ok 38 - deeply nested circular structure
Test (Node.js on ubuntu-latest)	UNKNOWN STEP	2026-05-03T13:38:30.8139789Z   ---
Test (Node.js on ubuntu-latest)	UNKNOWN STEP	2026-05-03T13:38:30.8140247Z   duration_ms: 0.620664
Test (Node.js on ubuntu-latest)	UNKNOWN STEP	2026-05-03T13:38:30.8140786Z   type: 'test'
Test (Node.js on ubuntu-latest)	UNKNOWN STEP	2026-05-03T13:38:30.8141249Z   ...
Test (Node.js on ubuntu-latest)	UNKNOWN STEP	2026-05-03T13:38:30.8141855Z # Subtest: array and object circular reference
Test (Node.js on ubuntu-latest)	UNKNOWN STEP	2026-05-03T13:38:30.8142652Z ok 39 - array and object circular reference
Test (Node.js on ubuntu-latest)	UNKNOWN STEP	2026-05-03T13:38:30.8143363Z   ---
Test (Node.js on ubuntu-latest)	UNKNOWN STEP	2026-05-03T13:38:30.8144304Z   duration_ms: 1.155598
Test (Node.js on ubuntu-latest)	UNKNOWN STEP	2026-05-03T13:38:30.8144933Z   type: 'test'
Test (Node.js on ubuntu-latest)	UNKNOWN STEP	2026-05-03T13:38:30.8145431Z   ...
Test (Node.js on ubuntu-latest)	UNKNOWN STEP	2026-05-03T13:38:30.8146255Z # Subtest: encoded format uses built-in references, not (ref X) marker
Test (Node.js on ubuntu-latest)	UNKNOWN STEP	2026-05-03T13:38:30.8147405Z ok 40 - encoded format uses built-in references, not (ref X) marker
Test (Node.js on ubuntu-latest)	UNKNOWN STEP	2026-05-03T13:38:30.8148183Z   ---
Test (Node.js on ubuntu-latest)	UNKNOWN STEP	2026-05-03T13:38:30.8148664Z   duration_ms: 0.391003
Test (Node.js on ubuntu-latest)	UNKNOWN STEP	2026-05-03T13:38:30.8149190Z   type: 'test'
Test (Node.js on ubuntu-latest)	UNKNOWN STEP	2026-05-03T13:38:30.8149668Z   ...
Test (Node.js on ubuntu-latest)	UNKNOWN STEP	2026-05-03T13:38:30.8150433Z # Subtest: decoder rejects legacy (ref X) marker as unknown type
Test (Node.js on ubuntu-latest)	UNKNOWN STEP	2026-05-03T13:38:30.8151468Z ok 41 - decoder rejects legacy (ref X) marker as unknown type
Test (Node.js on ubuntu-latest)	UNKNOWN STEP	2026-05-03T13:38:30.8152188Z   ---
Test (Node.js on ubuntu-latest)	UNKNOWN STEP	2026-05-03T13:38:30.8152657Z   duration_ms: 0.708319
Test (Node.js on ubuntu-latest)	UNKNOWN STEP	2026-05-03T13:38:30.8153414Z   type: 'test'
Test (Node.js on ubuntu-latest)	UNKNOWN STEP	2026-05-03T13:38:30.8154188Z   ...
Test (Node.js on ubuntu-latest)	UNKNOWN STEP	2026-05-03T13:38:30.8154868Z # Subtest: encode empty array
Test (Node.js on ubuntu-latest)	UNKNOWN STEP	2026-05-03T13:38:30.8155524Z ok 42 - encode empty array
Test (Node.js on ubuntu-latest)	UNKNOWN STEP	2026-05-03T13:38:30.8156070Z   ---
Test (Node.js on ubuntu-latest)	UNKNOWN STEP	2026-05-03T13:38:30.8156552Z   duration_ms: 2.309873
Test (Node.js on ubuntu-latest)	UNKNOWN STEP	2026-05-03T13:38:30.8157081Z   type: 'test'
Test (Node.js on ubuntu-latest)	UNKNOWN STEP	2026-05-03T13:38:30.8157554Z   ...
Test (Node.js on ubuntu-latest)	UNKNOWN STEP	2026-05-03T13:38:30.8158071Z # Subtest: decode empty array
Test (Node.js on ubuntu-latest)	UNKNOWN STEP	2026-05-03T13:38:30.8158694Z ok 43 - decode empty array
Test (Node.js on ubuntu-latest)	UNKNOWN STEP	2026-05-03T13:38:30.8159228Z   ---
Test (Node.js on ubuntu-latest)	UNKNOWN STEP	2026-05-03T13:38:30.8159767Z   duration_ms: 3.634029
Test (Node.js on ubuntu-latest)	UNKNOWN STEP	2026-05-03T13:38:30.8160320Z   type: 'test'
Test (Node.js on ubuntu-latest)	UNKNOWN STEP	2026-05-03T13:38:30.8160850Z   ...
Test (Node.js on ubuntu-latest)	UNKNOWN STEP	2026-05-03T13:38:30.8161430Z # Subtest: roundtrip empty array
Test (Node.js on ubuntu-latest)	UNKNOWN STEP	2026-05-03T13:38:30.8162075Z ok 44 - roundtrip empty array
Test (Node.js on ubuntu-latest)	UNKNOWN STEP	2026-05-03T13:38:30.8162641Z   ---
Test (Node.js on ubuntu-latest)	UNKNOWN STEP	2026-05-03T13:38:30.8163121Z   duration_ms: 1.170646
Test (Node.js on ubuntu-latest)	UNKNOWN STEP	2026-05-03T13:38:30.8163676Z   type: 'test'
Test (Node.js on ubuntu-latest)	UNKNOWN STEP	2026-05-03T13:38:30.8164432Z   ...
Test (Node.js on ubuntu-latest)	UNKNOWN STEP	2026-05-03T13:38:30.8165046Z # Subtest: encode array with basic types
Test (Node.js on ubuntu-latest)	UNKNOWN STEP	2026-05-03T13:38:30.8165793Z ok 45 - encode array with basic types
Test (Node.js on ubuntu-latest)	UNKNOWN STEP	2026-05-03T13:38:30.8166398Z   ---
Test (Node.js on ubuntu-latest)	UNKNOWN STEP	2026-05-03T13:38:30.8166866Z   duration_ms: 0.493446
Test (Node.js on ubuntu-latest)	UNKNOWN STEP	2026-05-03T13:38:30.8167410Z   type: 'test'
Test (Node.js on ubuntu-latest)	UNKNOWN STEP	2026-05-03T13:38:30.8167898Z   ...
Test (Node.js on ubuntu-latest)	UNKNOWN STEP	2026-05-03T13:38:30.8168491Z # Subtest: decode array with basic types
Test (Node.js on ubuntu-latest)	UNKNOWN STEP	2026-05-03T13:38:30.8169308Z ok 46 - decode array with basic types
Test (Node.js on ubuntu-latest)	UNKNOWN STEP	2026-05-03T13:38:30.8169994Z   ---
Test (Node.js on ubuntu-latest)	UNKNOWN STEP	2026-05-03T13:38:30.8170469Z   duration_ms: 0.900049
Test (Node.js on ubuntu-latest)	UNKNOWN STEP	2026-05-03T13:38:30.8171001Z   type: 'test'
Test (Node.js on ubuntu-latest)	UNKNOWN STEP	2026-05-03T13:38:30.8171475Z   ...
Test (Node.js on ubuntu-latest)	UNKNOWN STEP	2026-05-03T13:38:30.8172082Z # Subtest: roundtrip array with mixed types
Test (Node.js on ubuntu-latest)	UNKNOWN STEP	2026-05-03T13:38:30.8172948Z ok 47 - roundtrip array with mixed types
Test (Node.js on ubuntu-latest)	UNKNOWN STEP	2026-05-03T13:38:30.8173565Z   ---
Test (Node.js on ubuntu-latest)	UNKNOWN STEP	2026-05-03T13:38:30.8174264Z   duration_ms: 2.957979
Test (Node.js on ubuntu-latest)	UNKNOWN STEP	2026-05-03T13:38:30.8174851Z   type: 'test'
Test (Node.js on ubuntu-latest)	UNKNOWN STEP	2026-05-03T13:38:30.8175414Z   ...
Test (Node.js on ubuntu-latest)	UNKNOWN STEP	2026-05-03T13:38:30.8175958Z # Subtest: nested arrays
Test (Node.js on ubuntu-latest)	UNKNOWN STEP	2026-05-03T13:38:30.8176558Z ok 48 - nested arrays
Test (Node.js on ubuntu-latest)	UNKNOWN STEP	2026-05-03T13:38:30.8177081Z   ---
Test (Node.js on ubuntu-latest)	UNKNOWN STEP	2026-05-03T13:38:30.8177554Z   duration_ms: 1.596274
Test (Node.js on ubuntu-latest)	UNKNOWN STEP	2026-05-03T13:38:30.8178100Z   type: 'test'
Test (Node.js on ubuntu-latest)	UNKNOWN STEP	2026-05-03T13:38:30.8178575Z   ...
Test (Node.js on ubuntu-latest)	UNKNOWN STEP	2026-05-03T13:38:30.8179127Z # Subtest: encode empty object
Test (Node.js on ubuntu-latest)	UNKNOWN STEP	2026-05-03T13:38:30.8179837Z ok 49 - encode empty object
Test (Node.js on ubuntu-latest)	UNKNOWN STEP	2026-05-03T13:38:30.8180620Z   ---
Test (Node.js on ubuntu-latest)	UNKNOWN STEP	2026-05-03T13:38:30.8181102Z   duration_ms: 0.272581
Test (Node.js on ubuntu-latest)	UNKNOWN STEP	2026-05-03T13:38:30.8181669Z   type: 'test'
Test (Node.js on ubuntu-latest)	UNKNOWN STEP	2026-05-03T13:38:30.8182159Z   ...
Test (Node.js on ubuntu-latest)	UNKNOWN STEP	2026-05-03T13:38:30.8182739Z # Subtest: decode empty object
Test (Node.js on ubuntu-latest)	UNKNOWN STEP	2026-05-03T13:38:30.8183389Z ok 50 - decode empty object
Test (Node.js on ubuntu-latest)	UNKNOWN STEP	2026-05-03T13:38:30.8184195Z   ---
Test (Node.js on ubuntu-latest)	UNKNOWN STEP	2026-05-03T13:38:30.8184689Z   duration_ms: 0.620584
Test (Node.js on ubuntu-latest)	UNKNOWN STEP	2026-05-03T13:38:30.8185217Z   type: 'test'
Test (Node.js on ubuntu-latest)	UNKNOWN STEP	2026-05-03T13:38:30.8185687Z   ...
Test (Node.js on ubuntu-latest)	UNKNOWN STEP	2026-05-03T13:38:30.8186267Z # Subtest: roundtrip empty object
Test (Node.js on ubuntu-latest)	UNKNOWN STEP	2026-05-03T13:38:30.8186959Z ok 51 - roundtrip empty object
Test (Node.js on ubuntu-latest)	UNKNOWN STEP	2026-05-03T13:38:30.8187513Z   ---
Test (Node.js on ubuntu-latest)	UNKNOWN STEP	2026-05-03T13:38:30.8187979Z   duration_ms: 0.653656
Test (Node.js on ubuntu-latest)	UNKNOWN STEP	2026-05-03T13:38:30.8188570Z   type: 'test'
Test (Node.js on ubuntu-latest)	UNKNOWN STEP	2026-05-03T13:38:30.8189102Z   ...
Test (Node.js on ubuntu-latest)	UNKNOWN STEP	2026-05-03T13:38:30.8189713Z # Subtest: encode object with basic types
Test (Node.js on ubuntu-latest)	UNKNOWN STEP	2026-05-03T13:38:30.8190453Z ok 52 - encode object with basic types
Test (Node.js on ubuntu-latest)	UNKNOWN STEP	2026-05-03T13:38:30.8191144Z   ---
Test (Node.js on ubuntu-latest)	UNKNOWN STEP	2026-05-03T13:38:30.8191621Z   duration_ms: 0.418605
Test (Node.js on ubuntu-latest)	UNKNOWN STEP	2026-05-03T13:38:30.8192148Z   type: 'test'
Test (Node.js on ubuntu-latest)	UNKNOWN STEP	2026-05-03T13:38:30.8192628Z   ...
Test (Node.js on ubuntu-latest)	UNKNOWN STEP	2026-05-03T13:38:30.8193224Z # Subtest: decode object with basic types
Test (Node.js on ubuntu-latest)	UNKNOWN STEP	2026-05-03T13:38:30.8194268Z ok 53 - decode object with basic types
Test (Node.js on ubuntu-latest)	UNKNOWN STEP	2026-05-03T13:38:30.8194944Z   ---
Test (Node.js on ubuntu-latest)	UNKNOWN STEP	2026-05-03T13:38:30.8195433Z   duration_ms: 0.469461
Test (Node.js on ubuntu-latest)	UNKNOWN STEP	2026-05-03T13:38:30.8195955Z   type: 'test'
Test (Node.js on ubuntu-latest)	UNKNOWN STEP	2026-05-03T13:38:30.8196402Z   ...
Test (Node.js on ubuntu-latest)	UNKNOWN STEP	2026-05-03T13:38:30.8196987Z # Subtest: roundtrip object with mixed types
Test (Node.js on ubuntu-latest)	UNKNOWN STEP	2026-05-03T13:38:30.8197737Z ok 54 - roundtrip object with mixed types
Test (Node.js on ubuntu-latest)	UNKNOWN STEP	2026-05-03T13:38:30.8198400Z   ---
Test (Node.js on ubuntu-latest)	UNKNOWN STEP	2026-05-03T13:38:30.8198888Z   duration_ms: 1.63141
Test (Node.js on ubuntu-latest)	UNKNOWN STEP	2026-05-03T13:38:30.8199389Z   type: 'test'
Test (Node.js on ubuntu-latest)	UNKNOWN STEP	2026-05-03T13:38:30.8199834Z   ...
Test (Node.js on ubuntu-latest)	UNKNOWN STEP	2026-05-03T13:38:30.8200304Z # Subtest: nested objects
Test (Node.js on ubuntu-latest)	UNKNOWN STEP	2026-05-03T13:38:30.8200852Z ok 55 - nested objects
Test (Node.js on ubuntu-latest)	UNKNOWN STEP	2026-05-03T13:38:30.8201341Z   ---
Test (Node.js on ubuntu-latest)	UNKNOWN STEP	2026-05-03T13:38:30.8201774Z   duration_ms: 5.193613
Test (Node.js on ubuntu-latest)	UNKNOWN STEP	2026-05-03T13:38:30.8202474Z   type: 'test'
Test (Node.js on ubuntu-latest)	UNKNOWN STEP	2026-05-03T13:38:30.8202974Z   ...
Test (Node.js on ubuntu-latest)	UNKNOWN STEP	2026-05-03T13:38:30.8203509Z # Subtest: mixed nested structures
Test (Node.js on ubuntu-latest)	UNKNOWN STEP	2026-05-03T13:38:30.8204540Z ok 56 - mixed nested structures
Test (Node.js on ubuntu-latest)	UNKNOWN STEP	2026-05-03T13:38:30.8214543Z   ---
Test (Node.js on ubuntu-latest)	UNKNOWN STEP	2026-05-03T13:38:30.8215240Z   duration_ms: 1.125241
Test (Node.js on ubuntu-latest)	UNKNOWN STEP	2026-05-03T13:38:30.8215856Z   type: 'test'
Test (Node.js on ubuntu-latest)	UNKNOWN STEP	2026-05-03T13:38:30.8216404Z   ...
Test (Node.js on ubuntu-latest)	UNKNOWN STEP	2026-05-03T13:38:30.8216975Z # Subtest: array of objects
Test (Node.js on ubuntu-latest)	UNKNOWN STEP	2026-05-03T13:38:30.8217622Z ok 57 - array of objects
Test (Node.js on ubuntu-latest)	UNKNOWN STEP	2026-05-03T13:38:30.8218202Z   ---
Test (Node.js on ubuntu-latest)	UNKNOWN STEP	2026-05-03T13:38:30.8218733Z   duration_ms: 4.960836
Test (Node.js on ubuntu-latest)	UNKNOWN STEP	2026-05-03T13:38:30.8219311Z   type: 'test'
Test (Node.js on ubuntu-latest)	UNKNOWN STEP	2026-05-03T13:38:30.8219833Z   ...
Test (Node.js on ubuntu-latest)	UNKNOWN STEP	2026-05-03T13:38:30.8220529Z # Subtest: object with array values
Test (Node.js on ubuntu-latest)	UNKNOWN STEP	2026-05-03T13:38:30.8221340Z ok 58 - object with array values
Test (Node.js on ubuntu-latest)	UNKNOWN STEP	2026-05-03T13:38:30.8221977Z   ---
Test (Node.js on ubuntu-latest)	UNKNOWN STEP	2026-05-03T13:38:30.8222505Z   duration_ms: 0.729378
Test (Node.js on ubuntu-latest)	UNKNOWN STEP	2026-05-03T13:38:30.8223079Z   type: 'test'
Test (Node.js on ubuntu-latest)	UNKNOWN STEP	2026-05-03T13:38:30.8223602Z   ...
Test (Node.js on ubuntu-latest)	UNKNOWN STEP	2026-05-03T13:38:30.8224586Z # Subtest: deeply nested structure
Test (Node.js on ubuntu-latest)	UNKNOWN STEP	2026-05-03T13:38:30.8225378Z ok 59 - deeply nested structure
Test (Node.js on ubuntu-latest)	UNKNOWN STEP	2026-05-03T13:38:30.8226019Z   ---
Test (Node.js on ubuntu-latest)	UNKNOWN STEP	2026-05-03T13:38:30.8226542Z   duration_ms: 0.83178
Test (Node.js on ubuntu-latest)	UNKNOWN STEP	2026-05-03T13:38:30.8227126Z   type: 'test'
Test (Node.js on ubuntu-latest)	UNKNOWN STEP	2026-05-03T13:38:30.8227662Z   ...
Test (Node.js on ubuntu-latest)	UNKNOWN STEP	2026-05-03T13:38:30.8878922Z # Subtest: escapeReference - simple string
Test (Node.js on ubuntu-latest)	UNKNOWN STEP	2026-05-03T13:38:30.8954705Z ok 60 - escapeReference - simple string
Test (Node.js on ubuntu-latest)	UNKNOWN STEP	2026-05-03T13:38:30.8960275Z   ---
Test (Node.js on ubuntu-latest)	UNKNOWN STEP	2026-05-03T13:38:30.8983291Z   duration_ms: 2.287772
Test (Node.js on ubuntu-latest)	UNKNOWN STEP	2026-05-03T13:38:30.8984324Z   type: 'test'
Test (Node.js on ubuntu-latest)	UNKNOWN STEP	2026-05-03T13:38:30.8984931Z   ...
Test (Node.js on ubuntu-latest)	UNKNOWN STEP	2026-05-03T13:38:30.8985602Z # Subtest: escapeReference - numbers
Test (Node.js on ubuntu-latest)	UNKNOWN STEP	2026-05-03T13:38:30.8986416Z ok 61 - escapeReference - numbers
Test (Node.js on ubuntu-latest)	UNKNOWN STEP	2026-05-03T13:38:30.8987070Z   ---
Test (Node.js on ubuntu-latest)	UNKNOWN STEP	2026-05-03T13:38:30.8987608Z   duration_ms: 0.236574
Test (Node.js on ubuntu-latest)	UNKNOWN STEP	2026-05-03T13:38:30.8988225Z   type: 'test'
Test (Node.js on ubuntu-latest)	UNKNOWN STEP	2026-05-03T13:38:30.8988793Z   ...
Test (Node.js on ubuntu-latest)	UNKNOWN STEP	2026-05-03T13:38:30.8989486Z # Subtest: escapeReference - booleans
Test (Node.js on ubuntu-latest)	UNKNOWN STEP	2026-05-03T13:38:30.8990344Z ok 62 - escapeReference - booleans
Test (Node.js on ubuntu-latest)	UNKNOWN STEP	2026-05-03T13:38:30.8991036Z   ---
Test (Node.js on ubuntu-latest)	UNKNOWN STEP	2026-05-03T13:38:30.8991593Z   duration_ms: 0.120977
Test (Node.js on ubuntu-latest)	UNKNOWN STEP	2026-05-03T13:38:30.8992243Z   type: 'test'
Test (Node.js on ubuntu-latest)	UNKNOWN STEP	2026-05-03T13:38:30.8992791Z   ...
Test (Node.js on ubuntu-latest)	UNKNOWN STEP	2026-05-03T13:38:30.8993498Z # Subtest: escapeReference - string with spaces
Test (Node.js on ubuntu-latest)	UNKNOWN STEP	2026-05-03T13:38:30.8995212Z ok 63 - escapeReference - string with spaces
Test (Node.js on ubuntu-latest)	UNKNOWN STEP	2026-05-03T13:38:30.8995941Z   ---
Test (Node.js on ubuntu-latest)	UNKNOWN STEP	2026-05-03T13:38:30.8996461Z   duration_ms: 0.221004
Test (Node.js on ubuntu-latest)	UNKNOWN STEP	2026-05-03T13:38:30.8997043Z   type: 'test'
Test (Node.js on ubuntu-latest)	UNKNOWN STEP	2026-05-03T13:38:30.8997558Z   ...
Test (Node.js on ubuntu-latest)	UNKNOWN STEP	2026-05-03T13:38:30.8998296Z # Subtest: escapeReference - string with single quotes
Test (Node.js on ubuntu-latest)	UNKNOWN STEP	2026-05-03T13:38:30.8999263Z ok 64 - escapeReference - string with single quotes
Test (Node.js on ubuntu-latest)	UNKNOWN STEP	2026-05-03T13:38:30.8999999Z   ---
Test (Node.js on ubuntu-latest)	UNKNOWN STEP	2026-05-03T13:38:30.9000532Z   duration_ms: 0.135985
Test (Node.js on ubuntu-latest)	UNKNOWN STEP	2026-05-03T13:38:30.9001093Z   type: 'test'
Test (Node.js on ubuntu-latest)	UNKNOWN STEP	2026-05-03T13:38:30.9001629Z   ...
Test (Node.js on ubuntu-latest)	UNKNOWN STEP	2026-05-03T13:38:30.9002378Z # Subtest: escapeReference - string with double quotes
Test (Node.js on ubuntu-latest)	UNKNOWN STEP	2026-05-03T13:38:30.9003305Z ok 65 - escapeReference - string with double quotes
Test (Node.js on ubuntu-latest)	UNKNOWN STEP	2026-05-03T13:38:30.9004301Z   ---
Test (Node.js on ubuntu-latest)	UNKNOWN STEP	2026-05-03T13:38:30.9004876Z   duration_ms: 0.130925
Test (Node.js on ubuntu-latest)	UNKNOWN STEP	2026-05-03T13:38:30.9005478Z   type: 'test'
Test (Node.js on ubuntu-latest)	UNKNOWN STEP	2026-05-03T13:38:30.9006120Z   ...
Test (Node.js on ubuntu-latest)	UNKNOWN STEP	2026-05-03T13:38:30.9006924Z # Subtest: escapeReference - string with both quotes
Test (Node.js on ubuntu-latest)	UNKNOWN STEP	2026-05-03T13:38:30.9007968Z ok 66 - escapeReference - string with both quotes
Test (Node.js on ubuntu-latest)	UNKNOWN STEP	2026-05-03T13:38:30.9008800Z   ---
Test (Node.js on ubuntu-latest)	UNKNOWN STEP	2026-05-03T13:38:30.9009360Z   duration_ms: 0.18682
Test (Node.js on ubuntu-latest)	UNKNOWN STEP	2026-05-03T13:38:30.9009991Z   type: 'test'
Test (Node.js on ubuntu-latest)	UNKNOWN STEP	2026-05-03T13:38:30.9010562Z   ...
Test (Node.js on ubuntu-latest)	UNKNOWN STEP	2026-05-03T13:38:30.9011302Z # Subtest: escapeReference - string with parentheses
Test (Node.js on ubuntu-latest)	UNKNOWN STEP	2026-05-03T13:38:30.9012229Z ok 67 - escapeReference - string with parentheses
Test (Node.js on ubuntu-latest)	UNKNOWN STEP	2026-05-03T13:38:30.9013005Z   ---
Test (Node.js on ubuntu-latest)	UNKNOWN STEP	2026-05-03T13:38:30.9013502Z   duration_ms: 0.11763
Test (Node.js on ubuntu-latest)	UNKNOWN STEP	2026-05-03T13:38:30.9014326Z   type: 'test'
Test (Node.js on ubuntu-latest)	UNKNOWN STEP	2026-05-03T13:38:30.9014914Z   ...
Test (Node.js on ubuntu-latest)	UNKNOWN STEP	2026-05-03T13:38:30.9015600Z # Subtest: escapeReference - string with colon
Test (Node.js on ubuntu-latest)	UNKNOWN STEP	2026-05-03T13:38:30.9016444Z ok 68 - escapeReference - string with colon
Test (Node.js on ubuntu-latest)	UNKNOWN STEP	2026-05-03T13:38:30.9017098Z   ---
Test (Node.js on ubuntu-latest)	UNKNOWN STEP	2026-05-03T13:38:30.9017582Z   duration_ms: 0.319389
Test (Node.js on ubuntu-latest)	UNKNOWN STEP	2026-05-03T13:38:30.9018131Z   type: 'test'
Test (Node.js on ubuntu-latest)	UNKNOWN STEP	2026-05-03T13:38:30.9018619Z   ...
Test (Node.js on ubuntu-latest)	UNKNOWN STEP	2026-05-03T13:38:30.9019618Z # Subtest: escapeReference - string with newline
Test (Node.js on ubuntu-latest)	UNKNOWN STEP	2026-05-03T13:38:30.9020550Z ok 69 - escapeReference - string with newline
Test (Node.js on ubuntu-latest)	UNKNOWN STEP	2026-05-03T13:38:30.9021233Z   ---
Test (Node.js on ubuntu-latest)	UNKNOWN STEP	2026-05-03T13:38:30.9021723Z   duration_ms: 0.374633
Test (Node.js on ubuntu-latest)	UNKNOWN STEP	2026-05-03T13:38:30.9022277Z   type: 'test'
Test (Node.js on ubuntu-latest)	UNKNOWN STEP	2026-05-03T13:38:30.9022784Z   ...
Test (Node.js on ubuntu-latest)	UNKNOWN STEP	2026-05-03T13:38:30.9023556Z # Subtest: unescapeReference - simple string
Test (Node.js on ubuntu-latest)	UNKNOWN STEP	2026-05-03T13:38:30.9024819Z ok 70 - unescapeReference - simple string
Test (Node.js on ubuntu-latest)	UNKNOWN STEP	2026-05-03T13:38:30.9025624Z   ---
Test (Node.js on ubuntu-latest)	UNKNOWN STEP	2026-05-03T13:38:30.9026245Z   duration_ms: 0.237907
Test (Node.js on ubuntu-latest)	UNKNOWN STEP	2026-05-03T13:38:30.9026883Z   type: 'test'
Test (Node.js on ubuntu-latest)	UNKNOWN STEP	2026-05-03T13:38:30.9027433Z   ...
Test (Node.js on ubuntu-latest)	UNKNOWN STEP	2026-05-03T13:38:30.9028199Z # Subtest: unescapeReference - doubled double quotes
Test (Node.js on ubuntu-latest)	UNKNOWN STEP	2026-05-03T13:38:30.9029202Z ok 71 - unescapeReference - doubled double quotes
Test (Node.js on ubuntu-latest)	UNKNOWN STEP	2026-05-03T13:38:30.9029945Z   ---
Test (Node.js on ubuntu-latest)	UNKNOWN STEP	2026-05-03T13:38:30.9030677Z   duration_ms: 0.104816
Test (Node.js on ubuntu-latest)	UNKNOWN STEP	2026-05-03T13:38:30.9031337Z   type: 'test'
Test (Node.js on ubuntu-latest)	UNKNOWN STEP	2026-05-03T13:38:30.9031905Z   ...
Test (Node.js on ubuntu-latest)	UNKNOWN STEP	2026-05-03T13:38:30.9032652Z # Subtest: unescapeReference - doubled single quotes
Test (Node.js on ubuntu-latest)	UNKNOWN STEP	2026-05-03T13:38:30.9033692Z ok 72 - unescapeReference - doubled single quotes
Test (Node.js on ubuntu-latest)	UNKNOWN STEP	2026-05-03T13:38:30.9034807Z   ---
Test (Node.js on ubuntu-latest)	UNKNOWN STEP	2026-05-03T13:38:30.9035383Z   duration_ms: 0.090379
Test (Node.js on ubuntu-latest)	UNKNOWN STEP	2026-05-03T13:38:30.9036014Z   type: 'test'
Test (Node.js on ubuntu-latest)	UNKNOWN STEP	2026-05-03T13:38:30.9036591Z   ...
Test (Node.js on ubuntu-latest)	UNKNOWN STEP	2026-05-03T13:38:30.9037307Z # Subtest: unescapeReference - null/undefined
Test (Node.js on ubuntu-latest)	UNKNOWN STEP	2026-05-03T13:38:30.9038184Z ok 73 - unescapeReference - null/undefined
Test (Node.js on ubuntu-latest)	UNKNOWN STEP	2026-05-03T13:38:30.9038944Z   ---
Test (Node.js on ubuntu-latest)	UNKNOWN STEP	2026-05-03T13:38:30.9039508Z   duration_ms: 0.084569
Test (Node.js on ubuntu-latest)	UNKNOWN STEP	2026-05-03T13:38:30.9040076Z   type: 'test'
Test (Node.js on ubuntu-latest)	UNKNOWN STEP	2026-05-03T13:38:30.9040654Z   ...
Test (Node.js on ubuntu-latest)	UNKNOWN STEP	2026-05-03T13:38:30.9041211Z # Subtest: jsonToLino - null
Test (Node.js on ubuntu-latest)	UNKNOWN STEP	2026-05-03T13:38:30.9041869Z ok 74 - jsonToLino - null
Test (Node.js on ubuntu-latest)	UNKNOWN STEP	2026-05-03T13:38:30.9042413Z   ---
Test (Node.js on ubuntu-latest)	UNKNOWN STEP	2026-05-03T13:38:30.9042960Z   duration_ms: 0.156173
Test (Node.js on ubuntu-latest)	UNKNOWN STEP	2026-05-03T13:38:30.9043619Z   type: 'test'
Test (Node.js on ubuntu-latest)	UNKNOWN STEP	2026-05-03T13:38:30.9044521Z   ...
Test (Node.js on ubuntu-latest)	UNKNOWN STEP	2026-05-03T13:38:30.9045257Z # Subtest: jsonToLino - undefined
Test (Node.js on ubuntu-latest)	UNKNOWN STEP	2026-05-03T13:38:30.9046392Z ok 75 - jsonToLino - undefined
Test (Node.js on ubuntu-latest)	UNKNOWN STEP	2026-05-03T13:38:30.9047179Z   ---
Test (Node.js on ubuntu-latest)	UNKNOWN STEP	2026-05-03T13:38:30.9047845Z   duration_ms: 0.084489
Test (Node.js on ubuntu-latest)	UNKNOWN STEP	2026-05-03T13:38:30.9048556Z   type: 'test'
Test (Node.js on ubuntu-latest)	UNKNOWN STEP	2026-05-03T13:38:30.9049280Z   ...
Test (Node.js on ubuntu-latest)	UNKNOWN STEP	2026-05-03T13:38:30.9050047Z # Subtest: jsonToLino - number
Test (Node.js on ubuntu-latest)	UNKNOWN STEP	2026-05-03T13:38:30.9051211Z ok 76 - jsonToLino - number
Test (Node.js on ubuntu-latest)	UNKNOWN STEP	2026-05-03T13:38:30.9051988Z   ---
Test (Node.js on ubuntu-latest)	UNKNOWN STEP	2026-05-03T13:38:30.9052682Z   duration_ms: 0.087154
Test (Node.js on ubuntu-latest)	UNKNOWN STEP	2026-05-03T13:38:30.9053429Z   type: 'test'
Test (Node.js on ubuntu-latest)	UNKNOWN STEP	2026-05-03T13:38:30.9054378Z   ...
Test (Node.js on ubuntu-latest)	UNKNOWN STEP	2026-05-03T13:38:30.9055262Z # Subtest: jsonToLino - boolean
Test (Node.js on ubuntu-latest)	UNKNOWN STEP	2026-05-03T13:38:30.9056139Z ok 77 - jsonToLino - boolean
Test (Node.js on ubuntu-latest)	UNKNOWN STEP	2026-05-03T13:38:30.9056924Z   ---
Test (Node.js on ubuntu-latest)	UNKNOWN STEP	2026-05-03T13:38:30.9057574Z   duration_ms: 0.079259
Test (Node.js on ubuntu-latest)	UNKNOWN STEP	2026-05-03T13:38:30.9058288Z   type: 'test'
Test (Node.js on ubuntu-latest)	UNKNOWN STEP	2026-05-03T13:38:30.9058933Z   ...
Test (Node.js on ubuntu-latest)	UNKNOWN STEP	2026-05-03T13:38:30.9059712Z # Subtest: jsonToLino - simple string
Test (Node.js on ubuntu-latest)	UNKNOWN STEP	2026-05-03T13:38:30.9060661Z ok 78 - jsonToLino - simple string
Test (Node.js on ubuntu-latest)	UNKNOWN STEP	2026-05-03T13:38:30.9061412Z   ---
Test (Node.js on ubuntu-latest)	UNKNOWN STEP	2026-05-03T13:38:30.9062015Z   duration_ms: 0.091522
Test (Node.js on ubuntu-latest)	UNKNOWN STEP	2026-05-03T13:38:30.9062704Z   type: 'test'
Test (Node.js on ubuntu-latest)	UNKNOWN STEP	2026-05-03T13:38:30.9063344Z   ...
Test (Node.js on ubuntu-latest)	UNKNOWN STEP	2026-05-03T13:38:30.9064446Z # Subtest: jsonToLino - string with spaces
Test (Node.js on ubuntu-latest)	UNKNOWN STEP	2026-05-03T13:38:30.9065469Z ok 79 - jsonToLino - string with spaces
Test (Node.js on ubuntu-latest)	UNKNOWN STEP	2026-05-03T13:38:30.9066290Z   ---
Test (Node.js on ubuntu-latest)	UNKNOWN STEP	2026-05-03T13:38:30.9066945Z   duration_ms: 0.091993
Test (Node.js on ubuntu-latest)	UNKNOWN STEP	2026-05-03T13:38:30.9067704Z   type: 'test'
Test (Node.js on ubuntu-latest)	UNKNOWN STEP	2026-05-03T13:38:30.9068391Z   ...
Test (Node.js on ubuntu-latest)	UNKNOWN STEP	2026-05-03T13:38:30.9069194Z # Subtest: jsonToLino - empty array
Test (Node.js on ubuntu-latest)	UNKNOWN STEP	2026-05-03T13:38:30.9070147Z ok 80 - jsonToLino - empty array
Test (Node.js on ubuntu-latest)	UNKNOWN STEP	2026-05-03T13:38:30.9070955Z   ---
Test (Node.js on ubuntu-latest)	UNKNOWN STEP	2026-05-03T13:38:30.9071619Z   duration_ms: 0.078177
Test (Node.js on ubuntu-latest)	UNKNOWN STEP	2026-05-03T13:38:30.9072323Z   type: 'test'
Test (Node.js on ubuntu-latest)	UNKNOWN STEP	2026-05-03T13:38:30.9072961Z   ...
Test (Node.js on ubuntu-latest)	UNKNOWN STEP	2026-05-03T13:38:30.9074023Z # Subtest: jsonToLino - array of numbers
Test (Node.js on ubuntu-latest)	UNKNOWN STEP	2026-05-03T13:38:30.9075050Z ok 81 - jsonToLino - array of numbers
Test (Node.js on ubuntu-latest)	UNKNOWN STEP	2026-05-03T13:38:30.9075854Z   ---
Test (Node.js on ubuntu-latest)	UNKNOWN STEP	2026-05-03T13:38:30.9076496Z   duration_ms: 0.096721
Test (Node.js on ubuntu-latest)	UNKNOWN STEP	2026-05-03T13:38:30.9077235Z   type: 'test'
Test (Node.js on ubuntu-latest)	UNKNOWN STEP	2026-05-03T13:38:30.9077929Z   ...
Test (Node.js on ubuntu-latest)	UNKNOWN STEP	2026-05-03T13:38:30.9078651Z # Subtest: jsonToLino - array of strings
Test (Node.js on ubuntu-latest)	UNKNOWN STEP	2026-05-03T13:38:30.9079418Z ok 82 - jsonToLino - array of strings
Test (Node.js on ubuntu-latest)	UNKNOWN STEP	2026-05-03T13:38:30.9080190Z   ---
Test (Node.js on ubuntu-latest)	UNKNOWN STEP	2026-05-03T13:38:30.9080965Z   duration_ms: 0.092263
Test (Node.js on ubuntu-latest)	UNKNOWN STEP	2026-05-03T13:38:30.9081695Z   type: 'test'
Test (Node.js on ubuntu-latest)	UNKNOWN STEP	2026-05-03T13:38:30.9082345Z   ...
Test (Node.js on ubuntu-latest)	UNKNOWN STEP	2026-05-03T13:38:30.9083108Z # Subtest: jsonToLino - nested array
Test (Node.js on ubuntu-latest)	UNKNOWN STEP	2026-05-03T13:38:30.9084242Z ok 83 - jsonToLino - nested array
Test (Node.js on ubuntu-latest)	UNKNOWN STEP	2026-05-03T13:38:30.9085085Z   ---
Test (Node.js on ubuntu-latest)	UNKNOWN STEP	2026-05-03T13:38:30.9085691Z   duration_ms: 0.091331
Test (Node.js on ubuntu-latest)	UNKNOWN STEP	2026-05-03T13:38:30.9086425Z   type: 'test'
Test (Node.js on ubuntu-latest)	UNKNOWN STEP	2026-05-03T13:38:30.9087030Z   ...
Test (Node.js on ubuntu-latest)	UNKNOWN STEP	2026-05-03T13:38:30.9087769Z # Subtest: jsonToLino - empty object
Test (Node.js on ubuntu-latest)	UNKNOWN STEP	2026-05-03T13:38:30.9088637Z ok 84 - jsonToLino - empty object
Test (Node.js on ubuntu-latest)	UNKNOWN STEP	2026-05-03T13:38:30.9089471Z   ---
Test (Node.js on ubuntu-latest)	UNKNOWN STEP	2026-05-03T13:38:30.9090138Z   duration_ms: 0.077135
Test (Node.js on ubuntu-latest)	UNKNOWN STEP	2026-05-03T13:38:30.9090838Z   type: 'test'
Test (Node.js on ubuntu-latest)	UNKNOWN STEP	2026-05-03T13:38:30.9091472Z   ...
Test (Node.js on ubuntu-latest)	UNKNOWN STEP	2026-05-03T13:38:30.9092246Z # Subtest: jsonToLino - simple object
Test (Node.js on ubuntu-latest)	UNKNOWN STEP	2026-05-03T13:38:30.9093148Z ok 85 - jsonToLino - simple object
Test (Node.js on ubuntu-latest)	UNKNOWN STEP	2026-05-03T13:38:30.9094205Z   ---
Test (Node.js on ubuntu-latest)	UNKNOWN STEP	2026-05-03T13:38:30.9094878Z   duration_ms: 0.189816
Test (Node.js on ubuntu-latest)	UNKNOWN STEP	2026-05-03T13:38:30.9095548Z   type: 'test'
Test (Node.js on ubuntu-latest)	UNKNOWN STEP	2026-05-03T13:38:30.9096165Z   ...
Test (Node.js on ubuntu-latest)	UNKNOWN STEP	2026-05-03T13:38:30.9096958Z # Subtest: jsonToLino - object with nested object
Test (Node.js on ubuntu-latest)	UNKNOWN STEP	2026-05-03T13:38:30.9098071Z ok 86 - jsonToLino - object with nested object
Test (Node.js on ubuntu-latest)	UNKNOWN STEP	2026-05-03T13:38:30.9098850Z   ---
Test (Node.js on ubuntu-latest)	UNKNOWN STEP	2026-05-03T13:38:30.9099391Z   duration_ms: 0.120256
Test (Node.js on ubuntu-latest)	UNKNOWN STEP	2026-05-03T13:38:30.9100078Z   type: 'test'
Test (Node.js on ubuntu-latest)	UNKNOWN STEP	2026-05-03T13:38:30.9102080Z   ...
Test (Node.js on ubuntu-latest)	UNKNOWN STEP	2026-05-03T13:38:30.9102910Z # Subtest: jsonToLino - object with array
Test (Node.js on ubuntu-latest)	UNKNOWN STEP	2026-05-03T13:38:30.9103516Z ok 87 - jsonToLino - object with array
Test (Node.js on ubuntu-latest)	UNKNOWN STEP	2026-05-03T13:38:30.9104160Z   ---
Test (Node.js on ubuntu-latest)	UNKNOWN STEP	2026-05-03T13:38:30.9104462Z   duration_ms: 0.098465
Test (Node.js on ubuntu-latest)	UNKNOWN STEP	2026-05-03T13:38:30.9104843Z   type: 'test'
Test (Node.js on ubuntu-latest)	UNKNOWN STEP	2026-05-03T13:38:30.9105175Z   ...
Test (Node.js on ubuntu-latest)	UNKNOWN STEP	2026-05-03T13:38:30.9105626Z # Subtest: linoToJson - null input
Test (Node.js on ubuntu-latest)	UNKNOWN STEP	2026-05-03T13:38:30.9106202Z ok 88 - linoToJson - null input
Test (Node.js on ubuntu-latest)	UNKNOWN STEP	2026-05-03T13:38:30.9106649Z   ---
Test (Node.js on ubuntu-latest)	UNKNOWN STEP	2026-05-03T13:38:30.9106989Z   duration_ms: 0.121037
Test (Node.js on ubuntu-latest)	UNKNOWN STEP	2026-05-03T13:38:30.9107373Z   type: 'test'
Test (Node.js on ubuntu-latest)	UNKNOWN STEP	2026-05-03T13:38:30.9107698Z   ...
Test (Node.js on ubuntu-latest)	UNKNOWN STEP	2026-05-03T13:38:30.9108130Z # Subtest: linoToJson - primitives
Test (Node.js on ubuntu-latest)	UNKNOWN STEP	2026-05-03T13:38:30.9108733Z ok 89 - linoToJson - primitives
Test (Node.js on ubuntu-latest)	UNKNOWN STEP	2026-05-03T13:38:30.9109189Z   ---
Test (Node.js on ubuntu-latest)	UNKNOWN STEP	2026-05-03T13:38:30.9109522Z   duration_ms: 2.187915
Test (Node.js on ubuntu-latest)	UNKNOWN STEP	2026-05-03T13:38:30.9109924Z   type: 'test'
Test (Node.js on ubuntu-latest)	UNKNOWN STEP	2026-05-03T13:38:30.9110542Z   ...
Test (Node.js on ubuntu-latest)	UNKNOWN STEP	2026-05-03T13:38:30.9111067Z # Subtest: linoToJson - simple string
Test (Node.js on ubuntu-latest)	UNKNOWN STEP	2026-05-03T13:38:30.9117748Z ok 90 - linoToJson - simple string
Test (Node.js on ubuntu-latest)	UNKNOWN STEP	2026-05-03T13:38:30.9118134Z   ---
Test (Node.js on ubuntu-latest)	UNKNOWN STEP	2026-05-03T13:38:30.9118427Z   duration_ms: 0.349736
Test (Node.js on ubuntu-latest)	UNKNOWN STEP	2026-05-03T13:38:30.9118747Z   type: 'test'
Test (Node.js on ubuntu-latest)	UNKNOWN STEP	2026-05-03T13:38:30.9119052Z   ...
Test (Node.js on ubuntu-latest)	UNKNOWN STEP	2026-05-03T13:38:30.9119452Z # Subtest: linoToJson - empty link
Test (Node.js on ubuntu-latest)	UNKNOWN STEP	2026-05-03T13:38:30.9119960Z ok 91 - linoToJson - empty link
Test (Node.js on ubuntu-latest)	UNKNOWN STEP	2026-05-03T13:38:30.9120331Z   ---
Test (Node.js on ubuntu-latest)	UNKNOWN STEP	2026-05-03T13:38:30.9120613Z   duration_ms: 0.953288
Test (Node.js on ubuntu-latest)	UNKNOWN STEP	2026-05-03T13:38:30.9120931Z   type: 'test'
Test (Node.js on ubuntu-latest)	UNKNOWN STEP	2026-05-03T13:38:30.9121211Z   ...
Test (Node.js on ubuntu-latest)	UNKNOWN STEP	2026-05-03T13:38:30.9121606Z # Subtest: linoToJson - array of numbers
Test (Node.js on ubuntu-latest)	UNKNOWN STEP	2026-05-03T13:38:30.9122163Z ok 92 - linoToJson - array of numbers
Test (Node.js on ubuntu-latest)	UNKNOWN STEP	2026-05-03T13:38:30.9122578Z   ---
Test (Node.js on ubuntu-latest)	UNKNOWN STEP	2026-05-03T13:38:30.9122856Z   duration_ms: 0.395442
Test (Node.js on ubuntu-latest)	UNKNOWN STEP	2026-05-03T13:38:30.9123199Z   type: 'test'
Test (Node.js on ubuntu-latest)	UNKNOWN STEP	2026-05-03T13:38:30.9123477Z   ...
Test (Node.js on ubuntu-latest)	UNKNOWN STEP	2026-05-03T13:38:30.9124256Z # Subtest: linoToJson - simple object
Test (Node.js on ubuntu-latest)	UNKNOWN STEP	2026-05-03T13:38:30.9124798Z ok 93 - linoToJson - simple object
Test (Node.js on ubuntu-latest)	UNKNOWN STEP	2026-05-03T13:38:30.9125175Z   ---
Test (Node.js on ubuntu-latest)	UNKNOWN STEP	2026-05-03T13:38:30.9125456Z   duration_ms: 0.397726
Test (Node.js on ubuntu-latest)	UNKNOWN STEP	2026-05-03T13:38:30.9125780Z   type: 'test'
Test (Node.js on ubuntu-latest)	UNKNOWN STEP	2026-05-03T13:38:30.9126326Z   ...
Test (Node.js on ubuntu-latest)	UNKNOWN STEP	2026-05-03T13:38:30.9126841Z # Subtest: linoToJson - nested object
Test (Node.js on ubuntu-latest)	UNKNOWN STEP	2026-05-03T13:38:30.9129725Z ok 94 - linoToJson - nested object
Test (Node.js on ubuntu-latest)	UNKNOWN STEP	2026-05-03T13:38:30.9130394Z   ---
Test (Node.js on ubuntu-latest)	UNKNOWN STEP	2026-05-03T13:38:30.9130965Z   duration_ms: 0.754806
Test (Node.js on ubuntu-latest)	UNKNOWN STEP	2026-05-03T13:38:30.9131507Z   type: 'test'
Test (Node.js on ubuntu-latest)	UNKNOWN STEP	2026-05-03T13:38:30.9131986Z   ...
Test (Node.js on ubuntu-latest)	UNKNOWN STEP	2026-05-03T13:38:30.9138600Z # Subtest: linoToJson - object with array value
Test (Node.js on ubuntu-latest)	UNKNOWN STEP	2026-05-03T13:38:30.9161725Z ok 95 - linoToJson - object with array value
Test (Node.js on ubuntu-latest)	UNKNOWN STEP	2026-05-03T13:38:30.9162716Z   ---
Test (Node.js on ubuntu-latest)	UNKNOWN STEP	2026-05-03T13:38:30.9163494Z   duration_ms: 0.345879
Test (Node.js on ubuntu-latest)	UNKNOWN STEP	2026-05-03T13:38:30.9164594Z   type: 'test'
Test (Node.js on ubuntu-latest)	UNKNOWN STEP	2026-05-03T13:38:30.9165294Z   ...
Test (Node.js on ubuntu-latest)	UNKNOWN STEP	2026-05-03T13:38:30.9166101Z # Subtest: roundtrip - simple object
Test (Node.js on ubuntu-latest)	UNKNOWN STEP	2026-05-03T13:38:30.9167616Z ok 96 - roundtrip - simple object
Test (Node.js on ubuntu-latest)	UNKNOWN STEP	2026-05-03T13:38:30.9168546Z   ---
Test (Node.js on ubuntu-latest)	UNKNOWN STEP	2026-05-03T13:38:30.9169244Z   duration_ms: 0.285766
Test (Node.js on ubuntu-latest)	UNKNOWN STEP	2026-05-03T13:38:30.9170017Z   type: 'test'
Test (Node.js on ubuntu-latest)	UNKNOWN STEP	2026-05-03T13:38:30.9170696Z   ...
Test (Node.js on ubuntu-latest)	UNKNOWN STEP	2026-05-03T13:38:30.9171505Z # Subtest: roundtrip - nested object
Test (Node.js on ubuntu-latest)	UNKNOWN STEP	2026-05-03T13:38:30.9172481Z ok 97 - roundtrip - nested object
Test (Node.js on ubuntu-latest)	UNKNOWN STEP	2026-05-03T13:38:30.9173306Z   ---
Test (Node.js on ubuntu-latest)	UNKNOWN STEP	2026-05-03T13:38:30.9174344Z   duration_ms: 0.349796
Test (Node.js on ubuntu-latest)	UNKNOWN STEP	2026-05-03T13:38:30.9175119Z   type: 'test'
Test (Node.js on ubuntu-latest)	UNKNOWN STEP	2026-05-03T13:38:30.9175793Z   ...
Test (Node.js on ubuntu-latest)	UNKNOWN STEP	2026-05-03T13:38:30.9176626Z # Subtest: roundtrip - object with array
Test (Node.js on ubuntu-latest)	UNKNOWN STEP	2026-05-03T13:38:30.9204572Z ok 98 - roundtrip - object with array
Test (Node.js on ubuntu-latest)	UNKNOWN STEP	2026-05-03T13:38:30.9205582Z   ---
Test (Node.js on ubuntu-latest)	UNKNOWN STEP	2026-05-03T13:38:30.9209320Z   duration_ms: 0.263284
Test (Node.js on ubuntu-latest)	UNKNOWN STEP	2026-05-03T13:38:30.9210153Z   type: 'test'
Test (Node.js on ubuntu-latest)	UNKNOWN STEP	2026-05-03T13:38:30.9210847Z   ...
Test (Node.js on ubuntu-latest)	UNKNOWN STEP	2026-05-03T13:38:30.9211681Z # Subtest: roundtrip - complex object
Test (Node.js on ubuntu-latest)	UNKNOWN STEP	2026-05-03T13:38:30.9212758Z ok 99 - roundtrip - complex object
Test (Node.js on ubuntu-latest)	UNKNOWN STEP	2026-05-03T13:38:30.9213576Z   ---
Test (Node.js on ubuntu-latest)	UNKNOWN STEP	2026-05-03T13:38:30.9214581Z   duration_ms: 0.453611
Test (Node.js on ubuntu-latest)	UNKNOWN STEP	2026-05-03T13:38:30.9215347Z   type: 'test'
Test (Node.js on ubuntu-latest)	UNKNOWN STEP	2026-05-03T13:38:30.9216044Z   ...
Test (Node.js on ubuntu-latest)	UNKNOWN STEP	2026-05-03T13:38:30.9216883Z # Subtest: formatAsLino - empty array
Test (Node.js on ubuntu-latest)	UNKNOWN STEP	2026-05-03T13:38:30.9217695Z ok 100 - formatAsLino - empty array
Test (Node.js on ubuntu-latest)	UNKNOWN STEP	2026-05-03T13:38:30.9218194Z   ---
Test (Node.js on ubuntu-latest)	UNKNOWN STEP	2026-05-03T13:38:30.9218503Z   duration_ms: 0.178956
Test (Node.js on ubuntu-latest)	UNKNOWN STEP	2026-05-03T13:38:30.9218846Z   type: 'test'
Test (Node.js on ubuntu-latest)	UNKNOWN STEP	2026-05-03T13:38:30.9219140Z   ...
Test (Node.js on ubuntu-latest)	UNKNOWN STEP	2026-05-03T13:38:30.9219559Z # Subtest: formatAsLino - array of values
Test (Node.js on ubuntu-latest)	UNKNOWN STEP	2026-05-03T13:38:30.9220119Z ok 101 - formatAsLino - array of values
Test (Node.js on ubuntu-latest)	UNKNOWN STEP	2026-05-03T13:38:30.9220536Z   ---
Test (Node.js on ubuntu-latest)	UNKNOWN STEP	2026-05-03T13:38:30.9220815Z   duration_ms: 0.167415
Test (Node.js on ubuntu-latest)	UNKNOWN STEP	2026-05-03T13:38:30.9221148Z   type: 'test'
Test (Node.js on ubuntu-latest)	UNKNOWN STEP	2026-05-03T13:38:30.9221436Z   ...
Test (Node.js on ubuntu-latest)	UNKNOWN STEP	2026-05-03T13:38:30.9221867Z # Subtest: formatIndented - basic object
Test (Node.js on ubuntu-latest)	UNKNOWN STEP	2026-05-03T13:38:30.9222232Z ok 102 - formatIndented - basic object
Test (Node.js on ubuntu-latest)	UNKNOWN STEP	2026-05-03T13:38:30.9222468Z   ---
Test (Node.js on ubuntu-latest)	UNKNOWN STEP	2026-05-03T13:38:30.9222643Z   duration_ms: 0.333636
Test (Node.js on ubuntu-latest)	UNKNOWN STEP	2026-05-03T13:38:30.9222843Z   type: 'test'
Test (Node.js on ubuntu-latest)	UNKNOWN STEP	2026-05-03T13:38:30.9223010Z   ...
Test (Node.js on ubuntu-latest)	UNKNOWN STEP	2026-05-03T13:38:30.9223300Z # Subtest: formatIndented - custom indentation
Test (Node.js on ubuntu-latest)	UNKNOWN STEP	2026-05-03T13:38:30.9223667Z ok 103 - formatIndented - custom indentation
Test (Node.js on ubuntu-latest)	UNKNOWN STEP	2026-05-03T13:38:30.9224765Z   ---
Test (Node.js on ubuntu-latest)	UNKNOWN STEP	2026-05-03T13:38:30.9224964Z   duration_ms: 0.155031
Test (Node.js on ubuntu-latest)	UNKNOWN STEP	2026-05-03T13:38:30.9225174Z   type: 'test'
Test (Node.js on ubuntu-latest)	UNKNOWN STEP	2026-05-03T13:38:30.9225352Z   ...
Test (Node.js on ubuntu-latest)	UNKNOWN STEP	2026-05-03T13:38:30.9225644Z # Subtest: formatIndented - value with double quotes
Test (Node.js on ubuntu-latest)	UNKNOWN STEP	2026-05-03T13:38:30.9226047Z ok 104 - formatIndented - value with double quotes
Test (Node.js on ubuntu-latest)	UNKNOWN STEP	2026-05-03T13:38:30.9226328Z   ---
Test (Node.js on ubuntu-latest)	UNKNOWN STEP	2026-05-03T13:38:30.9226498Z   duration_ms: 0.115076
Test (Node.js on ubuntu-latest)	UNKNOWN STEP	2026-05-03T13:38:30.9226702Z   type: 'test'
Test (Node.js on ubuntu-latest)	UNKNOWN STEP	2026-05-03T13:38:30.9226874Z   ...
Test (Node.js on ubuntu-latest)	UNKNOWN STEP	2026-05-03T13:38:30.9227118Z # Subtest: formatIndented - key with space
Test (Node.js on ubuntu-latest)	UNKNOWN STEP	2026-05-03T13:38:30.9227462Z ok 105 - formatIndented - key with space
Test (Node.js on ubuntu-latest)	UNKNOWN STEP	2026-05-03T13:38:30.9227710Z   ---
Test (Node.js on ubuntu-latest)	UNKNOWN STEP	2026-05-03T13:38:30.9227884Z   duration_ms: 0.162104
Test (Node.js on ubuntu-latest)	UNKNOWN STEP	2026-05-03T13:38:30.9228095Z   type: 'test'
Test (Node.js on ubuntu-latest)	UNKNOWN STEP	2026-05-03T13:38:30.9228263Z   ...
Test (Node.js on ubuntu-latest)	UNKNOWN STEP	2026-05-03T13:38:30.9228501Z # Subtest: formatIndented - null value
Test (Node.js on ubuntu-latest)	UNKNOWN STEP	2026-05-03T13:38:30.9228820Z ok 106 - formatIndented - null value
Test (Node.js on ubuntu-latest)	UNKNOWN STEP	2026-05-03T13:38:30.9229063Z   ---
Test (Node.js on ubuntu-latest)	UNKNOWN STEP	2026-05-03T13:38:30.9229235Z   duration_ms: 0.231654
Test (Node.js on ubuntu-latest)	UNKNOWN STEP	2026-05-03T13:38:30.9229432Z   type: 'test'
Test (Node.js on ubuntu-latest)	UNKNOWN STEP	2026-05-03T13:38:30.9229599Z   ...
Test (Node.js on ubuntu-latest)	UNKNOWN STEP	2026-05-03T13:38:30.9229837Z # Subtest: formatIndented - requires id
Test (Node.js on ubuntu-latest)	UNKNOWN STEP	2026-05-03T13:38:30.9230157Z ok 107 - formatIndented - requires id
Test (Node.js on ubuntu-latest)	UNKNOWN STEP	2026-05-03T13:38:30.9230390Z   ---
Test (Node.js on ubuntu-latest)	UNKNOWN STEP	2026-05-03T13:38:30.9230554Z   duration_ms: 0.680757
Test (Node.js on ubuntu-latest)	UNKNOWN STEP	2026-05-03T13:38:30.9230756Z   type: 'test'
Test (Node.js on ubuntu-latest)	UNKNOWN STEP	2026-05-03T13:38:30.9230926Z   ...
Test (Node.js on ubuntu-latest)	UNKNOWN STEP	2026-05-03T13:38:30.9231192Z # Subtest: formatIndented - requires plain object
Test (Node.js on ubuntu-latest)	UNKNOWN STEP	2026-05-03T13:38:30.9231579Z ok 108 - formatIndented - requires plain object
Test (Node.js on ubuntu-latest)	UNKNOWN STEP	2026-05-03T13:38:30.9231836Z   ---
Test (Node.js on ubuntu-latest)	UNKNOWN STEP	2026-05-03T13:38:30.9232008Z   duration_ms: 0.207359
Test (Node.js on ubuntu-latest)	UNKNOWN STEP	2026-05-03T13:38:30.9232207Z   type: 'test'
Test (Node.js on ubuntu-latest)	UNKNOWN STEP	2026-05-03T13:38:30.9232373Z   ...
Test (Node.js on ubuntu-latest)	UNKNOWN STEP	2026-05-03T13:38:30.9236412Z # Subtest: parseIndented - basic object
Test (Node.js on ubuntu-latest)	UNKNOWN STEP	2026-05-03T13:38:30.9237191Z ok 109 - parseIndented - basic object
Test (Node.js on ubuntu-latest)	UNKNOWN STEP	2026-05-03T13:38:30.9237828Z   ---
Test (Node.js on ubuntu-latest)	UNKNOWN STEP	2026-05-03T13:38:30.9238401Z   duration_ms: 0.918182
Test (Node.js on ubuntu-latest)	UNKNOWN STEP	2026-05-03T13:38:30.9238719Z   type: 'test'
Test (Node.js on ubuntu-latest)	UNKNOWN STEP	2026-05-03T13:38:30.9238906Z   ...
Test (Node.js on ubuntu-latest)	UNKNOWN STEP	2026-05-03T13:38:30.9239517Z # Subtest: parseIndented - value with quotes
Test (Node.js on ubuntu-latest)	UNKNOWN STEP	2026-05-03T13:38:30.9240315Z ok 110 - parseIndented - value with quotes
Test (Node.js on ubuntu-latest)	UNKNOWN STEP	2026-05-03T13:38:30.9240908Z   ---
Test (Node.js on ubuntu-latest)	UNKNOWN STEP	2026-05-03T13:38:30.9241282Z   duration_ms: 0.384742
Test (Node.js on ubuntu-latest)	UNKNOWN STEP	2026-05-03T13:38:30.9241795Z   type: 'test'
Test (Node.js on ubuntu-latest)	UNKNOWN STEP	2026-05-03T13:38:30.9242232Z   ...
Test (Node.js on ubuntu-latest)	UNKNOWN STEP	2026-05-03T13:38:30.9242780Z # Subtest: parseIndented - empty lines are skipped
Test (Node.js on ubuntu-latest)	UNKNOWN STEP	2026-05-03T13:38:30.9243221Z ok 111 - parseIndented - empty lines are skipped
Test (Node.js on ubuntu-latest)	UNKNOWN STEP	2026-05-03T13:38:30.9243493Z   ---
Test (Node.js on ubuntu-latest)	UNKNOWN STEP	2026-05-03T13:38:30.9244097Z   duration_ms: 0.320811
Test (Node.js on ubuntu-latest)	UNKNOWN STEP	2026-05-03T13:38:30.9244418Z   type: 'test'
Test (Node.js on ubuntu-latest)	UNKNOWN STEP	2026-05-03T13:38:30.9244801Z   ...
Test (Node.js on ubuntu-latest)	UNKNOWN STEP	2026-05-03T13:38:30.9246900Z # Subtest: parseIndented - requires text
Test (Node.js on ubuntu-latest)	UNKNOWN STEP	2026-05-03T13:38:30.9247556Z ok 112 - parseIndented - requires text
Test (Node.js on ubuntu-latest)	UNKNOWN STEP	2026-05-03T13:38:30.9249928Z   ---
Test (Node.js on ubuntu-latest)	UNKNOWN STEP	2026-05-03T13:38:30.9250222Z   duration_ms: 0.181771
Test (Node.js on ubuntu-latest)	UNKNOWN STEP	2026-05-03T13:38:30.9250626Z   type: 'test'
Test (Node.js on ubuntu-latest)	UNKNOWN STEP	2026-05-03T13:38:30.9250937Z   ...
Test (Node.js on ubuntu-latest)	UNKNOWN STEP	2026-05-03T13:38:30.9251494Z # Subtest: formatIndented/parseIndented roundtrip - basic
Test (Node.js on ubuntu-latest)	UNKNOWN STEP	2026-05-03T13:38:30.9251990Z ok 113 - formatIndented/parseIndented roundtrip - basic
Test (Node.js on ubuntu-latest)	UNKNOWN STEP	2026-05-03T13:38:30.9252559Z   ---
Test (Node.js on ubuntu-latest)	UNKNOWN STEP	2026-05-03T13:38:30.9253007Z   duration_ms: 0.491312
Test (Node.js on ubuntu-latest)	UNKNOWN STEP	2026-05-03T13:38:30.9253523Z   type: 'test'
Test (Node.js on ubuntu-latest)	UNKNOWN STEP	2026-05-03T13:38:30.9254224Z   ...
Test (Node.js on ubuntu-latest)	UNKNOWN STEP	2026-05-03T13:38:30.9254879Z # Subtest: formatIndented/parseIndented roundtrip - with quotes
Test (Node.js on ubuntu-latest)	UNKNOWN STEP	2026-05-03T13:38:30.9255742Z ok 114 - formatIndented/parseIndented roundtrip - with quotes
Test (Node.js on ubuntu-latest)	UNKNOWN STEP	2026-05-03T13:38:30.9256273Z   ---
Test (Node.js on ubuntu-latest)	UNKNOWN STEP	2026-05-03T13:38:30.9256560Z   duration_ms: 0.35182
Test (Node.js on ubuntu-latest)	UNKNOWN STEP	2026-05-03T13:38:30.9256888Z   type: 'test'
Test (Node.js on ubuntu-latest)	UNKNOWN STEP	2026-05-03T13:38:30.9257222Z   ...
Test (Node.js on ubuntu-latest)	UNKNOWN STEP	2026-05-03T13:38:30.9353575Z # Subtest: levenshteinDistance
Test (Node.js on ubuntu-latest)	UNKNOWN STEP	2026-05-03T13:38:30.9354514Z     # Subtest: should return 0 for identical strings
Test (Node.js on ubuntu-latest)	UNKNOWN STEP	2026-05-03T13:38:30.9355236Z     ok 1 - should return 0 for identical strings
Test (Node.js on ubuntu-latest)	UNKNOWN STEP	2026-05-03T13:38:30.9355812Z       ---
Test (Node.js on ubuntu-latest)	UNKNOWN STEP	2026-05-03T13:38:30.9356202Z       duration_ms: 0.969428
Test (Node.js on ubuntu-latest)	UNKNOWN STEP	2026-05-03T13:38:30.9356637Z       type: 'test'
Test (Node.js on ubuntu-latest)	UNKNOWN STEP	2026-05-03T13:38:30.9356988Z       ...
Test (Node.js on ubuntu-latest)	UNKNOWN STEP	2026-05-03T13:38:30.9357973Z     # Subtest: should return correct distance for single character difference
Test (Node.js on ubuntu-latest)	UNKNOWN STEP	2026-05-03T13:38:30.9359001Z     ok 2 - should return correct distance for single character difference
Test (Node.js on ubuntu-latest)	UNKNOWN STEP	2026-05-03T13:38:30.9359719Z       ---
Test (Node.js on ubuntu-latest)	UNKNOWN STEP	2026-05-03T13:38:30.9360086Z       duration_ms: 0.16525
Test (Node.js on ubuntu-latest)	UNKNOWN STEP	2026-05-03T13:38:30.9360515Z       type: 'test'
Test (Node.js on ubuntu-latest)	UNKNOWN STEP	2026-05-03T13:38:30.9360878Z       ...
Test (Node.js on ubuntu-latest)	UNKNOWN STEP	2026-05-03T13:38:30.9361485Z     # Subtest: should return length for completely different strings
Test (Node.js on ubuntu-latest)	UNKNOWN STEP	2026-05-03T13:38:30.9362386Z     ok 3 - should return length for completely different strings
Test (Node.js on ubuntu-latest)	UNKNOWN STEP	2026-05-03T13:38:30.9362997Z       ---
Test (Node.js on ubuntu-latest)	UNKNOWN STEP	2026-05-03T13:38:30.9363350Z       duration_ms: 0.141666
Test (Node.js on ubuntu-latest)	UNKNOWN STEP	2026-05-03T13:38:30.9363998Z       type: 'test'
Test (Node.js on ubuntu-latest)	UNKNOWN STEP	2026-05-03T13:38:30.9364381Z       ...
Test (Node.js on ubuntu-latest)	UNKNOWN STEP	2026-05-03T13:38:30.9364800Z     # Subtest: should handle empty strings
Test (Node.js on ubuntu-latest)	UNKNOWN STEP	2026-05-03T13:38:30.9365405Z     ok 4 - should handle empty strings
Test (Node.js on ubuntu-latest)	UNKNOWN STEP	2026-05-03T13:38:30.9365901Z       ---
Test (Node.js on ubuntu-latest)	UNKNOWN STEP	2026-05-03T13:38:30.9366242Z       duration_ms: 0.177153
Test (Node.js on ubuntu-latest)	UNKNOWN STEP	2026-05-03T13:38:30.9366684Z       type: 'test'
Test (Node.js on ubuntu-latest)	UNKNOWN STEP	2026-05-03T13:38:30.9367046Z       ...
Test (Node.js on ubuntu-latest)	UNKNOWN STEP	2026-05-03T13:38:30.9367591Z     # Subtest: should handle case-sensitive comparison
Test (Node.js on ubuntu-latest)	UNKNOWN STEP	2026-05-03T13:38:30.9368313Z     ok 5 - should handle case-sensitive comparison
Test (Node.js on ubuntu-latest)	UNKNOWN STEP	2026-05-03T13:38:30.9368852Z       ---
Test (Node.js on ubuntu-latest)	UNKNOWN STEP	2026-05-03T13:38:30.9369203Z       duration_ms: 0.846207
Test (Node.js on ubuntu-latest)	UNKNOWN STEP	2026-05-03T13:38:30.9369627Z       type: 'test'
Test (Node.js on ubuntu-latest)	UNKNOWN STEP	2026-05-03T13:38:30.9369977Z       ...
Test (Node.js on ubuntu-latest)	UNKNOWN STEP	2026-05-03T13:38:30.9370295Z     1..5
Test (Node.js on ubuntu-latest)	UNKNOWN STEP	2026-05-03T13:38:30.9370678Z ok 115 - levenshteinDistance
Test (Node.js on ubuntu-latest)	UNKNOWN STEP	2026-05-03T13:38:30.9371117Z   ---
Test (Node.js on ubuntu-latest)	UNKNOWN STEP	2026-05-03T13:38:30.9371455Z   duration_ms: 3.573634
Test (Node.js on ubuntu-latest)	UNKNOWN STEP	2026-05-03T13:38:30.9371840Z   type: 'suite'
Test (Node.js on ubuntu-latest)	UNKNOWN STEP	2026-05-03T13:38:30.9372169Z   ...
Test (Node.js on ubuntu-latest)	UNKNOWN STEP	2026-05-03T13:38:30.9372537Z # Subtest: stringSimilarity
Test (Node.js on ubuntu-latest)	UNKNOWN STEP	2026-05-03T13:38:30.9373112Z     # Subtest: should return 1 for identical strings
Test (Node.js on ubuntu-latest)	UNKNOWN STEP	2026-05-03T13:38:30.9374089Z     ok 1 - should return 1 for identical strings
Test (Node.js on ubuntu-latest)	UNKNOWN STEP	2026-05-03T13:38:30.9375172Z       ---
Test (Node.js on ubuntu-latest)	UNKNOWN STEP	2026-05-03T13:38:30.9375607Z       duration_ms: 0.238808
Test (Node.js on ubuntu-latest)	UNKNOWN STEP	2026-05-03T13:38:30.9376033Z       type: 'test'
Test (Node.js on ubuntu-latest)	UNKNOWN STEP	2026-05-03T13:38:30.9376388Z       ...
Test (Node.js on ubuntu-latest)	UNKNOWN STEP	2026-05-03T13:38:30.9376951Z     # Subtest: should return 0 for completely different strings
Test (Node.js on ubuntu-latest)	UNKNOWN STEP	2026-05-03T13:38:30.9377810Z     ok 2 - should return 0 for completely different strings
Test (Node.js on ubuntu-latest)	UNKNOWN STEP	2026-05-03T13:38:30.9378379Z       ---
Test (Node.js on ubuntu-latest)	UNKNOWN STEP	2026-05-03T13:38:30.9378732Z       duration_ms: 0.213631
Test (Node.js on ubuntu-latest)	UNKNOWN STEP	2026-05-03T13:38:30.9379135Z       type: 'test'
Test (Node.js on ubuntu-latest)	UNKNOWN STEP	2026-05-03T13:38:30.9379488Z       ...
Test (Node.js on ubuntu-latest)	UNKNOWN STEP	2026-05-03T13:38:30.9380084Z     # Subtest: should return value between 0 and 1 for similar strings
Test (Node.js on ubuntu-latest)	UNKNOWN STEP	2026-05-03T13:38:30.9380935Z     ok 3 - should return value between 0 and 1 for similar strings
Test (Node.js on ubuntu-latest)	UNKNOWN STEP	2026-05-03T13:38:30.9381541Z       ---
Test (Node.js on ubuntu-latest)	UNKNOWN STEP	2026-05-03T13:38:30.9381891Z       duration_ms: 0.326923
Test (Node.js on ubuntu-latest)	UNKNOWN STEP	2026-05-03T13:38:30.9382297Z       type: 'test'
Test (Node.js on ubuntu-latest)	UNKNOWN STEP	2026-05-03T13:38:30.9382646Z       ...
Test (Node.js on ubuntu-latest)	UNKNOWN STEP	2026-05-03T13:38:30.9383129Z     # Subtest: should handle different length strings
Test (Node.js on ubuntu-latest)	UNKNOWN STEP	2026-05-03T13:38:30.9384056Z     ok 4 - should handle different length strings
Test (Node.js on ubuntu-latest)	UNKNOWN STEP	2026-05-03T13:38:30.9384613Z       ---
Test (Node.js on ubuntu-latest)	UNKNOWN STEP	2026-05-03T13:38:30.9384947Z       duration_ms: 0.294001
Test (Node.js on ubuntu-latest)	UNKNOWN STEP	2026-05-03T13:38:30.9385380Z       type: 'test'
Test (Node.js on ubuntu-latest)	UNKNOWN STEP	2026-05-03T13:38:30.9385731Z       ...
Test (Node.js on ubuntu-latest)	UNKNOWN STEP	2026-05-03T13:38:30.9386022Z     1..4
Test (Node.js on ubuntu-latest)	UNKNOWN STEP	2026-05-03T13:38:30.9386398Z ok 116 - stringSimilarity
Test (Node.js on ubuntu-latest)	UNKNOWN STEP	2026-05-03T13:38:30.9386792Z   ---
Test (Node.js on ubuntu-latest)	UNKNOWN STEP	2026-05-03T13:38:30.9387120Z   duration_ms: 1.514632
Test (Node.js on ubuntu-latest)	UNKNOWN STEP	2026-05-03T13:38:30.9387508Z   type: 'suite'
Test (Node.js on ubuntu-latest)	UNKNOWN STEP	2026-05-03T13:38:30.9387830Z   ...
Test (Node.js on ubuntu-latest)	UNKNOWN STEP	2026-05-03T13:38:30.9388213Z # Subtest: normalizeQuestion
Test (Node.js on ubuntu-latest)	UNKNOWN STEP	2026-05-03T13:38:30.9388743Z     # Subtest: should convert to lowercase
Test (Node.js on ubuntu-latest)	UNKNOWN STEP	2026-05-03T13:38:30.9389334Z     ok 1 - should convert to lowercase
Test (Node.js on ubuntu-latest)	UNKNOWN STEP	2026-05-03T13:38:30.9389802Z       ---
Test (Node.js on ubuntu-latest)	UNKNOWN STEP	2026-05-03T13:38:30.9390136Z       duration_ms: 0.299512
Test (Node.js on ubuntu-latest)	UNKNOWN STEP	2026-05-03T13:38:30.9390551Z       type: 'test'
Test (Node.js on ubuntu-latest)	UNKNOWN STEP	2026-05-03T13:38:30.9418887Z       ...
Test (Node.js on ubuntu-latest)	UNKNOWN STEP	2026-05-03T13:38:30.9419349Z     # Subtest: should remove punctuation
Test (Node.js on ubuntu-latest)	UNKNOWN STEP	2026-05-03T13:38:30.9420357Z     ok 2 - should remove punctuation
Test (Node.js on ubuntu-latest)	UNKNOWN STEP	2026-05-03T13:38:30.9421182Z       ---
Test (Node.js on ubuntu-latest)	UNKNOWN STEP	2026-05-03T13:38:30.9421880Z       duration_ms: 0.114334
Test (Node.js on ubuntu-latest)	UNKNOWN STEP	2026-05-03T13:38:30.9422647Z       type: 'test'
Test (Node.js on ubuntu-latest)	UNKNOWN STEP	2026-05-03T13:38:30.9423630Z       ...
Test (Node.js on ubuntu-latest)	UNKNOWN STEP	2026-05-03T13:38:30.9424771Z     # Subtest: should standardize whitespace
Test (Node.js on ubuntu-latest)	UNKNOWN STEP	2026-05-03T13:38:30.9425676Z     ok 3 - should standardize whitespace
Test (Node.js on ubuntu-latest)	UNKNOWN STEP	2026-05-03T13:38:30.9426480Z       ---
Test (Node.js on ubuntu-latest)	UNKNOWN STEP	2026-05-03T13:38:30.9427117Z       duration_ms: 0.14416
Test (Node.js on ubuntu-latest)	UNKNOWN STEP	2026-05-03T13:38:30.9427818Z       type: 'test'
Test (Node.js on ubuntu-latest)	UNKNOWN STEP	2026-05-03T13:38:30.9428449Z       ...
Test (Node.js on ubuntu-latest)	UNKNOWN STEP	2026-05-03T13:38:30.9429198Z     # Subtest: should handle combined normalization
Test (Node.js on ubuntu-latest)	UNKNOWN STEP	2026-05-03T13:38:30.9430191Z     ok 4 - should handle combined normalization
Test (Node.js on ubuntu-latest)	UNKNOWN STEP	2026-05-03T13:38:30.9431010Z       ---
Test (Node.js on ubuntu-latest)	UNKNOWN STEP	2026-05-03T13:38:30.9431656Z       duration_ms: 0.115828
Test (Node.js on ubuntu-latest)	UNKNOWN STEP	2026-05-03T13:38:30.9432394Z       type: 'test'
Test (Node.js on ubuntu-latest)	UNKNOWN STEP	2026-05-03T13:38:30.9432972Z       ...
Test (Node.js on ubuntu-latest)	UNKNOWN STEP	2026-05-03T13:38:30.9433266Z     1..4
Test (Node.js on ubuntu-latest)	UNKNOWN STEP	2026-05-03T13:38:30.9433607Z ok 117 - normalizeQuestion
Test (Node.js on ubuntu-latest)	UNKNOWN STEP	2026-05-03T13:38:30.9434315Z   ---
Test (Node.js on ubuntu-latest)	UNKNOWN STEP	2026-05-03T13:38:30.9434603Z   duration_ms: 0.827301
Test (Node.js on ubuntu-latest)	UNKNOWN STEP	2026-05-03T13:38:30.9434960Z   type: 'suite'
Test (Node.js on ubuntu-latest)	UNKNOWN STEP	2026-05-03T13:38:30.9435272Z   ...
Test (Node.js on ubuntu-latest)	UNKNOWN STEP	2026-05-03T13:38:30.9435597Z # Subtest: extractKeywords
Test (Node.js on ubuntu-latest)	UNKNOWN STEP	2026-05-03T13:38:30.9436184Z     # Subtest: should extract all keywords when no stopwords provided
Test (Node.js on ubuntu-latest)	UNKNOWN STEP	2026-05-03T13:38:30.9436669Z     ok 1 - should extract all keywords when no stopwords provided
Test (Node.js on ubuntu-latest)	UNKNOWN STEP	2026-05-03T13:38:30.9436983Z       ---
Test (Node.js on ubuntu-latest)	UNKNOWN STEP	2026-05-03T13:38:30.9437166Z       duration_ms: 0.314841
Test (Node.js on ubuntu-latest)	UNKNOWN STEP	2026-05-03T13:38:30.9437379Z       type: 'test'
Test (Node.js on ubuntu-latest)	UNKNOWN STEP	2026-05-03T13:38:30.9437559Z       ...
Test (Node.js on ubuntu-latest)	UNKNOWN STEP	2026-05-03T13:38:30.9437845Z     # Subtest: should filter out English stopwords when provided
Test (Node.js on ubuntu-latest)	UNKNOWN STEP	2026-05-03T13:38:30.9438253Z     ok 2 - should filter out English stopwords when provided
Test (Node.js on ubuntu-latest)	UNKNOWN STEP	2026-05-03T13:38:30.9438541Z       ---
Test (Node.js on ubuntu-latest)	UNKNOWN STEP	2026-05-03T13:38:30.9438709Z       duration_ms: 0.126598
Test (Node.js on ubuntu-latest)	UNKNOWN STEP	2026-05-03T13:38:30.9438915Z       type: 'test'
Test (Node.js on ubuntu-latest)	UNKNOWN STEP	2026-05-03T13:38:30.9439091Z       ...
Test (Node.js on ubuntu-latest)	UNKNOWN STEP	2026-05-03T13:38:30.9439360Z     # Subtest: should filter out Russian stopwords when provided
Test (Node.js on ubuntu-latest)	UNKNOWN STEP	2026-05-03T13:38:30.9439937Z     ok 3 - should filter out Russian stopwords when provided
Test (Node.js on ubuntu-latest)	UNKNOWN STEP	2026-05-03T13:38:30.9440250Z       ---
Test (Node.js on ubuntu-latest)	UNKNOWN STEP	2026-05-03T13:38:30.9440416Z       duration_ms: 0.174537
Test (Node.js on ubuntu-latest)	UNKNOWN STEP	2026-05-03T13:38:30.9440681Z       type: 'test'
Test (Node.js on ubuntu-latest)	UNKNOWN STEP	2026-05-03T13:38:30.9440854Z       ...
Test (Node.js on ubuntu-latest)	UNKNOWN STEP	2026-05-03T13:38:30.9441088Z     # Subtest: should add stems for longer words
Test (Node.js on ubuntu-latest)	UNKNOWN STEP	2026-05-03T13:38:30.9441408Z     ok 4 - should add stems for longer words
Test (Node.js on ubuntu-latest)	UNKNOWN STEP	2026-05-03T13:38:30.9441660Z       ---
Test (Node.js on ubuntu-latest)	UNKNOWN STEP	2026-05-03T13:38:30.9441832Z       duration_ms: 0.1441
Test (Node.js on ubuntu-latest)	UNKNOWN STEP	2026-05-03T13:38:30.9442039Z       type: 'test'
Test (Node.js on ubuntu-latest)	UNKNOWN STEP	2026-05-03T13:38:30.9442217Z       ...
Test (Node.js on ubuntu-latest)	UNKNOWN STEP	2026-05-03T13:38:30.9442454Z     # Subtest: should respect minWordLength option
Test (Node.js on ubuntu-latest)	UNKNOWN STEP	2026-05-03T13:38:30.9442792Z     ok 5 - should respect minWordLength option
Test (Node.js on ubuntu-latest)	UNKNOWN STEP	2026-05-03T13:38:30.9443041Z       ---
Test (Node.js on ubuntu-latest)	UNKNOWN STEP	2026-05-03T13:38:30.9443222Z       duration_ms: 0.109315
Test (Node.js on ubuntu-latest)	UNKNOWN STEP	2026-05-03T13:38:30.9443432Z       type: 'test'
Test (Node.js on ubuntu-latest)	UNKNOWN STEP	2026-05-03T13:38:30.9443607Z       ...
Test (Node.js on ubuntu-latest)	UNKNOWN STEP	2026-05-03T13:38:30.9444195Z     # Subtest: should disable stemming when stemLength is 0
Test (Node.js on ubuntu-latest)	UNKNOWN STEP	2026-05-03T13:38:30.9444616Z     ok 6 - should disable stemming when stemLength is 0
Test (Node.js on ubuntu-latest)	UNKNOWN STEP	2026-05-03T13:38:30.9444889Z       ---
Test (Node.js on ubuntu-latest)	UNKNOWN STEP	2026-05-03T13:38:30.9445070Z       duration_ms: 0.09606
Test (Node.js on ubuntu-latest)	UNKNOWN STEP	2026-05-03T13:38:30.9445281Z       type: 'test'
Test (Node.js on ubuntu-latest)	UNKNOWN STEP	2026-05-03T13:38:30.9445456Z       ...
Test (Node.js on ubuntu-latest)	UNKNOWN STEP	2026-05-03T13:38:30.9445618Z     1..6
Test (Node.js on ubuntu-latest)	UNKNOWN STEP	2026-05-03T13:38:30.9445803Z ok 118 - extractKeywords
Test (Node.js on ubuntu-latest)	UNKNOWN STEP	2026-05-03T13:38:30.9446009Z   ---
Test (Node.js on ubuntu-latest)	UNKNOWN STEP	2026-05-03T13:38:30.9446177Z   duration_ms: 1.13552
Test (Node.js on ubuntu-latest)	UNKNOWN STEP	2026-05-03T13:38:30.9446374Z   type: 'suite'
Test (Node.js on ubuntu-latest)	UNKNOWN STEP	2026-05-03T13:38:30.9446549Z   ...
Test (Node.js on ubuntu-latest)	UNKNOWN STEP	2026-05-03T13:38:30.9446740Z # Subtest: keywordSimilarity
Test (Node.js on ubuntu-latest)	UNKNOWN STEP	2026-05-03T13:38:30.9447038Z     # Subtest: should return 1 for identical questions
Test (Node.js on ubuntu-latest)	UNKNOWN STEP	2026-05-03T13:38:30.9447388Z     ok 1 - should return 1 for identical questions
Test (Node.js on ubuntu-latest)	UNKNOWN STEP	2026-05-03T13:38:30.9447647Z       ---
Test (Node.js on ubuntu-latest)	UNKNOWN STEP	2026-05-03T13:38:30.9447820Z       duration_ms: 0.301395
Test (Node.js on ubuntu-latest)	UNKNOWN STEP	2026-05-03T13:38:30.9448021Z       type: 'test'
Test (Node.js on ubuntu-latest)	UNKNOWN STEP	2026-05-03T13:38:30.9448192Z       ...
Test (Node.js on ubuntu-latest)	UNKNOWN STEP	2026-05-03T13:38:30.9448548Z     # Subtest: should return positive similarity for similar questions
Test (Node.js on ubuntu-latest)	UNKNOWN STEP	2026-05-03T13:38:30.9449020Z     ok 2 - should return positive similarity for similar questions
Test (Node.js on ubuntu-latest)	UNKNOWN STEP	2026-05-03T13:38:30.9449328Z       ---
Test (Node.js on ubuntu-latest)	UNKNOWN STEP	2026-05-03T13:38:30.9449502Z       duration_ms: 0.11243
Test (Node.js on ubuntu-latest)	UNKNOWN STEP	2026-05-03T13:38:30.9449865Z       type: 'test'
Test (Node.js on ubuntu-latest)	UNKNOWN STEP	2026-05-03T13:38:30.9450038Z       ...
Test (Node.js on ubuntu-latest)	UNKNOWN STEP	2026-05-03T13:38:30.9450330Z     # Subtest: should return low similarity for different questions
Test (Node.js on ubuntu-latest)	UNKNOWN STEP	2026-05-03T13:38:30.9450770Z     ok 3 - should return low similarity for different questions
Test (Node.js on ubuntu-latest)	UNKNOWN STEP	2026-05-03T13:38:30.9451068Z       ---
Test (Node.js on ubuntu-latest)	UNKNOWN STEP	2026-05-03T13:38:30.9451234Z       duration_ms: 0.138419
Test (Node.js on ubuntu-latest)	UNKNOWN STEP	2026-05-03T13:38:30.9451446Z       type: 'test'
Test (Node.js on ubuntu-latest)	UNKNOWN STEP	2026-05-03T13:38:30.9451613Z       ...
Test (Node.js on ubuntu-latest)	UNKNOWN STEP	2026-05-03T13:38:30.9451898Z     # Subtest: should return 0 for completely different questions
Test (Node.js on ubuntu-latest)	UNKNOWN STEP	2026-05-03T13:38:30.9452324Z     ok 4 - should return 0 for completely different questions
Test (Node.js on ubuntu-latest)	UNKNOWN STEP	2026-05-03T13:38:30.9452609Z       ---
Test (Node.js on ubuntu-latest)	UNKNOWN STEP	2026-05-03T13:38:30.9452784Z       duration_ms: 0.10703
Test (Node.js on ubuntu-latest)	UNKNOWN STEP	2026-05-03T13:38:30.9452991Z       type: 'test'
Test (Node.js on ubuntu-latest)	UNKNOWN STEP	2026-05-03T13:38:30.9453158Z       ...
Test (Node.js on ubuntu-latest)	UNKNOWN STEP	2026-05-03T13:38:30.9453318Z     1..4
Test (Node.js on ubuntu-latest)	UNKNOWN STEP	2026-05-03T13:38:30.9453549Z ok 119 - keywordSimilarity
Test (Node.js on ubuntu-latest)	UNKNOWN STEP	2026-05-03T13:38:30.9453900Z   ---
Test (Node.js on ubuntu-latest)	UNKNOWN STEP	2026-05-03T13:38:30.9454081Z   duration_ms: 0.838784
Test (Node.js on ubuntu-latest)	UNKNOWN STEP	2026-05-03T13:38:30.9454283Z   type: 'suite'
Test (Node.js on ubuntu-latest)	UNKNOWN STEP	2026-05-03T13:38:30.9454457Z   ...
Test (Node.js on ubuntu-latest)	UNKNOWN STEP	2026-05-03T13:38:30.9454644Z # Subtest: findBestMatch
Test (Node.js on ubuntu-latest)	UNKNOWN STEP	2026-05-03T13:38:30.9454942Z     # Subtest: should return exact match with score 1.0
Test (Node.js on ubuntu-latest)	UNKNOWN STEP	2026-05-03T13:38:30.9455298Z     ok 1 - should return exact match with score 1.0
Test (Node.js on ubuntu-latest)	UNKNOWN STEP	2026-05-03T13:38:30.9455560Z       ---
Test (Node.js on ubuntu-latest)	UNKNOWN STEP	2026-05-03T13:38:30.9455737Z       duration_ms: 0.229911
Test (Node.js on ubuntu-latest)	UNKNOWN STEP	2026-05-03T13:38:30.9455949Z       type: 'test'
Test (Node.js on ubuntu-latest)	UNKNOWN STEP	2026-05-03T13:38:30.9456121Z       ...
Test (Node.js on ubuntu-latest)	UNKNOWN STEP	2026-05-03T13:38:30.9456397Z     # Subtest: should find similar question with low threshold
Test (Node.js on ubuntu-latest)	UNKNOWN STEP	2026-05-03T13:38:30.9456787Z     ok 2 - should find similar question with low threshold
Test (Node.js on ubuntu-latest)	UNKNOWN STEP	2026-05-03T13:38:30.9457066Z       ---
Test (Node.js on ubuntu-latest)	UNKNOWN STEP	2026-05-03T13:38:30.9457246Z       duration_ms: 0.40558
Test (Node.js on ubuntu-latest)	UNKNOWN STEP	2026-05-03T13:38:30.9457448Z       type: 'test'
Test (Node.js on ubuntu-latest)	UNKNOWN STEP	2026-05-03T13:38:30.9457625Z       ...
Test (Node.js on ubuntu-latest)	UNKNOWN STEP	2026-05-03T13:38:30.9458021Z     # Subtest: should return null when no match above threshold
Test (Node.js on ubuntu-latest)	UNKNOWN STEP	2026-05-03T13:38:30.9458440Z     ok 3 - should return null when no match above threshold
Test (Node.js on ubuntu-latest)	UNKNOWN STEP	2026-05-03T13:38:30.9458740Z       ---
Test (Node.js on ubuntu-latest)	UNKNOWN STEP	2026-05-03T13:38:30.9458911Z       duration_ms: 1.265093
Test (Node.js on ubuntu-latest)	UNKNOWN STEP	2026-05-03T13:38:30.9459120Z       type: 'test'
Test (Node.js on ubuntu-latest)	UNKNOWN STEP	2026-05-03T13:38:30.9459297Z       ...
Test (Node.js on ubuntu-latest)	UNKNOWN STEP	2026-05-03T13:38:30.9459518Z     # Subtest: should respect threshold option
Test (Node.js on ubuntu-latest)	UNKNOWN STEP	2026-05-03T13:38:30.9459827Z     ok 4 - should respect threshold option
Test (Node.js on ubuntu-latest)	UNKNOWN STEP	2026-05-03T13:38:30.9460068Z       ---
Test (Node.js on ubuntu-latest)	UNKNOWN STEP	2026-05-03T13:38:30.9460233Z       duration_ms: 0.301847
Test (Node.js on ubuntu-latest)	UNKNOWN STEP	2026-05-03T13:38:30.9460474Z       type: 'test'
Test (Node.js on ubuntu-latest)	UNKNOWN STEP	2026-05-03T13:38:30.9460778Z       ...
Test (Node.js on ubuntu-latest)	UNKNOWN STEP	2026-05-03T13:38:30.9461196Z     # Subtest: should handle Russian questions
Test (Node.js on ubuntu-latest)	UNKNOWN STEP	2026-05-03T13:38:30.9461777Z     ok 5 - should handle Russian questions
Test (Node.js on ubuntu-latest)	UNKNOWN STEP	2026-05-03T13:38:30.9462191Z       ---
Test (Node.js on ubuntu-latest)	UNKNOWN STEP	2026-05-03T13:38:30.9462476Z       duration_ms: 0.110848
Test (Node.js on ubuntu-latest)	UNKNOWN STEP	2026-05-03T13:38:30.9462817Z       type: 'test'
Test (Node.js on ubuntu-latest)	UNKNOWN STEP	2026-05-03T13:38:30.9463121Z       ...
Test (Node.js on ubuntu-latest)	UNKNOWN STEP	2026-05-03T13:38:30.9463392Z     1..5
Test (Node.js on ubuntu-latest)	UNKNOWN STEP	2026-05-03T13:38:30.9463704Z ok 120 - findBestMatch
Test (Node.js on ubuntu-latest)	UNKNOWN STEP	2026-05-03T13:38:30.9464300Z   ---
Test (Node.js on ubuntu-latest)	UNKNOWN STEP	2026-05-03T13:38:30.9464639Z   duration_ms: 2.512383
Test (Node.js on ubuntu-latest)	UNKNOWN STEP	2026-05-03T13:38:30.9465029Z   type: 'suite'
Test (Node.js on ubuntu-latest)	UNKNOWN STEP	2026-05-03T13:38:30.9465347Z   ...
Test (Node.js on ubuntu-latest)	UNKNOWN STEP	2026-05-03T13:38:30.9465689Z # Subtest: findAllMatches
Test (Node.js on ubuntu-latest)	UNKNOWN STEP	2026-05-03T13:38:30.9466265Z     # Subtest: should return all matches above threshold
Test (Node.js on ubuntu-latest)	UNKNOWN STEP	2026-05-03T13:38:30.9466975Z     ok 1 - should return all matches above threshold
Test (Node.js on ubuntu-latest)	UNKNOWN STEP	2026-05-03T13:38:30.9467487Z       ---
Test (Node.js on ubuntu-latest)	UNKNOWN STEP	2026-05-03T13:38:30.9467811Z       duration_ms: 0.528451
Test (Node.js on ubuntu-latest)	UNKNOWN STEP	2026-05-03T13:38:30.9468198Z       type: 'test'
Test (Node.js on ubuntu-latest)	UNKNOWN STEP	2026-05-03T13:38:30.9468528Z       ...
Test (Node.js on ubuntu-latest)	UNKNOWN STEP	2026-05-03T13:38:30.9468984Z     # Subtest: should sort matches by score descending
Test (Node.js on ubuntu-latest)	UNKNOWN STEP	2026-05-03T13:38:30.9469641Z     ok 2 - should sort matches by score descending
Test (Node.js on ubuntu-latest)	UNKNOWN STEP	2026-05-03T13:38:30.9470143Z       ---
Test (Node.js on ubuntu-latest)	UNKNOWN STEP	2026-05-03T13:38:30.9470468Z       duration_ms: 0.308188
Test (Node.js on ubuntu-latest)	UNKNOWN STEP	2026-05-03T13:38:30.9470894Z       type: 'test'
Test (Node.js on ubuntu-latest)	UNKNOWN STEP	2026-05-03T13:38:30.9471197Z       ...
Test (Node.js on ubuntu-latest)	UNKNOWN STEP	2026-05-03T13:38:30.9471701Z     # Subtest: should return empty array when no matches
Test (Node.js on ubuntu-latest)	UNKNOWN STEP	2026-05-03T13:38:30.9472449Z     ok 3 - should return empty array when no matches
Test (Node.js on ubuntu-latest)	UNKNOWN STEP	2026-05-03T13:38:30.9473236Z       ---
Test (Node.js on ubuntu-latest)	UNKNOWN STEP	2026-05-03T13:38:30.9473606Z       duration_ms: 0.988234
Test (Node.js on ubuntu-latest)	UNKNOWN STEP	2026-05-03T13:38:30.9474236Z       type: 'test'
Test (Node.js on ubuntu-latest)	UNKNOWN STEP	2026-05-03T13:38:30.9474558Z       ...
Test (Node.js on ubuntu-latest)	UNKNOWN STEP	2026-05-03T13:38:30.9474986Z     # Subtest: should include answer in results
Test (Node.js on ubuntu-latest)	UNKNOWN STEP	2026-05-03T13:38:30.9475655Z     ok 4 - should include answer in results
Test (Node.js on ubuntu-latest)	UNKNOWN STEP	2026-05-03T13:38:30.9476208Z       ---
Test (Node.js on ubuntu-latest)	UNKNOWN STEP	2026-05-03T13:38:30.9476549Z       duration_ms: 0.347421
Test (Node.js on ubuntu-latest)	UNKNOWN STEP	2026-05-03T13:38:30.9476946Z       type: 'test'
Test (Node.js on ubuntu-latest)	UNKNOWN STEP	2026-05-03T13:38:30.9477272Z       ...
Test (Node.js on ubuntu-latest)	UNKNOWN STEP	2026-05-03T13:38:30.9477594Z     1..4
Test (Node.js on ubuntu-latest)	UNKNOWN STEP	2026-05-03T13:38:30.9477947Z ok 121 - findAllMatches
Test (Node.js on ubuntu-latest)	UNKNOWN STEP	2026-05-03T13:38:30.9478332Z   ---
Test (Node.js on ubuntu-latest)	UNKNOWN STEP	2026-05-03T13:38:30.9478657Z   duration_ms: 2.331674
Test (Node.js on ubuntu-latest)	UNKNOWN STEP	2026-05-03T13:38:30.9479022Z   type: 'suite'
Test (Node.js on ubuntu-latest)	UNKNOWN STEP	2026-05-03T13:38:30.9479347Z   ...
Test (Node.js on ubuntu-latest)	UNKNOWN STEP	2026-05-03T13:38:30.9479634Z 1..121
Test (Node.js on ubuntu-latest)	UNKNOWN STEP	2026-05-03T13:38:30.9479924Z # tests 146
Test (Node.js on ubuntu-latest)	UNKNOWN STEP	2026-05-03T13:38:30.9480232Z # suites 7
Test (Node.js on ubuntu-latest)	UNKNOWN STEP	2026-05-03T13:38:30.9480529Z # pass 146
Test (Node.js on ubuntu-latest)	UNKNOWN STEP	2026-05-03T13:38:30.9480856Z # fail 0
Test (Node.js on ubuntu-latest)	UNKNOWN STEP	2026-05-03T13:38:30.9481179Z # cancelled 0
Test (Node.js on ubuntu-latest)	UNKNOWN STEP	2026-05-03T13:38:30.9481479Z # skipped 0
Test (Node.js on ubuntu-latest)	UNKNOWN STEP	2026-05-03T13:38:30.9481764Z # todo 0
Test (Node.js on ubuntu-latest)	UNKNOWN STEP	2026-05-03T13:38:30.9482121Z # duration_ms 270.982977
Test (Node.js on ubuntu-latest)	UNKNOWN STEP	2026-05-03T13:38:30.9597708Z ##[group]Run npm run example
Test (Node.js on ubuntu-latest)	UNKNOWN STEP	2026-05-03T13:38:30.9597992Z [36;1mnpm run example[0m
Test (Node.js on ubuntu-latest)	UNKNOWN STEP	2026-05-03T13:38:30.9620668Z shell: /usr/bin/bash -e {0}
Test (Node.js on ubuntu-latest)	UNKNOWN STEP	2026-05-03T13:38:30.9620903Z ##[endgroup]
Test (Node.js on ubuntu-latest)	UNKNOWN STEP	2026-05-03T13:38:31.0588411Z 
Test (Node.js on ubuntu-latest)	UNKNOWN STEP	2026-05-03T13:38:31.0589046Z > lino-objects-codec@0.3.2 example
Test (Node.js on ubuntu-latest)	UNKNOWN STEP	2026-05-03T13:38:31.0589596Z > node examples/basic_usage.js
Test (Node.js on ubuntu-latest)	UNKNOWN STEP	2026-05-03T13:38:31.0589796Z 
Test (Node.js on ubuntu-latest)	UNKNOWN STEP	2026-05-03T13:38:31.0904925Z === Link Notation Objects Codec Examples ===
Test (Node.js on ubuntu-latest)	UNKNOWN STEP	2026-05-03T13:38:31.0905395Z 
Test (Node.js on ubuntu-latest)	UNKNOWN STEP	2026-05-03T13:38:31.0906670Z 1. Basic Types:
Test (Node.js on ubuntu-latest)	UNKNOWN STEP	2026-05-03T13:38:31.0930294Z   null                           -> (null)                                             -> null
Test (Node.js on ubuntu-latest)	UNKNOWN STEP	2026-05-03T13:38:31.0932359Z   undefined                      -> (undefined)                                        -> undefined
Test (Node.js on ubuntu-latest)	UNKNOWN STEP	2026-05-03T13:38:31.0934371Z   true                           -> (bool true)                                        -> true
Test (Node.js on ubuntu-latest)	UNKNOWN STEP	2026-05-03T13:38:31.0936017Z   false                          -> (bool false)                                       -> false
Test (Node.js on ubuntu-latest)	UNKNOWN STEP	2026-05-03T13:38:31.0938513Z   42                             -> (int 42)                                           -> 42
Test (Node.js on ubuntu-latest)	UNKNOWN STEP	2026-05-03T13:38:31.0940337Z   3.14                           -> (float 3.14)                                       -> 3.14
Test (Node.js on ubuntu-latest)	UNKNOWN STEP	2026-05-03T13:38:31.0942674Z   Hello, World!                  -> (str SGVsbG8sIFdvcmxkIQ==)                         -> Hello, World!
Test (Node.js on ubuntu-latest)	UNKNOWN STEP	2026-05-03T13:38:31.0946849Z   Unicode: 你好世界 🌍               -> (str VW5pY29kZTog5L2g5aW95LiW55WMIPCfjI0=)         -> Unicode: 你好世界 🌍
Test (Node.js on ubuntu-latest)	UNKNOWN STEP	2026-05-03T13:38:31.0947547Z 
Test (Node.js on ubuntu-latest)	UNKNOWN STEP	2026-05-03T13:38:31.0947686Z 2. Collections:
Test (Node.js on ubuntu-latest)	UNKNOWN STEP	2026-05-03T13:38:31.0948026Z   Array: [1,2,3,"hello",true]
Test (Node.js on ubuntu-latest)	UNKNOWN STEP	2026-05-03T13:38:31.0948639Z   Encoded: (array (int 1) (int 2) (int 3) (str aGVsbG8=) (bool true))
Test (Node.js on ubuntu-latest)	UNKNOWN STEP	2026-05-03T13:38:31.0952332Z   Decoded: [1,2,3,"hello",true]
Test (Node.js on ubuntu-latest)	UNKNOWN STEP	2026-05-03T13:38:31.0952732Z   Match: true
Test (Node.js on ubuntu-latest)	UNKNOWN STEP	2026-05-03T13:38:31.0952920Z 
Test (Node.js on ubuntu-latest)	UNKNOWN STEP	2026-05-03T13:38:31.0953195Z   Object: {"name":"Alice","age":30,"active":true}
Test (Node.js on ubuntu-latest)	UNKNOWN STEP	2026-05-03T13:38:31.0954696Z   Encoded: (object ((str bmFtZQ==) (str QWxpY2U=)) ((str YWdl) (int 30)) ((str YWN0aXZl) (bool true)))
Test (Node.js on ubuntu-latest)	UNKNOWN STEP	2026-05-03T13:38:31.0957957Z   Decoded: {"name":"Alice","age":30,"active":true}
Test (Node.js on ubuntu-latest)	UNKNOWN STEP	2026-05-03T13:38:31.0958447Z   Match: true
Test (Node.js on ubuntu-latest)	UNKNOWN STEP	2026-05-03T13:38:31.0958637Z 
Test (Node.js on ubuntu-latest)	UNKNOWN STEP	2026-05-03T13:38:31.0958817Z 3. Nested Structures:
Test (Node.js on ubuntu-latest)	UNKNOWN STEP	2026-05-03T13:38:31.0959730Z   Original: {"users":[{"id":1,"name":"Alice","admin":true},{"id":2,"name":"Bob","admin":false}],"metadata":{"version":1,"count":2}}
Test (Node.js on ubuntu-latest)	UNKNOWN STEP	2026-05-03T13:38:31.0961490Z   Encoded length: 296 characters
Test (Node.js on ubuntu-latest)	UNKNOWN STEP	2026-05-03T13:38:31.0971951Z   Decoded: {"users":[{"id":1,"name":"Alice","admin":true},{"id":2,"name":"Bob","admin":false}],"metadata":{"version":1,"count":2}}
Test (Node.js on ubuntu-latest)	UNKNOWN STEP	2026-05-03T13:38:31.0972824Z   Match: true
Test (Node.js on ubuntu-latest)	UNKNOWN STEP	2026-05-03T13:38:31.0973007Z 
Test (Node.js on ubuntu-latest)	UNKNOWN STEP	2026-05-03T13:38:31.0973189Z 4. Circular References:
Test (Node.js on ubuntu-latest)	UNKNOWN STEP	2026-05-03T13:38:31.0973626Z   Created self-referencing array
Test (Node.js on ubuntu-latest)	UNKNOWN STEP	2026-05-03T13:38:31.0974398Z   Encoded: (obj_0: array (int 1) (int 2) (int 3) obj_0)
Test (Node.js on ubuntu-latest)	UNKNOWN STEP	2026-05-03T13:38:31.0975283Z   Decoded correctly: true
Test (Node.js on ubuntu-latest)	UNKNOWN STEP	2026-05-03T13:38:31.0975738Z   Circular reference preserved: true
Test (Node.js on ubuntu-latest)	UNKNOWN STEP	2026-05-03T13:38:31.0976045Z 
Test (Node.js on ubuntu-latest)	UNKNOWN STEP	2026-05-03T13:38:31.0976251Z   Created self-referencing object
Test (Node.js on ubuntu-latest)	UNKNOWN STEP	2026-05-03T13:38:31.0976947Z   Encoded: (obj_0: object ((str bmFtZQ==) (str cm9vdA==)) ((str c2VsZg==) obj_0))
Test (Node.js on ubuntu-latest)	UNKNOWN STEP	2026-05-03T13:38:31.0977600Z   Decoded correctly: true
Test (Node.js on ubuntu-latest)	UNKNOWN STEP	2026-05-03T13:38:31.0978025Z   Circular reference preserved: true
Test (Node.js on ubuntu-latest)	UNKNOWN STEP	2026-05-03T13:38:31.0978327Z 
Test (Node.js on ubuntu-latest)	UNKNOWN STEP	2026-05-03T13:38:31.0978513Z 5. Shared Object References:
Test (Node.js on ubuntu-latest)	UNKNOWN STEP	2026-05-03T13:38:31.0979039Z   Created container with 3 references to same object
Test (Node.js on ubuntu-latest)	UNKNOWN STEP	2026-05-03T13:38:31.0980272Z   Encoded: (object ((str Zmlyc3Q=) (obj_0: object ((str c2hhcmVk) (str ZGF0YQ==)) ((str dmFsdWU=) (int 42)))) ((str c2Vjb25k) obj_0) ((str dGhpcmQ=) obj_0))
Test (Node.js on ubuntu-latest)	UNKNOWN STEP	2026-05-03T13:38:31.0981433Z   All three references point to same object: true
Test (Node.js on ubuntu-latest)	UNKNOWN STEP	2026-05-03T13:38:31.0982059Z   Modified through 'first', visible in 'second': true
Test (Node.js on ubuntu-latest)	UNKNOWN STEP	2026-05-03T13:38:31.0982433Z 
Test (Node.js on ubuntu-latest)	UNKNOWN STEP	2026-05-03T13:38:31.0982738Z === All examples completed successfully! ===
Test (Node.js on ubuntu-latest)	UNKNOWN STEP	2026-05-03T13:38:31.1137914Z Post job cleanup.
Test (Node.js on ubuntu-latest)	UNKNOWN STEP	2026-05-03T13:38:31.2809591Z Post job cleanup.
Test (Node.js on ubuntu-latest)	UNKNOWN STEP	2026-05-03T13:38:31.3758994Z [command]/usr/bin/git version
Test (Node.js on ubuntu-latest)	UNKNOWN STEP	2026-05-03T13:38:31.3794040Z git version 2.53.0
Test (Node.js on ubuntu-latest)	UNKNOWN STEP	2026-05-03T13:38:31.3836265Z Temporarily overriding HOME='/home/runner/work/_temp/0e7d0d5b-0a6b-4afd-82f8-9aca59cf79ec' before making global git config changes
Test (Node.js on ubuntu-latest)	UNKNOWN STEP	2026-05-03T13:38:31.3837758Z Adding repository directory to the temporary git global config as a safe directory
Test (Node.js on ubuntu-latest)	UNKNOWN STEP	2026-05-03T13:38:31.3848297Z [command]/usr/bin/git config --global --add safe.directory /home/runner/work/lino-objects-codec/lino-objects-codec
Test (Node.js on ubuntu-latest)	UNKNOWN STEP	2026-05-03T13:38:31.3880819Z [command]/usr/bin/git config --local --name-only --get-regexp core\.sshCommand
Test (Node.js on ubuntu-latest)	UNKNOWN STEP	2026-05-03T13:38:31.3911773Z [command]/usr/bin/git submodule foreach --recursive sh -c "git config --local --name-only --get-regexp 'core\.sshCommand' && git config --local --unset-all 'core.sshCommand' || :"
Test (Node.js on ubuntu-latest)	UNKNOWN STEP	2026-05-03T13:38:31.4142378Z [command]/usr/bin/git config --local --name-only --get-regexp http\.https\:\/\/github\.com\/\.extraheader
Test (Node.js on ubuntu-latest)	UNKNOWN STEP	2026-05-03T13:38:31.4164402Z http.https://github.com/.extraheader
Test (Node.js on ubuntu-latest)	UNKNOWN STEP	2026-05-03T13:38:31.4181666Z [command]/usr/bin/git config --local --unset-all http.https://github.com/.extraheader
Test (Node.js on ubuntu-latest)	UNKNOWN STEP	2026-05-03T13:38:31.4218498Z [command]/usr/bin/git submodule foreach --recursive sh -c "git config --local --name-only --get-regexp 'http\.https\:\/\/github\.com\/\.extraheader' && git config --local --unset-all 'http.https://github.com/.extraheader' || :"
Test (Node.js on ubuntu-latest)	UNKNOWN STEP	2026-05-03T13:38:31.4450172Z [command]/usr/bin/git config --local --name-only --get-regexp ^includeIf\.gitdir:
Test (Node.js on ubuntu-latest)	UNKNOWN STEP	2026-05-03T13:38:31.4484507Z [command]/usr/bin/git submodule foreach --recursive git config --local --show-origin --name-only --get-regexp remote.origin.url
Test (Node.js on ubuntu-latest)	UNKNOWN STEP	2026-05-03T13:38:31.4842089Z Cleaning up orphan processes
Test (Node.js on ubuntu-latest)	UNKNOWN STEP	2026-05-03T13:38:31.5150583Z ##[warning]Node.js 20 actions are deprecated. The following actions are running on Node.js 20 and may not work as expected: actions/checkout@v4, actions/setup-node@v4. Actions will be forced to run with Node.js 24 by default starting June 2nd, 2026. Node.js 20 will be removed from the runner on September 16th, 2026. Please check if updated versions of these actions are available that support Node.js 24. To opt into Node.js 24 now, set the FORCE_JAVASCRIPT_ACTIONS_TO_NODE24=true environment variable on the runner or in your workflow file. Once Node.js 24 becomes the default, you can temporarily opt out by setting ACTIONS_ALLOW_USE_UNSECURE_NODE_VERSION=true. For more information see: https://github.blog/changelog/2025-09-19-deprecation-of-node-20-on-github-actions-runners/
Release	UNKNOWN STEP	﻿2026-05-03T13:39:13.3894068Z Current runner version: '2.334.0'
Release	UNKNOWN STEP	2026-05-03T13:39:13.3928190Z ##[group]Runner Image Provisioner
Release	UNKNOWN STEP	2026-05-03T13:39:13.3929292Z Hosted Compute Agent
Release	UNKNOWN STEP	2026-05-03T13:39:13.3930115Z Version: 20260213.493
Release	UNKNOWN STEP	2026-05-03T13:39:13.3931146Z Commit: 5c115507f6dd24b8de37d8bbe0bb4509d0cc0fa3
Release	UNKNOWN STEP	2026-05-03T13:39:13.3932162Z Build Date: 2026-02-13T00:28:41Z
Release	UNKNOWN STEP	2026-05-03T13:39:13.3933212Z Worker ID: {fdf3da75-c181-4146-b09d-9c981c185ca5}
Release	UNKNOWN STEP	2026-05-03T13:39:13.3934264Z Azure Region: eastus
Release	UNKNOWN STEP	2026-05-03T13:39:13.3935094Z ##[endgroup]
Release	UNKNOWN STEP	2026-05-03T13:39:13.3937869Z ##[group]Operating System
Release	UNKNOWN STEP	2026-05-03T13:39:13.3938747Z Ubuntu
Release	UNKNOWN STEP	2026-05-03T13:39:13.3939430Z 24.04.4
Release	UNKNOWN STEP	2026-05-03T13:39:13.3940003Z LTS
Release	UNKNOWN STEP	2026-05-03T13:39:13.3940820Z ##[endgroup]
Release	UNKNOWN STEP	2026-05-03T13:39:13.3941492Z ##[group]Runner Image
Release	UNKNOWN STEP	2026-05-03T13:39:13.3942332Z Image: ubuntu-24.04
Release	UNKNOWN STEP	2026-05-03T13:39:13.3943120Z Version: 20260413.86.1
Release	UNKNOWN STEP	2026-05-03T13:39:13.3944970Z Included Software: https://github.com/actions/runner-images/blob/ubuntu24/20260413.86/images/ubuntu/Ubuntu2404-Readme.md
Release	UNKNOWN STEP	2026-05-03T13:39:13.3947601Z Image Release: https://github.com/actions/runner-images/releases/tag/ubuntu24%2F20260413.86
Release	UNKNOWN STEP	2026-05-03T13:39:13.3949041Z ##[endgroup]
Release	UNKNOWN STEP	2026-05-03T13:39:13.3950793Z ##[group]GITHUB_TOKEN Permissions
Release	UNKNOWN STEP	2026-05-03T13:39:13.3953449Z Contents: write
Release	UNKNOWN STEP	2026-05-03T13:39:13.3954318Z Metadata: read
Release	UNKNOWN STEP	2026-05-03T13:39:13.3955085Z PullRequests: write
Release	UNKNOWN STEP	2026-05-03T13:39:13.3955803Z ##[endgroup]
Release	UNKNOWN STEP	2026-05-03T13:39:13.3958949Z Secret source: Actions
Release	UNKNOWN STEP	2026-05-03T13:39:13.3959915Z Prepare workflow directory
Release	UNKNOWN STEP	2026-05-03T13:39:13.4407101Z Prepare all required actions
Release	UNKNOWN STEP	2026-05-03T13:39:13.4459473Z Getting action download info
Release	UNKNOWN STEP	2026-05-03T13:39:13.7603655Z Download action repository 'actions/checkout@v4' (SHA:34e114876b0b11c390a56381ad16ebd13914f8d5)
Release	UNKNOWN STEP	2026-05-03T13:39:13.8856669Z Download action repository 'actions/setup-node@v4' (SHA:49933ea5288caeca8642d1e84afbd3f7d6820020)
Release	UNKNOWN STEP	2026-05-03T13:39:14.0874961Z Complete job name: Release
Release	UNKNOWN STEP	2026-05-03T13:39:14.1603267Z ##[group]Run actions/checkout@v4
Release	UNKNOWN STEP	2026-05-03T13:39:14.1604031Z with:
Release	UNKNOWN STEP	2026-05-03T13:39:14.1604418Z   fetch-depth: 0
Release	UNKNOWN STEP	2026-05-03T13:39:14.1604882Z   repository: link-foundation/lino-objects-codec
Release	UNKNOWN STEP	2026-05-03T13:39:14.1605613Z   token: ***
Release	UNKNOWN STEP	2026-05-03T13:39:14.1605982Z   ssh-strict: true
Release	UNKNOWN STEP	2026-05-03T13:39:14.1606603Z   ssh-user: git
Release	UNKNOWN STEP	2026-05-03T13:39:14.1606989Z   persist-credentials: true
Release	UNKNOWN STEP	2026-05-03T13:39:14.1607422Z   clean: true
Release	UNKNOWN STEP	2026-05-03T13:39:14.1607806Z   sparse-checkout-cone-mode: true
Release	UNKNOWN STEP	2026-05-03T13:39:14.1608264Z   fetch-tags: false
Release	UNKNOWN STEP	2026-05-03T13:39:14.1608648Z   show-progress: true
Release	UNKNOWN STEP	2026-05-03T13:39:14.1609038Z   lfs: false
Release	UNKNOWN STEP	2026-05-03T13:39:14.1609387Z   submodules: false
Release	UNKNOWN STEP	2026-05-03T13:39:14.1609775Z   set-safe-directory: true
Release	UNKNOWN STEP	2026-05-03T13:39:14.1610388Z ##[endgroup]
Release	UNKNOWN STEP	2026-05-03T13:39:14.2724174Z Syncing repository: link-foundation/lino-objects-codec
Release	UNKNOWN STEP	2026-05-03T13:39:14.2725956Z ##[group]Getting Git version info
Release	UNKNOWN STEP	2026-05-03T13:39:14.2726969Z Working directory is '/home/runner/work/lino-objects-codec/lino-objects-codec'
Release	UNKNOWN STEP	2026-05-03T13:39:14.2727975Z [command]/usr/bin/git version
Release	UNKNOWN STEP	2026-05-03T13:39:14.2770000Z git version 2.53.0
Release	UNKNOWN STEP	2026-05-03T13:39:14.2794419Z ##[endgroup]
Release	UNKNOWN STEP	2026-05-03T13:39:14.2809273Z Temporarily overriding HOME='/home/runner/work/_temp/b96d5c71-1e9b-48ad-9635-9eab0574a7a0' before making global git config changes
Release	UNKNOWN STEP	2026-05-03T13:39:14.2810746Z Adding repository directory to the temporary git global config as a safe directory
Release	UNKNOWN STEP	2026-05-03T13:39:14.2814936Z [command]/usr/bin/git config --global --add safe.directory /home/runner/work/lino-objects-codec/lino-objects-codec
Release	UNKNOWN STEP	2026-05-03T13:39:14.2848841Z Deleting the contents of '/home/runner/work/lino-objects-codec/lino-objects-codec'
Release	UNKNOWN STEP	2026-05-03T13:39:14.2852319Z ##[group]Initializing the repository
Release	UNKNOWN STEP	2026-05-03T13:39:14.2856610Z [command]/usr/bin/git init /home/runner/work/lino-objects-codec/lino-objects-codec
Release	UNKNOWN STEP	2026-05-03T13:39:14.2915289Z hint: Using 'master' as the name for the initial branch. This default branch name
Release	UNKNOWN STEP	2026-05-03T13:39:14.2916915Z hint: will change to "main" in Git 3.0. To configure the initial branch name
Release	UNKNOWN STEP	2026-05-03T13:39:14.2918145Z hint: to use in all of your new repositories, which will suppress this warning,
Release	UNKNOWN STEP	2026-05-03T13:39:14.2918833Z hint: call:
Release	UNKNOWN STEP	2026-05-03T13:39:14.2919209Z hint:
Release	UNKNOWN STEP	2026-05-03T13:39:14.2919901Z hint: 	git config --global init.defaultBranch <name>
Release	UNKNOWN STEP	2026-05-03T13:39:14.2920464Z hint:
Release	UNKNOWN STEP	2026-05-03T13:39:14.2920991Z hint: Names commonly chosen instead of 'master' are 'main', 'trunk' and
Release	UNKNOWN STEP	2026-05-03T13:39:14.2922225Z hint: 'development'. The just-created branch can be renamed via this command:
Release	UNKNOWN STEP	2026-05-03T13:39:14.2922891Z hint:
Release	UNKNOWN STEP	2026-05-03T13:39:14.2923254Z hint: 	git branch -m <name>
Release	UNKNOWN STEP	2026-05-03T13:39:14.2923664Z hint:
Release	UNKNOWN STEP	2026-05-03T13:39:14.2924224Z hint: Disable this message with "git config set advice.defaultBranchName false"
Release	UNKNOWN STEP	2026-05-03T13:39:14.2925222Z Initialized empty Git repository in /home/runner/work/lino-objects-codec/lino-objects-codec/.git/
Release	UNKNOWN STEP	2026-05-03T13:39:14.2928613Z [command]/usr/bin/git remote add origin https://github.com/link-foundation/lino-objects-codec
Release	UNKNOWN STEP	2026-05-03T13:39:14.2959015Z ##[endgroup]
Release	UNKNOWN STEP	2026-05-03T13:39:14.2963811Z ##[group]Disabling automatic garbage collection
Release	UNKNOWN STEP	2026-05-03T13:39:14.2964442Z [command]/usr/bin/git config --local gc.auto 0
Release	UNKNOWN STEP	2026-05-03T13:39:14.2993175Z ##[endgroup]
Release	UNKNOWN STEP	2026-05-03T13:39:14.2993869Z ##[group]Setting up auth
Release	UNKNOWN STEP	2026-05-03T13:39:14.3000793Z [command]/usr/bin/git config --local --name-only --get-regexp core\.sshCommand
Release	UNKNOWN STEP	2026-05-03T13:39:14.3033645Z [command]/usr/bin/git submodule foreach --recursive sh -c "git config --local --name-only --get-regexp 'core\.sshCommand' && git config --local --unset-all 'core.sshCommand' || :"
Release	UNKNOWN STEP	2026-05-03T13:39:14.3328926Z [command]/usr/bin/git config --local --name-only --get-regexp http\.https\:\/\/github\.com\/\.extraheader
Release	UNKNOWN STEP	2026-05-03T13:39:14.3363047Z [command]/usr/bin/git submodule foreach --recursive sh -c "git config --local --name-only --get-regexp 'http\.https\:\/\/github\.com\/\.extraheader' && git config --local --unset-all 'http.https://github.com/.extraheader' || :"
Release	UNKNOWN STEP	2026-05-03T13:39:14.3607066Z [command]/usr/bin/git config --local --name-only --get-regexp ^includeIf\.gitdir:
Release	UNKNOWN STEP	2026-05-03T13:39:14.3645485Z [command]/usr/bin/git submodule foreach --recursive git config --local --show-origin --name-only --get-regexp remote.origin.url
Release	UNKNOWN STEP	2026-05-03T13:39:14.3904456Z [command]/usr/bin/git config --local http.https://github.com/.extraheader AUTHORIZATION: basic ***
Release	UNKNOWN STEP	2026-05-03T13:39:14.3943241Z ##[endgroup]
Release	UNKNOWN STEP	2026-05-03T13:39:14.3952270Z ##[group]Fetching the repository
Release	UNKNOWN STEP	2026-05-03T13:39:14.3954205Z [command]/usr/bin/git -c protocol.version=2 fetch --prune --no-recurse-submodules origin +refs/heads/*:refs/remotes/origin/* +refs/tags/*:refs/tags/*
Release	UNKNOWN STEP	2026-05-03T13:39:14.6894574Z From https://github.com/link-foundation/lino-objects-codec
Release	UNKNOWN STEP	2026-05-03T13:39:14.6895774Z  * [new branch]      issue-1-843d779c4cdb  -> origin/issue-1-843d779c4cdb
Release	UNKNOWN STEP	2026-05-03T13:39:14.6897971Z  * [new branch]      issue-11-c74c0836aeba -> origin/issue-11-c74c0836aeba
Release	UNKNOWN STEP	2026-05-03T13:39:14.6898958Z  * [new branch]      issue-15-b28422959bc5 -> origin/issue-15-b28422959bc5
Release	UNKNOWN STEP	2026-05-03T13:39:14.6899865Z  * [new branch]      issue-17-ace5a094a724 -> origin/issue-17-ace5a094a724
Release	UNKNOWN STEP	2026-05-03T13:39:14.6900733Z  * [new branch]      issue-19-d88ab983ff7d -> origin/issue-19-d88ab983ff7d
Release	UNKNOWN STEP	2026-05-03T13:39:14.6901583Z  * [new branch]      issue-20-d21ab54e8ff1 -> origin/issue-20-d21ab54e8ff1
Release	UNKNOWN STEP	2026-05-03T13:39:14.6902463Z  * [new branch]      issue-22-e5ea3b44ef6b -> origin/issue-22-e5ea3b44ef6b
Release	UNKNOWN STEP	2026-05-03T13:39:14.6903321Z  * [new branch]      issue-25-76b0e5ea19d6 -> origin/issue-25-76b0e5ea19d6
Release	UNKNOWN STEP	2026-05-03T13:39:14.6904190Z  * [new branch]      issue-27-eb86cc75f92a -> origin/issue-27-eb86cc75f92a
Release	UNKNOWN STEP	2026-05-03T13:39:14.6905052Z  * [new branch]      issue-3-397c5eeac29f  -> origin/issue-3-397c5eeac29f
Release	UNKNOWN STEP	2026-05-03T13:39:14.6905944Z  * [new branch]      issue-5-9641b6fb00d3  -> origin/issue-5-9641b6fb00d3
Release	UNKNOWN STEP	2026-05-03T13:39:14.6906981Z  * [new branch]      issue-7-7a98520cd689  -> origin/issue-7-7a98520cd689
Release	UNKNOWN STEP	2026-05-03T13:39:14.6907823Z  * [new branch]      issue-8-8f8d9acce5f1  -> origin/issue-8-8f8d9acce5f1
Release	UNKNOWN STEP	2026-05-03T13:39:14.6909014Z  * [new branch]      issue-9-bef9e95e65ef  -> origin/issue-9-bef9e95e65ef
Release	UNKNOWN STEP	2026-05-03T13:39:14.6909847Z  * [new branch]      main                  -> origin/main
Release	UNKNOWN STEP	2026-05-03T13:39:14.6910594Z  * [new tag]         csharp-v0.2.0         -> csharp-v0.2.0
Release	UNKNOWN STEP	2026-05-03T13:39:14.6911281Z  * [new tag]         rust-v0.2.0           -> rust-v0.2.0
Release	UNKNOWN STEP	2026-05-03T13:39:14.6911919Z  * [new tag]         v0.1.1                -> v0.1.1
Release	UNKNOWN STEP	2026-05-03T13:39:14.6912598Z  * [new tag]         v0.3.0                -> v0.3.0
Release	UNKNOWN STEP	2026-05-03T13:39:14.6913235Z  * [new tag]         v0.3.1                -> v0.3.1
Release	UNKNOWN STEP	2026-05-03T13:39:14.6913919Z  * [new tag]         v0.3.2                -> v0.3.2
Release	UNKNOWN STEP	2026-05-03T13:39:14.6962438Z [command]/usr/bin/git branch --list --remote origin/main
Release	UNKNOWN STEP	2026-05-03T13:39:14.6990007Z   origin/main
Release	UNKNOWN STEP	2026-05-03T13:39:14.7000092Z [command]/usr/bin/git rev-parse refs/remotes/origin/main
Release	UNKNOWN STEP	2026-05-03T13:39:14.7022495Z 3806da8815dc66a01ed1d6b0a536a2f3035753c6
Release	UNKNOWN STEP	2026-05-03T13:39:14.7027988Z ##[endgroup]
Release	UNKNOWN STEP	2026-05-03T13:39:14.7029143Z ##[group]Determining the checkout info
Release	UNKNOWN STEP	2026-05-03T13:39:14.7029952Z ##[endgroup]
Release	UNKNOWN STEP	2026-05-03T13:39:14.7035251Z [command]/usr/bin/git sparse-checkout disable
Release	UNKNOWN STEP	2026-05-03T13:39:14.7075256Z [command]/usr/bin/git config --local --unset-all extensions.worktreeConfig
Release	UNKNOWN STEP	2026-05-03T13:39:14.7103706Z ##[group]Checking out the ref
Release	UNKNOWN STEP	2026-05-03T13:39:14.7109362Z [command]/usr/bin/git checkout --progress --force -B main refs/remotes/origin/main
Release	UNKNOWN STEP	2026-05-03T13:39:14.7265194Z Switched to a new branch 'main'
Release	UNKNOWN STEP	2026-05-03T13:39:14.7267357Z branch 'main' set up to track 'origin/main'.
Release	UNKNOWN STEP	2026-05-03T13:39:14.7273542Z ##[endgroup]
Release	UNKNOWN STEP	2026-05-03T13:39:14.7310713Z [command]/usr/bin/git log -1 --format=%H
Release	UNKNOWN STEP	2026-05-03T13:39:14.7334015Z 3806da8815dc66a01ed1d6b0a536a2f3035753c6
Release	UNKNOWN STEP	2026-05-03T13:39:14.7630640Z ##[group]Run actions/setup-node@v4
Release	UNKNOWN STEP	2026-05-03T13:39:14.7631657Z with:
Release	UNKNOWN STEP	2026-05-03T13:39:14.7632341Z   node-version: 22
Release	UNKNOWN STEP	2026-05-03T13:39:14.7633240Z   registry-url: https://registry.npmjs.org
Release	UNKNOWN STEP	2026-05-03T13:39:14.7634368Z   always-auth: false
Release	UNKNOWN STEP	2026-05-03T13:39:14.7635185Z   check-latest: false
Release	UNKNOWN STEP	2026-05-03T13:39:14.7636559Z   token: ***
Release	UNKNOWN STEP	2026-05-03T13:39:14.7637283Z ##[endgroup]
Release	UNKNOWN STEP	2026-05-03T13:39:14.9431225Z Found in cache @ /opt/hostedtoolcache/node/22.22.2/x64
Release	UNKNOWN STEP	2026-05-03T13:39:14.9437656Z ##[group]Environment details
Release	UNKNOWN STEP	2026-05-03T13:39:15.2508601Z node: v22.22.2
Release	UNKNOWN STEP	2026-05-03T13:39:15.2510216Z npm: 10.9.7
Release	UNKNOWN STEP	2026-05-03T13:39:15.2511162Z yarn: 1.22.22
Release	UNKNOWN STEP	2026-05-03T13:39:15.2513254Z ##[endgroup]
Release	UNKNOWN STEP	2026-05-03T13:39:15.2668525Z ##[group]Run npm install
Release	UNKNOWN STEP	2026-05-03T13:39:15.2669588Z [36;1mnpm install[0m
Release	UNKNOWN STEP	2026-05-03T13:39:15.2703606Z shell: /usr/bin/bash -e {0}
Release	UNKNOWN STEP	2026-05-03T13:39:15.2704561Z env:
Release	UNKNOWN STEP	2026-05-03T13:39:15.2705529Z   NPM_CONFIG_USERCONFIG: /home/runner/work/_temp/.npmrc
Release	UNKNOWN STEP	2026-05-03T13:39:15.2707126Z   NODE_AUTH_TOKEN: XXXXX-XXXXX-XXXXX-XXXXX
Release	UNKNOWN STEP	2026-05-03T13:39:15.2708204Z ##[endgroup]
Release	UNKNOWN STEP	2026-05-03T13:39:18.5563314Z 
Release	UNKNOWN STEP	2026-05-03T13:39:18.5571280Z > lino-objects-codec@0.3.2 prepare
Release	UNKNOWN STEP	2026-05-03T13:39:18.5572079Z > husky || true
Release	UNKNOWN STEP	2026-05-03T13:39:18.5572818Z 
Release	UNKNOWN STEP	2026-05-03T13:39:18.6024673Z .git can't be found
Release	UNKNOWN STEP	2026-05-03T13:39:18.6025348Z added 321 packages, and audited 322 packages in 3s
Release	UNKNOWN STEP	2026-05-03T13:39:18.6025762Z 
Release	UNKNOWN STEP	2026-05-03T13:39:18.6026064Z 74 packages are looking for funding
Release	UNKNOWN STEP	2026-05-03T13:39:18.6026850Z   run `npm fund` for details
Release	UNKNOWN STEP	2026-05-03T13:39:18.6081649Z 
Release	UNKNOWN STEP	2026-05-03T13:39:18.6082251Z 6 vulnerabilities (3 moderate, 3 high)
Release	UNKNOWN STEP	2026-05-03T13:39:18.6082631Z 
Release	UNKNOWN STEP	2026-05-03T13:39:18.6082994Z To address all issues, run:
Release	UNKNOWN STEP	2026-05-03T13:39:18.6083394Z   npm audit fix
Release	UNKNOWN STEP	2026-05-03T13:39:18.6083604Z 
Release	UNKNOWN STEP	2026-05-03T13:39:18.6083791Z Run `npm audit` for details.
Release	UNKNOWN STEP	2026-05-03T13:39:18.6621137Z ##[group]Run node scripts/setup-npm.mjs
Release	UNKNOWN STEP	2026-05-03T13:39:18.6621510Z [36;1mnode scripts/setup-npm.mjs[0m
Release	UNKNOWN STEP	2026-05-03T13:39:18.6646053Z shell: /usr/bin/bash -e {0}
Release	UNKNOWN STEP	2026-05-03T13:39:18.6646552Z env:
Release	UNKNOWN STEP	2026-05-03T13:39:18.6646798Z   NPM_CONFIG_USERCONFIG: /home/runner/work/_temp/.npmrc
Release	UNKNOWN STEP	2026-05-03T13:39:18.6647129Z   NODE_AUTH_TOKEN: XXXXX-XXXXX-XXXXX-XXXXX
Release	UNKNOWN STEP	2026-05-03T13:39:18.6647621Z ##[endgroup]
Release	UNKNOWN STEP	2026-05-03T13:39:20.3411628Z 10.9.7
Release	UNKNOWN STEP	2026-05-03T13:39:20.3460870Z Current npm version: 10.9.7
Release	UNKNOWN STEP	2026-05-03T13:39:23.7891732Z npm error code MODULE_NOT_FOUND
Release	UNKNOWN STEP	2026-05-03T13:39:23.7892759Z npm error Cannot find module 'promise-retry'
Release	UNKNOWN STEP	2026-05-03T13:39:23.7893605Z npm error Require stack:
Release	UNKNOWN STEP	2026-05-03T13:39:23.7894706Z npm error - /opt/hostedtoolcache/node/22.22.2/x64/lib/node_modules/npm/node_modules/@npmcli/arborist/lib/arborist/rebuild.js
Release	UNKNOWN STEP	2026-05-03T13:39:23.7896412Z npm error - /opt/hostedtoolcache/node/22.22.2/x64/lib/node_modules/npm/node_modules/@npmcli/arborist/lib/arborist/index.js
Release	UNKNOWN STEP	2026-05-03T13:39:23.7897954Z npm error - /opt/hostedtoolcache/node/22.22.2/x64/lib/node_modules/npm/node_modules/@npmcli/arborist/lib/index.js
Release	UNKNOWN STEP	2026-05-03T13:39:23.7899272Z npm error - /opt/hostedtoolcache/node/22.22.2/x64/lib/node_modules/npm/node_modules/libnpmfund/lib/index.js
Release	UNKNOWN STEP	2026-05-03T13:39:23.7900503Z npm error - /opt/hostedtoolcache/node/22.22.2/x64/lib/node_modules/npm/lib/utils/reify-output.js
Release	UNKNOWN STEP	2026-05-03T13:39:23.7901733Z npm error - /opt/hostedtoolcache/node/22.22.2/x64/lib/node_modules/npm/lib/utils/reify-finish.js
Release	UNKNOWN STEP	2026-05-03T13:39:23.7902866Z npm error - /opt/hostedtoolcache/node/22.22.2/x64/lib/node_modules/npm/lib/commands/install.js
Release	UNKNOWN STEP	2026-05-03T13:39:23.7903919Z npm error - /opt/hostedtoolcache/node/22.22.2/x64/lib/node_modules/npm/lib/npm.js
Release	UNKNOWN STEP	2026-05-03T13:39:23.7904955Z npm error - /opt/hostedtoolcache/node/22.22.2/x64/lib/node_modules/npm/lib/cli/entry.js
Release	UNKNOWN STEP	2026-05-03T13:39:23.7905944Z npm error - /opt/hostedtoolcache/node/22.22.2/x64/lib/node_modules/npm/lib/cli.js
Release	UNKNOWN STEP	2026-05-03T13:39:23.7907108Z npm error - /opt/hostedtoolcache/node/22.22.2/x64/lib/node_modules/npm/bin/npm-cli.js
Release	UNKNOWN STEP	2026-05-03T13:39:23.7908183Z npm error A complete log of this run can be found in: /home/runner/.npm/_logs/2026-05-03T13_39_20_401Z-debug-0.log
Release	UNKNOWN STEP	2026-05-03T13:39:23.8913259Z 10.9.7
Release	UNKNOWN STEP	2026-05-03T13:39:23.8958955Z Updated npm version: 10.9.7
Release	UNKNOWN STEP	2026-05-03T13:39:23.9056423Z ##[group]Run node scripts/check-changesets.mjs
Release	UNKNOWN STEP	2026-05-03T13:39:23.9056930Z [36;1mnode scripts/check-changesets.mjs[0m
Release	UNKNOWN STEP	2026-05-03T13:39:23.9079650Z shell: /usr/bin/bash -e {0}
Release	UNKNOWN STEP	2026-05-03T13:39:23.9079882Z env:
Release	UNKNOWN STEP	2026-05-03T13:39:23.9080107Z   NPM_CONFIG_USERCONFIG: /home/runner/work/_temp/.npmrc
Release	UNKNOWN STEP	2026-05-03T13:39:23.9080431Z   NODE_AUTH_TOKEN: XXXXX-XXXXX-XXXXX-XXXXX
Release	UNKNOWN STEP	2026-05-03T13:39:23.9080673Z ##[endgroup]
Release	UNKNOWN STEP	2026-05-03T13:39:23.9405409Z Checking for pending changeset files...
Release	UNKNOWN STEP	2026-05-03T13:39:23.9405788Z 
Release	UNKNOWN STEP	2026-05-03T13:39:23.9408628Z Found 1 changeset file(s)
Release	UNKNOWN STEP	2026-05-03T13:39:23.9409758Z has_changesets=true
Release	UNKNOWN STEP	2026-05-03T13:39:23.9410251Z changeset_count=1
Release	UNKNOWN STEP	2026-05-03T13:39:23.9515243Z ##[group]Run node scripts/version-and-commit.mjs --mode changeset
Release	UNKNOWN STEP	2026-05-03T13:39:23.9515696Z [36;1mnode scripts/version-and-commit.mjs --mode changeset[0m
Release	UNKNOWN STEP	2026-05-03T13:39:23.9537915Z shell: /usr/bin/bash -e {0}
Release	UNKNOWN STEP	2026-05-03T13:39:23.9538152Z env:
Release	UNKNOWN STEP	2026-05-03T13:39:23.9538385Z   NPM_CONFIG_USERCONFIG: /home/runner/work/_temp/.npmrc
Release	UNKNOWN STEP	2026-05-03T13:39:23.9538704Z   NODE_AUTH_TOKEN: XXXXX-XXXXX-XXXXX-XXXXX
Release	UNKNOWN STEP	2026-05-03T13:39:23.9538983Z ##[endgroup]
Release	UNKNOWN STEP	2026-05-03T13:39:25.9393489Z Parsed configuration: { mode: 'changeset', bumpType: '', description: '(none)' }
Release	UNKNOWN STEP	2026-05-03T13:39:25.9575516Z Checking for remote changes...
Release	UNKNOWN STEP	2026-05-03T13:39:26.1754105Z From https://github.com/link-foundation/lino-objects-codec
Release	UNKNOWN STEP	2026-05-03T13:39:26.1754597Z  * branch            main       -> FETCH_HEAD
Release	UNKNOWN STEP	2026-05-03T13:39:26.1884652Z 3806da8815dc66a01ed1d6b0a536a2f3035753c6
Release	UNKNOWN STEP	2026-05-03T13:39:26.1961235Z 3806da8815dc66a01ed1d6b0a536a2f3035753c6
Release	UNKNOWN STEP	2026-05-03T13:39:26.1968316Z Current version: 0.3.2
Release	UNKNOWN STEP	2026-05-03T13:39:26.1968796Z Running changeset version...
Release	UNKNOWN STEP	2026-05-03T13:39:26.2977542Z 
Release	UNKNOWN STEP	2026-05-03T13:39:26.2978238Z > lino-objects-codec@0.3.2 changeset:version
Release	UNKNOWN STEP	2026-05-03T13:39:26.2978779Z > node scripts/changeset-version.mjs
Release	UNKNOWN STEP	2026-05-03T13:39:26.2979027Z 
Release	UNKNOWN STEP	2026-05-03T13:39:26.8279322Z Running changeset version...
Release	UNKNOWN STEP	2026-05-03T13:39:27.4946991Z 🦋  All files have been updated. Review them and commit at your leisure
Release	UNKNOWN STEP	2026-05-03T13:39:27.5145442Z 
Release	UNKNOWN STEP	2026-05-03T13:39:27.5147020Z Synchronizing package-lock.json...
Release	UNKNOWN STEP	2026-05-03T13:39:28.1463344Z 
Release	UNKNOWN STEP	2026-05-03T13:39:28.1463856Z > lino-objects-codec@0.3.3 prepare
Release	UNKNOWN STEP	2026-05-03T13:39:28.1464197Z > husky || true
Release	UNKNOWN STEP	2026-05-03T13:39:28.1464325Z 
Release	UNKNOWN STEP	2026-05-03T13:39:28.1862347Z .git can't be found
Release	UNKNOWN STEP	2026-05-03T13:39:28.1862818Z up to date, audited 322 packages in 615ms
Release	UNKNOWN STEP	2026-05-03T13:39:28.1863293Z 
Release	UNKNOWN STEP	2026-05-03T13:39:28.1863678Z 74 packages are looking for funding
Release	UNKNOWN STEP	2026-05-03T13:39:28.1864059Z   run `npm fund` for details
Release	UNKNOWN STEP	2026-05-03T13:39:28.1936699Z 
Release	UNKNOWN STEP	2026-05-03T13:39:28.1937535Z 6 vulnerabilities (3 moderate, 3 high)
Release	UNKNOWN STEP	2026-05-03T13:39:28.1938095Z 
Release	UNKNOWN STEP	2026-05-03T13:39:28.1938441Z To address all issues, run:
Release	UNKNOWN STEP	2026-05-03T13:39:28.1938992Z   npm audit fix
Release	UNKNOWN STEP	2026-05-03T13:39:28.1939313Z 
Release	UNKNOWN STEP	2026-05-03T13:39:28.1939636Z Run `npm audit` for details.
Release	UNKNOWN STEP	2026-05-03T13:39:28.2063938Z 
Release	UNKNOWN STEP	2026-05-03T13:39:28.2065125Z ✅ Version bump complete with synchronized package-lock.json
Release	UNKNOWN STEP	2026-05-03T13:39:28.2197544Z New version: 0.3.3
Release	UNKNOWN STEP	2026-05-03T13:39:28.2343376Z  D js/.changeset/issue-27-builtin-references.md
Release	UNKNOWN STEP	2026-05-03T13:39:28.2343957Z  M js/CHANGELOG.md
Release	UNKNOWN STEP	2026-05-03T13:39:28.2344288Z  M js/package-lock.json
Release	UNKNOWN STEP	2026-05-03T13:39:28.2344600Z  M js/package.json
Release	UNKNOWN STEP	2026-05-03T13:39:28.2350411Z Changes detected, committing...
Release	UNKNOWN STEP	2026-05-03T13:39:28.2600846Z [main 41decfd] 0.3.3
Release	UNKNOWN STEP	2026-05-03T13:39:28.2601375Z  4 files changed, 13 insertions(+), 12 deletions(-)
Release	UNKNOWN STEP	2026-05-03T13:39:28.2601984Z  delete mode 100644 js/.changeset/issue-27-builtin-references.md
Release	UNKNOWN STEP	2026-05-03T13:39:29.0743587Z To https://github.com/link-foundation/lino-objects-codec
Release	UNKNOWN STEP	2026-05-03T13:39:29.0744490Z    3806da8..41decfd  main -> main
Release	UNKNOWN STEP	2026-05-03T13:39:29.0795277Z ✅ Version bump committed and pushed to main
Release	UNKNOWN STEP	2026-05-03T13:39:29.0906312Z ##[group]Run node scripts/publish-to-npm.mjs --should-pull
Release	UNKNOWN STEP	2026-05-03T13:39:29.0906888Z [36;1mnode scripts/publish-to-npm.mjs --should-pull[0m
Release	UNKNOWN STEP	2026-05-03T13:39:29.0928822Z shell: /usr/bin/bash -e {0}
Release	UNKNOWN STEP	2026-05-03T13:39:29.0929051Z env:
Release	UNKNOWN STEP	2026-05-03T13:39:29.0929289Z   NPM_CONFIG_USERCONFIG: /home/runner/work/_temp/.npmrc
Release	UNKNOWN STEP	2026-05-03T13:39:29.0929627Z   NODE_AUTH_TOKEN: XXXXX-XXXXX-XXXXX-XXXXX
Release	UNKNOWN STEP	2026-05-03T13:39:29.0929883Z ##[endgroup]
Release	UNKNOWN STEP	2026-05-03T13:39:30.1936276Z From https://github.com/link-foundation/lino-objects-codec
Release	UNKNOWN STEP	2026-05-03T13:39:30.1937124Z  * branch            main       -> FETCH_HEAD
Release	UNKNOWN STEP	2026-05-03T13:39:30.2003420Z Already up to date.
Release	UNKNOWN STEP	2026-05-03T13:39:30.2020443Z Current version to publish: 0.3.3
Release	UNKNOWN STEP	2026-05-03T13:39:30.2021027Z Checking if version 0.3.3 is already published...
Release	UNKNOWN STEP	2026-05-03T13:39:30.5460216Z npm error code E404
Release	UNKNOWN STEP	2026-05-03T13:39:30.5460730Z npm error 404 No match found for version 0.3.3
Release	UNKNOWN STEP	2026-05-03T13:39:30.5461150Z npm error 404
Release	UNKNOWN STEP	2026-05-03T13:39:30.5461723Z npm error 404  'my-package@0.3.3' is not in this registry.
Release	UNKNOWN STEP	2026-05-03T13:39:30.5462184Z npm error 404
Release	UNKNOWN STEP	2026-05-03T13:39:30.5462607Z npm error 404 Note that you can also install from a
Release	UNKNOWN STEP	2026-05-03T13:39:30.5463208Z npm error 404 tarball, folder, http url, or git url.
Release	UNKNOWN STEP	2026-05-03T13:39:30.5473888Z npm error A complete log of this run can be found in: /home/runner/.npm/_logs/2026-05-03T13_39_30_259Z-debug-0.log
Release	UNKNOWN STEP	2026-05-03T13:39:30.5542510Z Version 0.3.3 not found on npm, proceeding with publish...
Release	UNKNOWN STEP	2026-05-03T13:39:30.5542917Z Publish attempt 1 of 3...
Release	UNKNOWN STEP	2026-05-03T13:39:30.6527241Z 
Release	UNKNOWN STEP	2026-05-03T13:39:30.6527755Z > lino-objects-codec@0.3.3 changeset:publish
Release	UNKNOWN STEP	2026-05-03T13:39:30.6528250Z > changeset publish
Release	UNKNOWN STEP	2026-05-03T13:39:30.6528396Z 
Release	UNKNOWN STEP	2026-05-03T13:39:30.9466798Z 🦋  [36minfo[39m npm info lino-objects-codec
Release	UNKNOWN STEP	2026-05-03T13:39:31.3384671Z 🦋  [36minfo[39m lino-objects-codec is being published because our local version (0.3.3) has not been published on npm
Release	UNKNOWN STEP	2026-05-03T13:39:31.3386276Z 🦋  [36minfo[39m Publishing [36m"lino-objects-codec"[39m at [32m"0.3.3"[39m
Release	UNKNOWN STEP	2026-05-03T13:39:31.9891555Z 🦋  [31merror[39m an error occurred while publishing lino-objects-codec: E404 Not Found - PUT https://registry.npmjs.org/lino-objects-codec - Not found 
Release	UNKNOWN STEP	2026-05-03T13:39:31.9892555Z 🦋  [31merror[39m 'lino-objects-codec@0.3.3' is not in this registry.
Release	UNKNOWN STEP	2026-05-03T13:39:31.9893312Z 🦋  [31merror[39m 
Release	UNKNOWN STEP	2026-05-03T13:39:31.9893879Z 🦋  [31merror[39m Note that you can also install from a
Release	UNKNOWN STEP	2026-05-03T13:39:31.9894565Z 🦋  [31merror[39m tarball, folder, http url, or git url.
Release	UNKNOWN STEP	2026-05-03T13:39:31.9894992Z 🦋  [31merror[39m 
Release	UNKNOWN STEP	2026-05-03T13:39:31.9895551Z 🦋  [31merror[39m > lino-objects-codec@0.3.3 prepare
Release	UNKNOWN STEP	2026-05-03T13:39:31.9896638Z 🦋  [31merror[39m > husky || true
Release	UNKNOWN STEP	2026-05-03T13:39:31.9897117Z 🦋  [31merror[39m 
Release	UNKNOWN STEP	2026-05-03T13:39:31.9898185Z 🦋  [31merror[39m npm warn publish npm auto-corrected some errors in your package.json when publishing.  Please run "npm pkg fix" to address these errors.
Release	UNKNOWN STEP	2026-05-03T13:39:31.9898993Z 🦋  [31merror[39m npm warn publish errors corrected:
Release	UNKNOWN STEP	2026-05-03T13:39:31.9899858Z 🦋  [31merror[39m npm warn publish "repository.url" was normalized to "git+https://github.com/link-foundation/lino-objects-codec.git"
Release	UNKNOWN STEP	2026-05-03T13:39:31.9900826Z 🦋  [31merror[39m npm notice Publishing to https://registry.npmjs.org with tag latest and public access
Release	UNKNOWN STEP	2026-05-03T13:39:31.9901397Z 🦋  [31merror[39m npm error code E404
Release	UNKNOWN STEP	2026-05-03T13:39:31.9902027Z 🦋  [31merror[39m npm error 404 Not Found - PUT https://registry.npmjs.org/lino-objects-codec - Not found
Release	UNKNOWN STEP	2026-05-03T13:39:31.9902541Z 🦋  [31merror[39m npm error 404
Release	UNKNOWN STEP	2026-05-03T13:39:31.9903055Z 🦋  [31merror[39m npm error 404  'lino-objects-codec@0.3.3' is not in this registry.
Release	UNKNOWN STEP	2026-05-03T13:39:31.9903506Z 🦋  [31merror[39m npm error 404
Release	UNKNOWN STEP	2026-05-03T13:39:31.9903930Z 🦋  [31merror[39m npm error 404 Note that you can also install from a
Release	UNKNOWN STEP	2026-05-03T13:39:31.9904476Z 🦋  [31merror[39m npm error 404 tarball, folder, http url, or git url.
Release	UNKNOWN STEP	2026-05-03T13:39:31.9905568Z 🦋  [31merror[39m npm error A complete log of this run can be found in: /home/runner/.npm/_logs/2026-05-03T13_39_31_390Z-debug-0.log
Release	UNKNOWN STEP	2026-05-03T13:39:31.9906362Z 🦋  [31merror[39m 
Release	UNKNOWN STEP	2026-05-03T13:39:31.9906689Z 🦋  [31merror[39m packages failed to publish:
Release	UNKNOWN STEP	2026-05-03T13:39:31.9907064Z 🦋  lino-objects-codec@0.3.3
Release	UNKNOWN STEP	2026-05-03T13:39:32.0033659Z ✅ Published my-package@0.3.3 to npm
Release	UNKNOWN STEP	2026-05-03T13:39:32.0168795Z ##[group]Run node scripts/create-github-release.mjs --release-version "0.3.3" --repository "link-foundation/lino-objects-codec"
Release	UNKNOWN STEP	2026-05-03T13:39:32.0169634Z [36;1mnode scripts/create-github-release.mjs --release-version "0.3.3" --repository "link-foundation/lino-objects-codec"[0m
Release	UNKNOWN STEP	2026-05-03T13:39:32.0192311Z shell: /usr/bin/bash -e {0}
Release	UNKNOWN STEP	2026-05-03T13:39:32.0192558Z env:
Release	UNKNOWN STEP	2026-05-03T13:39:32.0192795Z   NPM_CONFIG_USERCONFIG: /home/runner/work/_temp/.npmrc
Release	UNKNOWN STEP	2026-05-03T13:39:32.0193129Z   NODE_AUTH_TOKEN: XXXXX-XXXXX-XXXXX-XXXXX
Release	UNKNOWN STEP	2026-05-03T13:39:32.0193644Z   GH_TOKEN: ***
Release	UNKNOWN STEP	2026-05-03T13:39:32.0193833Z ##[endgroup]
Release	UNKNOWN STEP	2026-05-03T13:39:32.9678241Z Creating GitHub release for v0.3.3...
Release	UNKNOWN STEP	2026-05-03T13:39:33.7387341Z {"url":"https://api.github.com/repos/link-foundation/lino-objects-codec/releases/316863950","assets_url":"https://api.github.com/repos/link-foundation/lino-objects-codec/releases/316863950/assets","upload_url":"https://uploads.github.com/repos/link-foundation/lino-objects-codec/releases/316863950/assets{?name,label}","html_url":"https://github.com/link-foundation/lino-objects-codec/releases/tag/v0.3.3","id":316863950,"author":{"login":"github-actions[bot]","id":41898282,"node_id":"MDM6Qm90NDE4OTgyODI=","avatar_url":"https://avatars.githubusercontent.com/in/15368?v=4","gravatar_id":"","url":"https://api.github.com/users/github-actions%5Bbot%5D","html_url":"https://github.com/apps/github-actions","followers_url":"https://api.github.com/users/github-actions%5Bbot%5D/followers","following_url":"https://api.github.com/users/github-actions%5Bbot%5D/following{/other_user}","gists_url":"https://api.github.com/users/github-actions%5Bbot%5D/gists{/gist_id}","starred_url":"https://api.github.com/users/github-actions%5Bbot%5D/starred{/owner}{/repo}","subscriptions_url":"https://api.github.com/users/github-actions%5Bbot%5D/subscriptions","organizations_url":"https://api.github.com/users/github-actions%5Bbot%5D/orgs","repos_url":"https://api.github.com/users/github-actions%5Bbot%5D/repos","events_url":"https://api.github.com/users/github-actions%5Bbot%5D/events{/privacy}","received_events_url":"https://api.github.com/users/github-actions%5Bbot%5D/received_events","type":"Bot","user_view_type":"public","site_admin":false},"node_id":"RE_kwDOQWrSmc4S4vXO","tag_name":"v0.3.3","target_commitish":"main","name":"0.3.3","draft":false,"immutable":false,"prerelease":false,"created_at":"2026-05-03T13:39:28Z","updated_at":"2026-05-03T13:39:33Z","published_at":"2026-05-03T13:39:33Z","assets":[],"tarball_url":"https://api.github.com/repos/link-foundation/lino-objects-codec/tarball/v0.3.3","zipball_url":"https://api.github.com/repos/link-foundation/lino-objects-codec/zipball/v0.3.3","body":"### Patch Changes\n\n- 1c69cfb: Document the built-in references format for circular references and add\n  regression tests that lock it in. The encoder already emits cycles as bare\n  `obj_N` links inside an `(obj_N: type ...)` self-reference definition, but the\n  README still showed the legacy `(ref obj_N)` marker. README, regression tests,\n  and the format-invariant assertions are now consistent. See issue #27."}✅ Created GitHub release: v0.3.3
Release	UNKNOWN STEP	2026-05-03T13:39:33.7493922Z ##[group]Run node scripts/format-github-release.mjs --release-version "0.3.3" --repository "link-foundation/lino-objects-codec" --commit-sha "3806da8815dc66a01ed1d6b0a536a2f3035753c6"
Release	UNKNOWN STEP	2026-05-03T13:39:33.7495940Z [36;1mnode scripts/format-github-release.mjs --release-version "0.3.3" --repository "link-foundation/lino-objects-codec" --commit-sha "3806da8815dc66a01ed1d6b0a536a2f3035753c6"[0m
Release	UNKNOWN STEP	2026-05-03T13:39:33.7527985Z shell: /usr/bin/bash -e {0}
Release	UNKNOWN STEP	2026-05-03T13:39:33.7528342Z env:
Release	UNKNOWN STEP	2026-05-03T13:39:33.7528717Z   NPM_CONFIG_USERCONFIG: /home/runner/work/_temp/.npmrc
Release	UNKNOWN STEP	2026-05-03T13:39:33.7529233Z   NODE_AUTH_TOKEN: XXXXX-XXXXX-XXXXX-XXXXX
Release	UNKNOWN STEP	2026-05-03T13:39:33.7529926Z   GH_TOKEN: ***
Release	UNKNOWN STEP	2026-05-03T13:39:33.7530216Z ##[endgroup]
Release	UNKNOWN STEP	2026-05-03T13:39:34.8622347Z 316863950
Release	UNKNOWN STEP	2026-05-03T13:39:34.8650153Z Formatting release notes for v0.3.3...
Release	UNKNOWN STEP	2026-05-03T13:39:35.9690972Z {"url":"https://api.github.com/repos/link-foundation/lino-objects-codec/releases/316863950","assets_url":"https://api.github.com/repos/link-foundation/lino-objects-codec/releases/316863950/assets","upload_url":"https://uploads.github.com/repos/link-foundation/lino-objects-codec/releases/316863950/assets{?name,label}","html_url":"https://github.com/link-foundation/lino-objects-codec/releases/tag/v0.3.3","id":316863950,"author":{"login":"github-actions[bot]","id":41898282,"node_id":"MDM6Qm90NDE4OTgyODI=","avatar_url":"https://avatars.githubusercontent.com/in/15368?v=4","gravatar_id":"","url":"https://api.github.com/users/github-actions%5Bbot%5D","html_url":"https://github.com/apps/github-actions","followers_url":"https://api.github.com/users/github-actions%5Bbot%5D/followers","following_url":"https://api.github.com/users/github-actions%5Bbot%5D/following{/other_user}","gists_url":"https://api.github.com/users/github-actions%5Bbot%5D/gists{/gist_id}","starred_url":"https://api.github.com/users/github-actions%5Bbot%5D/starred{/owner}{/repo}","subscriptions_url":"https://api.github.com/users/github-actions%5Bbot%5D/subscriptions","organizations_url":"https://api.github.com/users/github-actions%5Bbot%5D/orgs","repos_url":"https://api.github.com/users/github-actions%5Bbot%5D/repos","events_url":"https://api.github.com/users/github-actions%5Bbot%5D/events{/privacy}","received_events_url":"https://api.github.com/users/github-actions%5Bbot%5D/received_events","type":"Bot","user_view_type":"public","site_admin":false},"node_id":"RE_kwDOQWrSmc4S4vXO","tag_name":"v0.3.3","target_commitish":"main","name":"0.3.3","draft":false,"immutable":false,"prerelease":false,"created_at":"2026-05-03T13:39:28Z","updated_at":"2026-05-03T13:39:33Z","published_at":"2026-05-03T13:39:33Z","assets":[],"tarball_url":"https://api.github.com/repos/link-foundation/lino-objects-codec/tarball/v0.3.3","zipball_url":"https://api.github.com/repos/link-foundation/lino-objects-codec/zipball/v0.3.3","body":"### Patch Changes\n\n- 1c69cfb: Document the built-in references format for circular references and add\n  regression tests that lock it in. The encoder already emits cycles as bare\n  `obj_N` links inside an `(obj_N: type ...)` self-reference definition, but the\n  README still showed the legacy `(ref obj_N)` marker. README, regression tests,\n  and the format-invariant assertions are now consistent. See issue #27."}ℹ️ Found Patch Changes section
Release	UNKNOWN STEP	2026-05-03T13:39:35.9699949Z ℹ️ Looking up PR for commit 1c69cfb (from changelog)
Release	UNKNOWN STEP	2026-05-03T13:39:36.2501542Z [{"url":"https://api.github.com/repos/link-foundation/lino-objects-codec/pulls/28","id":3620107810,"node_id":"PR_kwDOQWrSmc7XxnYi","html_url":"https://github.com/link-foundation/lino-objects-codec/pull/28","diff_url":"https://github.com/link-foundation/lino-objects-codec/pull/28.diff","patch_url":"https://github.com/link-foundation/lino-objects-codec/pull/28.patch","issue_url":"https://api.github.com/repos/link-foundation/lino-objects-codec/issues/28","number":28,"state":"closed","locked":false,"title":"docs(readme): document built-in references for cycles, drop legacy (ref X)","user":{"login":"konard","id":1431904,"node_id":"MDQ6VXNlcjE0MzE5MDQ=","avatar_url":"https://avatars.githubusercontent.com/u/1431904?v=4","gravatar_id":"","url":"https://api.github.com/users/konard","html_url":"https://github.com/konard","followers_url":"https://api.github.com/users/konard/followers","following_url":"https://api.github.com/users/konard/following{/other_user}","gists_url":"https://api.github.com/users/konard/gists{/gist_id}","starred_url":"https://api.github.com/users/konard/starred{/owner}{/repo}","subscriptions_url":"https://api.github.com/users/konard/subscriptions","organizations_url":"https://api.github.com/users/konard/orgs","repos_url":"https://api.github.com/users/konard/repos","events_url":"https://api.github.com/users/konard/events{/privacy}","received_events_url":"https://api.github.com/users/konard/received_events","type":"User","user_view_type":"public","site_admin":false},"body":"## Summary\n\nCloses #27.\n\nThe encoder in both JS and Python already emits circular references using\nthe built-in links-notation self-reference form\n`(self-ref: first-ref second-ref ...)` rather than a `(ref obj_N)` marker.\nFor example, `{ self: obj }` encodes as\n`(obj_0: object ((str c2VsZg==) obj_0))` (JS) or\n`(obj_0: dict ((str c2VsZg==) obj_0))` (Python). Decoders in both languages\nalready reject `(ref X)` as an unknown type marker.\n\nThe per-language READMEs still documented the legacy `(ref obj_0)` syntax\nin their \"How It Works\" sections, which contradicted both the emitted\nformat and the main `README.md` (which already documented the new style).\nThis PR makes the per-language docs match reality and adds regression\ntests that lock in the format invariant.\n\n## Changes\n\n- `js/README.md`, `python/README.md`: replace the stale\n  `(ref obj_0)` / `(list obj_0 ...)` description with the actual\n  `(obj_0: dict ...)` / `(obj_0: list ...)` self-reference form, and\n  link to #27 for context.\n- `js/tests/test_circular_references.test.js`,\n  `python/tests/test_circular_references.py`: two new regression tests\n  per language asserting:\n  1. cycles encode as bare `obj_N` links inside an `(obj_N: type ...)`\n     self-reference definition (the encoded string contains no\n     `(ref ` substring);\n  2. the legacy `(ref X)` form fails to decode with\n     `Unknown type marker: ref`, so it cannot silently masquerade as a\n     real type marker.\n- `js/.changeset/issue-27-builtin-references.md`: patch changeset\n  (docs + tests, no source changes).\n- `python/changelog.d/20260503_issue_27_builtin_references.md`:\n  matching scriv fragment.\n- `.gitkeep`: removed (placeholder from PR-init now superseded by real\n  changes).\n\n## Test plan\n\n- [x] `cd js && npm test` — 146 passed (was 144; +2 new regression tests)\n- [x] `cd js && npm run lint && npm run format:check` — clean (only\n      pre-existing complexity warnings in `src/codec.js` and\n      `src/format.js`)\n- [x] `cd python && pytest tests/ --no-cov` — 73 passed (was 71;\n      +2 new regression tests)\n- [x] `cd python && ruff check src tests && ruff format --check src tests\n      && mypy src` — all clean\n- [x] Manually verified encoder output for self-references, mutual\n      references, and shared sub-objects in both JS and Python — all\n      use `obj_N` direct references, none use `(ref ...)`.\n\n## Issue reproduction\n\nThe example from the issue:\n\n```js\nconst obj = { self: obj, other: { '1': 1, '2': 2 } };\n```\n\nnow produces (and is documented to produce):\n\n```\n(obj_0: object ((str c2VsZg==) obj_0) ((str b3RoZXI=) (object ((str MQ==) (int 1)) ((str Mg==) (int 2)))))\n```\n\n— exactly the built-in self-reference form requested in the issue, with\nno `ref` keyword.","created_at":"2026-05-03T13:00:37Z","updated_at":"2026-05-03T13:38:14Z","closed_at":"2026-05-03T13:38:14Z","merged_at":"2026-05-03T13:38:14Z","merge_commit_sha":"3806da8815dc66a01ed1d6b0a536a2f3035753c6","assignees":[{"login":"konard","id":1431904,"node_id":"MDQ6VXNlcjE0MzE5MDQ=","avatar_url":"https://avatars.githubusercontent.com/u/1431904?v=4","gravatar_id":"","url":"https://api.github.com/users/konard","html_url":"https://github.com/konard","followers_url":"https://api.github.com/users/konard/followers","following_url":"https://api.github.com/users/konard/following{/other_user}","gists_url":"https://api.github.com/users/konard/gists{/gist_id}","starred_url":"https://api.github.com/users/konard/starred{/owner}{/repo}","subscriptions_url":"https://api.github.com/users/konard/subscriptions","organizations_url":"https://api.github.com/users/konard/orgs","repos_url":"https://api.github.com/users/konard/repos","events_url":"https://api.github.com/users/konard/events{/privacy}","received_events_url":"https://api.github.com/users/konard/received_events","type":"User","user_view_type":"public","site_admin":false}],"requested_reviewers":[],"requested_teams":[],"labels":[],"milestone":null,"draft":false,"commits_url":"https://api.github.com/repos/link-foundation/lino-objects-codec/pulls/28/commits","review_comments_url":"https://api.github.com/repos/link-foundation/lino-objects-codec/pulls/28/comments","review_comment_url":"https://api.github.com/repos/link-foundation/lino-objects-codec/pulls/comments{/number}","comments_url":"https://api.github.com/repos/link-foundation/lino-objects-codec/issues/28/comments","statuses_url":"https://api.github.com/repos/link-foundation/lino-objects-codec/statuses/1c69cfbbc30cad5f68e640661c922384e0ec55c4","head":{"label":"link-foundation:issue-27-eb86cc75f92a","ref":"issue-27-eb86cc75f92a","sha":"1c69cfbbc30cad5f68e640661c922384e0ec55c4","user":{"login":"link-foundation","id":176174013,"node_id":"O_kgDOCoAzvQ","avatar_url":"https://avatars.githubusercontent.com/u/176174013?v=4","gravatar_id":"","url":"https://api.github.com/users/link-foundation","html_url":"https://github.com/link-foundation","followers_url":"https://api.github.com/users/link-foundation/followers","following_url":"https://api.github.com/users/link-foundation/following{/other_user}","gists_url":"https://api.github.com/users/link-foundation/gists{/gist_id}","starred_url":"https://api.github.com/users/link-foundation/starred{/owner}{/repo}","subscriptions_url":"https://api.github.com/users/link-foundation/subscriptions","organizations_url":"https://api.github.com/users/link-foundation/orgs","repos_url":"https://api.github.com/users/link-foundation/repos","events_url":"https://api.github.com/users/link-foundation/events{/privacy}","received_events_url":"https://api.github.com/users/link-foundation/received_events","type":"Organization","user_view_type":"public","site_admin":false},"repo":{"id":1097519769,"node_id":"R_kgDOQWrSmQ","name":"lino-objects-codec","full_name":"link-foundation/lino-objects-codec","private":false,"owner":{"login":"link-foundation","id":176174013,"node_id":"O_kgDOCoAzvQ","avatar_url":"https://avatars.githubusercontent.com/u/176174013?v=4","gravatar_id":"","url":"https://api.github.com/users/link-foundation","html_url":"https://github.com/link-foundation","followers_url":"https://api.github.com/users/link-foundation/followers","following_url":"https://api.github.com/users/link-foundation/following{/other_user}","gists_url":"https://api.github.com/users/link-foundation/gists{/gist_id}","starred_url":"https://api.github.com/users/link-foundation/starred{/owner}{/repo}","subscriptions_url":"https://api.github.com/users/link-foundation/subscriptions","organizations_url":"https://api.github.com/users/link-foundation/orgs","repos_url":"https://api.github.com/users/link-foundation/repos","events_url":"https://api.github.com/users/link-foundation/events{/privacy}","received_events_url":"https://api.github.com/users/link-foundation/received_events","type":"Organization","user_view_type":"public","site_admin":false},"html_url":"https://github.com/link-foundation/lino-objects-codec","description":"A library to encode/decode objects to/from links notation","fork":false,"url":"https://api.github.com/repos/link-foundation/lino-objects-codec","forks_url":"https://api.github.com/repos/link-foundation/lino-objects-codec/forks","keys_url":"https://api.github.com/repos/link-foundation/lino-objects-codec/keys{/key_id}","collaborators_url":"https://api.github.com/repos/link-foundation/lino-objects-codec/collaborators{/collaborator}","teams_url":"https://api.github.com/repos/link-foundation/lino-objects-codec/teams","hooks_url":"https://api.github.com/repos/link-foundation/lino-objects-codec/hooks","issue_events_url":"https://api.github.com/repos/link-foundation/lino-objects-codec/issues/events{/number}","events_url":"https://api.github.com/repos/link-foundation/lino-objects-codec/events","assignees_url":"https://api.github.com/repos/link-foundation/lino-objects-codec/assignees{/user}","branches_url":"https://api.github.com/repos/link-foundation/lino-objects-codec/branches{/branch}","tags_url":"https://api.github.com/repos/link-foundation/lino-objects-codec/tags","blobs_url":"https://api.github.com/repos/link-foundation/lino-objects-codec/git/blobs{/sha}","git_tags_url":"https://api.github.com/repos/link-foundation/lino-objects-codec/git/tags{/sha}","git_refs_url":"https://api.github.com/repos/link-foundation/lino-objects-codec/git/refs{/sha}","trees_url":"https://api.github.com/repos/link-foundation/lino-objects-codec/git/trees{/sha}","statuses_url":"https://api.github.com/repos/link-foundation/lino-objects-codec/statuses/{sha}","languages_url":"https://api.github.com/repos/link-foundation/lino-objects-codec/languages","stargazers_url":"https://api.github.com/repos/link-foundation/lino-objects-codec/stargazers","contributors_url":"https://api.github.com/repos/link-foundation/lino-objects-codec/contributors","subscribers_url":"https://api.github.com/repos/link-foundation/lino-objects-codec/subscribers","subscription_url":"https://api.github.com/repos/link-foundation/lino-objects-codec/subscription","commits_url":"https://api.github.com/repos/link-foundation/lino-objects-codec/commits{/sha}","git_commits_url":"https://api.github.com/repos/link-foundation/lino-objects-codec/git/commits{/sha}","comments_url":"https://api.github.com/repos/link-foundation/lino-objects-codec/comments{/number}","issue_comment_url":"https://api.github.com/repos/link-foundation/lino-objects-codec/issues/comments{/number}","contents_url":"https://api.github.com/repos/link-foundation/lino-objects-codec/contents/{+path}","compare_url":"https://api.github.com/repos/link-foundation/lino-objects-codec/compare/{base}...{head}","merges_url":"https://api.github.com/repos/link-foundation/lino-objects-codec/merges","archive_url":"https://api.github.com/repos/link-foundation/lino-objects-codec/{archive_format}{/ref}","downloads_url":"https://api.github.com/repos/link-foundation/lino-objects-codec/downloads","issues_url":"https://api.github.com/repos/link-foundation/lino-objects-codec/issues{/number}","pulls_url":"https://api.github.com/repos/link-foundation/lino-objects-codec/pulls{/number}","milestones_url":"https://api.github.com/repos/link-foundation/lino-objects-codec/milestones{/number}","notifications_url":"https://api.github.com/repos/link-foundation/lino-objects-codec/notifications{?since,all,participating}","labels_url":"https://api.github.com/repos/link-foundation/lino-objects-codec/labels{/name}","releases_url":"https://api.github.com/repos/link-foundation/lino-objects-codec/releases{/id}","deployments_url":"https://api.github.com/repos/link-foundation/lino-objects-codec/deployments","created_at":"2025-11-16T10:43:07Z","updated_at":"2026-05-03T13:39:32Z","pushed_at":"2026-05-03T13:39:33Z","git_url":"git://github.com/link-foundation/lino-objects-codec.git","ssh_url":"git@github.com:link-foundation/lino-objects-codec.git","clone_url":"https://github.com/link-foundation/lino-objects-codec.git","svn_url":"https://github.com/link-foundation/lino-objects-codec","homepage":null,"size":556,"stargazers_count":0,"watchers_count":0,"language":"JavaScript","has_issues":true,"has_projects":true,"has_downloads":true,"has_wiki":true,"has_pages":false,"has_discussions":false,"forks_count":0,"mirror_url":null,"archived":false,"disabled":false,"open_issues_count":0,"license":{"key":"unlicense","name":"The Unlicense","spdx_id":"Unlicense","url":"https://api.github.com/licenses/unlicense","node_id":"MDc6TGljZW5zZTE1"},"allow_forking":true,"is_template":false,"web_commit_signoff_required":false,"has_pull_requests":true,"pull_request_creation_policy":"all","topics":[],"visibility":"public","forks":0,"open_issues":0,"watchers":0,"default_branch":"main"}},"base":{"label":"link-foundation:main","ref":"main","sha":"714963fa454c3fb79f5e4d3470c45a67633fb50c","user":{"login":"link-foundation","id":176174013,"node_id":"O_kgDOCoAzvQ","avatar_url":"https://avatars.githubusercontent.com/u/176174013?v=4","gravatar_id":"","url":"https://api.github.com/users/link-foundation","html_url":"https://github.com/link-foundation","followers_url":"https://api.github.com/users/link-foundation/followers","following_url":"https://api.github.com/users/link-foundation/following{/other_user}","gists_url":"https://api.github.com/users/link-foundation/gists{/gist_id}","starred_url":"https://api.github.com/users/link-foundation/starred{/owner}{/repo}","subscriptions_url":"https://api.github.com/users/link-foundation/subscriptions","organizations_url":"https://api.github.com/users/link-foundation/orgs","repos_url":"https://api.github.com/users/link-foundation/repos","events_url":"https://api.github.com/users/link-foundation/events{/privacy}","received_events_url":"https://api.github.com/users/link-foundation/received_events","type":"Organization","user_view_type":"public","site_admin":false},"repo":{"id":1097519769,"node_id":"R_kgDOQWrSmQ","name":"lino-objects-codec","full_name":"link-foundation/lino-objects-codec","private":false,"owner":{"login":"link-foundation","id":176174013,"node_id":"O_kgDOCoAzvQ","avatar_url":"https://avatars.githubusercontent.com/u/176174013?v=4","gravatar_id":"","url":"https://api.github.com/users/link-foundation","html_url":"https://github.com/link-foundation","followers_url":"https://api.github.com/users/link-foundation/followers","following_url":"https://api.github.com/users/link-foundation/following{/other_user}","gists_url":"https://api.github.com/users/link-foundation/gists{/gist_id}","starred_url":"https://api.github.com/users/link-foundation/starred{/owner}{/repo}","subscriptions_url":"https://api.github.com/users/link-foundation/subscriptions","organizations_url":"https://api.github.com/users/link-foundation/orgs","repos_url":"https://api.github.com/users/link-foundation/repos","events_url":"https://api.github.com/users/link-foundation/events{/privacy}","received_events_url":"https://api.github.com/users/link-foundation/received_events","type":"Organization","user_view_type":"public","site_admin":false},"html_url":"https://github.com/link-foundation/lino-objects-codec","description":"A library to encode/decode objects to/from links notation","fork":false,"url":"https://api.github.com/repos/link-foundation/lino-objects-codec","forks_url":"https://api.github.com/repos/link-foundation/lino-objects-codec/forks","keys_url":"https://api.github.com/repos/link-foundation/lino-objects-codec/keys{/key_id}","collaborators_url":"https://api.github.com/repos/link-foundation/lino-objects-codec/collaborators{/collaborator}","teams_url":"https://api.github.com/repos/link-foundation/lino-objects-codec/teams","hooks_url":"https://api.github.com/repos/link-foundation/lino-objects-codec/hooks","issue_events_url":"https://api.github.com/repos/link-foundation/lino-objects-codec/issues/events{/number}","events_url":"https://api.github.com/repos/link-foundation/lino-objects-codec/events","assignees_url":"https://api.github.com/repos/link-foundation/lino-objects-codec/assignees{/user}","branches_url":"https://api.github.com/repos/link-foundation/lino-objects-codec/branches{/branch}","tags_url":"https://api.github.com/repos/link-foundation/lino-objects-codec/tags","blobs_url":"https://api.github.com/repos/link-foundation/lino-objects-codec/git/blobs{/sha}","git_tags_url":"https://api.github.com/repos/link-foundation/lino-objects-codec/git/tags{/sha}","git_refs_url":"https://api.github.com/repos/link-foundation/lino-objects-codec/git/refs{/sha}","trees_url":"https://api.github.com/repos/link-foundation/lino-objects-codec/git/trees{/sha}","statuses_url":"https://api.github.com/repos/link-foundation/lino-objects-codec/statuses/{sha}","languages_url":"https://api.github.com/repos/link-foundation/lino-objects-codec/languages","stargazers_url":"https://api.github.com/repos/link-foundation/lino-objects-codec/stargazers","contributors_url":"https://api.github.com/repos/link-foundation/lino-objects-codec/contributors","subscribers_url":"https://api.github.com/repos/link-foundation/lino-objects-codec/subscribers","subscription_url":"https://api.github.com/repos/link-foundation/lino-objects-codec/subscription","commits_url":"https://api.github.com/repos/link-foundation/lino-objects-codec/commits{/sha}","git_commits_url":"https://api.github.com/repos/link-foundation/lino-objects-codec/git/commits{/sha}","comments_url":"https://api.github.com/repos/link-foundation/lino-objects-codec/comments{/number}","issue_comment_url":"https://api.github.com/repos/link-foundation/lino-objects-codec/issues/comments{/number}","contents_url":"https://api.github.com/repos/link-foundation/lino-objects-codec/contents/{+path}","compare_url":"https://api.github.com/repos/link-foundation/lino-objects-codec/compare/{base}...{head}","merges_url":"https://api.github.com/repos/link-foundation/lino-objects-codec/merges","archive_url":"https://api.github.com/repos/link-foundation/lino-objects-codec/{archive_format}{/ref}","downloads_url":"https://api.github.com/repos/link-foundation/lino-objects-codec/downloads","issues_url":"https://api.github.com/repos/link-foundation/lino-objects-codec/issues{/number}","pulls_url":"https://api.github.com/repos/link-foundation/lino-objects-codec/pulls{/number}","milestones_url":"https://api.github.com/repos/link-foundation/lino-objects-codec/milestones{/number}","notifications_url":"https://api.github.com/repos/link-foundation/lino-objects-codec/notifications{?since,all,participating}","labels_url":"https://api.github.com/repos/link-foundation/lino-objects-codec/labels{/name}","releases_url":"https://api.github.com/repos/link-foundation/lino-objects-codec/releases{/id}","deployments_url":"https://api.github.com/repos/link-foundation/lino-objects-codec/deployments","created_at":"2025-11-16T10:43:07Z","updated_at":"2026-05-03T13:39:32Z","pushed_at":"2026-05-03T13:39:33Z","git_url":"git://github.com/link-foundation/lino-objects-codec.git","ssh_url":"git@github.com:link-foundation/lino-objects-codec.git","clone_url":"https://github.com/link-foundation/lino-objects-codec.git","svn_url":"https://github.com/link-foundation/lino-objects-codec","homepage":null,"size":556,"stargazers_count":0,"watchers_count":0,"language":"JavaScript","has_issues":true,"has_projects":true,"has_downloads":true,"has_wiki":true,"has_pages":false,"has_discussions":false,"forks_count":0,"mirror_url":null,"archived":false,"disabled":false,"open_issues_count":0,"license":{"key":"unlicense","name":"The Unlicense","spdx_id":"Unlicense","url":"https://api.github.com/licenses/unlicense","node_id":"MDc6TGljZW5zZTE1"},"allow_forking":true,"is_template":false,"web_commit_signoff_required":false,"has_pull_requests":true,"pull_request_creation_policy":"all","topics":[],"visibility":"public","forks":0,"open_issues":0,"watchers":0,"default_branch":"main"}},"_links":{"self":{"href":"https://api.github.com/repos/link-foundation/lino-objects-codec/pulls/28"},"html":{"href":"https://github.com/link-foundation/lino-objects-codec/pull/28"},"issue":{"href":"https://api.github.com/repos/link-foundation/lino-objects-codec/issues/28"},"comments":{"href":"https://api.github.com/repos/link-foundation/lino-objects-codec/issues/28/comments"},"review_comments":{"href":"https://api.github.com/repos/link-foundation/lino-objects-codec/pulls/28/comments"},"review_comment":{"href":"https://api.github.com/repos/link-foundation/lino-objects-codec/pulls/comments{/number}"},"commits":{"href":"https://api.github.com/repos/link-foundation/lino-objects-codec/pulls/28/commits"},"statuses":{"href":"https://api.github.com/repos/link-foundation/lino-objects-codec/statuses/1c69cfbbc30cad5f68e640661c922384e0ec55c4"}},"author_association":"MEMBER","auto_merge":null,"assignee":{"login":"konard","id":1431904,"node_id":"MDQ6VXNlcjE0MzE5MDQ=","avatar_url":"https://avatars.githubusercontent.com/u/1431904?v=4","gravatar_id":"","url":"https://api.github.com/users/konard","html_url":"https://github.com/konard","followers_url":"https://api.github.com/users/konard/followers","following_url":"https://api.github.com/users/konard/following{/other_user}","gists_url":"https://api.github.com/users/konard/gists{/gist_id}","starred_url":"https://api.github.com/users/konard/starred{/owner}{/repo}","subscriptions_url":"https://api.github.com/users/konard/subscriptions","organizations_url":"https://api.github.com/users/konard/orgs","repos_url":"https://api.github.com/users/konard/repos","events_url":"https://api.github.com/users/konard/events{/privacy}","received_events_url":"https://api.github.com/users/konard/received_events","type":"User","user_view_type":"public","site_admin":false},"active_lock_reason":null}]✅ Found PR #28 containing commit
Release	UNKNOWN STEP	2026-05-03T13:39:36.5549971Z {"url":"https://api.github.com/repos/link-foundation/lino-objects-codec/releases/316863950","assets_url":"https://api.github.com/repos/link-foundation/lino-objects-codec/releases/316863950/assets","upload_url":"https://uploads.github.com/repos/link-foundation/lino-objects-codec/releases/316863950/assets{?name,label}","html_url":"https://github.com/link-foundation/lino-objects-codec/releases/tag/v0.3.3","id":316863950,"author":{"login":"github-actions[bot]","id":41898282,"node_id":"MDM6Qm90NDE4OTgyODI=","avatar_url":"https://avatars.githubusercontent.com/in/15368?v=4","gravatar_id":"","url":"https://api.github.com/users/github-actions%5Bbot%5D","html_url":"https://github.com/apps/github-actions","followers_url":"https://api.github.com/users/github-actions%5Bbot%5D/followers","following_url":"https://api.github.com/users/github-actions%5Bbot%5D/following{/other_user}","gists_url":"https://api.github.com/users/github-actions%5Bbot%5D/gists{/gist_id}","starred_url":"https://api.github.com/users/github-actions%5Bbot%5D/starred{/owner}{/repo}","subscriptions_url":"https://api.github.com/users/github-actions%5Bbot%5D/subscriptions","organizations_url":"https://api.github.com/users/github-actions%5Bbot%5D/orgs","repos_url":"https://api.github.com/users/github-actions%5Bbot%5D/repos","events_url":"https://api.github.com/users/github-actions%5Bbot%5D/events{/privacy}","received_events_url":"https://api.github.com/users/github-actions%5Bbot%5D/received_events","type":"Bot","user_view_type":"public","site_admin":false},"node_id":"RE_kwDOQWrSmc4S4vXO","tag_name":"v0.3.3","target_commitish":"main","name":"0.3.3","draft":false,"immutable":false,"prerelease":false,"created_at":"2026-05-03T13:39:28Z","updated_at":"2026-05-03T13:39:36Z","published_at":"2026-05-03T13:39:33Z","assets":[],"tarball_url":"https://api.github.com/repos/link-foundation/lino-objects-codec/tarball/v0.3.3","zipball_url":"https://api.github.com/repos/link-foundation/lino-objects-codec/zipball/v0.3.3","body":"Document the built-in references format for circular references and add\nregression tests that lock it in. The encoder already emits cycles as bare\n`obj_N` links inside an `(obj_N: type ...)` self-reference definition, but the\nREADME still showed the legacy `(ref obj_N)` marker. README, regression tests,\nand the format-invariant assertions are now consistent. See issue #27.\n\n**Related Pull Request:** #28\n\n---\n\n[![npm version](https://img.shields.io/badge/npm-0.3.3-blue.svg)](https://www.npmjs.com/package/my-package/v/0.3.3)"}✅ Formatted release notes for v0.3.3
Release	UNKNOWN STEP	2026-05-03T13:39:36.5560106Z    - Added link to PR #28
Release	UNKNOWN STEP	2026-05-03T13:39:36.5560408Z    - Added shields.io npm badge
Release	UNKNOWN STEP	2026-05-03T13:39:36.5560680Z    - Cleaned up formatting
Release	UNKNOWN STEP	2026-05-03T13:39:36.5615769Z ✅ Formatted release notes for v0.3.3
Release	UNKNOWN STEP	2026-05-03T13:39:36.5780319Z Post job cleanup.
Release	UNKNOWN STEP	2026-05-03T13:39:36.7438833Z Post job cleanup.
Release	UNKNOWN STEP	2026-05-03T13:39:36.8414559Z [command]/usr/bin/git version
Release	UNKNOWN STEP	2026-05-03T13:39:36.8450294Z git version 2.53.0
Release	UNKNOWN STEP	2026-05-03T13:39:36.8490532Z Temporarily overriding HOME='/home/runner/work/_temp/9e72f427-53ff-4f24-a7fd-c998145aaa86' before making global git config changes
Release	UNKNOWN STEP	2026-05-03T13:39:36.8491420Z Adding repository directory to the temporary git global config as a safe directory
Release	UNKNOWN STEP	2026-05-03T13:39:36.8503745Z [command]/usr/bin/git config --global --add safe.directory /home/runner/work/lino-objects-codec/lino-objects-codec
Release	UNKNOWN STEP	2026-05-03T13:39:36.8537561Z [command]/usr/bin/git config --local --name-only --get-regexp core\.sshCommand
Release	UNKNOWN STEP	2026-05-03T13:39:36.8570283Z [command]/usr/bin/git submodule foreach --recursive sh -c "git config --local --name-only --get-regexp 'core\.sshCommand' && git config --local --unset-all 'core.sshCommand' || :"
Release	UNKNOWN STEP	2026-05-03T13:39:36.8803649Z [command]/usr/bin/git config --local --name-only --get-regexp http\.https\:\/\/github\.com\/\.extraheader
Release	UNKNOWN STEP	2026-05-03T13:39:36.8824856Z http.https://github.com/.extraheader
Release	UNKNOWN STEP	2026-05-03T13:39:36.8837215Z [command]/usr/bin/git config --local --unset-all http.https://github.com/.extraheader
Release	UNKNOWN STEP	2026-05-03T13:39:36.8869042Z [command]/usr/bin/git submodule foreach --recursive sh -c "git config --local --name-only --get-regexp 'http\.https\:\/\/github\.com\/\.extraheader' && git config --local --unset-all 'http.https://github.com/.extraheader' || :"
Release	UNKNOWN STEP	2026-05-03T13:39:36.9100385Z [command]/usr/bin/git config --local --name-only --get-regexp ^includeIf\.gitdir:
Release	UNKNOWN STEP	2026-05-03T13:39:36.9131487Z [command]/usr/bin/git submodule foreach --recursive git config --local --show-origin --name-only --get-regexp remote.origin.url
Release	UNKNOWN STEP	2026-05-03T13:39:36.9491536Z Cleaning up orphan processes
Release	UNKNOWN STEP	2026-05-03T13:39:36.9768512Z ##[warning]Node.js 20 actions are deprecated. The following actions are running on Node.js 20 and may not work as expected: actions/checkout@v4, actions/setup-node@v4. Actions will be forced to run with Node.js 24 by default starting June 2nd, 2026. Node.js 20 will be removed from the runner on September 16th, 2026. Please check if updated versions of these actions are available that support Node.js 24. To opt into Node.js 24 now, set the FORCE_JAVASCRIPT_ACTIONS_TO_NODE24=true environment variable on the runner or in your workflow file. Once Node.js 24 becomes the default, you can temporarily opt out by setting ACTIONS_ALLOW_USE_UNSECURE_NODE_VERSION=true. For more information see: https://github.blog/changelog/2025-09-19-deprecation-of-node-20-on-github-actions-runners/
