Lint and Format Check	UNKNOWN STEP	﻿2026-05-03T12:40:46.6964778Z Current runner version: '2.334.0'
Lint and Format Check	UNKNOWN STEP	2026-05-03T12:40:46.6988797Z ##[group]Runner Image Provisioner
Lint and Format Check	UNKNOWN STEP	2026-05-03T12:40:46.6989539Z Hosted Compute Agent
Lint and Format Check	UNKNOWN STEP	2026-05-03T12:40:46.6990052Z Version: 20260213.493
Lint and Format Check	UNKNOWN STEP	2026-05-03T12:40:46.6990593Z Commit: 5c115507f6dd24b8de37d8bbe0bb4509d0cc0fa3
Lint and Format Check	UNKNOWN STEP	2026-05-03T12:40:46.6991228Z Build Date: 2026-02-13T00:28:41Z
Lint and Format Check	UNKNOWN STEP	2026-05-03T12:40:46.6991821Z Worker ID: {d791dee0-94e0-4bb0-97c2-d8ef43be8deb}
Lint and Format Check	UNKNOWN STEP	2026-05-03T12:40:46.6992429Z Azure Region: westcentralus
Lint and Format Check	UNKNOWN STEP	2026-05-03T12:40:46.6992981Z ##[endgroup]
Lint and Format Check	UNKNOWN STEP	2026-05-03T12:40:46.6994232Z ##[group]Operating System
Lint and Format Check	UNKNOWN STEP	2026-05-03T12:40:46.6994798Z Ubuntu
Lint and Format Check	UNKNOWN STEP	2026-05-03T12:40:46.6995200Z 24.04.4
Lint and Format Check	UNKNOWN STEP	2026-05-03T12:40:46.6995613Z LTS
Lint and Format Check	UNKNOWN STEP	2026-05-03T12:40:46.6996320Z ##[endgroup]
Lint and Format Check	UNKNOWN STEP	2026-05-03T12:40:46.6996849Z ##[group]Runner Image
Lint and Format Check	UNKNOWN STEP	2026-05-03T12:40:46.6997355Z Image: ubuntu-24.04
Lint and Format Check	UNKNOWN STEP	2026-05-03T12:40:46.6997763Z Version: 20260413.86.1
Lint and Format Check	UNKNOWN STEP	2026-05-03T12:40:46.6999016Z Included Software: https://github.com/actions/runner-images/blob/ubuntu24/20260413.86/images/ubuntu/Ubuntu2404-Readme.md
Lint and Format Check	UNKNOWN STEP	2026-05-03T12:40:46.7000301Z Image Release: https://github.com/actions/runner-images/releases/tag/ubuntu24%2F20260413.86
Lint and Format Check	UNKNOWN STEP	2026-05-03T12:40:46.7001093Z ##[endgroup]
Lint and Format Check	UNKNOWN STEP	2026-05-03T12:40:46.7003583Z ##[group]GITHUB_TOKEN Permissions
Lint and Format Check	UNKNOWN STEP	2026-05-03T12:40:46.7005744Z Actions: write
Lint and Format Check	UNKNOWN STEP	2026-05-03T12:40:46.7006235Z ArtifactMetadata: write
Lint and Format Check	UNKNOWN STEP	2026-05-03T12:40:46.7006709Z Attestations: write
Lint and Format Check	UNKNOWN STEP	2026-05-03T12:40:46.7007229Z Checks: write
Lint and Format Check	UNKNOWN STEP	2026-05-03T12:40:46.7007665Z Contents: write
Lint and Format Check	UNKNOWN STEP	2026-05-03T12:40:46.7008082Z Deployments: write
Lint and Format Check	UNKNOWN STEP	2026-05-03T12:40:46.7008866Z Discussions: write
Lint and Format Check	UNKNOWN STEP	2026-05-03T12:40:46.7009305Z Issues: write
Lint and Format Check	UNKNOWN STEP	2026-05-03T12:40:46.7009756Z Metadata: read
Lint and Format Check	UNKNOWN STEP	2026-05-03T12:40:46.7010205Z Models: read
Lint and Format Check	UNKNOWN STEP	2026-05-03T12:40:46.7010660Z Packages: write
Lint and Format Check	UNKNOWN STEP	2026-05-03T12:40:46.7011081Z Pages: write
Lint and Format Check	UNKNOWN STEP	2026-05-03T12:40:46.7011637Z PullRequests: write
Lint and Format Check	UNKNOWN STEP	2026-05-03T12:40:46.7012126Z RepositoryProjects: write
Lint and Format Check	UNKNOWN STEP	2026-05-03T12:40:46.7012619Z SecurityEvents: write
Lint and Format Check	UNKNOWN STEP	2026-05-03T12:40:46.7013126Z Statuses: write
Lint and Format Check	UNKNOWN STEP	2026-05-03T12:40:46.7013598Z VulnerabilityAlerts: read
Lint and Format Check	UNKNOWN STEP	2026-05-03T12:40:46.7014104Z ##[endgroup]
Lint and Format Check	UNKNOWN STEP	2026-05-03T12:40:46.7016549Z Secret source: Actions
Lint and Format Check	UNKNOWN STEP	2026-05-03T12:40:46.7017387Z Prepare workflow directory
Lint and Format Check	UNKNOWN STEP	2026-05-03T12:40:46.7443035Z Prepare all required actions
Lint and Format Check	UNKNOWN STEP	2026-05-03T12:40:46.7481020Z Getting action download info
Lint and Format Check	UNKNOWN STEP	2026-05-03T12:40:47.6212780Z Download action repository 'actions/checkout@v4' (SHA:34e114876b0b11c390a56381ad16ebd13914f8d5)
Lint and Format Check	UNKNOWN STEP	2026-05-03T12:40:47.7427059Z Download action repository 'actions/setup-dotnet@v4' (SHA:67a3573c9a986a3f9c594539f4ab511d57bb3ce9)
Lint and Format Check	UNKNOWN STEP	2026-05-03T12:40:48.5655549Z Complete job name: Lint and Format Check
Lint and Format Check	UNKNOWN STEP	2026-05-03T12:40:48.6420780Z ##[group]Run actions/checkout@v4
Lint and Format Check	UNKNOWN STEP	2026-05-03T12:40:48.6422182Z with:
Lint and Format Check	UNKNOWN STEP	2026-05-03T12:40:48.6423068Z   repository: link-foundation/lino-objects-codec
Lint and Format Check	UNKNOWN STEP	2026-05-03T12:40:48.6424443Z   token: ***
Lint and Format Check	UNKNOWN STEP	2026-05-03T12:40:48.6425281Z   ssh-strict: true
Lint and Format Check	UNKNOWN STEP	2026-05-03T12:40:48.6426034Z   ssh-user: git
Lint and Format Check	UNKNOWN STEP	2026-05-03T12:40:48.6426854Z   persist-credentials: true
Lint and Format Check	UNKNOWN STEP	2026-05-03T12:40:48.6427711Z   clean: true
Lint and Format Check	UNKNOWN STEP	2026-05-03T12:40:48.6428713Z   sparse-checkout-cone-mode: true
Lint and Format Check	UNKNOWN STEP	2026-05-03T12:40:48.6429633Z   fetch-depth: 1
Lint and Format Check	UNKNOWN STEP	2026-05-03T12:40:48.6430396Z   fetch-tags: false
Lint and Format Check	UNKNOWN STEP	2026-05-03T12:40:48.6431238Z   show-progress: true
Lint and Format Check	UNKNOWN STEP	2026-05-03T12:40:48.6432033Z   lfs: false
Lint and Format Check	UNKNOWN STEP	2026-05-03T12:40:48.6432785Z   submodules: false
Lint and Format Check	UNKNOWN STEP	2026-05-03T12:40:48.6433584Z   set-safe-directory: true
Lint and Format Check	UNKNOWN STEP	2026-05-03T12:40:48.6435042Z env:
Lint and Format Check	UNKNOWN STEP	2026-05-03T12:40:48.6435738Z   DOTNET_NOLOGO: true
Lint and Format Check	UNKNOWN STEP	2026-05-03T12:40:48.6436682Z   DOTNET_CLI_TELEMETRY_OPTOUT: true
Lint and Format Check	UNKNOWN STEP	2026-05-03T12:40:48.6437721Z   DOTNET_SKIP_FIRST_TIME_EXPERIENCE: true
Lint and Format Check	UNKNOWN STEP	2026-05-03T12:40:48.6439173Z ##[endgroup]
Lint and Format Check	UNKNOWN STEP	2026-05-03T12:40:48.7619217Z Syncing repository: link-foundation/lino-objects-codec
Lint and Format Check	UNKNOWN STEP	2026-05-03T12:40:48.7624072Z ##[group]Getting Git version info
Lint and Format Check	UNKNOWN STEP	2026-05-03T12:40:48.7625492Z Working directory is '/home/runner/work/lino-objects-codec/lino-objects-codec'
Lint and Format Check	UNKNOWN STEP	2026-05-03T12:40:48.7627534Z [command]/usr/bin/git version
Lint and Format Check	UNKNOWN STEP	2026-05-03T12:40:48.7643261Z git version 2.53.0
Lint and Format Check	UNKNOWN STEP	2026-05-03T12:40:48.7813998Z ##[endgroup]
Lint and Format Check	UNKNOWN STEP	2026-05-03T12:40:48.7825322Z Temporarily overriding HOME='/home/runner/work/_temp/5af71721-4de3-43c2-b822-5baed5adcb1c' before making global git config changes
Lint and Format Check	UNKNOWN STEP	2026-05-03T12:40:48.7829487Z Adding repository directory to the temporary git global config as a safe directory
Lint and Format Check	UNKNOWN STEP	2026-05-03T12:40:48.7832930Z [command]/usr/bin/git config --global --add safe.directory /home/runner/work/lino-objects-codec/lino-objects-codec
Lint and Format Check	UNKNOWN STEP	2026-05-03T12:40:48.7838025Z Deleting the contents of '/home/runner/work/lino-objects-codec/lino-objects-codec'
Lint and Format Check	UNKNOWN STEP	2026-05-03T12:40:48.7841540Z ##[group]Initializing the repository
Lint and Format Check	UNKNOWN STEP	2026-05-03T12:40:48.7843913Z [command]/usr/bin/git init /home/runner/work/lino-objects-codec/lino-objects-codec
Lint and Format Check	UNKNOWN STEP	2026-05-03T12:40:48.7853712Z hint: Using 'master' as the name for the initial branch. This default branch name
Lint and Format Check	UNKNOWN STEP	2026-05-03T12:40:48.7856834Z hint: will change to "main" in Git 3.0. To configure the initial branch name
Lint and Format Check	UNKNOWN STEP	2026-05-03T12:40:48.7859959Z hint: to use in all of your new repositories, which will suppress this warning,
Lint and Format Check	UNKNOWN STEP	2026-05-03T12:40:48.7862248Z hint: call:
Lint and Format Check	UNKNOWN STEP	2026-05-03T12:40:48.7863542Z hint:
Lint and Format Check	UNKNOWN STEP	2026-05-03T12:40:48.7865043Z hint: 	git config --global init.defaultBranch <name>
Lint and Format Check	UNKNOWN STEP	2026-05-03T12:40:48.7866855Z hint:
Lint and Format Check	UNKNOWN STEP	2026-05-03T12:40:48.7868938Z hint: Names commonly chosen instead of 'master' are 'main', 'trunk' and
Lint and Format Check	UNKNOWN STEP	2026-05-03T12:40:48.7871876Z hint: 'development'. The just-created branch can be renamed via this command:
Lint and Format Check	UNKNOWN STEP	2026-05-03T12:40:48.7874055Z hint:
Lint and Format Check	UNKNOWN STEP	2026-05-03T12:40:48.7875341Z hint: 	git branch -m <name>
Lint and Format Check	UNKNOWN STEP	2026-05-03T12:40:48.7876773Z hint:
Lint and Format Check	UNKNOWN STEP	2026-05-03T12:40:48.7878809Z hint: Disable this message with "git config set advice.defaultBranchName false"
Lint and Format Check	UNKNOWN STEP	2026-05-03T12:40:48.7882246Z Initialized empty Git repository in /home/runner/work/lino-objects-codec/lino-objects-codec/.git/
Lint and Format Check	UNKNOWN STEP	2026-05-03T12:40:48.7888042Z [command]/usr/bin/git remote add origin https://github.com/link-foundation/lino-objects-codec
Lint and Format Check	UNKNOWN STEP	2026-05-03T12:40:48.7896347Z ##[endgroup]
Lint and Format Check	UNKNOWN STEP	2026-05-03T12:40:48.7898682Z ##[group]Disabling automatic garbage collection
Lint and Format Check	UNKNOWN STEP	2026-05-03T12:40:48.7900866Z [command]/usr/bin/git config --local gc.auto 0
Lint and Format Check	UNKNOWN STEP	2026-05-03T12:40:48.7929747Z ##[endgroup]
Lint and Format Check	UNKNOWN STEP	2026-05-03T12:40:48.7931684Z ##[group]Setting up auth
Lint and Format Check	UNKNOWN STEP	2026-05-03T12:40:48.7937822Z [command]/usr/bin/git config --local --name-only --get-regexp core\.sshCommand
Lint and Format Check	UNKNOWN STEP	2026-05-03T12:40:48.7968579Z [command]/usr/bin/git submodule foreach --recursive sh -c "git config --local --name-only --get-regexp 'core\.sshCommand' && git config --local --unset-all 'core.sshCommand' || :"
Lint and Format Check	UNKNOWN STEP	2026-05-03T12:40:48.8236114Z [command]/usr/bin/git config --local --name-only --get-regexp http\.https\:\/\/github\.com\/\.extraheader
Lint and Format Check	UNKNOWN STEP	2026-05-03T12:40:48.8262043Z [command]/usr/bin/git submodule foreach --recursive sh -c "git config --local --name-only --get-regexp 'http\.https\:\/\/github\.com\/\.extraheader' && git config --local --unset-all 'http.https://github.com/.extraheader' || :"
Lint and Format Check	UNKNOWN STEP	2026-05-03T12:40:48.8433328Z [command]/usr/bin/git config --local --name-only --get-regexp ^includeIf\.gitdir:
Lint and Format Check	UNKNOWN STEP	2026-05-03T12:40:48.8463495Z [command]/usr/bin/git submodule foreach --recursive git config --local --show-origin --name-only --get-regexp remote.origin.url
Lint and Format Check	UNKNOWN STEP	2026-05-03T12:40:48.8639797Z [command]/usr/bin/git config --local http.https://github.com/.extraheader AUTHORIZATION: basic ***
Lint and Format Check	UNKNOWN STEP	2026-05-03T12:40:48.8669788Z ##[endgroup]
Lint and Format Check	UNKNOWN STEP	2026-05-03T12:40:48.8671844Z ##[group]Fetching the repository
Lint and Format Check	UNKNOWN STEP	2026-05-03T12:40:48.8680236Z [command]/usr/bin/git -c protocol.version=2 fetch --no-tags --prune --no-recurse-submodules --depth=1 origin +1acc6f6f29f6cb775f021807a20cfe1e8f781ec1:refs/remotes/origin/main
Lint and Format Check	UNKNOWN STEP	2026-05-03T12:40:49.4408004Z From https://github.com/link-foundation/lino-objects-codec
Lint and Format Check	UNKNOWN STEP	2026-05-03T12:40:49.4409636Z  * [new ref]         1acc6f6f29f6cb775f021807a20cfe1e8f781ec1 -> origin/main
Lint and Format Check	UNKNOWN STEP	2026-05-03T12:40:49.4425583Z ##[endgroup]
Lint and Format Check	UNKNOWN STEP	2026-05-03T12:40:49.4426140Z ##[group]Determining the checkout info
Lint and Format Check	UNKNOWN STEP	2026-05-03T12:40:49.4427270Z ##[endgroup]
Lint and Format Check	UNKNOWN STEP	2026-05-03T12:40:49.4432504Z [command]/usr/bin/git sparse-checkout disable
Lint and Format Check	UNKNOWN STEP	2026-05-03T12:40:49.4462513Z [command]/usr/bin/git config --local --unset-all extensions.worktreeConfig
Lint and Format Check	UNKNOWN STEP	2026-05-03T12:40:49.4482906Z ##[group]Checking out the ref
Lint and Format Check	UNKNOWN STEP	2026-05-03T12:40:49.4487027Z [command]/usr/bin/git checkout --progress --force -B main refs/remotes/origin/main
Lint and Format Check	UNKNOWN STEP	2026-05-03T12:40:49.4590231Z Switched to a new branch 'main'
Lint and Format Check	UNKNOWN STEP	2026-05-03T12:40:49.4591036Z branch 'main' set up to track 'origin/main'.
Lint and Format Check	UNKNOWN STEP	2026-05-03T12:40:49.4598600Z ##[endgroup]
Lint and Format Check	UNKNOWN STEP	2026-05-03T12:40:49.4627315Z [command]/usr/bin/git log -1 --format=%H
Lint and Format Check	UNKNOWN STEP	2026-05-03T12:40:49.4645896Z 1acc6f6f29f6cb775f021807a20cfe1e8f781ec1
Lint and Format Check	UNKNOWN STEP	2026-05-03T12:40:49.4824860Z ##[group]Run actions/setup-dotnet@v4
Lint and Format Check	UNKNOWN STEP	2026-05-03T12:40:49.4825243Z with:
Lint and Format Check	UNKNOWN STEP	2026-05-03T12:40:49.4825524Z   dotnet-version: 8.0.x
Lint and Format Check	UNKNOWN STEP	2026-05-03T12:40:49.4825875Z   cache: false
Lint and Format Check	UNKNOWN STEP	2026-05-03T12:40:49.4826140Z env:
Lint and Format Check	UNKNOWN STEP	2026-05-03T12:40:49.4826408Z   DOTNET_NOLOGO: true
Lint and Format Check	UNKNOWN STEP	2026-05-03T12:40:49.4826720Z   DOTNET_CLI_TELEMETRY_OPTOUT: true
Lint and Format Check	UNKNOWN STEP	2026-05-03T12:40:49.4827088Z   DOTNET_SKIP_FIRST_TIME_EXPERIENCE: true
Lint and Format Check	UNKNOWN STEP	2026-05-03T12:40:49.4827428Z ##[endgroup]
Lint and Format Check	UNKNOWN STEP	2026-05-03T12:40:49.6551414Z [command]/home/runner/work/_actions/actions/setup-dotnet/v4/externals/install-dotnet.sh --skip-non-versioned-files --runtime dotnet --channel LTS
Lint and Format Check	UNKNOWN STEP	2026-05-03T12:40:50.2494710Z dotnet-install: Attempting to download using aka.ms link https://builds.dotnet.microsoft.com/dotnet/Runtime/10.0.7/dotnet-runtime-10.0.7-linux-x64.tar.gz
Lint and Format Check	UNKNOWN STEP	2026-05-03T12:40:50.7998563Z dotnet-install: Remote file https://builds.dotnet.microsoft.com/dotnet/Runtime/10.0.7/dotnet-runtime-10.0.7-linux-x64.tar.gz size is 36689672 bytes.
Lint and Format Check	UNKNOWN STEP	2026-05-03T12:40:50.8000719Z dotnet-install: Extracting archive from https://builds.dotnet.microsoft.com/dotnet/Runtime/10.0.7/dotnet-runtime-10.0.7-linux-x64.tar.gz
Lint and Format Check	UNKNOWN STEP	2026-05-03T12:40:51.4219253Z dotnet-install: Downloaded file size is 36689672 bytes.
Lint and Format Check	UNKNOWN STEP	2026-05-03T12:40:51.4219993Z dotnet-install: The remote and local file sizes are equal.
Lint and Format Check	UNKNOWN STEP	2026-05-03T12:40:51.4401421Z dotnet-install: Installed version is 10.0.7
Lint and Format Check	UNKNOWN STEP	2026-05-03T12:40:51.4452927Z dotnet-install: Adding to current process PATH: `/usr/share/dotnet`. Note: This change will be visible only when sourcing script.
Lint and Format Check	UNKNOWN STEP	2026-05-03T12:40:51.4454279Z dotnet-install: Note that the script does not resolve dependencies during installation.
Lint and Format Check	UNKNOWN STEP	2026-05-03T12:40:51.4455517Z dotnet-install: To check the list of dependencies, go to https://learn.microsoft.com/dotnet/core/install, select your operating system and check the "Dependencies" section.
Lint and Format Check	UNKNOWN STEP	2026-05-03T12:40:51.4456623Z dotnet-install: Installation finished successfully.
Lint and Format Check	UNKNOWN STEP	2026-05-03T12:40:51.4480747Z [command]/home/runner/work/_actions/actions/setup-dotnet/v4/externals/install-dotnet.sh --skip-non-versioned-files --channel 8.0
Lint and Format Check	UNKNOWN STEP	2026-05-03T12:40:51.8330063Z dotnet-install: Attempting to download using aka.ms link https://builds.dotnet.microsoft.com/dotnet/Sdk/8.0.420/dotnet-sdk-8.0.420-linux-x64.tar.gz
Lint and Format Check	UNKNOWN STEP	2026-05-03T12:40:53.8689478Z dotnet-install: Remote file https://builds.dotnet.microsoft.com/dotnet/Sdk/8.0.420/dotnet-sdk-8.0.420-linux-x64.tar.gz size is 216822173 bytes.
Lint and Format Check	UNKNOWN STEP	2026-05-03T12:40:53.8690974Z dotnet-install: Extracting archive from https://builds.dotnet.microsoft.com/dotnet/Sdk/8.0.420/dotnet-sdk-8.0.420-linux-x64.tar.gz
Lint and Format Check	UNKNOWN STEP	2026-05-03T12:40:58.0946719Z dotnet-install: Downloaded file size is 216822173 bytes.
Lint and Format Check	UNKNOWN STEP	2026-05-03T12:40:58.0947367Z dotnet-install: The remote and local file sizes are equal.
Lint and Format Check	UNKNOWN STEP	2026-05-03T12:40:58.2276474Z dotnet-install: Installed version is 8.0.420
Lint and Format Check	UNKNOWN STEP	2026-05-03T12:40:58.2329581Z dotnet-install: Adding to current process PATH: `/usr/share/dotnet`. Note: This change will be visible only when sourcing script.
Lint and Format Check	UNKNOWN STEP	2026-05-03T12:40:58.2331108Z dotnet-install: Note that the script does not resolve dependencies during installation.
Lint and Format Check	UNKNOWN STEP	2026-05-03T12:40:58.2332646Z dotnet-install: To check the list of dependencies, go to https://learn.microsoft.com/dotnet/core/install, select your operating system and check the "Dependencies" section.
Lint and Format Check	UNKNOWN STEP	2026-05-03T12:40:58.2333966Z dotnet-install: Installation finished successfully.
Lint and Format Check	UNKNOWN STEP	2026-05-03T12:40:58.2443066Z ##[group]Run dotnet restore
Lint and Format Check	UNKNOWN STEP	2026-05-03T12:40:58.2443416Z [36;1mdotnet restore[0m
Lint and Format Check	UNKNOWN STEP	2026-05-03T12:40:58.2464299Z shell: /usr/bin/bash -e {0}
Lint and Format Check	UNKNOWN STEP	2026-05-03T12:40:58.2464579Z env:
Lint and Format Check	UNKNOWN STEP	2026-05-03T12:40:58.2464756Z   DOTNET_NOLOGO: true
Lint and Format Check	UNKNOWN STEP	2026-05-03T12:40:58.2464977Z   DOTNET_CLI_TELEMETRY_OPTOUT: true
Lint and Format Check	UNKNOWN STEP	2026-05-03T12:40:58.2465235Z   DOTNET_SKIP_FIRST_TIME_EXPERIENCE: true
Lint and Format Check	UNKNOWN STEP	2026-05-03T12:40:58.2465500Z   DOTNET_ROOT: /usr/share/dotnet
Lint and Format Check	UNKNOWN STEP	2026-05-03T12:40:58.2465725Z ##[endgroup]
Lint and Format Check	UNKNOWN STEP	2026-05-03T12:41:00.6619772Z   Determining projects to restore...
Lint and Format Check	UNKNOWN STEP	2026-05-03T12:41:02.8585818Z   Restored /home/runner/work/lino-objects-codec/lino-objects-codec/csharp/src/Lino.Objects.Codec/Lino.Objects.Codec.csproj (in 1.44 sec).
Lint and Format Check	UNKNOWN STEP	2026-05-03T12:41:02.8619777Z   Restored /home/runner/work/lino-objects-codec/lino-objects-codec/csharp/tests/Lino.Objects.Codec.Tests/Lino.Objects.Codec.Tests.csproj (in 1.44 sec).
Lint and Format Check	UNKNOWN STEP	2026-05-03T12:41:02.8933844Z ##[group]Run dotnet format --verify-no-changes --verbosity diagnostic
Lint and Format Check	UNKNOWN STEP	2026-05-03T12:41:02.8934358Z [36;1mdotnet format --verify-no-changes --verbosity diagnostic[0m
Lint and Format Check	UNKNOWN STEP	2026-05-03T12:41:02.8948991Z shell: /usr/bin/bash -e {0}
Lint and Format Check	UNKNOWN STEP	2026-05-03T12:41:02.8949248Z env:
Lint and Format Check	UNKNOWN STEP	2026-05-03T12:41:02.8949426Z   DOTNET_NOLOGO: true
Lint and Format Check	UNKNOWN STEP	2026-05-03T12:41:02.8949630Z   DOTNET_CLI_TELEMETRY_OPTOUT: true
Lint and Format Check	UNKNOWN STEP	2026-05-03T12:41:02.8949883Z   DOTNET_SKIP_FIRST_TIME_EXPERIENCE: true
Lint and Format Check	UNKNOWN STEP	2026-05-03T12:41:02.8950130Z   DOTNET_ROOT: /usr/share/dotnet
Lint and Format Check	UNKNOWN STEP	2026-05-03T12:41:02.8950350Z ##[endgroup]
Lint and Format Check	UNKNOWN STEP	2026-05-03T12:41:03.3674793Z The dotnet runtime version is '10.0.7'.
Lint and Format Check	UNKNOWN STEP	2026-05-03T12:41:03.4175278Z Formatting code files in workspace '/home/runner/work/lino-objects-codec/lino-objects-codec/csharp/Lino.Objects.Codec.sln'.
Lint and Format Check	UNKNOWN STEP	2026-05-03T12:41:03.4176003Z Loading workspace.
Lint and Format Check	UNKNOWN STEP	2026-05-03T12:41:04.3430718Z   Determining projects to restore...
Lint and Format Check	UNKNOWN STEP	2026-05-03T12:41:04.3431282Z   All projects are up-to-date for restore.
Lint and Format Check	UNKNOWN STEP	2026-05-03T12:41:09.1313937Z Project Lino.Objects.Codec is using configuration from '/home/runner/work/lino-objects-codec/lino-objects-codec/csharp/src/Lino.Objects.Codec/obj/Debug/net8.0/Lino.Objects.Codec.GeneratedMSBuildEditorConfig.editorconfig'.
Lint and Format Check	UNKNOWN STEP	2026-05-03T12:41:09.1316862Z Project Lino.Objects.Codec is using configuration from '/usr/share/dotnet/sdk/10.0.201/Sdks/Microsoft.NET.Sdk/analyzers/build/config/analysislevel_8_default.globalconfig'.
Lint and Format Check	UNKNOWN STEP	2026-05-03T12:41:09.1320074Z Project Lino.Objects.Codec.Tests is using configuration from '/home/runner/work/lino-objects-codec/lino-objects-codec/csharp/tests/Lino.Objects.Codec.Tests/obj/Debug/net8.0/Lino.Objects.Codec.Tests.GeneratedMSBuildEditorConfig.editorconfig'.
Lint and Format Check	UNKNOWN STEP	2026-05-03T12:41:09.1322914Z Project Lino.Objects.Codec.Tests is using configuration from '/usr/share/dotnet/sdk/10.0.201/Sdks/Microsoft.NET.Sdk/analyzers/build/config/analysislevel_8_default.globalconfig'.
Lint and Format Check	UNKNOWN STEP	2026-05-03T12:41:09.1324190Z Complete in 5713ms.
Lint and Format Check	UNKNOWN STEP	2026-05-03T12:41:09.1324636Z Determining formattable files.
Lint and Format Check	UNKNOWN STEP	2026-05-03T12:41:09.3984483Z Complete in 267ms.
Lint and Format Check	UNKNOWN STEP	2026-05-03T12:41:10.0394874Z Running formatters.
Lint and Format Check	UNKNOWN STEP	2026-05-03T12:41:10.0395333Z Running Code Style analysis.
Lint and Format Check	UNKNOWN STEP	2026-05-03T12:41:10.0401314Z Determining diagnostics...
Lint and Format Check	UNKNOWN STEP	2026-05-03T12:41:11.1482849Z Running 5 analyzers on Lino.Objects.Codec.
Lint and Format Check	UNKNOWN STEP	2026-05-03T12:41:11.8386634Z Running 5 analyzers on Lino.Objects.Codec.Tests.
Lint and Format Check	UNKNOWN STEP	2026-05-03T12:41:12.0189097Z Complete in 1979ms.
Lint and Format Check	UNKNOWN STEP	2026-05-03T12:41:12.0189592Z Analysis complete in 1979ms.
Lint and Format Check	UNKNOWN STEP	2026-05-03T12:41:12.0303594Z Running Analyzer Reference analysis.
Lint and Format Check	UNKNOWN STEP	2026-05-03T12:41:12.0304201Z Determining diagnostics...
Lint and Format Check	UNKNOWN STEP	2026-05-03T12:41:12.1460653Z Running 153 analyzers on Lino.Objects.Codec.
Lint and Format Check	UNKNOWN STEP	2026-05-03T12:41:12.4140456Z Running 201 analyzers on Lino.Objects.Codec.Tests.
Lint and Format Check	UNKNOWN STEP	2026-05-03T12:41:12.6412924Z Complete in 610ms.
Lint and Format Check	UNKNOWN STEP	2026-05-03T12:41:12.6413775Z Analysis complete in 610ms.
Lint and Format Check	UNKNOWN STEP	2026-05-03T12:41:12.6414366Z Complete in 3243ms.
Lint and Format Check	UNKNOWN STEP	2026-05-03T12:41:12.6416584Z Formatted 0 of 12 files.
Lint and Format Check	UNKNOWN STEP	2026-05-03T12:41:12.6417468Z Format complete in 9224ms.
Lint and Format Check	UNKNOWN STEP	2026-05-03T12:41:12.6663572Z ##[group]Run dotnet build --configuration Release --no-restore /warnaserror
Lint and Format Check	UNKNOWN STEP	2026-05-03T12:41:12.6664056Z [36;1mdotnet build --configuration Release --no-restore /warnaserror[0m
Lint and Format Check	UNKNOWN STEP	2026-05-03T12:41:12.6676702Z shell: /usr/bin/bash -e {0}
Lint and Format Check	UNKNOWN STEP	2026-05-03T12:41:12.6677055Z env:
Lint and Format Check	UNKNOWN STEP	2026-05-03T12:41:12.6677233Z   DOTNET_NOLOGO: true
Lint and Format Check	UNKNOWN STEP	2026-05-03T12:41:12.6677438Z   DOTNET_CLI_TELEMETRY_OPTOUT: true
Lint and Format Check	UNKNOWN STEP	2026-05-03T12:41:12.6677691Z   DOTNET_SKIP_FIRST_TIME_EXPERIENCE: true
Lint and Format Check	UNKNOWN STEP	2026-05-03T12:41:12.6677937Z   DOTNET_ROOT: /usr/share/dotnet
Lint and Format Check	UNKNOWN STEP	2026-05-03T12:41:12.6678151Z ##[endgroup]
Lint and Format Check	UNKNOWN STEP	2026-05-03T12:41:17.4858204Z   Lino.Objects.Codec -> /home/runner/work/lino-objects-codec/lino-objects-codec/csharp/src/Lino.Objects.Codec/bin/Release/net8.0/Lino.Objects.Codec.dll
Lint and Format Check	UNKNOWN STEP	2026-05-03T12:41:18.1570654Z   Lino.Objects.Codec.Tests -> /home/runner/work/lino-objects-codec/lino-objects-codec/csharp/tests/Lino.Objects.Codec.Tests/bin/Release/net8.0/Lino.Objects.Codec.Tests.dll
Lint and Format Check	UNKNOWN STEP	2026-05-03T12:41:18.1799441Z 
Lint and Format Check	UNKNOWN STEP	2026-05-03T12:41:18.1806272Z Build succeeded.
Lint and Format Check	UNKNOWN STEP	2026-05-03T12:41:18.1806637Z     0 Warning(s)
Lint and Format Check	UNKNOWN STEP	2026-05-03T12:41:18.1806923Z     0 Error(s)
Lint and Format Check	UNKNOWN STEP	2026-05-03T12:41:18.1807687Z 
Lint and Format Check	UNKNOWN STEP	2026-05-03T12:41:18.1808338Z Time Elapsed 00:00:05.33
Lint and Format Check	UNKNOWN STEP	2026-05-03T12:41:18.1999891Z Post job cleanup.
Lint and Format Check	UNKNOWN STEP	2026-05-03T12:41:18.3582800Z Post job cleanup.
Lint and Format Check	UNKNOWN STEP	2026-05-03T12:41:18.4553765Z [command]/usr/bin/git version
Lint and Format Check	UNKNOWN STEP	2026-05-03T12:41:18.4590041Z git version 2.53.0
Lint and Format Check	UNKNOWN STEP	2026-05-03T12:41:18.4629767Z Temporarily overriding HOME='/home/runner/work/_temp/bed9c4f0-c4c9-451c-b108-cf1b39e5d9e3' before making global git config changes
Lint and Format Check	UNKNOWN STEP	2026-05-03T12:41:18.4631387Z Adding repository directory to the temporary git global config as a safe directory
Lint and Format Check	UNKNOWN STEP	2026-05-03T12:41:18.4645990Z [command]/usr/bin/git config --global --add safe.directory /home/runner/work/lino-objects-codec/lino-objects-codec
Lint and Format Check	UNKNOWN STEP	2026-05-03T12:41:18.4680206Z [command]/usr/bin/git config --local --name-only --get-regexp core\.sshCommand
Lint and Format Check	UNKNOWN STEP	2026-05-03T12:41:18.4711311Z [command]/usr/bin/git submodule foreach --recursive sh -c "git config --local --name-only --get-regexp 'core\.sshCommand' && git config --local --unset-all 'core.sshCommand' || :"
Lint and Format Check	UNKNOWN STEP	2026-05-03T12:41:18.4903244Z [command]/usr/bin/git config --local --name-only --get-regexp http\.https\:\/\/github\.com\/\.extraheader
Lint and Format Check	UNKNOWN STEP	2026-05-03T12:41:18.4925051Z http.https://github.com/.extraheader
Lint and Format Check	UNKNOWN STEP	2026-05-03T12:41:18.4936881Z [command]/usr/bin/git config --local --unset-all http.https://github.com/.extraheader
Lint and Format Check	UNKNOWN STEP	2026-05-03T12:41:18.4965689Z [command]/usr/bin/git submodule foreach --recursive sh -c "git config --local --name-only --get-regexp 'http\.https\:\/\/github\.com\/\.extraheader' && git config --local --unset-all 'http.https://github.com/.extraheader' || :"
Lint and Format Check	UNKNOWN STEP	2026-05-03T12:41:18.5157128Z [command]/usr/bin/git config --local --name-only --get-regexp ^includeIf\.gitdir:
Lint and Format Check	UNKNOWN STEP	2026-05-03T12:41:18.5187746Z [command]/usr/bin/git submodule foreach --recursive git config --local --show-origin --name-only --get-regexp remote.origin.url
Lint and Format Check	UNKNOWN STEP	2026-05-03T12:41:18.5503572Z Cleaning up orphan processes
Lint and Format Check	UNKNOWN STEP	2026-05-03T12:41:18.5789483Z Terminate orphan process: pid (2709) (dotnet)
Lint and Format Check	UNKNOWN STEP	2026-05-03T12:41:18.5809440Z Terminate orphan process: pid (2875) (VBCSCompiler)
Lint and Format Check	UNKNOWN STEP	2026-05-03T12:41:18.5834570Z ##[warning]Node.js 20 actions are deprecated. The following actions are running on Node.js 20 and may not work as expected: actions/checkout@v4, actions/setup-dotnet@v4. Actions will be forced to run with Node.js 24 by default starting June 2nd, 2026. Node.js 20 will be removed from the runner on September 16th, 2026. Please check if updated versions of these actions are available that support Node.js 24. To opt into Node.js 24 now, set the FORCE_JAVASCRIPT_ACTIONS_TO_NODE24=true environment variable on the runner or in your workflow file. Once Node.js 24 becomes the default, you can temporarily opt out by setting ACTIONS_ALLOW_USE_UNSECURE_NODE_VERSION=true. For more information see: https://github.blog/changelog/2025-09-19-deprecation-of-node-20-on-github-actions-runners/
Test (.NET on macos-latest)	UNKNOWN STEP	﻿2026-05-03T12:40:45.0424820Z Current runner version: '2.334.0'
Test (.NET on macos-latest)	UNKNOWN STEP	2026-05-03T12:40:45.0437390Z ##[group]Runner Image Provisioner
Test (.NET on macos-latest)	UNKNOWN STEP	2026-05-03T12:40:45.0437830Z Hosted Compute Agent
Test (.NET on macos-latest)	UNKNOWN STEP	2026-05-03T12:40:45.0438160Z Version: 20260422.526
Test (.NET on macos-latest)	UNKNOWN STEP	2026-05-03T12:40:45.0438520Z Commit: e1a9e573f4d0838b3a7c1b07401aeb29ed3635a9
Test (.NET on macos-latest)	UNKNOWN STEP	2026-05-03T12:40:45.0438930Z Build Date: 2026-04-22T09:31:31Z
Test (.NET on macos-latest)	UNKNOWN STEP	2026-05-03T12:40:45.0439290Z Worker ID: {a7fba44d-36b6-4b55-9de2-f688b11c4e62}
Test (.NET on macos-latest)	UNKNOWN STEP	2026-05-03T12:40:45.0439680Z Azure Region: westus
Test (.NET on macos-latest)	UNKNOWN STEP	2026-05-03T12:40:45.0439980Z ##[endgroup]
Test (.NET on macos-latest)	UNKNOWN STEP	2026-05-03T12:40:45.0440680Z ##[group]Operating System
Test (.NET on macos-latest)	UNKNOWN STEP	2026-05-03T12:40:45.0441000Z macOS
Test (.NET on macos-latest)	UNKNOWN STEP	2026-05-03T12:40:45.0441250Z 15.7.4
Test (.NET on macos-latest)	UNKNOWN STEP	2026-05-03T12:40:45.0441490Z 24G517
Test (.NET on macos-latest)	UNKNOWN STEP	2026-05-03T12:40:45.0441740Z ##[endgroup]
Test (.NET on macos-latest)	UNKNOWN STEP	2026-05-03T12:40:45.0442010Z ##[group]Runner Image
Test (.NET on macos-latest)	UNKNOWN STEP	2026-05-03T12:40:45.0442310Z Image: macos-15-arm64
Test (.NET on macos-latest)	UNKNOWN STEP	2026-05-03T12:40:45.0442600Z Version: 20260427.0018.1
Test (.NET on macos-latest)	UNKNOWN STEP	2026-05-03T12:40:45.0443260Z Included Software: https://github.com/actions/runner-images/blob/macos-15-arm64/20260427.0018/images/macos/macos-15-arm64-Readme.md
Test (.NET on macos-latest)	UNKNOWN STEP	2026-05-03T12:40:45.0444170Z Image Release: https://github.com/actions/runner-images/releases/tag/macos-15-arm64%2F20260427.0018
Test (.NET on macos-latest)	UNKNOWN STEP	2026-05-03T12:40:45.0444730Z ##[endgroup]
Test (.NET on macos-latest)	UNKNOWN STEP	2026-05-03T12:40:45.0446400Z ##[group]GITHUB_TOKEN Permissions
Test (.NET on macos-latest)	UNKNOWN STEP	2026-05-03T12:40:45.0447300Z Actions: write
Test (.NET on macos-latest)	UNKNOWN STEP	2026-05-03T12:40:45.0447600Z ArtifactMetadata: write
Test (.NET on macos-latest)	UNKNOWN STEP	2026-05-03T12:40:45.0447900Z Attestations: write
Test (.NET on macos-latest)	UNKNOWN STEP	2026-05-03T12:40:45.0448200Z Checks: write
Test (.NET on macos-latest)	UNKNOWN STEP	2026-05-03T12:40:45.0448470Z Contents: write
Test (.NET on macos-latest)	UNKNOWN STEP	2026-05-03T12:40:45.0448760Z Deployments: write
Test (.NET on macos-latest)	UNKNOWN STEP	2026-05-03T12:40:45.0449040Z Discussions: write
Test (.NET on macos-latest)	UNKNOWN STEP	2026-05-03T12:40:45.0449410Z Issues: write
Test (.NET on macos-latest)	UNKNOWN STEP	2026-05-03T12:40:45.0449800Z Metadata: read
Test (.NET on macos-latest)	UNKNOWN STEP	2026-05-03T12:40:45.0450070Z Models: read
Test (.NET on macos-latest)	UNKNOWN STEP	2026-05-03T12:40:45.0450350Z Packages: write
Test (.NET on macos-latest)	UNKNOWN STEP	2026-05-03T12:40:45.0450650Z Pages: write
Test (.NET on macos-latest)	UNKNOWN STEP	2026-05-03T12:40:45.0450980Z PullRequests: write
Test (.NET on macos-latest)	UNKNOWN STEP	2026-05-03T12:40:45.0451400Z RepositoryProjects: write
Test (.NET on macos-latest)	UNKNOWN STEP	2026-05-03T12:40:45.0451760Z SecurityEvents: write
Test (.NET on macos-latest)	UNKNOWN STEP	2026-05-03T12:40:45.0452170Z Statuses: write
Test (.NET on macos-latest)	UNKNOWN STEP	2026-05-03T12:40:45.0452480Z VulnerabilityAlerts: read
Test (.NET on macos-latest)	UNKNOWN STEP	2026-05-03T12:40:45.0453060Z ##[endgroup]
Test (.NET on macos-latest)	UNKNOWN STEP	2026-05-03T12:40:45.0455050Z Secret source: Actions
Test (.NET on macos-latest)	UNKNOWN STEP	2026-05-03T12:40:45.0455590Z Prepare workflow directory
Test (.NET on macos-latest)	UNKNOWN STEP	2026-05-03T12:40:45.0705650Z Prepare all required actions
Test (.NET on macos-latest)	UNKNOWN STEP	2026-05-03T12:40:45.0730820Z Getting action download info
Test (.NET on macos-latest)	UNKNOWN STEP	2026-05-03T12:40:45.3510230Z Download action repository 'actions/checkout@v4' (SHA:34e114876b0b11c390a56381ad16ebd13914f8d5)
Test (.NET on macos-latest)	UNKNOWN STEP	2026-05-03T12:40:45.5601620Z Download action repository 'actions/setup-dotnet@v4' (SHA:67a3573c9a986a3f9c594539f4ab511d57bb3ce9)
Test (.NET on macos-latest)	UNKNOWN STEP	2026-05-03T12:40:46.5514120Z Download action repository 'codecov/codecov-action@v4' (SHA:b9fd7d16f6d7d1b5d2bec1a2887e65ceed900238)
Test (.NET on macos-latest)	UNKNOWN STEP	2026-05-03T12:40:47.4602130Z Complete job name: Test (.NET on macos-latest)
Test (.NET on macos-latest)	UNKNOWN STEP	2026-05-03T12:40:47.4971310Z ##[group]Run actions/checkout@v4
Test (.NET on macos-latest)	UNKNOWN STEP	2026-05-03T12:40:47.4971720Z with:
Test (.NET on macos-latest)	UNKNOWN STEP	2026-05-03T12:40:47.4971970Z   repository: link-foundation/lino-objects-codec
Test (.NET on macos-latest)	UNKNOWN STEP	2026-05-03T12:40:47.4972400Z   token: ***
Test (.NET on macos-latest)	UNKNOWN STEP	2026-05-03T12:40:47.4972590Z   ssh-strict: true
Test (.NET on macos-latest)	UNKNOWN STEP	2026-05-03T12:40:47.4972800Z   ssh-user: git
Test (.NET on macos-latest)	UNKNOWN STEP	2026-05-03T12:40:47.4973010Z   persist-credentials: true
Test (.NET on macos-latest)	UNKNOWN STEP	2026-05-03T12:40:47.4973250Z   clean: true
Test (.NET on macos-latest)	UNKNOWN STEP	2026-05-03T12:40:47.4973460Z   sparse-checkout-cone-mode: true
Test (.NET on macos-latest)	UNKNOWN STEP	2026-05-03T12:40:47.4973960Z   fetch-depth: 1
Test (.NET on macos-latest)	UNKNOWN STEP	2026-05-03T12:40:47.4974210Z   fetch-tags: false
Test (.NET on macos-latest)	UNKNOWN STEP	2026-05-03T12:40:47.4974420Z   show-progress: true
Test (.NET on macos-latest)	UNKNOWN STEP	2026-05-03T12:40:47.4974640Z   lfs: false
Test (.NET on macos-latest)	UNKNOWN STEP	2026-05-03T12:40:47.4974830Z   submodules: false
Test (.NET on macos-latest)	UNKNOWN STEP	2026-05-03T12:40:47.4975040Z   set-safe-directory: true
Test (.NET on macos-latest)	UNKNOWN STEP	2026-05-03T12:40:47.4975380Z env:
Test (.NET on macos-latest)	UNKNOWN STEP	2026-05-03T12:40:47.4975570Z   DOTNET_NOLOGO: true
Test (.NET on macos-latest)	UNKNOWN STEP	2026-05-03T12:40:47.4975790Z   DOTNET_CLI_TELEMETRY_OPTOUT: true
Test (.NET on macos-latest)	UNKNOWN STEP	2026-05-03T12:40:47.4976070Z   DOTNET_SKIP_FIRST_TIME_EXPERIENCE: true
Test (.NET on macos-latest)	UNKNOWN STEP	2026-05-03T12:40:47.4976360Z ##[endgroup]
Test (.NET on macos-latest)	UNKNOWN STEP	2026-05-03T12:40:47.7514160Z Syncing repository: link-foundation/lino-objects-codec
Test (.NET on macos-latest)	UNKNOWN STEP	2026-05-03T12:40:47.7515250Z ##[group]Getting Git version info
Test (.NET on macos-latest)	UNKNOWN STEP	2026-05-03T12:40:47.7515610Z Working directory is '/Users/runner/work/lino-objects-codec/lino-objects-codec'
Test (.NET on macos-latest)	UNKNOWN STEP	2026-05-03T12:40:47.7516830Z [command]/opt/homebrew/bin/git version
Test (.NET on macos-latest)	UNKNOWN STEP	2026-05-03T12:40:47.8004800Z git version 2.54.0
Test (.NET on macos-latest)	UNKNOWN STEP	2026-05-03T12:40:47.8028580Z ##[endgroup]
Test (.NET on macos-latest)	UNKNOWN STEP	2026-05-03T12:40:47.8039830Z Copying '/Users/runner/.gitconfig' to '/Users/runner/work/_temp/6e46e4c5-87e3-46db-8bc5-d5d01cf56563/.gitconfig'
Test (.NET on macos-latest)	UNKNOWN STEP	2026-05-03T12:40:47.8045600Z Temporarily overriding HOME='/Users/runner/work/_temp/6e46e4c5-87e3-46db-8bc5-d5d01cf56563' before making global git config changes
Test (.NET on macos-latest)	UNKNOWN STEP	2026-05-03T12:40:47.8046290Z Adding repository directory to the temporary git global config as a safe directory
Test (.NET on macos-latest)	UNKNOWN STEP	2026-05-03T12:40:47.8049880Z [command]/opt/homebrew/bin/git config --global --add safe.directory /Users/runner/work/lino-objects-codec/lino-objects-codec
Test (.NET on macos-latest)	UNKNOWN STEP	2026-05-03T12:40:47.8142500Z Deleting the contents of '/Users/runner/work/lino-objects-codec/lino-objects-codec'
Test (.NET on macos-latest)	UNKNOWN STEP	2026-05-03T12:40:47.8144480Z ##[group]Initializing the repository
Test (.NET on macos-latest)	UNKNOWN STEP	2026-05-03T12:40:47.8149070Z [command]/opt/homebrew/bin/git init /Users/runner/work/lino-objects-codec/lino-objects-codec
Test (.NET on macos-latest)	UNKNOWN STEP	2026-05-03T12:40:47.8318700Z hint: Using 'master' as the name for the initial branch. This default branch name
Test (.NET on macos-latest)	UNKNOWN STEP	2026-05-03T12:40:47.8319490Z hint: will change to "main" in Git 3.0. To configure the initial branch name
Test (.NET on macos-latest)	UNKNOWN STEP	2026-05-03T12:40:47.8320440Z hint: to use in all of your new repositories, which will suppress this warning,
Test (.NET on macos-latest)	UNKNOWN STEP	2026-05-03T12:40:47.8321150Z hint: call:
Test (.NET on macos-latest)	UNKNOWN STEP	2026-05-03T12:40:47.8321310Z hint:
Test (.NET on macos-latest)	UNKNOWN STEP	2026-05-03T12:40:47.8321560Z hint: 	git config --global init.defaultBranch <name>
Test (.NET on macos-latest)	UNKNOWN STEP	2026-05-03T12:40:47.8321840Z hint:
Test (.NET on macos-latest)	UNKNOWN STEP	2026-05-03T12:40:47.8322080Z hint: Names commonly chosen instead of 'master' are 'main', 'trunk' and
Test (.NET on macos-latest)	UNKNOWN STEP	2026-05-03T12:40:47.8322510Z hint: 'development'. The just-created branch can be renamed via this command:
Test (.NET on macos-latest)	UNKNOWN STEP	2026-05-03T12:40:47.8322840Z hint:
Test (.NET on macos-latest)	UNKNOWN STEP	2026-05-03T12:40:47.8323000Z hint: 	git branch -m <name>
Test (.NET on macos-latest)	UNKNOWN STEP	2026-05-03T12:40:47.8323190Z hint:
Test (.NET on macos-latest)	UNKNOWN STEP	2026-05-03T12:40:47.8323450Z hint: Disable this message with "git config set advice.defaultBranchName false"
Test (.NET on macos-latest)	UNKNOWN STEP	2026-05-03T12:40:47.8323970Z Initialized empty Git repository in /Users/runner/work/lino-objects-codec/lino-objects-codec/.git/
Test (.NET on macos-latest)	UNKNOWN STEP	2026-05-03T12:40:47.8327330Z [command]/opt/homebrew/bin/git remote add origin https://github.com/link-foundation/lino-objects-codec
Test (.NET on macos-latest)	UNKNOWN STEP	2026-05-03T12:40:47.8393560Z ##[endgroup]
Test (.NET on macos-latest)	UNKNOWN STEP	2026-05-03T12:40:47.8393910Z ##[group]Disabling automatic garbage collection
Test (.NET on macos-latest)	UNKNOWN STEP	2026-05-03T12:40:47.8396490Z [command]/opt/homebrew/bin/git config --local gc.auto 0
Test (.NET on macos-latest)	UNKNOWN STEP	2026-05-03T12:40:47.8451400Z ##[endgroup]
Test (.NET on macos-latest)	UNKNOWN STEP	2026-05-03T12:40:47.8451700Z ##[group]Setting up auth
Test (.NET on macos-latest)	UNKNOWN STEP	2026-05-03T12:40:47.8456100Z [command]/opt/homebrew/bin/git config --local --name-only --get-regexp core\.sshCommand
Test (.NET on macos-latest)	UNKNOWN STEP	2026-05-03T12:40:47.8509710Z [command]/opt/homebrew/bin/git submodule foreach --recursive sh -c "git config --local --name-only --get-regexp 'core\.sshCommand' && git config --local --unset-all 'core.sshCommand' || :"
Test (.NET on macos-latest)	UNKNOWN STEP	2026-05-03T12:40:47.9351850Z [command]/opt/homebrew/bin/git config --local --name-only --get-regexp http\.https\:\/\/github\.com\/\.extraheader
Test (.NET on macos-latest)	UNKNOWN STEP	2026-05-03T12:40:47.9407450Z [command]/opt/homebrew/bin/git submodule foreach --recursive sh -c "git config --local --name-only --get-regexp 'http\.https\:\/\/github\.com\/\.extraheader' && git config --local --unset-all 'http.https://github.com/.extraheader' || :"
Test (.NET on macos-latest)	UNKNOWN STEP	2026-05-03T12:40:48.0092600Z [command]/opt/homebrew/bin/git config --local --name-only --get-regexp ^includeIf\.gitdir:
Test (.NET on macos-latest)	UNKNOWN STEP	2026-05-03T12:40:48.0146070Z [command]/opt/homebrew/bin/git submodule foreach --recursive git config --local --show-origin --name-only --get-regexp remote.origin.url
Test (.NET on macos-latest)	UNKNOWN STEP	2026-05-03T12:40:48.0767910Z [command]/opt/homebrew/bin/git config --local http.https://github.com/.extraheader AUTHORIZATION: basic ***
Test (.NET on macos-latest)	UNKNOWN STEP	2026-05-03T12:40:48.0817960Z ##[endgroup]
Test (.NET on macos-latest)	UNKNOWN STEP	2026-05-03T12:40:48.0818300Z ##[group]Fetching the repository
Test (.NET on macos-latest)	UNKNOWN STEP	2026-05-03T12:40:48.0822640Z [command]/opt/homebrew/bin/git -c protocol.version=2 fetch --no-tags --prune --no-recurse-submodules --depth=1 origin +1acc6f6f29f6cb775f021807a20cfe1e8f781ec1:refs/remotes/origin/main
Test (.NET on macos-latest)	UNKNOWN STEP	2026-05-03T12:40:48.9729510Z From https://github.com/link-foundation/lino-objects-codec
Test (.NET on macos-latest)	UNKNOWN STEP	2026-05-03T12:40:48.9730410Z  * [new ref]         1acc6f6f29f6cb775f021807a20cfe1e8f781ec1 -> origin/main
Test (.NET on macos-latest)	UNKNOWN STEP	2026-05-03T12:40:48.9829590Z ##[endgroup]
Test (.NET on macos-latest)	UNKNOWN STEP	2026-05-03T12:40:48.9830110Z ##[group]Determining the checkout info
Test (.NET on macos-latest)	UNKNOWN STEP	2026-05-03T12:40:48.9830570Z ##[endgroup]
Test (.NET on macos-latest)	UNKNOWN STEP	2026-05-03T12:40:48.9830920Z [command]/opt/homebrew/bin/git sparse-checkout disable
Test (.NET on macos-latest)	UNKNOWN STEP	2026-05-03T12:40:48.9882190Z [command]/opt/homebrew/bin/git config --local --unset-all extensions.worktreeConfig
Test (.NET on macos-latest)	UNKNOWN STEP	2026-05-03T12:40:48.9936190Z ##[group]Checking out the ref
Test (.NET on macos-latest)	UNKNOWN STEP	2026-05-03T12:40:48.9938910Z [command]/opt/homebrew/bin/git checkout --progress --force -B main refs/remotes/origin/main
Test (.NET on macos-latest)	UNKNOWN STEP	2026-05-03T12:40:49.0195170Z Switched to a new branch 'main'
Test (.NET on macos-latest)	UNKNOWN STEP	2026-05-03T12:40:49.0214840Z branch 'main' set up to track 'origin/main'.
Test (.NET on macos-latest)	UNKNOWN STEP	2026-05-03T12:40:49.0215740Z ##[endgroup]
Test (.NET on macos-latest)	UNKNOWN STEP	2026-05-03T12:40:49.0300800Z [command]/opt/homebrew/bin/git log -1 --format=%H
Test (.NET on macos-latest)	UNKNOWN STEP	2026-05-03T12:40:49.0359150Z 1acc6f6f29f6cb775f021807a20cfe1e8f781ec1
Test (.NET on macos-latest)	UNKNOWN STEP	2026-05-03T12:40:49.0496950Z ##[group]Run actions/setup-dotnet@v4
Test (.NET on macos-latest)	UNKNOWN STEP	2026-05-03T12:40:49.0497210Z with:
Test (.NET on macos-latest)	UNKNOWN STEP	2026-05-03T12:40:49.0497360Z   dotnet-version: 8.0.x
Test (.NET on macos-latest)	UNKNOWN STEP	2026-05-03T12:40:49.0497530Z   cache: false
Test (.NET on macos-latest)	UNKNOWN STEP	2026-05-03T12:40:49.0497640Z env:
Test (.NET on macos-latest)	UNKNOWN STEP	2026-05-03T12:40:49.0497840Z   DOTNET_NOLOGO: true
Test (.NET on macos-latest)	UNKNOWN STEP	2026-05-03T12:40:49.0497990Z   DOTNET_CLI_TELEMETRY_OPTOUT: true
Test (.NET on macos-latest)	UNKNOWN STEP	2026-05-03T12:40:49.0498180Z   DOTNET_SKIP_FIRST_TIME_EXPERIENCE: true
Test (.NET on macos-latest)	UNKNOWN STEP	2026-05-03T12:40:49.0498410Z ##[endgroup]
Test (.NET on macos-latest)	UNKNOWN STEP	2026-05-03T12:40:49.1792500Z [command]/Users/runner/work/_actions/actions/setup-dotnet/v4/externals/install-dotnet.sh --skip-non-versioned-files --runtime dotnet --channel LTS
Test (.NET on macos-latest)	UNKNOWN STEP	2026-05-03T12:40:49.4477410Z dotnet-install: .NET Core Runtime with version '10.0.7' is already installed.
Test (.NET on macos-latest)	UNKNOWN STEP	2026-05-03T12:40:49.4493680Z [command]/Users/runner/work/_actions/actions/setup-dotnet/v4/externals/install-dotnet.sh --skip-non-versioned-files --channel 8.0
Test (.NET on macos-latest)	UNKNOWN STEP	2026-05-03T12:40:49.7071360Z dotnet-install: .NET Core SDK with version '8.0.420' is already installed.
Test (.NET on macos-latest)	UNKNOWN STEP	2026-05-03T12:40:49.7178640Z ##[group]Run dotnet restore
Test (.NET on macos-latest)	UNKNOWN STEP	2026-05-03T12:40:49.7178890Z [36;1mdotnet restore[0m
Test (.NET on macos-latest)	UNKNOWN STEP	2026-05-03T12:40:49.7211430Z shell: /bin/bash -e {0}
Test (.NET on macos-latest)	UNKNOWN STEP	2026-05-03T12:40:49.7211670Z env:
Test (.NET on macos-latest)	UNKNOWN STEP	2026-05-03T12:40:49.7211800Z   DOTNET_NOLOGO: true
Test (.NET on macos-latest)	UNKNOWN STEP	2026-05-03T12:40:49.7211960Z   DOTNET_CLI_TELEMETRY_OPTOUT: true
Test (.NET on macos-latest)	UNKNOWN STEP	2026-05-03T12:40:49.7212150Z   DOTNET_SKIP_FIRST_TIME_EXPERIENCE: true
Test (.NET on macos-latest)	UNKNOWN STEP	2026-05-03T12:40:49.7212350Z   DOTNET_ROOT: /Users/runner/.dotnet
Test (.NET on macos-latest)	UNKNOWN STEP	2026-05-03T12:40:49.7212530Z ##[endgroup]
Test (.NET on macos-latest)	UNKNOWN STEP	2026-05-03T12:40:51.2499180Z   Determining projects to restore...
Test (.NET on macos-latest)	UNKNOWN STEP	2026-05-03T12:40:54.8215350Z   Restored /Users/runner/work/lino-objects-codec/lino-objects-codec/csharp/tests/Lino.Objects.Codec.Tests/Lino.Objects.Codec.Tests.csproj (in 3.31 sec).
Test (.NET on macos-latest)	UNKNOWN STEP	2026-05-03T12:40:54.8230340Z   Restored /Users/runner/work/lino-objects-codec/lino-objects-codec/csharp/src/Lino.Objects.Codec/Lino.Objects.Codec.csproj (in 3.31 sec).
Test (.NET on macos-latest)	UNKNOWN STEP	2026-05-03T12:40:54.8420490Z ##[group]Run dotnet build --configuration Release --no-restore
Test (.NET on macos-latest)	UNKNOWN STEP	2026-05-03T12:40:54.8420890Z [36;1mdotnet build --configuration Release --no-restore[0m
Test (.NET on macos-latest)	UNKNOWN STEP	2026-05-03T12:40:54.8452510Z shell: /bin/bash -e {0}
Test (.NET on macos-latest)	UNKNOWN STEP	2026-05-03T12:40:54.8452680Z env:
Test (.NET on macos-latest)	UNKNOWN STEP	2026-05-03T12:40:54.8452800Z   DOTNET_NOLOGO: true
Test (.NET on macos-latest)	UNKNOWN STEP	2026-05-03T12:40:54.8453020Z   DOTNET_CLI_TELEMETRY_OPTOUT: true
Test (.NET on macos-latest)	UNKNOWN STEP	2026-05-03T12:40:54.8453220Z   DOTNET_SKIP_FIRST_TIME_EXPERIENCE: true
Test (.NET on macos-latest)	UNKNOWN STEP	2026-05-03T12:40:54.8453420Z   DOTNET_ROOT: /Users/runner/.dotnet
Test (.NET on macos-latest)	UNKNOWN STEP	2026-05-03T12:40:54.8453590Z ##[endgroup]
Test (.NET on macos-latest)	UNKNOWN STEP	2026-05-03T12:40:57.3137500Z   Lino.Objects.Codec -> /Users/runner/work/lino-objects-codec/lino-objects-codec/csharp/src/Lino.Objects.Codec/bin/Release/net8.0/Lino.Objects.Codec.dll
Test (.NET on macos-latest)	UNKNOWN STEP	2026-05-03T12:40:57.7932890Z   Lino.Objects.Codec.Tests -> /Users/runner/work/lino-objects-codec/lino-objects-codec/csharp/tests/Lino.Objects.Codec.Tests/bin/Release/net8.0/Lino.Objects.Codec.Tests.dll
Test (.NET on macos-latest)	UNKNOWN STEP	2026-05-03T12:40:57.8434490Z 
Test (.NET on macos-latest)	UNKNOWN STEP	2026-05-03T12:40:57.8443370Z Build succeeded.
Test (.NET on macos-latest)	UNKNOWN STEP	2026-05-03T12:40:57.8444570Z     0 Warning(s)
Test (.NET on macos-latest)	UNKNOWN STEP	2026-05-03T12:40:57.8444920Z     0 Error(s)
Test (.NET on macos-latest)	UNKNOWN STEP	2026-05-03T12:40:57.8445760Z 
Test (.NET on macos-latest)	UNKNOWN STEP	2026-05-03T12:40:57.8446370Z Time Elapsed 00:00:02.85
Test (.NET on macos-latest)	UNKNOWN STEP	2026-05-03T12:40:57.8562310Z ##[group]Run dotnet test --configuration Release --no-build --verbosity normal --collect:"XPlat Code Coverage"
Test (.NET on macos-latest)	UNKNOWN STEP	2026-05-03T12:40:57.8562880Z [36;1mdotnet test --configuration Release --no-build --verbosity normal --collect:"XPlat Code Coverage"[0m
Test (.NET on macos-latest)	UNKNOWN STEP	2026-05-03T12:40:57.8597880Z shell: /bin/bash -e {0}
Test (.NET on macos-latest)	UNKNOWN STEP	2026-05-03T12:40:57.8598160Z env:
Test (.NET on macos-latest)	UNKNOWN STEP	2026-05-03T12:40:57.8598310Z   DOTNET_NOLOGO: true
Test (.NET on macos-latest)	UNKNOWN STEP	2026-05-03T12:40:57.8598550Z   DOTNET_CLI_TELEMETRY_OPTOUT: true
Test (.NET on macos-latest)	UNKNOWN STEP	2026-05-03T12:40:57.8598780Z   DOTNET_SKIP_FIRST_TIME_EXPERIENCE: true
Test (.NET on macos-latest)	UNKNOWN STEP	2026-05-03T12:40:57.8599060Z   DOTNET_ROOT: /Users/runner/.dotnet
Test (.NET on macos-latest)	UNKNOWN STEP	2026-05-03T12:40:57.8599350Z ##[endgroup]
Test (.NET on macos-latest)	UNKNOWN STEP	2026-05-03T12:40:58.0270740Z Build started 5/3/2026 12:40:58 PM.
Test (.NET on macos-latest)	UNKNOWN STEP	2026-05-03T12:40:58.1064470Z      1>Project "/Users/runner/work/lino-objects-codec/lino-objects-codec/csharp/Lino.Objects.Codec.sln" on node 1 (VSTest target(s)).
Test (.NET on macos-latest)	UNKNOWN STEP	2026-05-03T12:40:58.1164910Z      1>ValidateSolutionConfiguration:
Test (.NET on macos-latest)	UNKNOWN STEP	2026-05-03T12:40:58.1265990Z          Building solution configuration "Release|Any CPU".
Test (.NET on macos-latest)	UNKNOWN STEP	2026-05-03T12:40:58.4977390Z Test run for /Users/runner/work/lino-objects-codec/lino-objects-codec/csharp/tests/Lino.Objects.Codec.Tests/bin/Release/net8.0/Lino.Objects.Codec.Tests.dll (.NETCoreApp,Version=v8.0)
Test (.NET on macos-latest)	UNKNOWN STEP	2026-05-03T12:40:58.7605470Z A total of 1 test files matched the specified pattern.
Test (.NET on macos-latest)	UNKNOWN STEP	2026-05-03T12:40:59.6364000Z [xUnit.net 00:00:00.00] xUnit.net VSTest Adapter v2.5.6+bf9b858c26 (64-bit .NET 8.0.26)
Test (.NET on macos-latest)	UNKNOWN STEP	2026-05-03T12:40:59.6859680Z [xUnit.net 00:00:00.05]   Discovering: Lino.Objects.Codec.Tests
Test (.NET on macos-latest)	UNKNOWN STEP	2026-05-03T12:40:59.7278080Z [xUnit.net 00:00:00.10]   Discovered:  Lino.Objects.Codec.Tests
Test (.NET on macos-latest)	UNKNOWN STEP	2026-05-03T12:40:59.7295650Z [xUnit.net 00:00:00.10]   Starting:    Lino.Objects.Codec.Tests
Test (.NET on macos-latest)	UNKNOWN STEP	2026-05-03T12:40:59.8267360Z   Passed Lino.Objects.Codec.Tests.StringTests.Encode_SimpleString_ReturnsString [8 ms]
Test (.NET on macos-latest)	UNKNOWN STEP	2026-05-03T12:40:59.8282640Z   Passed Lino.Objects.Codec.Tests.StringTests.Roundtrip_StringWithQuotes_PreservesValue(value: "string with \"double quotes\"") [37 ms]
Test (.NET on macos-latest)	UNKNOWN STEP	2026-05-03T12:40:59.8283660Z   Passed Lino.Objects.Codec.Tests.BooleanTests.Roundtrip_Boolean_PreservesValue(value: True) [47 ms]
Test (.NET on macos-latest)	UNKNOWN STEP	2026-05-03T12:40:59.8284420Z   Passed Lino.Objects.Codec.Tests.ListTests.Roundtrip_NestedList_PreservesStructure [46 ms]
Test (.NET on macos-latest)	UNKNOWN STEP	2026-05-03T12:40:59.8291740Z   Passed Lino.Objects.Codec.Tests.StringTests.Roundtrip_StringWithQuotes_PreservesValue(value: "string with \"both\" 'quotes'") [< 1 ms]
Test (.NET on macos-latest)	UNKNOWN STEP	2026-05-03T12:40:59.8321540Z   Passed Lino.Objects.Codec.Tests.StringTests.Roundtrip_StringWithQuotes_PreservesValue(value: "string with 'single quotes'") [< 1 ms]
Test (.NET on macos-latest)	UNKNOWN STEP	2026-05-03T12:40:59.8323870Z   Passed Lino.Objects.Codec.Tests.StringTests.Roundtrip_String_PreservesValue(value: "tab\tseparated") [< 1 ms]
Test (.NET on macos-latest)	UNKNOWN STEP	2026-05-03T12:40:59.8324560Z   Passed Lino.Objects.Codec.Tests.StringTests.Roundtrip_String_PreservesValue(value: "hello world") [< 1 ms]
Test (.NET on macos-latest)	UNKNOWN STEP	2026-05-03T12:40:59.8325400Z   Passed Lino.Objects.Codec.Tests.StringTests.Roundtrip_String_PreservesValue(value: "hello") [< 1 ms]
Test (.NET on macos-latest)	UNKNOWN STEP	2026-05-03T12:40:59.8326160Z   Passed Lino.Objects.Codec.Tests.StringTests.Roundtrip_String_PreservesValue(value: "Hello, World!") [< 1 ms]
Test (.NET on macos-latest)	UNKNOWN STEP	2026-05-03T12:40:59.8327220Z   Passed Lino.Objects.Codec.Tests.StringTests.Roundtrip_String_PreservesValue(value: "special chars: @#$%^&*()") [< 1 ms]
Test (.NET on macos-latest)	UNKNOWN STEP	2026-05-03T12:40:59.8327820Z   Passed Lino.Objects.Codec.Tests.StringTests.Roundtrip_String_PreservesValue(value: "") [< 1 ms]
Test (.NET on macos-latest)	UNKNOWN STEP	2026-05-03T12:40:59.8328410Z   Passed Lino.Objects.Codec.Tests.StringTests.Roundtrip_String_PreservesValue(value: "multi\nline\nstring") [< 1 ms]
Test (.NET on macos-latest)	UNKNOWN STEP	2026-05-03T12:40:59.8329000Z   Passed Lino.Objects.Codec.Tests.StringTests.Roundtrip_UnicodeString_PreservesValue [< 1 ms]
Test (.NET on macos-latest)	UNKNOWN STEP	2026-05-03T12:40:59.8329710Z   Passed Lino.Objects.Codec.Tests.BooleanTests.Roundtrip_Boolean_PreservesValue(value: False) [< 1 ms]
Test (.NET on macos-latest)	UNKNOWN STEP	2026-05-03T12:40:59.8330240Z   Passed Lino.Objects.Codec.Tests.StringTests.Encode_EmptyString_ReturnsString [< 1 ms]
Test (.NET on macos-latest)	UNKNOWN STEP	2026-05-03T12:40:59.8330750Z   Passed Lino.Objects.Codec.Tests.StringTests.Decode_EncodedString_ReturnsCorrectValue [< 1 ms]
Test (.NET on macos-latest)	UNKNOWN STEP	2026-05-03T12:40:59.8331860Z   Passed Lino.Objects.Codec.Tests.BooleanTests.Decode_EncodedTrue_ReturnsTrue [< 1 ms]
Test (.NET on macos-latest)	UNKNOWN STEP	2026-05-03T12:40:59.8332520Z   Passed Lino.Objects.Codec.Tests.BooleanTests.Encode_True_ReturnsString [< 1 ms]
Test (.NET on macos-latest)	UNKNOWN STEP	2026-05-03T12:40:59.8333070Z   Passed Lino.Objects.Codec.Tests.BooleanTests.Decode_EncodedFalse_ReturnsFalse [< 1 ms]
Test (.NET on macos-latest)	UNKNOWN STEP	2026-05-03T12:40:59.8333550Z   Passed Lino.Objects.Codec.Tests.BooleanTests.Encode_False_ReturnsString [< 1 ms]
Test (.NET on macos-latest)	UNKNOWN STEP	2026-05-03T12:40:59.8334030Z   Passed Lino.Objects.Codec.Tests.ListTests.Decode_EncodedEmptyList_ReturnsEmptyList [1 ms]
Test (.NET on macos-latest)	UNKNOWN STEP	2026-05-03T12:40:59.8334510Z   Passed Lino.Objects.Codec.Tests.ListTests.Encode_EmptyList_ReturnsString [< 1 ms]
Test (.NET on macos-latest)	UNKNOWN STEP	2026-05-03T12:40:59.8335060Z   Passed Lino.Objects.Codec.Tests.DictTests.Roundtrip_DictWithListValue_PreservesStructure [1 ms]
Test (.NET on macos-latest)	UNKNOWN STEP	2026-05-03T12:40:59.8335580Z   Passed Lino.Objects.Codec.Tests.DictTests.Roundtrip_SimpleDict_PreservesValue [< 1 ms]
Test (.NET on macos-latest)	UNKNOWN STEP	2026-05-03T12:40:59.8336120Z   Passed Lino.Objects.Codec.Tests.DictTests.Decode_EncodedEmptyDict_ReturnsEmptyDict [< 1 ms]
Test (.NET on macos-latest)	UNKNOWN STEP	2026-05-03T12:40:59.8336610Z   Passed Lino.Objects.Codec.Tests.DictTests.Encode_EmptyDict_ReturnsString [< 1 ms]
Test (.NET on macos-latest)	UNKNOWN STEP	2026-05-03T12:40:59.8337110Z   Passed Lino.Objects.Codec.Tests.FloatTests.Roundtrip_Float_PreservesValue(value: 0.123456789) [4 ms]
Test (.NET on macos-latest)	UNKNOWN STEP	2026-05-03T12:40:59.8337630Z   Passed Lino.Objects.Codec.Tests.DictTests.Roundtrip_MixedValueDict_PreservesValues [3 ms]
Test (.NET on macos-latest)	UNKNOWN STEP	2026-05-03T12:40:59.8338170Z   Passed Lino.Objects.Codec.Tests.FloatTests.Roundtrip_Float_PreservesValue(value: 1) [< 1 ms]
Test (.NET on macos-latest)	UNKNOWN STEP	2026-05-03T12:40:59.8338740Z   Passed Lino.Objects.Codec.Tests.FloatTests.Roundtrip_Float_PreservesValue(value: -3.1400000000000001) [< 1 ms]
Test (.NET on macos-latest)	UNKNOWN STEP	2026-05-03T12:40:59.8339320Z   Passed Lino.Objects.Codec.Tests.FloatTests.Roundtrip_Float_PreservesValue(value: 0) [< 1 ms]
Test (.NET on macos-latest)	UNKNOWN STEP	2026-05-03T12:40:59.8339840Z   Passed Lino.Objects.Codec.Tests.FloatTests.Roundtrip_Float_PreservesValue(value: -1) [< 1 ms]
Test (.NET on macos-latest)	UNKNOWN STEP	2026-05-03T12:40:59.8340350Z   Passed Lino.Objects.Codec.Tests.DictTests.Roundtrip_NestedDict_PreservesStructure [< 1 ms]
Test (.NET on macos-latest)	UNKNOWN STEP	2026-05-03T12:40:59.8340920Z   Passed Lino.Objects.Codec.Tests.FloatTests.Roundtrip_Float_PreservesValue(value: -999.99900000000002) [< 1 ms]
Test (.NET on macos-latest)	UNKNOWN STEP	2026-05-03T12:40:59.8341510Z   Passed Lino.Objects.Codec.Tests.FloatTests.Roundtrip_Float_PreservesValue(value: 3.1400000000000001) [< 1 ms]
Test (.NET on macos-latest)	UNKNOWN STEP	2026-05-03T12:40:59.8342030Z   Passed Lino.Objects.Codec.Tests.FloatTests.Roundtrip_NaN_PreservesValue [< 1 ms]
Test (.NET on macos-latest)	UNKNOWN STEP	2026-05-03T12:40:59.8342460Z   Passed Lino.Objects.Codec.Tests.FloatTests.Encode_Float_ReturnsString [< 1 ms]
Test (.NET on macos-latest)	UNKNOWN STEP	2026-05-03T12:40:59.8342910Z   Passed Lino.Objects.Codec.Tests.FloatTests.Decode_EncodedFloat_ReturnsCorrectValue [< 1 ms]
Test (.NET on macos-latest)	UNKNOWN STEP	2026-05-03T12:40:59.8343420Z   Passed Lino.Objects.Codec.Tests.FloatTests.Roundtrip_NegativeInfinity_PreservesValue [< 1 ms]
Test (.NET on macos-latest)	UNKNOWN STEP	2026-05-03T12:40:59.8343930Z   Passed Lino.Objects.Codec.Tests.FloatTests.Roundtrip_PositiveInfinity_PreservesValue [< 1 ms]
Test (.NET on macos-latest)	UNKNOWN STEP	2026-05-03T12:40:59.8344460Z   Passed Lino.Objects.Codec.Tests.ListTests.Roundtrip_MixedTypeList_PreservesValues [5 ms]
Test (.NET on macos-latest)	UNKNOWN STEP	2026-05-03T12:40:59.8345050Z   Passed Lino.Objects.Codec.Tests.ComplexStructureTests.Roundtrip_ComplexNestedStructure_PreservesAllData [< 1 ms]
Test (.NET on macos-latest)	UNKNOWN STEP	2026-05-03T12:40:59.8345700Z   Passed Lino.Objects.Codec.Tests.ListTests.Roundtrip_SimpleList_PreservesValue [< 1 ms]
Test (.NET on macos-latest)	UNKNOWN STEP	2026-05-03T12:40:59.8346160Z   Passed Lino.Objects.Codec.Tests.NullTypeTests.Roundtrip_Null_PreservesValue [< 1 ms]
Test (.NET on macos-latest)	UNKNOWN STEP	2026-05-03T12:40:59.8346640Z   Passed Lino.Objects.Codec.Tests.NullTypeTests.Encode_Null_ReturnsString [< 1 ms]
Test (.NET on macos-latest)	UNKNOWN STEP	2026-05-03T12:40:59.8347100Z   Passed Lino.Objects.Codec.Tests.NullTypeTests.Decode_EncodedNull_ReturnsNull [< 1 ms]
Test (.NET on macos-latest)	UNKNOWN STEP	2026-05-03T12:40:59.8347630Z   Passed Lino.Objects.Codec.Tests.IntegerTests.Roundtrip_Integer_PreservesValue(value: -123456789) [< 1 ms]
Test (.NET on macos-latest)	UNKNOWN STEP	2026-05-03T12:40:59.8348210Z   Passed Lino.Objects.Codec.Tests.IntegerTests.Roundtrip_Integer_PreservesValue(value: 0) [< 1 ms]
Test (.NET on macos-latest)	UNKNOWN STEP	2026-05-03T12:40:59.8348800Z   Passed Lino.Objects.Codec.Tests.IntegerTests.Roundtrip_Integer_PreservesValue(value: 1) [< 1 ms]
Test (.NET on macos-latest)	UNKNOWN STEP	2026-05-03T12:40:59.8349530Z   Passed Lino.Objects.Codec.Tests.IntegerTests.Roundtrip_Integer_PreservesValue(value: -1) [< 1 ms]
Test (.NET on macos-latest)	UNKNOWN STEP	2026-05-03T12:40:59.8350210Z   Passed Lino.Objects.Codec.Tests.IntegerTests.Roundtrip_Integer_PreservesValue(value: -42) [< 1 ms]
Test (.NET on macos-latest)	UNKNOWN STEP	2026-05-03T12:40:59.8350760Z   Passed Lino.Objects.Codec.Tests.IntegerTests.Roundtrip_Integer_PreservesValue(value: 42) [< 1 ms]
Test (.NET on macos-latest)	UNKNOWN STEP	2026-05-03T12:40:59.8351320Z   Passed Lino.Objects.Codec.Tests.IntegerTests.Roundtrip_Integer_PreservesValue(value: 123456789) [< 1 ms]
Test (.NET on macos-latest)	UNKNOWN STEP	2026-05-03T12:40:59.8351900Z   Passed Lino.Objects.Codec.Tests.IntegerTests.Decode_EncodedInt_ReturnsCorrectValue(value: -42) [< 1 ms]
Test (.NET on macos-latest)	UNKNOWN STEP	2026-05-03T12:40:59.8352480Z   Passed Lino.Objects.Codec.Tests.IntegerTests.Decode_EncodedInt_ReturnsCorrectValue(value: 0) [< 1 ms]
Test (.NET on macos-latest)	UNKNOWN STEP	2026-05-03T12:40:59.8353050Z   Passed Lino.Objects.Codec.Tests.IntegerTests.Decode_EncodedInt_ReturnsCorrectValue(value: 999999) [< 1 ms]
Test (.NET on macos-latest)	UNKNOWN STEP	2026-05-03T12:40:59.8353620Z   Passed Lino.Objects.Codec.Tests.IntegerTests.Decode_EncodedInt_ReturnsCorrectValue(value: 42) [< 1 ms]
Test (.NET on macos-latest)	UNKNOWN STEP	2026-05-03T12:40:59.8354230Z   Passed Lino.Objects.Codec.Tests.IntegerTests.Encode_NegativeInt_ReturnsString [< 1 ms]
Test (.NET on macos-latest)	UNKNOWN STEP	2026-05-03T12:40:59.8354720Z   Passed Lino.Objects.Codec.Tests.IntegerTests.Encode_PositiveInt_ReturnsString [< 1 ms]
Test (.NET on macos-latest)	UNKNOWN STEP	2026-05-03T12:40:59.8355150Z   Passed Lino.Objects.Codec.Tests.IntegerTests.Encode_Zero_ReturnsString [< 1 ms]
Test (.NET on macos-latest)	UNKNOWN STEP	2026-05-03T12:40:59.8355700Z   Passed Lino.Objects.Codec.Tests.CircularReferencesTests.Roundtrip_SelfReferencingDict_PreservesReference [1 ms]
Test (.NET on macos-latest)	UNKNOWN STEP	2026-05-03T12:40:59.8356220Z   Passed Lino.Objects.Codec.Tests.FormatTests.ParseIndented_WithQuotes [1 ms]
Test (.NET on macos-latest)	UNKNOWN STEP	2026-05-03T12:40:59.8356670Z   Passed Lino.Objects.Codec.Tests.FormatTests.EscapeReference_StringWithSingleQuotes [< 1 ms]
Test (.NET on macos-latest)	UNKNOWN STEP	2026-05-03T12:40:59.8357280Z   Passed Lino.Objects.Codec.Tests.CircularReferencesTests.Roundtrip_ComplexCircularStructure_PreservesReferences [1 ms]
Test (.NET on macos-latest)	UNKNOWN STEP	2026-05-03T12:40:59.8357910Z   Passed Lino.Objects.Codec.Tests.FormatTests.FormatIndented_WithNullValue [< 1 ms]
Test (.NET on macos-latest)	UNKNOWN STEP	2026-05-03T12:40:59.8358490Z   Passed Lino.Objects.Codec.Tests.CircularReferencesTests.Roundtrip_MutualReferenceLists_PreservesReferences [< 1 ms]
Test (.NET on macos-latest)	UNKNOWN STEP	2026-05-03T12:40:59.8359040Z   Passed Lino.Objects.Codec.Tests.FormatTests.FormatIndented_RequiresId [< 1 ms]
Test (.NET on macos-latest)	UNKNOWN STEP	2026-05-03T12:40:59.8359500Z   Passed Lino.Objects.Codec.Tests.FormatTests.EscapeReference_StringWithDoubleQuotes [< 1 ms]
Test (.NET on macos-latest)	UNKNOWN STEP	2026-05-03T12:40:59.8360150Z   Passed Lino.Objects.Codec.Tests.CircularReferencesTests.Roundtrip_DictWithMultipleReferencesToSameObject_PreservesIdentity [< 1 ms]
Test (.NET on macos-latest)	UNKNOWN STEP	2026-05-03T12:40:59.8360780Z   Passed Lino.Objects.Codec.Tests.FormatTests.ParseIndented_EmptyLinesSkipped [< 1 ms]
Test (.NET on macos-latest)	UNKNOWN STEP	2026-05-03T12:40:59.8361240Z   Passed Lino.Objects.Codec.Tests.FormatTests.FormatIndentedOrdered_Basic [< 1 ms]
Test (.NET on macos-latest)	UNKNOWN STEP	2026-05-03T12:40:59.8361820Z   Passed Lino.Objects.Codec.Tests.CircularReferencesTests.Roundtrip_DeeplyNestedCircularReference_PreservesReference [< 1 ms]
Test (.NET on macos-latest)	UNKNOWN STEP	2026-05-03T12:40:59.8362400Z   Passed Lino.Objects.Codec.Tests.FormatTests.RoundtripFormatIndented_Basic [3 ms]
Test (.NET on macos-latest)	UNKNOWN STEP	2026-05-03T12:40:59.8363030Z   Passed Lino.Objects.Codec.Tests.CircularReferencesTests.Roundtrip_ListWithMultipleReferencesToSameObject_PreservesIdentity [< 1 ms]
Test (.NET on macos-latest)	UNKNOWN STEP	2026-05-03T12:40:59.8363610Z   Passed Lino.Objects.Codec.Tests.FormatTests.ParseIndented_Basic [< 1 ms]
Test (.NET on macos-latest)	UNKNOWN STEP	2026-05-03T12:40:59.8364050Z   Passed Lino.Objects.Codec.Tests.FormatTests.RoundtripFormatIndented_WithQuotes [< 1 ms]
Test (.NET on macos-latest)	UNKNOWN STEP	2026-05-03T12:40:59.8364640Z   Passed Lino.Objects.Codec.Tests.CircularReferencesTests.Roundtrip_MutualReferenceDicts_PreservesReferences [< 1 ms]
Test (.NET on macos-latest)	UNKNOWN STEP	2026-05-03T12:40:59.8365190Z   Passed Lino.Objects.Codec.Tests.FormatTests.ParseIndented_RequiresText [< 1 ms]
Test (.NET on macos-latest)	UNKNOWN STEP	2026-05-03T12:40:59.8365610Z [xUnit.net 00:00:00.20]   Finished:    Lino.Objects.Codec.Tests
Test (.NET on macos-latest)	UNKNOWN STEP	2026-05-03T12:40:59.9624090Z   Passed Lino.Objects.Codec.Tests.FormatTests.EscapeReference_SimpleString [< 1 ms]
Test (.NET on macos-latest)	UNKNOWN STEP	2026-05-03T12:40:59.9642370Z   Passed Lino.Objects.Codec.Tests.FormatTests.ParseIndented_NullValue [< 1 ms]
Test (.NET on macos-latest)	UNKNOWN STEP	2026-05-03T12:40:59.9643670Z   Passed Lino.Objects.Codec.Tests.FormatTests.FormatIndentedOrdered_ValueWithQuotes [< 1 ms]
Test (.NET on macos-latest)	UNKNOWN STEP	2026-05-03T12:40:59.9644910Z   Passed Lino.Objects.Codec.Tests.FormatTests.FormatIndentedOrdered_CustomIndentation [< 1 ms]
Test (.NET on macos-latest)	UNKNOWN STEP	2026-05-03T12:40:59.9672480Z   Passed Lino.Objects.Codec.Tests.FormatTests.EscapeReference_StringWithSpaces [< 1 ms]
Test (.NET on macos-latest)	UNKNOWN STEP	2026-05-03T12:40:59.9673130Z   Passed Lino.Objects.Codec.Tests.CircularReferencesTests.Roundtrip_SelfReferencingList_PreservesReference [< 1 ms]
Test (.NET on macos-latest)	UNKNOWN STEP	2026-05-03T12:40:59.9673750Z   Passed Lino.Objects.Codec.Tests.FormatTests.UnescapeReference_DoubledQuotes [< 1 ms]
Test (.NET on macos-latest)	UNKNOWN STEP	2026-05-03T12:40:59.9697570Z 
Test (.NET on macos-latest)	UNKNOWN STEP	2026-05-03T12:40:59.9715860Z Test Run Successful.
Test (.NET on macos-latest)	UNKNOWN STEP	2026-05-03T12:40:59.9716140Z Total tests: 86
Test (.NET on macos-latest)	UNKNOWN STEP	2026-05-03T12:40:59.9716530Z      Passed: 86
Test (.NET on macos-latest)	UNKNOWN STEP	2026-05-03T12:40:59.9716740Z  Total time: 1.2096 Seconds
Test (.NET on macos-latest)	UNKNOWN STEP	2026-05-03T12:40:59.9908320Z      1>Done Building Project "/Users/runner/work/lino-objects-codec/lino-objects-codec/csharp/Lino.Objects.Codec.sln" (VSTest target(s)).
Test (.NET on macos-latest)	UNKNOWN STEP	2026-05-03T12:40:59.9976740Z 
Test (.NET on macos-latest)	UNKNOWN STEP	2026-05-03T12:41:00.0002320Z Build succeeded.
Test (.NET on macos-latest)	UNKNOWN STEP	2026-05-03T12:41:00.0008320Z     0 Warning(s)
Test (.NET on macos-latest)	UNKNOWN STEP	2026-05-03T12:41:00.0131620Z     0 Error(s)
Test (.NET on macos-latest)	UNKNOWN STEP	2026-05-03T12:41:00.0168500Z 
Test (.NET on macos-latest)	UNKNOWN STEP	2026-05-03T12:41:00.0174780Z Time Elapsed 00:00:01.97
Test (.NET on macos-latest)	UNKNOWN STEP	2026-05-03T12:41:00.1235480Z 
Test (.NET on macos-latest)	UNKNOWN STEP	2026-05-03T12:41:00.1237310Z Attachments:
Test (.NET on macos-latest)	UNKNOWN STEP	2026-05-03T12:41:00.1238320Z   /Users/runner/work/lino-objects-codec/lino-objects-codec/csharp/tests/Lino.Objects.Codec.Tests/TestResults/6c349692-dc8b-4c76-8bf4-ca7b5f663b3b/coverage.cobertura.xml
Test (.NET on macos-latest)	UNKNOWN STEP	2026-05-03T12:41:00.1471220Z ##[group]Run dotnet run
Test (.NET on macos-latest)	UNKNOWN STEP	2026-05-03T12:41:00.1471470Z [36;1mdotnet run[0m
Test (.NET on macos-latest)	UNKNOWN STEP	2026-05-03T12:41:00.1500570Z shell: /bin/bash -e {0}
Test (.NET on macos-latest)	UNKNOWN STEP	2026-05-03T12:41:00.1500720Z env:
Test (.NET on macos-latest)	UNKNOWN STEP	2026-05-03T12:41:00.1500850Z   DOTNET_NOLOGO: true
Test (.NET on macos-latest)	UNKNOWN STEP	2026-05-03T12:41:00.1501010Z   DOTNET_CLI_TELEMETRY_OPTOUT: true
Test (.NET on macos-latest)	UNKNOWN STEP	2026-05-03T12:41:00.1501230Z   DOTNET_SKIP_FIRST_TIME_EXPERIENCE: true
Test (.NET on macos-latest)	UNKNOWN STEP	2026-05-03T12:41:00.1501490Z   DOTNET_ROOT: /Users/runner/.dotnet
Test (.NET on macos-latest)	UNKNOWN STEP	2026-05-03T12:41:00.1501660Z ##[endgroup]
Test (.NET on macos-latest)	UNKNOWN STEP	2026-05-03T12:41:01.4907220Z === lino-objects-codec C# Basic Usage Example ===
Test (.NET on macos-latest)	UNKNOWN STEP	2026-05-03T12:41:01.4907530Z 
Test (.NET on macos-latest)	UNKNOWN STEP	2026-05-03T12:41:01.4907650Z 1. Basic Types:
Test (.NET on macos-latest)	UNKNOWN STEP	2026-05-03T12:41:01.4966780Z    null: (null)
Test (.NET on macos-latest)	UNKNOWN STEP	2026-05-03T12:41:01.4967190Z    bool (true): (bool True)
Test (.NET on macos-latest)	UNKNOWN STEP	2026-05-03T12:41:01.4967530Z    bool (false): (bool False)
Test (.NET on macos-latest)	UNKNOWN STEP	2026-05-03T12:41:01.4967890Z    int: (int 42)
Test (.NET on macos-latest)	UNKNOWN STEP	2026-05-03T12:41:01.4979230Z    double: (float 3.14)
Test (.NET on macos-latest)	UNKNOWN STEP	2026-05-03T12:41:01.4979460Z    string: (str SGVsbG8sIFdvcmxkIQ==)
Test (.NET on macos-latest)	UNKNOWN STEP	2026-05-03T12:41:01.4979660Z 
Test (.NET on macos-latest)	UNKNOWN STEP	2026-05-03T12:41:01.4979920Z 2. Dictionary Roundtrip:
Test (.NET on macos-latest)	UNKNOWN STEP	2026-05-03T12:41:01.4982990Z    Original: {name: Alice, age: 30, active: true}
Test (.NET on macos-latest)	UNKNOWN STEP	2026-05-03T12:41:01.4983420Z    Encoded: (dict ((str bmFtZQ==) (str QWxpY2U=)) ((str YWdl) (int 30)) ((str YWN0aXZl) (bool True)))
Test (.NET on macos-latest)	UNKNOWN STEP	2026-05-03T12:41:01.5329500Z    Decoded: {name: Alice, age: 30, active: True}
Test (.NET on macos-latest)	UNKNOWN STEP	2026-05-03T12:41:01.5329790Z 
Test (.NET on macos-latest)	UNKNOWN STEP	2026-05-03T12:41:01.5329840Z 3. List Encoding:
Test (.NET on macos-latest)	UNKNOWN STEP	2026-05-03T12:41:01.5330090Z    List: [1, 2, 3, "four", true]
Test (.NET on macos-latest)	UNKNOWN STEP	2026-05-03T12:41:01.5330340Z    Encoded: (list (int 1) (int 2) (int 3) (str Zm91cg==) (bool True))
Test (.NET on macos-latest)	UNKNOWN STEP	2026-05-03T12:41:01.5330540Z 
Test (.NET on macos-latest)	UNKNOWN STEP	2026-05-03T12:41:01.5330630Z 4. Nested Structure:
Test (.NET on macos-latest)	UNKNOWN STEP	2026-05-03T12:41:01.5331250Z    Encoded: (dict ((str dXNlcnM=) (list (dict ((str aWQ=) (int 1)) ((str bmFtZQ==) (str QWxpY2U=))) (dict ((str aWQ=) (int 2)) ((str bmFtZQ==) (str Qm9i))))) ((str bWV0YWRhdGE=) (dict ((str dmVyc2lvbg==) (int 1)) ((str Y291bnQ=) (int 2)))))
Test (.NET on macos-latest)	UNKNOWN STEP	2026-05-03T12:41:01.5331850Z 
Test (.NET on macos-latest)	UNKNOWN STEP	2026-05-03T12:41:01.5331930Z 5. Circular References:
Test (.NET on macos-latest)	UNKNOWN STEP	2026-05-03T12:41:01.5332150Z    Self-referencing list encoded: (obj_0: list obj_0)
Test (.NET on macos-latest)	UNKNOWN STEP	2026-05-03T12:41:01.5333960Z    Reference preserved after decode: True
Test (.NET on macos-latest)	UNKNOWN STEP	2026-05-03T12:41:01.5334300Z    Self-referencing dict encoded: (obj_0: dict ((str c2VsZg==) obj_0))
Test (.NET on macos-latest)	UNKNOWN STEP	2026-05-03T12:41:01.5334520Z 
Test (.NET on macos-latest)	UNKNOWN STEP	2026-05-03T12:41:01.5334600Z 6. Mutual References:
Test (.NET on macos-latest)	UNKNOWN STEP	2026-05-03T12:41:01.5338100Z    Two lists referencing each other:
Test (.NET on macos-latest)	UNKNOWN STEP	2026-05-03T12:41:01.5338370Z    (obj_0: list (int 1) (int 2) obj_1)
Test (.NET on macos-latest)	UNKNOWN STEP	2026-05-03T12:41:01.5338650Z (obj_1: list (int 3) (int 4) obj_0)
Test (.NET on macos-latest)	UNKNOWN STEP	2026-05-03T12:41:01.5342480Z    Circular reference preserved: True
Test (.NET on macos-latest)	UNKNOWN STEP	2026-05-03T12:41:01.5342630Z 
Test (.NET on macos-latest)	UNKNOWN STEP	2026-05-03T12:41:01.5342760Z 7. Special Float Values:
Test (.NET on macos-latest)	UNKNOWN STEP	2026-05-03T12:41:01.5343340Z    NaN: (float NaN)
Test (.NET on macos-latest)	UNKNOWN STEP	2026-05-03T12:41:01.5343510Z    Infinity: (float Infinity)
Test (.NET on macos-latest)	UNKNOWN STEP	2026-05-03T12:41:01.5343690Z    -Infinity: (float -Infinity)
Test (.NET on macos-latest)	UNKNOWN STEP	2026-05-03T12:41:01.5343830Z 
Test (.NET on macos-latest)	UNKNOWN STEP	2026-05-03T12:41:01.5343970Z === Example completed successfully! ===
Test (.NET on macos-latest)	UNKNOWN STEP	2026-05-03T12:41:01.5473440Z Post job cleanup.
Test (.NET on macos-latest)	UNKNOWN STEP	2026-05-03T12:41:01.7136450Z Post job cleanup.
Test (.NET on macos-latest)	UNKNOWN STEP	2026-05-03T12:41:01.7963840Z [command]/opt/homebrew/bin/git version
Test (.NET on macos-latest)	UNKNOWN STEP	2026-05-03T12:41:01.8102910Z git version 2.54.0
Test (.NET on macos-latest)	UNKNOWN STEP	2026-05-03T12:41:01.8123720Z Copying '/Users/runner/.gitconfig' to '/Users/runner/work/_temp/82df5b21-f7ae-49f1-9225-649bbbd48198/.gitconfig'
Test (.NET on macos-latest)	UNKNOWN STEP	2026-05-03T12:41:01.8134150Z Temporarily overriding HOME='/Users/runner/work/_temp/82df5b21-f7ae-49f1-9225-649bbbd48198' before making global git config changes
Test (.NET on macos-latest)	UNKNOWN STEP	2026-05-03T12:41:01.8134820Z Adding repository directory to the temporary git global config as a safe directory
Test (.NET on macos-latest)	UNKNOWN STEP	2026-05-03T12:41:01.8137620Z [command]/opt/homebrew/bin/git config --global --add safe.directory /Users/runner/work/lino-objects-codec/lino-objects-codec
Test (.NET on macos-latest)	UNKNOWN STEP	2026-05-03T12:41:01.8219900Z [command]/opt/homebrew/bin/git config --local --name-only --get-regexp core\.sshCommand
Test (.NET on macos-latest)	UNKNOWN STEP	2026-05-03T12:41:01.8269300Z [command]/opt/homebrew/bin/git submodule foreach --recursive sh -c "git config --local --name-only --get-regexp 'core\.sshCommand' && git config --local --unset-all 'core.sshCommand' || :"
Test (.NET on macos-latest)	UNKNOWN STEP	2026-05-03T12:41:01.8939000Z [command]/opt/homebrew/bin/git config --local --name-only --get-regexp http\.https\:\/\/github\.com\/\.extraheader
Test (.NET on macos-latest)	UNKNOWN STEP	2026-05-03T12:41:01.8986020Z http.https://github.com/.extraheader
Test (.NET on macos-latest)	UNKNOWN STEP	2026-05-03T12:41:01.8995480Z [command]/opt/homebrew/bin/git config --local --unset-all http.https://github.com/.extraheader
Test (.NET on macos-latest)	UNKNOWN STEP	2026-05-03T12:41:01.9054170Z [command]/opt/homebrew/bin/git submodule foreach --recursive sh -c "git config --local --name-only --get-regexp 'http\.https\:\/\/github\.com\/\.extraheader' && git config --local --unset-all 'http.https://github.com/.extraheader' || :"
Test (.NET on macos-latest)	UNKNOWN STEP	2026-05-03T12:41:01.9694730Z [command]/opt/homebrew/bin/git config --local --name-only --get-regexp ^includeIf\.gitdir:
Test (.NET on macos-latest)	UNKNOWN STEP	2026-05-03T12:41:01.9740890Z [command]/opt/homebrew/bin/git submodule foreach --recursive git config --local --show-origin --name-only --get-regexp remote.origin.url
Test (.NET on macos-latest)	UNKNOWN STEP	2026-05-03T12:41:02.0565190Z Cleaning up orphan processes
Test (.NET on macos-latest)	UNKNOWN STEP	2026-05-03T12:41:02.4146880Z Terminate orphan process: pid (2003) (VBCSCompiler)
Test (.NET on macos-latest)	UNKNOWN STEP	2026-05-03T12:41:02.4526370Z ##[warning]Node.js 20 actions are deprecated. The following actions are running on Node.js 20 and may not work as expected: actions/checkout@v4, actions/setup-dotnet@v4. Actions will be forced to run with Node.js 24 by default starting June 2nd, 2026. Node.js 20 will be removed from the runner on September 16th, 2026. Please check if updated versions of these actions are available that support Node.js 24. To opt into Node.js 24 now, set the FORCE_JAVASCRIPT_ACTIONS_TO_NODE24=true environment variable on the runner or in your workflow file. Once Node.js 24 becomes the default, you can temporarily opt out by setting ACTIONS_ALLOW_USE_UNSECURE_NODE_VERSION=true. For more information see: https://github.blog/changelog/2025-09-19-deprecation-of-node-20-on-github-actions-runners/
Test (.NET on windows-latest)	UNKNOWN STEP	﻿2026-05-03T12:40:46.4776001Z Current runner version: '2.334.0'
Test (.NET on windows-latest)	UNKNOWN STEP	2026-05-03T12:40:46.4811511Z ##[group]Runner Image Provisioner
Test (.NET on windows-latest)	UNKNOWN STEP	2026-05-03T12:40:46.4812691Z Hosted Compute Agent
Test (.NET on windows-latest)	UNKNOWN STEP	2026-05-03T12:40:46.4813594Z Version: 20260213.493
Test (.NET on windows-latest)	UNKNOWN STEP	2026-05-03T12:40:46.4814492Z Commit: 5c115507f6dd24b8de37d8bbe0bb4509d0cc0fa3
Test (.NET on windows-latest)	UNKNOWN STEP	2026-05-03T12:40:46.4815672Z Build Date: 2026-02-13T00:28:41Z
Test (.NET on windows-latest)	UNKNOWN STEP	2026-05-03T12:40:46.4816724Z Worker ID: {4cf57056-edcc-4bc4-8e6f-f478ee84711e}
Test (.NET on windows-latest)	UNKNOWN STEP	2026-05-03T12:40:46.4817869Z Azure Region: northcentralus
Test (.NET on windows-latest)	UNKNOWN STEP	2026-05-03T12:40:46.4819386Z ##[endgroup]
Test (.NET on windows-latest)	UNKNOWN STEP	2026-05-03T12:40:46.4821361Z ##[group]Operating System
Test (.NET on windows-latest)	UNKNOWN STEP	2026-05-03T12:40:46.4822367Z Microsoft Windows Server 2025
Test (.NET on windows-latest)	UNKNOWN STEP	2026-05-03T12:40:46.4823303Z 10.0.26100
Test (.NET on windows-latest)	UNKNOWN STEP	2026-05-03T12:40:46.4824451Z Datacenter
Test (.NET on windows-latest)	UNKNOWN STEP	2026-05-03T12:40:46.4825227Z ##[endgroup]
Test (.NET on windows-latest)	UNKNOWN STEP	2026-05-03T12:40:46.4826117Z ##[group]Runner Image
Test (.NET on windows-latest)	UNKNOWN STEP	2026-05-03T12:40:46.4826941Z Image: windows-2025
Test (.NET on windows-latest)	UNKNOWN STEP	2026-05-03T12:40:46.4827869Z Version: 20260413.84.1
Test (.NET on windows-latest)	UNKNOWN STEP	2026-05-03T12:40:46.4829419Z Included Software: https://github.com/actions/runner-images/blob/win25/20260413.84/images/windows/Windows2025-Readme.md
Test (.NET on windows-latest)	UNKNOWN STEP	2026-05-03T12:40:46.4830849Z Image Release: https://github.com/actions/runner-images/releases/tag/win25%2F20260413.84
Test (.NET on windows-latest)	UNKNOWN STEP	2026-05-03T12:40:46.4831694Z ##[endgroup]
Test (.NET on windows-latest)	UNKNOWN STEP	2026-05-03T12:40:46.4834363Z ##[group]GITHUB_TOKEN Permissions
Test (.NET on windows-latest)	UNKNOWN STEP	2026-05-03T12:40:46.4836443Z Actions: write
Test (.NET on windows-latest)	UNKNOWN STEP	2026-05-03T12:40:46.4836992Z ArtifactMetadata: write
Test (.NET on windows-latest)	UNKNOWN STEP	2026-05-03T12:40:46.4837466Z Attestations: write
Test (.NET on windows-latest)	UNKNOWN STEP	2026-05-03T12:40:46.4837933Z Checks: write
Test (.NET on windows-latest)	UNKNOWN STEP	2026-05-03T12:40:46.4838360Z Contents: write
Test (.NET on windows-latest)	UNKNOWN STEP	2026-05-03T12:40:46.4838815Z Deployments: write
Test (.NET on windows-latest)	UNKNOWN STEP	2026-05-03T12:40:46.4839275Z Discussions: write
Test (.NET on windows-latest)	UNKNOWN STEP	2026-05-03T12:40:46.4839715Z Issues: write
Test (.NET on windows-latest)	UNKNOWN STEP	2026-05-03T12:40:46.4840160Z Metadata: read
Test (.NET on windows-latest)	UNKNOWN STEP	2026-05-03T12:40:46.4840558Z Models: read
Test (.NET on windows-latest)	UNKNOWN STEP	2026-05-03T12:40:46.4841027Z Packages: write
Test (.NET on windows-latest)	UNKNOWN STEP	2026-05-03T12:40:46.4841455Z Pages: write
Test (.NET on windows-latest)	UNKNOWN STEP	2026-05-03T12:40:46.4841946Z PullRequests: write
Test (.NET on windows-latest)	UNKNOWN STEP	2026-05-03T12:40:46.4842459Z RepositoryProjects: write
Test (.NET on windows-latest)	UNKNOWN STEP	2026-05-03T12:40:46.4842952Z SecurityEvents: write
Test (.NET on windows-latest)	UNKNOWN STEP	2026-05-03T12:40:46.4843435Z Statuses: write
Test (.NET on windows-latest)	UNKNOWN STEP	2026-05-03T12:40:46.4843902Z VulnerabilityAlerts: read
Test (.NET on windows-latest)	UNKNOWN STEP	2026-05-03T12:40:46.4844895Z ##[endgroup]
Test (.NET on windows-latest)	UNKNOWN STEP	2026-05-03T12:40:46.4846868Z Secret source: Actions
Test (.NET on windows-latest)	UNKNOWN STEP	2026-05-03T12:40:46.4847570Z Prepare workflow directory
Test (.NET on windows-latest)	UNKNOWN STEP	2026-05-03T12:40:46.5350412Z Prepare all required actions
Test (.NET on windows-latest)	UNKNOWN STEP	2026-05-03T12:40:46.5406102Z Getting action download info
Test (.NET on windows-latest)	UNKNOWN STEP	2026-05-03T12:40:46.8466627Z Download action repository 'actions/checkout@v4' (SHA:34e114876b0b11c390a56381ad16ebd13914f8d5)
Test (.NET on windows-latest)	UNKNOWN STEP	2026-05-03T12:40:46.9764383Z Download action repository 'actions/setup-dotnet@v4' (SHA:67a3573c9a986a3f9c594539f4ab511d57bb3ce9)
Test (.NET on windows-latest)	UNKNOWN STEP	2026-05-03T12:40:47.3144108Z Download action repository 'codecov/codecov-action@v4' (SHA:b9fd7d16f6d7d1b5d2bec1a2887e65ceed900238)
Test (.NET on windows-latest)	UNKNOWN STEP	2026-05-03T12:40:47.7493741Z Complete job name: Test (.NET on windows-latest)
Test (.NET on windows-latest)	UNKNOWN STEP	2026-05-03T12:40:47.8977680Z ##[group]Run actions/checkout@v4
Test (.NET on windows-latest)	UNKNOWN STEP	2026-05-03T12:40:47.8979020Z with:
Test (.NET on windows-latest)	UNKNOWN STEP	2026-05-03T12:40:47.8979670Z   repository: link-foundation/lino-objects-codec
Test (.NET on windows-latest)	UNKNOWN STEP	2026-05-03T12:40:47.8980847Z   token: ***
Test (.NET on windows-latest)	UNKNOWN STEP	2026-05-03T12:40:47.8981297Z   ssh-strict: true
Test (.NET on windows-latest)	UNKNOWN STEP	2026-05-03T12:40:47.8981739Z   ssh-user: git
Test (.NET on windows-latest)	UNKNOWN STEP	2026-05-03T12:40:47.8982198Z   persist-credentials: true
Test (.NET on windows-latest)	UNKNOWN STEP	2026-05-03T12:40:47.8982745Z   clean: true
Test (.NET on windows-latest)	UNKNOWN STEP	2026-05-03T12:40:47.8983211Z   sparse-checkout-cone-mode: true
Test (.NET on windows-latest)	UNKNOWN STEP	2026-05-03T12:40:47.8983823Z   fetch-depth: 1
Test (.NET on windows-latest)	UNKNOWN STEP	2026-05-03T12:40:47.8984268Z   fetch-tags: false
Test (.NET on windows-latest)	UNKNOWN STEP	2026-05-03T12:40:47.8984755Z   show-progress: true
Test (.NET on windows-latest)	UNKNOWN STEP	2026-05-03T12:40:47.8985232Z   lfs: false
Test (.NET on windows-latest)	UNKNOWN STEP	2026-05-03T12:40:47.8985640Z   submodules: false
Test (.NET on windows-latest)	UNKNOWN STEP	2026-05-03T12:40:47.8986116Z   set-safe-directory: true
Test (.NET on windows-latest)	UNKNOWN STEP	2026-05-03T12:40:47.8986840Z env:
Test (.NET on windows-latest)	UNKNOWN STEP	2026-05-03T12:40:47.8987228Z   DOTNET_NOLOGO: true
Test (.NET on windows-latest)	UNKNOWN STEP	2026-05-03T12:40:47.8987743Z   DOTNET_CLI_TELEMETRY_OPTOUT: true
Test (.NET on windows-latest)	UNKNOWN STEP	2026-05-03T12:40:47.8988417Z   DOTNET_SKIP_FIRST_TIME_EXPERIENCE: true
Test (.NET on windows-latest)	UNKNOWN STEP	2026-05-03T12:40:47.8989128Z ##[endgroup]
Test (.NET on windows-latest)	UNKNOWN STEP	2026-05-03T12:40:48.0848862Z Syncing repository: link-foundation/lino-objects-codec
Test (.NET on windows-latest)	UNKNOWN STEP	2026-05-03T12:40:48.0851876Z ##[group]Getting Git version info
Test (.NET on windows-latest)	UNKNOWN STEP	2026-05-03T12:40:48.0853117Z Working directory is 'D:\a\lino-objects-codec\lino-objects-codec'
Test (.NET on windows-latest)	UNKNOWN STEP	2026-05-03T12:40:48.2048102Z [command]"C:\Program Files\Git\bin\git.exe" version
Test (.NET on windows-latest)	UNKNOWN STEP	2026-05-03T12:40:48.3854431Z git version 2.53.0.windows.2
Test (.NET on windows-latest)	UNKNOWN STEP	2026-05-03T12:40:48.3910543Z ##[endgroup]
Test (.NET on windows-latest)	UNKNOWN STEP	2026-05-03T12:40:48.3934542Z Temporarily overriding HOME='D:\a\_temp\2dd7a03a-0fa1-48f9-b759-0b87447e7984' before making global git config changes
Test (.NET on windows-latest)	UNKNOWN STEP	2026-05-03T12:40:48.3938042Z Adding repository directory to the temporary git global config as a safe directory
Test (.NET on windows-latest)	UNKNOWN STEP	2026-05-03T12:40:48.3946558Z [command]"C:\Program Files\Git\bin\git.exe" config --global --add safe.directory D:\a\lino-objects-codec\lino-objects-codec
Test (.NET on windows-latest)	UNKNOWN STEP	2026-05-03T12:40:48.4267306Z Deleting the contents of 'D:\a\lino-objects-codec\lino-objects-codec'
Test (.NET on windows-latest)	UNKNOWN STEP	2026-05-03T12:40:48.4274494Z ##[group]Initializing the repository
Test (.NET on windows-latest)	UNKNOWN STEP	2026-05-03T12:40:48.4285520Z [command]"C:\Program Files\Git\bin\git.exe" init D:\a\lino-objects-codec\lino-objects-codec
Test (.NET on windows-latest)	UNKNOWN STEP	2026-05-03T12:40:48.4743017Z Initialized empty Git repository in D:/a/lino-objects-codec/lino-objects-codec/.git/
Test (.NET on windows-latest)	UNKNOWN STEP	2026-05-03T12:40:48.4804580Z [command]"C:\Program Files\Git\bin\git.exe" remote add origin https://github.com/link-foundation/lino-objects-codec
Test (.NET on windows-latest)	UNKNOWN STEP	2026-05-03T12:40:48.5224821Z ##[endgroup]
Test (.NET on windows-latest)	UNKNOWN STEP	2026-05-03T12:40:48.5226950Z ##[group]Disabling automatic garbage collection
Test (.NET on windows-latest)	UNKNOWN STEP	2026-05-03T12:40:48.5236681Z [command]"C:\Program Files\Git\bin\git.exe" config --local gc.auto 0
Test (.NET on windows-latest)	UNKNOWN STEP	2026-05-03T12:40:48.5574150Z ##[endgroup]
Test (.NET on windows-latest)	UNKNOWN STEP	2026-05-03T12:40:48.5576354Z ##[group]Setting up auth
Test (.NET on windows-latest)	UNKNOWN STEP	2026-05-03T12:40:48.5590532Z [command]"C:\Program Files\Git\bin\git.exe" config --local --name-only --get-regexp core\.sshCommand
Test (.NET on windows-latest)	UNKNOWN STEP	2026-05-03T12:40:48.5979887Z [command]"C:\Program Files\Git\bin\git.exe" submodule foreach --recursive "sh -c \"git config --local --name-only --get-regexp 'core\.sshCommand' && git config --local --unset-all 'core.sshCommand' || :\""
Test (.NET on windows-latest)	UNKNOWN STEP	2026-05-03T12:40:49.6038470Z [command]"C:\Program Files\Git\bin\git.exe" config --local --name-only --get-regexp http\.https\:\/\/github\.com\/\.extraheader
Test (.NET on windows-latest)	UNKNOWN STEP	2026-05-03T12:40:49.6368976Z [command]"C:\Program Files\Git\bin\git.exe" submodule foreach --recursive "sh -c \"git config --local --name-only --get-regexp 'http\.https\:\/\/github\.com\/\.extraheader' && git config --local --unset-all 'http.https://github.com/.extraheader' || :\""
Test (.NET on windows-latest)	UNKNOWN STEP	2026-05-03T12:40:50.2025408Z [command]"C:\Program Files\Git\bin\git.exe" config --local --name-only --get-regexp ^includeIf\.gitdir:
Test (.NET on windows-latest)	UNKNOWN STEP	2026-05-03T12:40:50.2347071Z [command]"C:\Program Files\Git\bin\git.exe" submodule foreach --recursive "git config --local --show-origin --name-only --get-regexp remote.origin.url"
Test (.NET on windows-latest)	UNKNOWN STEP	2026-05-03T12:40:50.8067560Z [command]"C:\Program Files\Git\bin\git.exe" config --local http.https://github.com/.extraheader "AUTHORIZATION: basic ***"
Test (.NET on windows-latest)	UNKNOWN STEP	2026-05-03T12:40:50.8421087Z ##[endgroup]
Test (.NET on windows-latest)	UNKNOWN STEP	2026-05-03T12:40:50.8425449Z ##[group]Fetching the repository
Test (.NET on windows-latest)	UNKNOWN STEP	2026-05-03T12:40:50.8437713Z [command]"C:\Program Files\Git\bin\git.exe" -c protocol.version=2 fetch --no-tags --prune --no-recurse-submodules --depth=1 origin +1acc6f6f29f6cb775f021807a20cfe1e8f781ec1:refs/remotes/origin/main
Test (.NET on windows-latest)	UNKNOWN STEP	2026-05-03T12:40:51.5167237Z From https://github.com/link-foundation/lino-objects-codec
Test (.NET on windows-latest)	UNKNOWN STEP	2026-05-03T12:40:51.5168198Z  * [new ref]         1acc6f6f29f6cb775f021807a20cfe1e8f781ec1 -> origin/main
Test (.NET on windows-latest)	UNKNOWN STEP	2026-05-03T12:40:51.5419100Z ##[endgroup]
Test (.NET on windows-latest)	UNKNOWN STEP	2026-05-03T12:40:51.5419688Z ##[group]Determining the checkout info
Test (.NET on windows-latest)	UNKNOWN STEP	2026-05-03T12:40:51.5421063Z ##[endgroup]
Test (.NET on windows-latest)	UNKNOWN STEP	2026-05-03T12:40:51.5438045Z [command]"C:\Program Files\Git\bin\git.exe" sparse-checkout disable
Test (.NET on windows-latest)	UNKNOWN STEP	2026-05-03T12:40:51.5810621Z [command]"C:\Program Files\Git\bin\git.exe" config --local --unset-all extensions.worktreeConfig
Test (.NET on windows-latest)	UNKNOWN STEP	2026-05-03T12:40:51.6175509Z ##[group]Checking out the ref
Test (.NET on windows-latest)	UNKNOWN STEP	2026-05-03T12:40:51.6176861Z [command]"C:\Program Files\Git\bin\git.exe" checkout --progress --force -B main refs/remotes/origin/main
Test (.NET on windows-latest)	UNKNOWN STEP	2026-05-03T12:40:51.7076864Z Switched to a new branch 'main'
Test (.NET on windows-latest)	UNKNOWN STEP	2026-05-03T12:40:51.7093387Z branch 'main' set up to track 'origin/main'.
Test (.NET on windows-latest)	UNKNOWN STEP	2026-05-03T12:40:51.7158513Z ##[endgroup]
Test (.NET on windows-latest)	UNKNOWN STEP	2026-05-03T12:40:51.7500526Z [command]"C:\Program Files\Git\bin\git.exe" log -1 --format=%H
Test (.NET on windows-latest)	UNKNOWN STEP	2026-05-03T12:40:51.7797648Z 1acc6f6f29f6cb775f021807a20cfe1e8f781ec1
Test (.NET on windows-latest)	UNKNOWN STEP	2026-05-03T12:40:51.8320810Z ##[group]Run actions/setup-dotnet@v4
Test (.NET on windows-latest)	UNKNOWN STEP	2026-05-03T12:40:51.8321497Z with:
Test (.NET on windows-latest)	UNKNOWN STEP	2026-05-03T12:40:51.8321932Z   dotnet-version: 8.0.x
Test (.NET on windows-latest)	UNKNOWN STEP	2026-05-03T12:40:51.8322896Z   cache: false
Test (.NET on windows-latest)	UNKNOWN STEP	2026-05-03T12:40:51.8323618Z env:
Test (.NET on windows-latest)	UNKNOWN STEP	2026-05-03T12:40:51.8323992Z   DOTNET_NOLOGO: true
Test (.NET on windows-latest)	UNKNOWN STEP	2026-05-03T12:40:51.8324549Z   DOTNET_CLI_TELEMETRY_OPTOUT: true
Test (.NET on windows-latest)	UNKNOWN STEP	2026-05-03T12:40:51.8325094Z   DOTNET_SKIP_FIRST_TIME_EXPERIENCE: true
Test (.NET on windows-latest)	UNKNOWN STEP	2026-05-03T12:40:51.8325665Z ##[endgroup]
Test (.NET on windows-latest)	UNKNOWN STEP	2026-05-03T12:40:52.2525876Z [command]"C:\Program Files\PowerShell\7\pwsh.exe" -NoLogo -Sta -NoProfile -NonInteractive -ExecutionPolicy Unrestricted -Command & 'D:\a\_actions\actions\setup-dotnet\v4\externals\install-dotnet.ps1' -SkipNonVersionedFiles -Runtime dotnet -Channel LTS
Test (.NET on windows-latest)	UNKNOWN STEP	2026-05-03T12:41:00.0116990Z dotnet-install: Downloaded file https://builds.dotnet.microsoft.com/dotnet/Runtime/10.0.7/dotnet-runtime-10.0.7-win-x64.zip size is 36882144 bytes.
Test (.NET on windows-latest)	UNKNOWN STEP	2026-05-03T12:41:00.0121008Z dotnet-install: Either downloaded or local package size can not be measured. One of them may be corrupted.
Test (.NET on windows-latest)	UNKNOWN STEP	2026-05-03T12:41:00.0147162Z dotnet-install: Extracting the archive.
Test (.NET on windows-latest)	UNKNOWN STEP	2026-05-03T12:41:01.0106750Z dotnet-install: Note that the script does not ensure your Windows version is supported during the installation.
Test (.NET on windows-latest)	UNKNOWN STEP	2026-05-03T12:41:01.0113282Z dotnet-install: To check the list of supported versions, go to https://learn.microsoft.com/dotnet/core/install/windows#supported-versions
Test (.NET on windows-latest)	UNKNOWN STEP	2026-05-03T12:41:01.0119236Z dotnet-install: Installed version is 10.0.7
Test (.NET on windows-latest)	UNKNOWN STEP	2026-05-03T12:41:01.0125364Z dotnet-install: Installation finished
Test (.NET on windows-latest)	UNKNOWN STEP	2026-05-03T12:41:01.7563627Z [command]"C:\Program Files\PowerShell\7\pwsh.exe" -NoLogo -Sta -NoProfile -NonInteractive -ExecutionPolicy Unrestricted -Command & 'D:\a\_actions\actions\setup-dotnet\v4\externals\install-dotnet.ps1' -SkipNonVersionedFiles -Channel 8.0
Test (.NET on windows-latest)	UNKNOWN STEP	2026-05-03T12:41:08.6715676Z dotnet-install: Downloaded file https://builds.dotnet.microsoft.com/dotnet/Sdk/8.0.420/dotnet-sdk-8.0.420-win-x64.zip size is 285627496 bytes.
Test (.NET on windows-latest)	UNKNOWN STEP	2026-05-03T12:41:08.6722943Z dotnet-install: Either downloaded or local package size can not be measured. One of them may be corrupted.
Test (.NET on windows-latest)	UNKNOWN STEP	2026-05-03T12:41:08.6749485Z dotnet-install: Extracting the archive.
Test (.NET on windows-latest)	UNKNOWN STEP	2026-05-03T12:41:29.7150995Z dotnet-install: Note that the script does not ensure your Windows version is supported during the installation.
Test (.NET on windows-latest)	UNKNOWN STEP	2026-05-03T12:41:29.7155486Z dotnet-install: To check the list of supported versions, go to https://learn.microsoft.com/dotnet/core/install/windows#supported-versions
Test (.NET on windows-latest)	UNKNOWN STEP	2026-05-03T12:41:29.7162170Z dotnet-install: Installed version is 8.0.420
Test (.NET on windows-latest)	UNKNOWN STEP	2026-05-03T12:41:29.7168954Z dotnet-install: Installation finished
Test (.NET on windows-latest)	UNKNOWN STEP	2026-05-03T12:41:29.8152558Z ##[group]Run dotnet restore
Test (.NET on windows-latest)	UNKNOWN STEP	2026-05-03T12:41:29.8152907Z [36;1mdotnet restore[0m
Test (.NET on windows-latest)	UNKNOWN STEP	2026-05-03T12:41:29.8230153Z shell: C:\Program Files\PowerShell\7\pwsh.EXE -command ". '{0}'"
Test (.NET on windows-latest)	UNKNOWN STEP	2026-05-03T12:41:29.8230532Z env:
Test (.NET on windows-latest)	UNKNOWN STEP	2026-05-03T12:41:29.8230692Z   DOTNET_NOLOGO: true
Test (.NET on windows-latest)	UNKNOWN STEP	2026-05-03T12:41:29.8230900Z   DOTNET_CLI_TELEMETRY_OPTOUT: true
Test (.NET on windows-latest)	UNKNOWN STEP	2026-05-03T12:41:29.8231161Z   DOTNET_SKIP_FIRST_TIME_EXPERIENCE: true
Test (.NET on windows-latest)	UNKNOWN STEP	2026-05-03T12:41:29.8231414Z   DOTNET_ROOT: C:\Program Files\dotnet
Test (.NET on windows-latest)	UNKNOWN STEP	2026-05-03T12:41:29.8231642Z ##[endgroup]
Test (.NET on windows-latest)	UNKNOWN STEP	2026-05-03T12:41:43.9446428Z   Determining projects to restore...
Test (.NET on windows-latest)	UNKNOWN STEP	2026-05-03T12:41:50.6045619Z   Restored D:\a\lino-objects-codec\lino-objects-codec\csharp\src\Lino.Objects.Codec\Lino.Objects.Codec.csproj (in 5.85 sec).
Test (.NET on windows-latest)	UNKNOWN STEP	2026-05-03T12:41:51.6956131Z   Restored D:\a\lino-objects-codec\lino-objects-codec\csharp\tests\Lino.Objects.Codec.Tests\Lino.Objects.Codec.Tests.csproj (in 6.97 sec).
Test (.NET on windows-latest)	UNKNOWN STEP	2026-05-03T12:41:51.8661131Z ##[group]Run dotnet build --configuration Release --no-restore
Test (.NET on windows-latest)	UNKNOWN STEP	2026-05-03T12:41:51.8661668Z [36;1mdotnet build --configuration Release --no-restore[0m
Test (.NET on windows-latest)	UNKNOWN STEP	2026-05-03T12:41:51.8727898Z shell: C:\Program Files\PowerShell\7\pwsh.EXE -command ". '{0}'"
Test (.NET on windows-latest)	UNKNOWN STEP	2026-05-03T12:41:51.8728219Z env:
Test (.NET on windows-latest)	UNKNOWN STEP	2026-05-03T12:41:51.8728568Z   DOTNET_NOLOGO: true
Test (.NET on windows-latest)	UNKNOWN STEP	2026-05-03T12:41:51.8728767Z   DOTNET_CLI_TELEMETRY_OPTOUT: true
Test (.NET on windows-latest)	UNKNOWN STEP	2026-05-03T12:41:51.8729007Z   DOTNET_SKIP_FIRST_TIME_EXPERIENCE: true
Test (.NET on windows-latest)	UNKNOWN STEP	2026-05-03T12:41:51.8729253Z   DOTNET_ROOT: C:\Program Files\dotnet
Test (.NET on windows-latest)	UNKNOWN STEP	2026-05-03T12:41:51.8729473Z ##[endgroup]
Test (.NET on windows-latest)	UNKNOWN STEP	2026-05-03T12:41:59.6696835Z   Lino.Objects.Codec -> D:\a\lino-objects-codec\lino-objects-codec\csharp\src\Lino.Objects.Codec\bin\Release\net8.0\Lino.Objects.Codec.dll
Test (.NET on windows-latest)	UNKNOWN STEP	2026-05-03T12:42:00.7123205Z   Lino.Objects.Codec.Tests -> D:\a\lino-objects-codec\lino-objects-codec\csharp\tests\Lino.Objects.Codec.Tests\bin\Release\net8.0\Lino.Objects.Codec.Tests.dll
Test (.NET on windows-latest)	UNKNOWN STEP	2026-05-03T12:42:00.7422303Z 
Test (.NET on windows-latest)	UNKNOWN STEP	2026-05-03T12:42:00.7430753Z Build succeeded.
Test (.NET on windows-latest)	UNKNOWN STEP	2026-05-03T12:42:00.7436429Z     0 Warning(s)
Test (.NET on windows-latest)	UNKNOWN STEP	2026-05-03T12:42:00.7436721Z     0 Error(s)
Test (.NET on windows-latest)	UNKNOWN STEP	2026-05-03T12:42:00.7438071Z 
Test (.NET on windows-latest)	UNKNOWN STEP	2026-05-03T12:42:00.7438735Z Time Elapsed 00:00:08.33
Test (.NET on windows-latest)	UNKNOWN STEP	2026-05-03T12:42:00.9304111Z ##[group]Run dotnet test --configuration Release --no-build --verbosity normal --collect:"XPlat Code Coverage"
Test (.NET on windows-latest)	UNKNOWN STEP	2026-05-03T12:42:00.9304953Z [36;1mdotnet test --configuration Release --no-build --verbosity normal --collect:"XPlat Code Coverage"[0m
Test (.NET on windows-latest)	UNKNOWN STEP	2026-05-03T12:42:00.9370994Z shell: C:\Program Files\PowerShell\7\pwsh.EXE -command ". '{0}'"
Test (.NET on windows-latest)	UNKNOWN STEP	2026-05-03T12:42:00.9371328Z env:
Test (.NET on windows-latest)	UNKNOWN STEP	2026-05-03T12:42:00.9371488Z   DOTNET_NOLOGO: true
Test (.NET on windows-latest)	UNKNOWN STEP	2026-05-03T12:42:00.9372117Z   DOTNET_CLI_TELEMETRY_OPTOUT: true
Test (.NET on windows-latest)	UNKNOWN STEP	2026-05-03T12:42:00.9372373Z   DOTNET_SKIP_FIRST_TIME_EXPERIENCE: true
Test (.NET on windows-latest)	UNKNOWN STEP	2026-05-03T12:42:00.9372631Z   DOTNET_ROOT: C:\Program Files\dotnet
Test (.NET on windows-latest)	UNKNOWN STEP	2026-05-03T12:42:00.9372850Z ##[endgroup]
Test (.NET on windows-latest)	UNKNOWN STEP	2026-05-03T12:42:01.6280857Z Build started 5/3/2026 12:42:01 PM.
Test (.NET on windows-latest)	UNKNOWN STEP	2026-05-03T12:42:01.7794754Z      1>Project "D:\a\lino-objects-codec\lino-objects-codec\csharp\Lino.Objects.Codec.sln" on node 1 (VSTest target(s)).
Test (.NET on windows-latest)	UNKNOWN STEP	2026-05-03T12:42:01.7796006Z      1>ValidateSolutionConfiguration:
Test (.NET on windows-latest)	UNKNOWN STEP	2026-05-03T12:42:01.7796752Z          Building solution configuration "Release|Any CPU".
Test (.NET on windows-latest)	UNKNOWN STEP	2026-05-03T12:42:02.5125815Z Test run for D:\a\lino-objects-codec\lino-objects-codec\csharp\tests\Lino.Objects.Codec.Tests\bin\Release\net8.0\Lino.Objects.Codec.Tests.dll (.NETCoreApp,Version=v8.0)
Test (.NET on windows-latest)	UNKNOWN STEP	2026-05-03T12:42:03.1256901Z A total of 1 test files matched the specified pattern.
Test (.NET on windows-latest)	UNKNOWN STEP	2026-05-03T12:42:04.2158949Z [xUnit.net 00:00:00.00] xUnit.net VSTest Adapter v2.5.6+bf9b858c26 (64-bit .NET 8.0.26)
Test (.NET on windows-latest)	UNKNOWN STEP	2026-05-03T12:42:04.2692244Z [xUnit.net 00:00:00.07]   Discovering: Lino.Objects.Codec.Tests
Test (.NET on windows-latest)	UNKNOWN STEP	2026-05-03T12:42:04.3260473Z [xUnit.net 00:00:00.12]   Discovered:  Lino.Objects.Codec.Tests
Test (.NET on windows-latest)	UNKNOWN STEP	2026-05-03T12:42:04.3283453Z [xUnit.net 00:00:00.13]   Starting:    Lino.Objects.Codec.Tests
Test (.NET on windows-latest)	UNKNOWN STEP	2026-05-03T12:42:04.5217910Z   Passed Lino.Objects.Codec.Tests.StringTests.Encode_SimpleString_ReturnsString [19 ms]
Test (.NET on windows-latest)	UNKNOWN STEP	2026-05-03T12:42:04.5219374Z   Passed Lino.Objects.Codec.Tests.NullTypeTests.Roundtrip_Null_PreservesValue [82 ms]
Test (.NET on windows-latest)	UNKNOWN STEP	2026-05-03T12:42:04.5220567Z   Passed Lino.Objects.Codec.Tests.NullTypeTests.Encode_Null_ReturnsString [< 1 ms]
Test (.NET on windows-latest)	UNKNOWN STEP	2026-05-03T12:42:04.5221730Z   Passed Lino.Objects.Codec.Tests.NullTypeTests.Decode_EncodedNull_ReturnsNull [< 1 ms]
Test (.NET on windows-latest)	UNKNOWN STEP	2026-05-03T12:42:04.5223243Z   Passed Lino.Objects.Codec.Tests.StringTests.Roundtrip_StringWithQuotes_PreservesValue(value: "string with \"double quotes\"") [62 ms]
Test (.NET on windows-latest)	UNKNOWN STEP	2026-05-03T12:42:04.5224845Z   Passed Lino.Objects.Codec.Tests.ListTests.Roundtrip_NestedList_PreservesStructure [84 ms]
Test (.NET on windows-latest)	UNKNOWN STEP	2026-05-03T12:42:04.5226126Z   Passed Lino.Objects.Codec.Tests.DictTests.Roundtrip_DictWithListValue_PreservesStructure [84 ms]
Test (.NET on windows-latest)	UNKNOWN STEP	2026-05-03T12:42:04.5227730Z   Passed Lino.Objects.Codec.Tests.StringTests.Roundtrip_StringWithQuotes_PreservesValue(value: "string with \"both\" 'quotes'") [< 1 ms]
Test (.NET on windows-latest)	UNKNOWN STEP	2026-05-03T12:42:04.5229493Z   Passed Lino.Objects.Codec.Tests.StringTests.Roundtrip_StringWithQuotes_PreservesValue(value: "string with 'single quotes'") [< 1 ms]
Test (.NET on windows-latest)	UNKNOWN STEP	2026-05-03T12:42:04.5231245Z   Passed Lino.Objects.Codec.Tests.DictTests.Roundtrip_SimpleDict_PreservesValue [< 1 ms]
Test (.NET on windows-latest)	UNKNOWN STEP	2026-05-03T12:42:04.5232692Z   Passed Lino.Objects.Codec.Tests.StringTests.Roundtrip_String_PreservesValue(value: "tab\tseparated") [< 1 ms]
Test (.NET on windows-latest)	UNKNOWN STEP	2026-05-03T12:42:04.5234670Z   Passed Lino.Objects.Codec.Tests.StringTests.Roundtrip_String_PreservesValue(value: "hello world") [< 1 ms]
Test (.NET on windows-latest)	UNKNOWN STEP	2026-05-03T12:42:04.5236763Z   Passed Lino.Objects.Codec.Tests.StringTests.Roundtrip_String_PreservesValue(value: "hello") [< 1 ms]
Test (.NET on windows-latest)	UNKNOWN STEP	2026-05-03T12:42:04.5242447Z   Passed Lino.Objects.Codec.Tests.StringTests.Roundtrip_String_PreservesValue(value: "Hello, World!") [< 1 ms]
Test (.NET on windows-latest)	UNKNOWN STEP	2026-05-03T12:42:04.5243957Z   Passed Lino.Objects.Codec.Tests.StringTests.Roundtrip_String_PreservesValue(value: "special chars: @#$%^&*()") [< 1 ms]
Test (.NET on windows-latest)	UNKNOWN STEP	2026-05-03T12:42:04.5245354Z   Passed Lino.Objects.Codec.Tests.StringTests.Roundtrip_String_PreservesValue(value: "") [< 1 ms]
Test (.NET on windows-latest)	UNKNOWN STEP	2026-05-03T12:42:04.5246585Z   Passed Lino.Objects.Codec.Tests.DictTests.Decode_EncodedEmptyDict_ReturnsEmptyDict [< 1 ms]
Test (.NET on windows-latest)	UNKNOWN STEP	2026-05-03T12:42:04.5251885Z   Passed Lino.Objects.Codec.Tests.StringTests.Roundtrip_String_PreservesValue(value: "multi\nline\nstring") [< 1 ms]
Test (.NET on windows-latest)	UNKNOWN STEP	2026-05-03T12:42:04.5253268Z   Passed Lino.Objects.Codec.Tests.DictTests.Encode_EmptyDict_ReturnsString [< 1 ms]
Test (.NET on windows-latest)	UNKNOWN STEP	2026-05-03T12:42:04.5254628Z   Passed Lino.Objects.Codec.Tests.IntegerTests.Roundtrip_Integer_PreservesValue(value: -123456789) [< 1 ms]
Test (.NET on windows-latest)	UNKNOWN STEP	2026-05-03T12:42:04.5256721Z   Passed Lino.Objects.Codec.Tests.StringTests.Roundtrip_UnicodeString_PreservesValue [< 1 ms]
Test (.NET on windows-latest)	UNKNOWN STEP	2026-05-03T12:42:04.5257859Z   Passed Lino.Objects.Codec.Tests.IntegerTests.Roundtrip_Integer_PreservesValue(value: 0) [< 1 ms]
Test (.NET on windows-latest)	UNKNOWN STEP	2026-05-03T12:42:04.5258522Z   Passed Lino.Objects.Codec.Tests.IntegerTests.Roundtrip_Integer_PreservesValue(value: 1) [< 1 ms]
Test (.NET on windows-latest)	UNKNOWN STEP	2026-05-03T12:42:04.5259175Z   Passed Lino.Objects.Codec.Tests.IntegerTests.Roundtrip_Integer_PreservesValue(value: -1) [< 1 ms]
Test (.NET on windows-latest)	UNKNOWN STEP	2026-05-03T12:42:04.5259838Z   Passed Lino.Objects.Codec.Tests.IntegerTests.Roundtrip_Integer_PreservesValue(value: -42) [< 1 ms]
Test (.NET on windows-latest)	UNKNOWN STEP	2026-05-03T12:42:04.5260523Z   Passed Lino.Objects.Codec.Tests.IntegerTests.Roundtrip_Integer_PreservesValue(value: 42) [< 1 ms]
Test (.NET on windows-latest)	UNKNOWN STEP	2026-05-03T12:42:04.5261236Z   Passed Lino.Objects.Codec.Tests.IntegerTests.Roundtrip_Integer_PreservesValue(value: 123456789) [< 1 ms]
Test (.NET on windows-latest)	UNKNOWN STEP	2026-05-03T12:42:04.5261901Z   Passed Lino.Objects.Codec.Tests.ListTests.Decode_EncodedEmptyList_ReturnsEmptyList [3 ms]
Test (.NET on windows-latest)	UNKNOWN STEP	2026-05-03T12:42:04.5262546Z   Passed Lino.Objects.Codec.Tests.IntegerTests.Decode_EncodedInt_ReturnsCorrectValue(value: -42) [< 1 ms]
Test (.NET on windows-latest)	UNKNOWN STEP	2026-05-03T12:42:04.5263163Z   Passed Lino.Objects.Codec.Tests.ListTests.Encode_EmptyList_ReturnsString [< 1 ms]
Test (.NET on windows-latest)	UNKNOWN STEP	2026-05-03T12:42:04.5263776Z   Passed Lino.Objects.Codec.Tests.IntegerTests.Decode_EncodedInt_ReturnsCorrectValue(value: 0) [< 1 ms]
Test (.NET on windows-latest)	UNKNOWN STEP	2026-05-03T12:42:04.5264475Z   Passed Lino.Objects.Codec.Tests.IntegerTests.Decode_EncodedInt_ReturnsCorrectValue(value: 999999) [< 1 ms]
Test (.NET on windows-latest)	UNKNOWN STEP	2026-05-03T12:42:04.5265170Z   Passed Lino.Objects.Codec.Tests.IntegerTests.Decode_EncodedInt_ReturnsCorrectValue(value: 42) [< 1 ms]
Test (.NET on windows-latest)	UNKNOWN STEP	2026-05-03T12:42:04.5265778Z   Passed Lino.Objects.Codec.Tests.StringTests.Encode_EmptyString_ReturnsString [1 ms]
Test (.NET on windows-latest)	UNKNOWN STEP	2026-05-03T12:42:04.5266351Z   Passed Lino.Objects.Codec.Tests.IntegerTests.Encode_NegativeInt_ReturnsString [< 1 ms]
Test (.NET on windows-latest)	UNKNOWN STEP	2026-05-03T12:42:04.5266916Z   Passed Lino.Objects.Codec.Tests.IntegerTests.Encode_PositiveInt_ReturnsString [< 1 ms]
Test (.NET on windows-latest)	UNKNOWN STEP	2026-05-03T12:42:04.5267733Z   Passed Lino.Objects.Codec.Tests.StringTests.Decode_EncodedString_ReturnsCorrectValue [< 1 ms]
Test (.NET on windows-latest)	UNKNOWN STEP	2026-05-03T12:42:04.5268351Z   Passed Lino.Objects.Codec.Tests.IntegerTests.Encode_Zero_ReturnsString [< 1 ms]
Test (.NET on windows-latest)	UNKNOWN STEP	2026-05-03T12:42:04.5268999Z   Passed Lino.Objects.Codec.Tests.ComplexStructureTests.Roundtrip_ComplexNestedStructure_PreservesAllData [1 ms]
Test (.NET on windows-latest)	UNKNOWN STEP	2026-05-03T12:42:04.5269662Z   Passed Lino.Objects.Codec.Tests.FormatTests.ParseIndented_WithQuotes [5 ms]
Test (.NET on windows-latest)	UNKNOWN STEP	2026-05-03T12:42:04.5270244Z   Passed Lino.Objects.Codec.Tests.FormatTests.EscapeReference_StringWithSingleQuotes [< 1 ms]
Test (.NET on windows-latest)	UNKNOWN STEP	2026-05-03T12:42:04.5270849Z   Passed Lino.Objects.Codec.Tests.FormatTests.FormatIndented_WithNullValue [< 1 ms]
Test (.NET on windows-latest)	UNKNOWN STEP	2026-05-03T12:42:04.5271386Z   Passed Lino.Objects.Codec.Tests.FormatTests.FormatIndented_RequiresId [< 1 ms]
Test (.NET on windows-latest)	UNKNOWN STEP	2026-05-03T12:42:04.5273333Z   Passed Lino.Objects.Codec.Tests.FormatTests.EscapeReference_StringWithDoubleQuotes [< 1 ms]
Test (.NET on windows-latest)	UNKNOWN STEP	2026-05-03T12:42:04.5274369Z   Passed Lino.Objects.Codec.Tests.FormatTests.ParseIndented_EmptyLinesSkipped [< 1 ms]
Test (.NET on windows-latest)	UNKNOWN STEP	2026-05-03T12:42:04.5275367Z   Passed Lino.Objects.Codec.Tests.FormatTests.FormatIndentedOrdered_Basic [< 1 ms]
Test (.NET on windows-latest)	UNKNOWN STEP	2026-05-03T12:42:04.5312016Z   Passed Lino.Objects.Codec.Tests.FormatTests.RoundtripFormatIndented_Basic [< 1 ms]
Test (.NET on windows-latest)	UNKNOWN STEP	2026-05-03T12:42:04.5313185Z   Passed Lino.Objects.Codec.Tests.FloatTests.Roundtrip_Float_PreservesValue(value: 0.123456789) [11 ms]
Test (.NET on windows-latest)	UNKNOWN STEP	2026-05-03T12:42:04.5314320Z   Passed Lino.Objects.Codec.Tests.ListTests.Roundtrip_MixedTypeList_PreservesValues [13 ms]
Test (.NET on windows-latest)	UNKNOWN STEP	2026-05-03T12:42:04.5317344Z   Passed Lino.Objects.Codec.Tests.FloatTests.Roundtrip_Float_PreservesValue(value: 1) [< 1 ms]
Test (.NET on windows-latest)	UNKNOWN STEP	2026-05-03T12:42:04.5318867Z   Passed Lino.Objects.Codec.Tests.FloatTests.Roundtrip_Float_PreservesValue(value: -3.1400000000000001) [< 1 ms]
Test (.NET on windows-latest)	UNKNOWN STEP	2026-05-03T12:42:04.5320044Z   Passed Lino.Objects.Codec.Tests.ListTests.Roundtrip_SimpleList_PreservesValue [< 1 ms]
Test (.NET on windows-latest)	UNKNOWN STEP	2026-05-03T12:42:04.5321085Z   Passed Lino.Objects.Codec.Tests.FloatTests.Roundtrip_Float_PreservesValue(value: 0) [< 1 ms]
Test (.NET on windows-latest)	UNKNOWN STEP	2026-05-03T12:42:04.5343952Z   Passed Lino.Objects.Codec.Tests.FloatTests.Roundtrip_Float_PreservesValue(value: -1) [< 1 ms]
Test (.NET on windows-latest)	UNKNOWN STEP	2026-05-03T12:42:04.5345591Z   Passed Lino.Objects.Codec.Tests.FloatTests.Roundtrip_Float_PreservesValue(value: -999.99900000000002) [< 1 ms]
Test (.NET on windows-latest)	UNKNOWN STEP	2026-05-03T12:42:04.5347214Z   Passed Lino.Objects.Codec.Tests.FloatTests.Roundtrip_Float_PreservesValue(value: 3.1400000000000001) [< 1 ms]
Test (.NET on windows-latest)	UNKNOWN STEP	2026-05-03T12:42:04.5348340Z   Passed Lino.Objects.Codec.Tests.FloatTests.Roundtrip_NaN_PreservesValue [< 1 ms]
Test (.NET on windows-latest)	UNKNOWN STEP	2026-05-03T12:42:04.5349566Z   Passed Lino.Objects.Codec.Tests.CircularReferencesTests.Roundtrip_SelfReferencingDict_PreservesReference [< 1 ms]
Test (.NET on windows-latest)	UNKNOWN STEP	2026-05-03T12:42:04.5350749Z   Passed Lino.Objects.Codec.Tests.FloatTests.Encode_Float_ReturnsString [< 1 ms]
Test (.NET on windows-latest)	UNKNOWN STEP	2026-05-03T12:42:04.5351754Z   Passed Lino.Objects.Codec.Tests.FloatTests.Decode_EncodedFloat_ReturnsCorrectValue [< 1 ms]
Test (.NET on windows-latest)	UNKNOWN STEP	2026-05-03T12:42:04.5352866Z   Passed Lino.Objects.Codec.Tests.FloatTests.Roundtrip_NegativeInfinity_PreservesValue [< 1 ms]
Test (.NET on windows-latest)	UNKNOWN STEP	2026-05-03T12:42:04.5377681Z   Passed Lino.Objects.Codec.Tests.FloatTests.Roundtrip_PositiveInfinity_PreservesValue [< 1 ms]
Test (.NET on windows-latest)	UNKNOWN STEP	2026-05-03T12:42:04.5379134Z   Passed Lino.Objects.Codec.Tests.BooleanTests.Roundtrip_Boolean_PreservesValue(value: True) [< 1 ms]
Test (.NET on windows-latest)	UNKNOWN STEP	2026-05-03T12:42:04.5380363Z   Passed Lino.Objects.Codec.Tests.BooleanTests.Roundtrip_Boolean_PreservesValue(value: False) [< 1 ms]
Test (.NET on windows-latest)	UNKNOWN STEP	2026-05-03T12:42:04.5381484Z   Passed Lino.Objects.Codec.Tests.BooleanTests.Decode_EncodedTrue_ReturnsTrue [< 1 ms]
Test (.NET on windows-latest)	UNKNOWN STEP	2026-05-03T12:42:04.5382439Z   Passed Lino.Objects.Codec.Tests.BooleanTests.Encode_True_ReturnsString [< 1 ms]
Test (.NET on windows-latest)	UNKNOWN STEP	2026-05-03T12:42:04.5383433Z   Passed Lino.Objects.Codec.Tests.BooleanTests.Decode_EncodedFalse_ReturnsFalse [< 1 ms]
Test (.NET on windows-latest)	UNKNOWN STEP	2026-05-03T12:42:04.5384400Z   Passed Lino.Objects.Codec.Tests.BooleanTests.Encode_False_ReturnsString [< 1 ms]
Test (.NET on windows-latest)	UNKNOWN STEP	2026-05-03T12:42:04.5385299Z   Passed Lino.Objects.Codec.Tests.FormatTests.ParseIndented_Basic [7 ms]
Test (.NET on windows-latest)	UNKNOWN STEP	2026-05-03T12:42:04.5386492Z   Passed Lino.Objects.Codec.Tests.CircularReferencesTests.Roundtrip_ComplexCircularStructure_PreservesReferences [2 ms]
Test (.NET on windows-latest)	UNKNOWN STEP	2026-05-03T12:42:04.5411718Z   Passed Lino.Objects.Codec.Tests.FormatTests.RoundtripFormatIndented_WithQuotes [< 1 ms]
Test (.NET on windows-latest)	UNKNOWN STEP	2026-05-03T12:42:04.5413041Z   Passed Lino.Objects.Codec.Tests.FormatTests.ParseIndented_RequiresText [< 1 ms]
Test (.NET on windows-latest)	UNKNOWN STEP	2026-05-03T12:42:04.5414036Z   Passed Lino.Objects.Codec.Tests.FormatTests.EscapeReference_SimpleString [< 1 ms]
Test (.NET on windows-latest)	UNKNOWN STEP	2026-05-03T12:42:04.5415273Z   Passed Lino.Objects.Codec.Tests.CircularReferencesTests.Roundtrip_MutualReferenceLists_PreservesReferences [< 1 ms]
Test (.NET on windows-latest)	UNKNOWN STEP	2026-05-03T12:42:04.5416488Z   Passed Lino.Objects.Codec.Tests.FormatTests.ParseIndented_NullValue [< 1 ms]
Test (.NET on windows-latest)	UNKNOWN STEP	2026-05-03T12:42:04.5417493Z   Passed Lino.Objects.Codec.Tests.FormatTests.FormatIndentedOrdered_ValueWithQuotes [< 1 ms]
Test (.NET on windows-latest)	UNKNOWN STEP	2026-05-03T12:42:04.5418951Z   Passed Lino.Objects.Codec.Tests.FormatTests.FormatIndentedOrdered_CustomIndentation [< 1 ms]
Test (.NET on windows-latest)	UNKNOWN STEP	2026-05-03T12:42:04.5420387Z   Passed Lino.Objects.Codec.Tests.CircularReferencesTests.Roundtrip_DictWithMultipleReferencesToSameObject_PreservesIdentity [< 1 ms]
Test (.NET on windows-latest)	UNKNOWN STEP	2026-05-03T12:42:04.5450772Z [xUnit.net 00:00:00.34]   Finished:    Lino.Objects.Codec.Tests
Test (.NET on windows-latest)	UNKNOWN STEP	2026-05-03T12:42:04.8076724Z   Passed Lino.Objects.Codec.Tests.FormatTests.EscapeReference_StringWithSpaces [< 1 ms]
Test (.NET on windows-latest)	UNKNOWN STEP	2026-05-03T12:42:04.8077827Z   Passed Lino.Objects.Codec.Tests.FormatTests.UnescapeReference_DoubledQuotes [< 1 ms]
Test (.NET on windows-latest)	UNKNOWN STEP	2026-05-03T12:42:04.8078935Z   Passed Lino.Objects.Codec.Tests.DictTests.Roundtrip_MixedValueDict_PreservesValues [21 ms]
Test (.NET on windows-latest)	UNKNOWN STEP	2026-05-03T12:42:04.8080317Z   Passed Lino.Objects.Codec.Tests.DictTests.Roundtrip_NestedDict_PreservesStructure [< 1 ms]
Test (.NET on windows-latest)	UNKNOWN STEP	2026-05-03T12:42:04.8081866Z   Passed Lino.Objects.Codec.Tests.CircularReferencesTests.Roundtrip_DeeplyNestedCircularReference_PreservesReference [1 ms]
Test (.NET on windows-latest)	UNKNOWN STEP	2026-05-03T12:42:04.8083812Z   Passed Lino.Objects.Codec.Tests.CircularReferencesTests.Roundtrip_ListWithMultipleReferencesToSameObject_PreservesIdentity [< 1 ms]
Test (.NET on windows-latest)	UNKNOWN STEP	2026-05-03T12:42:04.8085417Z   Passed Lino.Objects.Codec.Tests.CircularReferencesTests.Roundtrip_MutualReferenceDicts_PreservesReferences [< 1 ms]
Test (.NET on windows-latest)	UNKNOWN STEP	2026-05-03T12:42:04.8086855Z   Passed Lino.Objects.Codec.Tests.CircularReferencesTests.Roundtrip_SelfReferencingList_PreservesReference [1 ms]
Test (.NET on windows-latest)	UNKNOWN STEP	2026-05-03T12:42:04.8195347Z 
Test (.NET on windows-latest)	UNKNOWN STEP	2026-05-03T12:42:04.8234806Z Test Run Successful.
Test (.NET on windows-latest)	UNKNOWN STEP	2026-05-03T12:42:04.8235133Z Total tests: 86
Test (.NET on windows-latest)	UNKNOWN STEP	2026-05-03T12:42:04.8235414Z      Passed: 86
Test (.NET on windows-latest)	UNKNOWN STEP	2026-05-03T12:42:04.8238674Z  Total time: 1.6941 Seconds
Test (.NET on windows-latest)	UNKNOWN STEP	2026-05-03T12:42:04.8575688Z      1>Done Building Project "D:\a\lino-objects-codec\lino-objects-codec\csharp\Lino.Objects.Codec.sln" (VSTest target(s)).
Test (.NET on windows-latest)	UNKNOWN STEP	2026-05-03T12:42:04.8676110Z 
Test (.NET on windows-latest)	UNKNOWN STEP	2026-05-03T12:42:04.8677047Z Build succeeded.
Test (.NET on windows-latest)	UNKNOWN STEP	2026-05-03T12:42:04.8677836Z     0 Warning(s)
Test (.NET on windows-latest)	UNKNOWN STEP	2026-05-03T12:42:04.8678360Z     0 Error(s)
Test (.NET on windows-latest)	UNKNOWN STEP	2026-05-03T12:42:04.8679405Z 
Test (.NET on windows-latest)	UNKNOWN STEP	2026-05-03T12:42:04.8679781Z Time Elapsed 00:00:03.24
Test (.NET on windows-latest)	UNKNOWN STEP	2026-05-03T12:42:05.0822429Z 
Test (.NET on windows-latest)	UNKNOWN STEP	2026-05-03T12:42:05.0830284Z Attachments:
Test (.NET on windows-latest)	UNKNOWN STEP	2026-05-03T12:42:05.0833619Z   D:\a\lino-objects-codec\lino-objects-codec\csharp\tests\Lino.Objects.Codec.Tests\TestResults\ef1b69e3-151c-4560-a4d4-7cc0def98524\coverage.cobertura.xml
Test (.NET on windows-latest)	UNKNOWN STEP	2026-05-03T12:42:05.2903493Z ##[group]Run dotnet run
Test (.NET on windows-latest)	UNKNOWN STEP	2026-05-03T12:42:05.2903919Z [36;1mdotnet run[0m
Test (.NET on windows-latest)	UNKNOWN STEP	2026-05-03T12:42:05.2976458Z shell: C:\Program Files\PowerShell\7\pwsh.EXE -command ". '{0}'"
Test (.NET on windows-latest)	UNKNOWN STEP	2026-05-03T12:42:05.2977062Z env:
Test (.NET on windows-latest)	UNKNOWN STEP	2026-05-03T12:42:05.2977243Z   DOTNET_NOLOGO: true
Test (.NET on windows-latest)	UNKNOWN STEP	2026-05-03T12:42:05.2977458Z   DOTNET_CLI_TELEMETRY_OPTOUT: true
Test (.NET on windows-latest)	UNKNOWN STEP	2026-05-03T12:42:05.2977701Z   DOTNET_SKIP_FIRST_TIME_EXPERIENCE: true
Test (.NET on windows-latest)	UNKNOWN STEP	2026-05-03T12:42:05.2977960Z   DOTNET_ROOT: C:\Program Files\dotnet
Test (.NET on windows-latest)	UNKNOWN STEP	2026-05-03T12:42:05.2978181Z ##[endgroup]
Test (.NET on windows-latest)	UNKNOWN STEP	2026-05-03T12:42:08.5900414Z === lino-objects-codec C# Basic Usage Example ===
Test (.NET on windows-latest)	UNKNOWN STEP	2026-05-03T12:42:08.5900878Z 
Test (.NET on windows-latest)	UNKNOWN STEP	2026-05-03T12:42:08.5901006Z 1. Basic Types:
Test (.NET on windows-latest)	UNKNOWN STEP	2026-05-03T12:42:08.6021571Z    null: (null)
Test (.NET on windows-latest)	UNKNOWN STEP	2026-05-03T12:42:08.6021981Z    bool (true): (bool True)
Test (.NET on windows-latest)	UNKNOWN STEP	2026-05-03T12:42:08.6022355Z    bool (false): (bool False)
Test (.NET on windows-latest)	UNKNOWN STEP	2026-05-03T12:42:08.6024492Z    int: (int 42)
Test (.NET on windows-latest)	UNKNOWN STEP	2026-05-03T12:42:08.6046509Z    double: (float 3.14)
Test (.NET on windows-latest)	UNKNOWN STEP	2026-05-03T12:42:08.6047645Z    string: (str SGVsbG8sIFdvcmxkIQ==)
Test (.NET on windows-latest)	UNKNOWN STEP	2026-05-03T12:42:08.6047943Z 
Test (.NET on windows-latest)	UNKNOWN STEP	2026-05-03T12:42:08.6048106Z 2. Dictionary Roundtrip:
Test (.NET on windows-latest)	UNKNOWN STEP	2026-05-03T12:42:08.6055483Z    Original: {name: Alice, age: 30, active: true}
Test (.NET on windows-latest)	UNKNOWN STEP	2026-05-03T12:42:08.6056298Z    Encoded: (dict ((str bmFtZQ==) (str QWxpY2U=)) ((str YWdl) (int 30)) ((str YWN0aXZl) (bool True)))
Test (.NET on windows-latest)	UNKNOWN STEP	2026-05-03T12:42:08.6927910Z    Decoded: {name: Alice, age: 30, active: True}
Test (.NET on windows-latest)	UNKNOWN STEP	2026-05-03T12:42:08.6928399Z 
Test (.NET on windows-latest)	UNKNOWN STEP	2026-05-03T12:42:08.6928562Z 3. List Encoding:
Test (.NET on windows-latest)	UNKNOWN STEP	2026-05-03T12:42:08.6929020Z    List: [1, 2, 3, "four", true]
Test (.NET on windows-latest)	UNKNOWN STEP	2026-05-03T12:42:08.6929709Z    Encoded: (list (int 1) (int 2) (int 3) (str Zm91cg==) (bool True))
Test (.NET on windows-latest)	UNKNOWN STEP	2026-05-03T12:42:08.6930922Z 
Test (.NET on windows-latest)	UNKNOWN STEP	2026-05-03T12:42:08.6931146Z 4. Nested Structure:
Test (.NET on windows-latest)	UNKNOWN STEP	2026-05-03T12:42:08.6932965Z    Encoded: (dict ((str dXNlcnM=) (list (dict ((str aWQ=) (int 1)) ((str bmFtZQ==) (str QWxpY2U=))) (dict ((str aWQ=) (int 2)) ((str bmFtZQ==) (str Qm9i))))) ((str bWV0YWRhdGE=) (dict ((str dmVyc2lvbg==) (int 1)) ((str Y291bnQ=) (int 2)))))
Test (.NET on windows-latest)	UNKNOWN STEP	2026-05-03T12:42:08.6934901Z 
Test (.NET on windows-latest)	UNKNOWN STEP	2026-05-03T12:42:08.6935161Z 5. Circular References:
Test (.NET on windows-latest)	UNKNOWN STEP	2026-05-03T12:42:08.6935774Z    Self-referencing list encoded: (obj_0: list obj_0)
Test (.NET on windows-latest)	UNKNOWN STEP	2026-05-03T12:42:08.6943381Z    Reference preserved after decode: True
Test (.NET on windows-latest)	UNKNOWN STEP	2026-05-03T12:42:08.6944051Z    Self-referencing dict encoded: (obj_0: dict ((str c2VsZg==) obj_0))
Test (.NET on windows-latest)	UNKNOWN STEP	2026-05-03T12:42:08.6944548Z 
Test (.NET on windows-latest)	UNKNOWN STEP	2026-05-03T12:42:08.6944701Z 6. Mutual References:
Test (.NET on windows-latest)	UNKNOWN STEP	2026-05-03T12:42:08.6951769Z    Two lists referencing each other:
Test (.NET on windows-latest)	UNKNOWN STEP	2026-05-03T12:42:08.6952209Z    (obj_0: list (int 1) (int 2) obj_1)
Test (.NET on windows-latest)	UNKNOWN STEP	2026-05-03T12:42:08.6952648Z (obj_1: list (int 3) (int 4) obj_0)
Test (.NET on windows-latest)	UNKNOWN STEP	2026-05-03T12:42:08.6960471Z    Circular reference preserved: True
Test (.NET on windows-latest)	UNKNOWN STEP	2026-05-03T12:42:08.6960833Z 
Test (.NET on windows-latest)	UNKNOWN STEP	2026-05-03T12:42:08.6960987Z 7. Special Float Values:
Test (.NET on windows-latest)	UNKNOWN STEP	2026-05-03T12:42:08.6961315Z    NaN: (float NaN)
Test (.NET on windows-latest)	UNKNOWN STEP	2026-05-03T12:42:08.6961610Z    Infinity: (float Infinity)
Test (.NET on windows-latest)	UNKNOWN STEP	2026-05-03T12:42:08.6961927Z    -Infinity: (float -Infinity)
Test (.NET on windows-latest)	UNKNOWN STEP	2026-05-03T12:42:08.6962083Z 
Test (.NET on windows-latest)	UNKNOWN STEP	2026-05-03T12:42:08.6962209Z === Example completed successfully! ===
Test (.NET on windows-latest)	UNKNOWN STEP	2026-05-03T12:42:08.8709324Z Post job cleanup.
Test (.NET on windows-latest)	UNKNOWN STEP	2026-05-03T12:42:09.1379775Z Post job cleanup.
Test (.NET on windows-latest)	UNKNOWN STEP	2026-05-03T12:42:09.4096005Z [command]"C:\Program Files\Git\bin\git.exe" version
Test (.NET on windows-latest)	UNKNOWN STEP	2026-05-03T12:42:09.4490706Z git version 2.53.0.windows.2
Test (.NET on windows-latest)	UNKNOWN STEP	2026-05-03T12:42:09.4587007Z Temporarily overriding HOME='D:\a\_temp\905de19c-97a4-46e5-b38b-1ac85077b7df' before making global git config changes
Test (.NET on windows-latest)	UNKNOWN STEP	2026-05-03T12:42:09.4588463Z Adding repository directory to the temporary git global config as a safe directory
Test (.NET on windows-latest)	UNKNOWN STEP	2026-05-03T12:42:09.4602963Z [command]"C:\Program Files\Git\bin\git.exe" config --global --add safe.directory D:\a\lino-objects-codec\lino-objects-codec
Test (.NET on windows-latest)	UNKNOWN STEP	2026-05-03T12:42:09.4954535Z [command]"C:\Program Files\Git\bin\git.exe" config --local --name-only --get-regexp core\.sshCommand
Test (.NET on windows-latest)	UNKNOWN STEP	2026-05-03T12:42:09.5269260Z [command]"C:\Program Files\Git\bin\git.exe" submodule foreach --recursive "sh -c \"git config --local --name-only --get-regexp 'core\.sshCommand' && git config --local --unset-all 'core.sshCommand' || :\""
Test (.NET on windows-latest)	UNKNOWN STEP	2026-05-03T12:42:10.1201748Z [command]"C:\Program Files\Git\bin\git.exe" config --local --name-only --get-regexp http\.https\:\/\/github\.com\/\.extraheader
Test (.NET on windows-latest)	UNKNOWN STEP	2026-05-03T12:42:10.1480210Z http.https://github.com/.extraheader
Test (.NET on windows-latest)	UNKNOWN STEP	2026-05-03T12:42:10.1532151Z [command]"C:\Program Files\Git\bin\git.exe" config --local --unset-all http.https://github.com/.extraheader
Test (.NET on windows-latest)	UNKNOWN STEP	2026-05-03T12:42:10.1872339Z [command]"C:\Program Files\Git\bin\git.exe" submodule foreach --recursive "sh -c \"git config --local --name-only --get-regexp 'http\.https\:\/\/github\.com\/\.extraheader' && git config --local --unset-all 'http.https://github.com/.extraheader' || :\""
Test (.NET on windows-latest)	UNKNOWN STEP	2026-05-03T12:42:10.7527898Z [command]"C:\Program Files\Git\bin\git.exe" config --local --name-only --get-regexp ^includeIf\.gitdir:
Test (.NET on windows-latest)	UNKNOWN STEP	2026-05-03T12:42:10.7864639Z [command]"C:\Program Files\Git\bin\git.exe" submodule foreach --recursive "git config --local --show-origin --name-only --get-regexp remote.origin.url"
Test (.NET on windows-latest)	UNKNOWN STEP	2026-05-03T12:42:11.3620926Z Cleaning up orphan processes
Test (.NET on windows-latest)	UNKNOWN STEP	2026-05-03T12:42:11.4024181Z Terminate orphan process: pid (9728) (dotnet)
Test (.NET on windows-latest)	UNKNOWN STEP	2026-05-03T12:42:11.4105325Z Terminate orphan process: pid (9372) (conhost)
Test (.NET on windows-latest)	UNKNOWN STEP	2026-05-03T12:42:11.4243302Z Terminate orphan process: pid (8852) (VBCSCompiler)
Test (.NET on windows-latest)	UNKNOWN STEP	2026-05-03T12:42:11.4322412Z Terminate orphan process: pid (10108) (conhost)
Test (.NET on windows-latest)	UNKNOWN STEP	2026-05-03T12:42:11.4340883Z ##[warning]Node.js 20 actions are deprecated. The following actions are running on Node.js 20 and may not work as expected: actions/checkout@v4, actions/setup-dotnet@v4. Actions will be forced to run with Node.js 24 by default starting June 2nd, 2026. Node.js 20 will be removed from the runner on September 16th, 2026. Please check if updated versions of these actions are available that support Node.js 24. To opt into Node.js 24 now, set the FORCE_JAVASCRIPT_ACTIONS_TO_NODE24=true environment variable on the runner or in your workflow file. Once Node.js 24 becomes the default, you can temporarily opt out by setting ACTIONS_ALLOW_USE_UNSECURE_NODE_VERSION=true. For more information see: https://github.blog/changelog/2025-09-19-deprecation-of-node-20-on-github-actions-runners/
Test (.NET on ubuntu-latest)	UNKNOWN STEP	﻿2026-05-03T12:40:46.1971532Z Current runner version: '2.334.0'
Test (.NET on ubuntu-latest)	UNKNOWN STEP	2026-05-03T12:40:46.1995818Z ##[group]Runner Image Provisioner
Test (.NET on ubuntu-latest)	UNKNOWN STEP	2026-05-03T12:40:46.1996595Z Hosted Compute Agent
Test (.NET on ubuntu-latest)	UNKNOWN STEP	2026-05-03T12:40:46.1997061Z Version: 20260213.493
Test (.NET on ubuntu-latest)	UNKNOWN STEP	2026-05-03T12:40:46.1997600Z Commit: 5c115507f6dd24b8de37d8bbe0bb4509d0cc0fa3
Test (.NET on ubuntu-latest)	UNKNOWN STEP	2026-05-03T12:40:46.1998272Z Build Date: 2026-02-13T00:28:41Z
Test (.NET on ubuntu-latest)	UNKNOWN STEP	2026-05-03T12:40:46.1998841Z Worker ID: {aec809ac-b66f-44cd-b84c-8b52d4f54554}
Test (.NET on ubuntu-latest)	UNKNOWN STEP	2026-05-03T12:40:46.1999456Z Azure Region: northcentralus
Test (.NET on ubuntu-latest)	UNKNOWN STEP	2026-05-03T12:40:46.2000586Z ##[endgroup]
Test (.NET on ubuntu-latest)	UNKNOWN STEP	2026-05-03T12:40:46.2002113Z ##[group]Operating System
Test (.NET on ubuntu-latest)	UNKNOWN STEP	2026-05-03T12:40:46.2002616Z Ubuntu
Test (.NET on ubuntu-latest)	UNKNOWN STEP	2026-05-03T12:40:46.2003035Z 24.04.4
Test (.NET on ubuntu-latest)	UNKNOWN STEP	2026-05-03T12:40:46.2003460Z LTS
Test (.NET on ubuntu-latest)	UNKNOWN STEP	2026-05-03T12:40:46.2003858Z ##[endgroup]
Test (.NET on ubuntu-latest)	UNKNOWN STEP	2026-05-03T12:40:46.2004257Z ##[group]Runner Image
Test (.NET on ubuntu-latest)	UNKNOWN STEP	2026-05-03T12:40:46.2005066Z Image: ubuntu-24.04
Test (.NET on ubuntu-latest)	UNKNOWN STEP	2026-05-03T12:40:46.2005624Z Version: 20260413.86.1
Test (.NET on ubuntu-latest)	UNKNOWN STEP	2026-05-03T12:40:46.2006740Z Included Software: https://github.com/actions/runner-images/blob/ubuntu24/20260413.86/images/ubuntu/Ubuntu2404-Readme.md
Test (.NET on ubuntu-latest)	UNKNOWN STEP	2026-05-03T12:40:46.2007967Z Image Release: https://github.com/actions/runner-images/releases/tag/ubuntu24%2F20260413.86
Test (.NET on ubuntu-latest)	UNKNOWN STEP	2026-05-03T12:40:46.2008739Z ##[endgroup]
Test (.NET on ubuntu-latest)	UNKNOWN STEP	2026-05-03T12:40:46.2011213Z ##[group]GITHUB_TOKEN Permissions
Test (.NET on ubuntu-latest)	UNKNOWN STEP	2026-05-03T12:40:46.2014140Z Actions: write
Test (.NET on ubuntu-latest)	UNKNOWN STEP	2026-05-03T12:40:46.2014921Z ArtifactMetadata: write
Test (.NET on ubuntu-latest)	UNKNOWN STEP	2026-05-03T12:40:46.2015466Z Attestations: write
Test (.NET on ubuntu-latest)	UNKNOWN STEP	2026-05-03T12:40:46.2015917Z Checks: write
Test (.NET on ubuntu-latest)	UNKNOWN STEP	2026-05-03T12:40:46.2016342Z Contents: write
Test (.NET on ubuntu-latest)	UNKNOWN STEP	2026-05-03T12:40:46.2016830Z Deployments: write
Test (.NET on ubuntu-latest)	UNKNOWN STEP	2026-05-03T12:40:46.2017291Z Discussions: write
Test (.NET on ubuntu-latest)	UNKNOWN STEP	2026-05-03T12:40:46.2017770Z Issues: write
Test (.NET on ubuntu-latest)	UNKNOWN STEP	2026-05-03T12:40:46.2018192Z Metadata: read
Test (.NET on ubuntu-latest)	UNKNOWN STEP	2026-05-03T12:40:46.2018629Z Models: read
Test (.NET on ubuntu-latest)	UNKNOWN STEP	2026-05-03T12:40:46.2019026Z Packages: write
Test (.NET on ubuntu-latest)	UNKNOWN STEP	2026-05-03T12:40:46.2019512Z Pages: write
Test (.NET on ubuntu-latest)	UNKNOWN STEP	2026-05-03T12:40:46.2020074Z PullRequests: write
Test (.NET on ubuntu-latest)	UNKNOWN STEP	2026-05-03T12:40:46.2020503Z RepositoryProjects: write
Test (.NET on ubuntu-latest)	UNKNOWN STEP	2026-05-03T12:40:46.2021056Z SecurityEvents: write
Test (.NET on ubuntu-latest)	UNKNOWN STEP	2026-05-03T12:40:46.2021494Z Statuses: write
Test (.NET on ubuntu-latest)	UNKNOWN STEP	2026-05-03T12:40:46.2021971Z VulnerabilityAlerts: read
Test (.NET on ubuntu-latest)	UNKNOWN STEP	2026-05-03T12:40:46.2022479Z ##[endgroup]
Test (.NET on ubuntu-latest)	UNKNOWN STEP	2026-05-03T12:40:46.2024776Z Secret source: Actions
Test (.NET on ubuntu-latest)	UNKNOWN STEP	2026-05-03T12:40:46.2025599Z Prepare workflow directory
Test (.NET on ubuntu-latest)	UNKNOWN STEP	2026-05-03T12:40:46.2400074Z Prepare all required actions
Test (.NET on ubuntu-latest)	UNKNOWN STEP	2026-05-03T12:40:46.2439333Z Getting action download info
Test (.NET on ubuntu-latest)	UNKNOWN STEP	2026-05-03T12:40:46.6023009Z Download action repository 'actions/checkout@v4' (SHA:34e114876b0b11c390a56381ad16ebd13914f8d5)
Test (.NET on ubuntu-latest)	UNKNOWN STEP	2026-05-03T12:40:46.7243647Z Download action repository 'actions/setup-dotnet@v4' (SHA:67a3573c9a986a3f9c594539f4ab511d57bb3ce9)
Test (.NET on ubuntu-latest)	UNKNOWN STEP	2026-05-03T12:40:47.1987482Z Download action repository 'codecov/codecov-action@v4' (SHA:b9fd7d16f6d7d1b5d2bec1a2887e65ceed900238)
Test (.NET on ubuntu-latest)	UNKNOWN STEP	2026-05-03T12:40:47.6671074Z Complete job name: Test (.NET on ubuntu-latest)
Test (.NET on ubuntu-latest)	UNKNOWN STEP	2026-05-03T12:40:47.7560831Z ##[group]Run actions/checkout@v4
Test (.NET on ubuntu-latest)	UNKNOWN STEP	2026-05-03T12:40:47.7562071Z with:
Test (.NET on ubuntu-latest)	UNKNOWN STEP	2026-05-03T12:40:47.7562907Z   repository: link-foundation/lino-objects-codec
Test (.NET on ubuntu-latest)	UNKNOWN STEP	2026-05-03T12:40:47.7564290Z   token: ***
Test (.NET on ubuntu-latest)	UNKNOWN STEP	2026-05-03T12:40:47.7565220Z   ssh-strict: true
Test (.NET on ubuntu-latest)	UNKNOWN STEP	2026-05-03T12:40:47.7565956Z   ssh-user: git
Test (.NET on ubuntu-latest)	UNKNOWN STEP	2026-05-03T12:40:47.7566743Z   persist-credentials: true
Test (.NET on ubuntu-latest)	UNKNOWN STEP	2026-05-03T12:40:47.7567578Z   clean: true
Test (.NET on ubuntu-latest)	UNKNOWN STEP	2026-05-03T12:40:47.7568323Z   sparse-checkout-cone-mode: true
Test (.NET on ubuntu-latest)	UNKNOWN STEP	2026-05-03T12:40:47.7569223Z   fetch-depth: 1
Test (.NET on ubuntu-latest)	UNKNOWN STEP	2026-05-03T12:40:47.7569966Z   fetch-tags: false
Test (.NET on ubuntu-latest)	UNKNOWN STEP	2026-05-03T12:40:47.7570717Z   show-progress: true
Test (.NET on ubuntu-latest)	UNKNOWN STEP	2026-05-03T12:40:47.7571488Z   lfs: false
Test (.NET on ubuntu-latest)	UNKNOWN STEP	2026-05-03T12:40:47.7572190Z   submodules: false
Test (.NET on ubuntu-latest)	UNKNOWN STEP	2026-05-03T12:40:47.7572957Z   set-safe-directory: true
Test (.NET on ubuntu-latest)	UNKNOWN STEP	2026-05-03T12:40:47.7574023Z env:
Test (.NET on ubuntu-latest)	UNKNOWN STEP	2026-05-03T12:40:47.7574960Z   DOTNET_NOLOGO: true
Test (.NET on ubuntu-latest)	UNKNOWN STEP	2026-05-03T12:40:47.7575770Z   DOTNET_CLI_TELEMETRY_OPTOUT: true
Test (.NET on ubuntu-latest)	UNKNOWN STEP	2026-05-03T12:40:47.7576759Z   DOTNET_SKIP_FIRST_TIME_EXPERIENCE: true
Test (.NET on ubuntu-latest)	UNKNOWN STEP	2026-05-03T12:40:47.7577756Z ##[endgroup]
Test (.NET on ubuntu-latest)	UNKNOWN STEP	2026-05-03T12:40:47.8661164Z Syncing repository: link-foundation/lino-objects-codec
Test (.NET on ubuntu-latest)	UNKNOWN STEP	2026-05-03T12:40:47.8663720Z ##[group]Getting Git version info
Test (.NET on ubuntu-latest)	UNKNOWN STEP	2026-05-03T12:40:47.8665376Z Working directory is '/home/runner/work/lino-objects-codec/lino-objects-codec'
Test (.NET on ubuntu-latest)	UNKNOWN STEP	2026-05-03T12:40:47.8667326Z [command]/usr/bin/git version
Test (.NET on ubuntu-latest)	UNKNOWN STEP	2026-05-03T12:40:47.8688030Z git version 2.53.0
Test (.NET on ubuntu-latest)	UNKNOWN STEP	2026-05-03T12:40:47.8710584Z ##[endgroup]
Test (.NET on ubuntu-latest)	UNKNOWN STEP	2026-05-03T12:40:47.8723361Z Temporarily overriding HOME='/home/runner/work/_temp/7d1a5d28-b2fe-42f5-81f3-6ffc5259fd60' before making global git config changes
Test (.NET on ubuntu-latest)	UNKNOWN STEP	2026-05-03T12:40:47.8725993Z Adding repository directory to the temporary git global config as a safe directory
Test (.NET on ubuntu-latest)	UNKNOWN STEP	2026-05-03T12:40:47.8728818Z [command]/usr/bin/git config --global --add safe.directory /home/runner/work/lino-objects-codec/lino-objects-codec
Test (.NET on ubuntu-latest)	UNKNOWN STEP	2026-05-03T12:40:47.8755044Z Deleting the contents of '/home/runner/work/lino-objects-codec/lino-objects-codec'
Test (.NET on ubuntu-latest)	UNKNOWN STEP	2026-05-03T12:40:47.8758067Z ##[group]Initializing the repository
Test (.NET on ubuntu-latest)	UNKNOWN STEP	2026-05-03T12:40:47.8762191Z [command]/usr/bin/git init /home/runner/work/lino-objects-codec/lino-objects-codec
Test (.NET on ubuntu-latest)	UNKNOWN STEP	2026-05-03T12:40:47.8828843Z hint: Using 'master' as the name for the initial branch. This default branch name
Test (.NET on ubuntu-latest)	UNKNOWN STEP	2026-05-03T12:40:47.8830584Z hint: will change to "main" in Git 3.0. To configure the initial branch name
Test (.NET on ubuntu-latest)	UNKNOWN STEP	2026-05-03T12:40:47.8832674Z hint: to use in all of your new repositories, which will suppress this warning,
Test (.NET on ubuntu-latest)	UNKNOWN STEP	2026-05-03T12:40:47.8834088Z hint: call:
Test (.NET on ubuntu-latest)	UNKNOWN STEP	2026-05-03T12:40:47.8835016Z hint:
Test (.NET on ubuntu-latest)	UNKNOWN STEP	2026-05-03T12:40:47.8836106Z hint: 	git config --global init.defaultBranch <name>
Test (.NET on ubuntu-latest)	UNKNOWN STEP	2026-05-03T12:40:47.8837137Z hint:
Test (.NET on ubuntu-latest)	UNKNOWN STEP	2026-05-03T12:40:47.8838110Z hint: Names commonly chosen instead of 'master' are 'main', 'trunk' and
Test (.NET on ubuntu-latest)	UNKNOWN STEP	2026-05-03T12:40:47.8840012Z hint: 'development'. The just-created branch can be renamed via this command:
Test (.NET on ubuntu-latest)	UNKNOWN STEP	2026-05-03T12:40:47.8841275Z hint:
Test (.NET on ubuntu-latest)	UNKNOWN STEP	2026-05-03T12:40:47.8841979Z hint: 	git branch -m <name>
Test (.NET on ubuntu-latest)	UNKNOWN STEP	2026-05-03T12:40:47.8842766Z hint:
Test (.NET on ubuntu-latest)	UNKNOWN STEP	2026-05-03T12:40:47.8844032Z hint: Disable this message with "git config set advice.defaultBranchName false"
Test (.NET on ubuntu-latest)	UNKNOWN STEP	2026-05-03T12:40:47.8846236Z Initialized empty Git repository in /home/runner/work/lino-objects-codec/lino-objects-codec/.git/
Test (.NET on ubuntu-latest)	UNKNOWN STEP	2026-05-03T12:40:47.8849427Z [command]/usr/bin/git remote add origin https://github.com/link-foundation/lino-objects-codec
Test (.NET on ubuntu-latest)	UNKNOWN STEP	2026-05-03T12:40:47.8865832Z ##[endgroup]
Test (.NET on ubuntu-latest)	UNKNOWN STEP	2026-05-03T12:40:47.8867108Z ##[group]Disabling automatic garbage collection
Test (.NET on ubuntu-latest)	UNKNOWN STEP	2026-05-03T12:40:47.8869510Z [command]/usr/bin/git config --local gc.auto 0
Test (.NET on ubuntu-latest)	UNKNOWN STEP	2026-05-03T12:40:47.8894547Z ##[endgroup]
Test (.NET on ubuntu-latest)	UNKNOWN STEP	2026-05-03T12:40:47.8896894Z ##[group]Setting up auth
Test (.NET on ubuntu-latest)	UNKNOWN STEP	2026-05-03T12:40:47.8902729Z [command]/usr/bin/git config --local --name-only --get-regexp core\.sshCommand
Test (.NET on ubuntu-latest)	UNKNOWN STEP	2026-05-03T12:40:47.8930393Z [command]/usr/bin/git submodule foreach --recursive sh -c "git config --local --name-only --get-regexp 'core\.sshCommand' && git config --local --unset-all 'core.sshCommand' || :"
Test (.NET on ubuntu-latest)	UNKNOWN STEP	2026-05-03T12:40:47.9162250Z [command]/usr/bin/git config --local --name-only --get-regexp http\.https\:\/\/github\.com\/\.extraheader
Test (.NET on ubuntu-latest)	UNKNOWN STEP	2026-05-03T12:40:47.9187798Z [command]/usr/bin/git submodule foreach --recursive sh -c "git config --local --name-only --get-regexp 'http\.https\:\/\/github\.com\/\.extraheader' && git config --local --unset-all 'http.https://github.com/.extraheader' || :"
Test (.NET on ubuntu-latest)	UNKNOWN STEP	2026-05-03T12:40:47.9357444Z [command]/usr/bin/git config --local --name-only --get-regexp ^includeIf\.gitdir:
Test (.NET on ubuntu-latest)	UNKNOWN STEP	2026-05-03T12:40:47.9392102Z [command]/usr/bin/git submodule foreach --recursive git config --local --show-origin --name-only --get-regexp remote.origin.url
Test (.NET on ubuntu-latest)	UNKNOWN STEP	2026-05-03T12:40:47.9566067Z [command]/usr/bin/git config --local http.https://github.com/.extraheader AUTHORIZATION: basic ***
Test (.NET on ubuntu-latest)	UNKNOWN STEP	2026-05-03T12:40:47.9596884Z ##[endgroup]
Test (.NET on ubuntu-latest)	UNKNOWN STEP	2026-05-03T12:40:47.9599908Z ##[group]Fetching the repository
Test (.NET on ubuntu-latest)	UNKNOWN STEP	2026-05-03T12:40:47.9607283Z [command]/usr/bin/git -c protocol.version=2 fetch --no-tags --prune --no-recurse-submodules --depth=1 origin +1acc6f6f29f6cb775f021807a20cfe1e8f781ec1:refs/remotes/origin/main
Test (.NET on ubuntu-latest)	UNKNOWN STEP	2026-05-03T12:40:48.3295847Z From https://github.com/link-foundation/lino-objects-codec
Test (.NET on ubuntu-latest)	UNKNOWN STEP	2026-05-03T12:40:48.3297169Z  * [new ref]         1acc6f6f29f6cb775f021807a20cfe1e8f781ec1 -> origin/main
Test (.NET on ubuntu-latest)	UNKNOWN STEP	2026-05-03T12:40:48.3318854Z ##[endgroup]
Test (.NET on ubuntu-latest)	UNKNOWN STEP	2026-05-03T12:40:48.3320154Z ##[group]Determining the checkout info
Test (.NET on ubuntu-latest)	UNKNOWN STEP	2026-05-03T12:40:48.3321387Z ##[endgroup]
Test (.NET on ubuntu-latest)	UNKNOWN STEP	2026-05-03T12:40:48.3325345Z [command]/usr/bin/git sparse-checkout disable
Test (.NET on ubuntu-latest)	UNKNOWN STEP	2026-05-03T12:40:48.3357857Z [command]/usr/bin/git config --local --unset-all extensions.worktreeConfig
Test (.NET on ubuntu-latest)	UNKNOWN STEP	2026-05-03T12:40:48.3380633Z ##[group]Checking out the ref
Test (.NET on ubuntu-latest)	UNKNOWN STEP	2026-05-03T12:40:48.3384950Z [command]/usr/bin/git checkout --progress --force -B main refs/remotes/origin/main
Test (.NET on ubuntu-latest)	UNKNOWN STEP	2026-05-03T12:40:48.3488742Z Switched to a new branch 'main'
Test (.NET on ubuntu-latest)	UNKNOWN STEP	2026-05-03T12:40:48.3490069Z branch 'main' set up to track 'origin/main'.
Test (.NET on ubuntu-latest)	UNKNOWN STEP	2026-05-03T12:40:48.3495124Z ##[endgroup]
Test (.NET on ubuntu-latest)	UNKNOWN STEP	2026-05-03T12:40:48.3522515Z [command]/usr/bin/git log -1 --format=%H
Test (.NET on ubuntu-latest)	UNKNOWN STEP	2026-05-03T12:40:48.3541086Z 1acc6f6f29f6cb775f021807a20cfe1e8f781ec1
Test (.NET on ubuntu-latest)	UNKNOWN STEP	2026-05-03T12:40:48.3775111Z ##[group]Run actions/setup-dotnet@v4
Test (.NET on ubuntu-latest)	UNKNOWN STEP	2026-05-03T12:40:48.3775879Z with:
Test (.NET on ubuntu-latest)	UNKNOWN STEP	2026-05-03T12:40:48.3776427Z   dotnet-version: 8.0.x
Test (.NET on ubuntu-latest)	UNKNOWN STEP	2026-05-03T12:40:48.3777065Z   cache: false
Test (.NET on ubuntu-latest)	UNKNOWN STEP	2026-05-03T12:40:48.3777610Z env:
Test (.NET on ubuntu-latest)	UNKNOWN STEP	2026-05-03T12:40:48.3778141Z   DOTNET_NOLOGO: true
Test (.NET on ubuntu-latest)	UNKNOWN STEP	2026-05-03T12:40:48.3778788Z   DOTNET_CLI_TELEMETRY_OPTOUT: true
Test (.NET on ubuntu-latest)	UNKNOWN STEP	2026-05-03T12:40:48.3779600Z   DOTNET_SKIP_FIRST_TIME_EXPERIENCE: true
Test (.NET on ubuntu-latest)	UNKNOWN STEP	2026-05-03T12:40:48.3780339Z ##[endgroup]
Test (.NET on ubuntu-latest)	UNKNOWN STEP	2026-05-03T12:40:48.5466095Z [command]/home/runner/work/_actions/actions/setup-dotnet/v4/externals/install-dotnet.sh --skip-non-versioned-files --runtime dotnet --channel LTS
Test (.NET on ubuntu-latest)	UNKNOWN STEP	2026-05-03T12:40:48.8245807Z dotnet-install: Attempting to download using aka.ms link https://builds.dotnet.microsoft.com/dotnet/Runtime/10.0.7/dotnet-runtime-10.0.7-linux-x64.tar.gz
Test (.NET on ubuntu-latest)	UNKNOWN STEP	2026-05-03T12:40:49.0344360Z dotnet-install: Remote file https://builds.dotnet.microsoft.com/dotnet/Runtime/10.0.7/dotnet-runtime-10.0.7-linux-x64.tar.gz size is 36689672 bytes.
Test (.NET on ubuntu-latest)	UNKNOWN STEP	2026-05-03T12:40:49.0349583Z dotnet-install: Extracting archive from https://builds.dotnet.microsoft.com/dotnet/Runtime/10.0.7/dotnet-runtime-10.0.7-linux-x64.tar.gz
Test (.NET on ubuntu-latest)	UNKNOWN STEP	2026-05-03T12:40:49.7128085Z dotnet-install: Downloaded file size is 36689672 bytes.
Test (.NET on ubuntu-latest)	UNKNOWN STEP	2026-05-03T12:40:49.7128818Z dotnet-install: The remote and local file sizes are equal.
Test (.NET on ubuntu-latest)	UNKNOWN STEP	2026-05-03T12:40:49.7314487Z dotnet-install: Installed version is 10.0.7
Test (.NET on ubuntu-latest)	UNKNOWN STEP	2026-05-03T12:40:49.7368276Z dotnet-install: Adding to current process PATH: `/usr/share/dotnet`. Note: This change will be visible only when sourcing script.
Test (.NET on ubuntu-latest)	UNKNOWN STEP	2026-05-03T12:40:49.7370336Z dotnet-install: Note that the script does not resolve dependencies during installation.
Test (.NET on ubuntu-latest)	UNKNOWN STEP	2026-05-03T12:40:49.7371225Z dotnet-install: To check the list of dependencies, go to https://learn.microsoft.com/dotnet/core/install, select your operating system and check the "Dependencies" section.
Test (.NET on ubuntu-latest)	UNKNOWN STEP	2026-05-03T12:40:49.7371945Z dotnet-install: Installation finished successfully.
Test (.NET on ubuntu-latest)	UNKNOWN STEP	2026-05-03T12:40:49.7408871Z [command]/home/runner/work/_actions/actions/setup-dotnet/v4/externals/install-dotnet.sh --skip-non-versioned-files --channel 8.0
Test (.NET on ubuntu-latest)	UNKNOWN STEP	2026-05-03T12:40:50.0131757Z dotnet-install: Attempting to download using aka.ms link https://builds.dotnet.microsoft.com/dotnet/Sdk/8.0.420/dotnet-sdk-8.0.420-linux-x64.tar.gz
Test (.NET on ubuntu-latest)	UNKNOWN STEP	2026-05-03T12:40:52.5392681Z dotnet-install: Remote file https://builds.dotnet.microsoft.com/dotnet/Sdk/8.0.420/dotnet-sdk-8.0.420-linux-x64.tar.gz size is 216822173 bytes.
Test (.NET on ubuntu-latest)	UNKNOWN STEP	2026-05-03T12:40:52.5394275Z dotnet-install: Extracting archive from https://builds.dotnet.microsoft.com/dotnet/Sdk/8.0.420/dotnet-sdk-8.0.420-linux-x64.tar.gz
Test (.NET on ubuntu-latest)	UNKNOWN STEP	2026-05-03T12:40:56.9029665Z dotnet-install: Downloaded file size is 216822173 bytes.
Test (.NET on ubuntu-latest)	UNKNOWN STEP	2026-05-03T12:40:56.9030387Z dotnet-install: The remote and local file sizes are equal.
Test (.NET on ubuntu-latest)	UNKNOWN STEP	2026-05-03T12:40:57.0342404Z dotnet-install: Installed version is 8.0.420
Test (.NET on ubuntu-latest)	UNKNOWN STEP	2026-05-03T12:40:57.0395228Z dotnet-install: Adding to current process PATH: `/usr/share/dotnet`. Note: This change will be visible only when sourcing script.
Test (.NET on ubuntu-latest)	UNKNOWN STEP	2026-05-03T12:40:57.0396030Z dotnet-install: Note that the script does not resolve dependencies during installation.
Test (.NET on ubuntu-latest)	UNKNOWN STEP	2026-05-03T12:40:57.0396825Z dotnet-install: To check the list of dependencies, go to https://learn.microsoft.com/dotnet/core/install, select your operating system and check the "Dependencies" section.
Test (.NET on ubuntu-latest)	UNKNOWN STEP	2026-05-03T12:40:57.0397485Z dotnet-install: Installation finished successfully.
Test (.NET on ubuntu-latest)	UNKNOWN STEP	2026-05-03T12:40:57.0507727Z ##[group]Run dotnet restore
Test (.NET on ubuntu-latest)	UNKNOWN STEP	2026-05-03T12:40:57.0508071Z [36;1mdotnet restore[0m
Test (.NET on ubuntu-latest)	UNKNOWN STEP	2026-05-03T12:40:57.0526967Z shell: /usr/bin/bash -e {0}
Test (.NET on ubuntu-latest)	UNKNOWN STEP	2026-05-03T12:40:57.0527239Z env:
Test (.NET on ubuntu-latest)	UNKNOWN STEP	2026-05-03T12:40:57.0527410Z   DOTNET_NOLOGO: true
Test (.NET on ubuntu-latest)	UNKNOWN STEP	2026-05-03T12:40:57.0527633Z   DOTNET_CLI_TELEMETRY_OPTOUT: true
Test (.NET on ubuntu-latest)	UNKNOWN STEP	2026-05-03T12:40:57.0527878Z   DOTNET_SKIP_FIRST_TIME_EXPERIENCE: true
Test (.NET on ubuntu-latest)	UNKNOWN STEP	2026-05-03T12:40:57.0528139Z   DOTNET_ROOT: /usr/share/dotnet
Test (.NET on ubuntu-latest)	UNKNOWN STEP	2026-05-03T12:40:57.0528355Z ##[endgroup]
Test (.NET on ubuntu-latest)	UNKNOWN STEP	2026-05-03T12:41:02.7752454Z   Determining projects to restore...
Test (.NET on ubuntu-latest)	UNKNOWN STEP	2026-05-03T12:41:05.2616352Z   Restored /home/runner/work/lino-objects-codec/lino-objects-codec/csharp/src/Lino.Objects.Codec/Lino.Objects.Codec.csproj (in 1.32 sec).
Test (.NET on ubuntu-latest)	UNKNOWN STEP	2026-05-03T12:41:05.3546194Z   Restored /home/runner/work/lino-objects-codec/lino-objects-codec/csharp/tests/Lino.Objects.Codec.Tests/Lino.Objects.Codec.Tests.csproj (in 1.43 sec).
Test (.NET on ubuntu-latest)	UNKNOWN STEP	2026-05-03T12:41:05.3848624Z ##[group]Run dotnet build --configuration Release --no-restore
Test (.NET on ubuntu-latest)	UNKNOWN STEP	2026-05-03T12:41:05.3849047Z [36;1mdotnet build --configuration Release --no-restore[0m
Test (.NET on ubuntu-latest)	UNKNOWN STEP	2026-05-03T12:41:05.3862247Z shell: /usr/bin/bash -e {0}
Test (.NET on ubuntu-latest)	UNKNOWN STEP	2026-05-03T12:41:05.3862470Z env:
Test (.NET on ubuntu-latest)	UNKNOWN STEP	2026-05-03T12:41:05.3862628Z   DOTNET_NOLOGO: true
Test (.NET on ubuntu-latest)	UNKNOWN STEP	2026-05-03T12:41:05.3862831Z   DOTNET_CLI_TELEMETRY_OPTOUT: true
Test (.NET on ubuntu-latest)	UNKNOWN STEP	2026-05-03T12:41:05.3863068Z   DOTNET_SKIP_FIRST_TIME_EXPERIENCE: true
Test (.NET on ubuntu-latest)	UNKNOWN STEP	2026-05-03T12:41:05.3863314Z   DOTNET_ROOT: /usr/share/dotnet
Test (.NET on ubuntu-latest)	UNKNOWN STEP	2026-05-03T12:41:05.3863512Z ##[endgroup]
Test (.NET on ubuntu-latest)	UNKNOWN STEP	2026-05-03T12:41:14.6207988Z   Lino.Objects.Codec -> /home/runner/work/lino-objects-codec/lino-objects-codec/csharp/src/Lino.Objects.Codec/bin/Release/net8.0/Lino.Objects.Codec.dll
Test (.NET on ubuntu-latest)	UNKNOWN STEP	2026-05-03T12:41:15.2888834Z   Lino.Objects.Codec.Tests -> /home/runner/work/lino-objects-codec/lino-objects-codec/csharp/tests/Lino.Objects.Codec.Tests/bin/Release/net8.0/Lino.Objects.Codec.Tests.dll
Test (.NET on ubuntu-latest)	UNKNOWN STEP	2026-05-03T12:41:15.3127948Z 
Test (.NET on ubuntu-latest)	UNKNOWN STEP	2026-05-03T12:41:15.3134011Z Build succeeded.
Test (.NET on ubuntu-latest)	UNKNOWN STEP	2026-05-03T12:41:15.3134774Z     0 Warning(s)
Test (.NET on ubuntu-latest)	UNKNOWN STEP	2026-05-03T12:41:15.3135195Z     0 Error(s)
Test (.NET on ubuntu-latest)	UNKNOWN STEP	2026-05-03T12:41:15.3135615Z 
Test (.NET on ubuntu-latest)	UNKNOWN STEP	2026-05-03T12:41:15.3136150Z Time Elapsed 00:00:09.75
Test (.NET on ubuntu-latest)	UNKNOWN STEP	2026-05-03T12:41:15.3261304Z ##[group]Run dotnet test --configuration Release --no-build --verbosity normal --collect:"XPlat Code Coverage"
Test (.NET on ubuntu-latest)	UNKNOWN STEP	2026-05-03T12:41:15.3261991Z [36;1mdotnet test --configuration Release --no-build --verbosity normal --collect:"XPlat Code Coverage"[0m
Test (.NET on ubuntu-latest)	UNKNOWN STEP	2026-05-03T12:41:15.3275486Z shell: /usr/bin/bash -e {0}
Test (.NET on ubuntu-latest)	UNKNOWN STEP	2026-05-03T12:41:15.3275712Z env:
Test (.NET on ubuntu-latest)	UNKNOWN STEP	2026-05-03T12:41:15.3275886Z   DOTNET_NOLOGO: true
Test (.NET on ubuntu-latest)	UNKNOWN STEP	2026-05-03T12:41:15.3276082Z   DOTNET_CLI_TELEMETRY_OPTOUT: true
Test (.NET on ubuntu-latest)	UNKNOWN STEP	2026-05-03T12:41:15.3276329Z   DOTNET_SKIP_FIRST_TIME_EXPERIENCE: true
Test (.NET on ubuntu-latest)	UNKNOWN STEP	2026-05-03T12:41:15.3276577Z   DOTNET_ROOT: /usr/share/dotnet
Test (.NET on ubuntu-latest)	UNKNOWN STEP	2026-05-03T12:41:15.3276793Z ##[endgroup]
Test (.NET on ubuntu-latest)	UNKNOWN STEP	2026-05-03T12:41:15.4805889Z Build started 05/03/2026 12:41:15.
Test (.NET on ubuntu-latest)	UNKNOWN STEP	2026-05-03T12:41:15.6041608Z      1>Project "/home/runner/work/lino-objects-codec/lino-objects-codec/csharp/Lino.Objects.Codec.sln" on node 1 (VSTest target(s)).
Test (.NET on ubuntu-latest)	UNKNOWN STEP	2026-05-03T12:41:15.6043020Z      1>ValidateSolutionConfiguration:
Test (.NET on ubuntu-latest)	UNKNOWN STEP	2026-05-03T12:41:15.6043897Z          Building solution configuration "Release|Any CPU".
Test (.NET on ubuntu-latest)	UNKNOWN STEP	2026-05-03T12:41:16.0909764Z Test run for /home/runner/work/lino-objects-codec/lino-objects-codec/csharp/tests/Lino.Objects.Codec.Tests/bin/Release/net8.0/Lino.Objects.Codec.Tests.dll (.NETCoreApp,Version=v8.0)
Test (.NET on ubuntu-latest)	UNKNOWN STEP	2026-05-03T12:41:16.9783245Z A total of 1 test files matched the specified pattern.
Test (.NET on ubuntu-latest)	UNKNOWN STEP	2026-05-03T12:41:17.8346031Z [xUnit.net 00:00:00.00] xUnit.net VSTest Adapter v2.5.6+bf9b858c26 (64-bit .NET 8.0.26)
Test (.NET on ubuntu-latest)	UNKNOWN STEP	2026-05-03T12:41:17.8802110Z [xUnit.net 00:00:00.05]   Discovering: Lino.Objects.Codec.Tests
Test (.NET on ubuntu-latest)	UNKNOWN STEP	2026-05-03T12:41:17.9270017Z [xUnit.net 00:00:00.10]   Discovered:  Lino.Objects.Codec.Tests
Test (.NET on ubuntu-latest)	UNKNOWN STEP	2026-05-03T12:41:17.9289963Z [xUnit.net 00:00:00.10]   Starting:    Lino.Objects.Codec.Tests
Test (.NET on ubuntu-latest)	UNKNOWN STEP	2026-05-03T12:41:18.1071897Z   Passed Lino.Objects.Codec.Tests.StringTests.Encode_SimpleString_ReturnsString [16 ms]
Test (.NET on ubuntu-latest)	UNKNOWN STEP	2026-05-03T12:41:18.1072732Z   Passed Lino.Objects.Codec.Tests.FormatTests.ParseIndented_WithQuotes [60 ms]
Test (.NET on ubuntu-latest)	UNKNOWN STEP	2026-05-03T12:41:18.1073608Z   Passed Lino.Objects.Codec.Tests.FormatTests.EscapeReference_StringWithSingleQuotes [< 1 ms]
Test (.NET on ubuntu-latest)	UNKNOWN STEP	2026-05-03T12:41:18.1074940Z   Passed Lino.Objects.Codec.Tests.FormatTests.FormatIndented_WithNullValue [< 1 ms]
Test (.NET on ubuntu-latest)	UNKNOWN STEP	2026-05-03T12:41:18.1075725Z   Passed Lino.Objects.Codec.Tests.FormatTests.FormatIndented_RequiresId [< 1 ms]
Test (.NET on ubuntu-latest)	UNKNOWN STEP	2026-05-03T12:41:18.1076743Z   Passed Lino.Objects.Codec.Tests.FormatTests.EscapeReference_StringWithDoubleQuotes [< 1 ms]
Test (.NET on ubuntu-latest)	UNKNOWN STEP	2026-05-03T12:41:18.1077678Z   Passed Lino.Objects.Codec.Tests.NullTypeTests.Roundtrip_Null_PreservesValue [63 ms]
Test (.NET on ubuntu-latest)	UNKNOWN STEP	2026-05-03T12:41:18.1078565Z   Passed Lino.Objects.Codec.Tests.NullTypeTests.Encode_Null_ReturnsString [< 1 ms]
Test (.NET on ubuntu-latest)	UNKNOWN STEP	2026-05-03T12:41:18.1079496Z   Passed Lino.Objects.Codec.Tests.NullTypeTests.Decode_EncodedNull_ReturnsNull [< 1 ms]
Test (.NET on ubuntu-latest)	UNKNOWN STEP	2026-05-03T12:41:18.1080715Z   Passed Lino.Objects.Codec.Tests.StringTests.Roundtrip_StringWithQuotes_PreservesValue(value: "string with \"double quotes\"") [46 ms]
Test (.NET on ubuntu-latest)	UNKNOWN STEP	2026-05-03T12:41:18.1081986Z   Passed Lino.Objects.Codec.Tests.FormatTests.ParseIndented_EmptyLinesSkipped [3 ms]
Test (.NET on ubuntu-latest)	UNKNOWN STEP	2026-05-03T12:41:18.1083310Z   Passed Lino.Objects.Codec.Tests.StringTests.Roundtrip_StringWithQuotes_PreservesValue(value: "string with \"both\" 'quotes'") [< 1 ms]
Test (.NET on ubuntu-latest)	UNKNOWN STEP	2026-05-03T12:41:18.1085011Z   Passed Lino.Objects.Codec.Tests.StringTests.Roundtrip_StringWithQuotes_PreservesValue(value: "string with 'single quotes'") [< 1 ms]
Test (.NET on ubuntu-latest)	UNKNOWN STEP	2026-05-03T12:41:18.1086276Z   Passed Lino.Objects.Codec.Tests.FormatTests.FormatIndentedOrdered_Basic [< 1 ms]
Test (.NET on ubuntu-latest)	UNKNOWN STEP	2026-05-03T12:41:18.1087342Z   Passed Lino.Objects.Codec.Tests.StringTests.Roundtrip_String_PreservesValue(value: "tab\tseparated") [< 1 ms]
Test (.NET on ubuntu-latest)	UNKNOWN STEP	2026-05-03T12:41:18.1088694Z   Passed Lino.Objects.Codec.Tests.StringTests.Roundtrip_String_PreservesValue(value: "hello world") [< 1 ms]
Test (.NET on ubuntu-latest)	UNKNOWN STEP	2026-05-03T12:41:18.1089899Z   Passed Lino.Objects.Codec.Tests.StringTests.Roundtrip_String_PreservesValue(value: "hello") [< 1 ms]
Test (.NET on ubuntu-latest)	UNKNOWN STEP	2026-05-03T12:41:18.1091087Z   Passed Lino.Objects.Codec.Tests.StringTests.Roundtrip_String_PreservesValue(value: "Hello, World!") [< 1 ms]
Test (.NET on ubuntu-latest)	UNKNOWN STEP	2026-05-03T12:41:18.1092580Z   Passed Lino.Objects.Codec.Tests.FormatTests.RoundtripFormatIndented_Basic [< 1 ms]
Test (.NET on ubuntu-latest)	UNKNOWN STEP	2026-05-03T12:41:18.1093720Z   Passed Lino.Objects.Codec.Tests.StringTests.Roundtrip_String_PreservesValue(value: "special chars: @#$%^&*()") [< 1 ms]
Test (.NET on ubuntu-latest)	UNKNOWN STEP	2026-05-03T12:41:18.1095653Z   Passed Lino.Objects.Codec.Tests.StringTests.Roundtrip_String_PreservesValue(value: "") [< 1 ms]
Test (.NET on ubuntu-latest)	UNKNOWN STEP	2026-05-03T12:41:18.1096721Z   Passed Lino.Objects.Codec.Tests.StringTests.Roundtrip_String_PreservesValue(value: "multi\nline\nstring") [< 1 ms]
Test (.NET on ubuntu-latest)	UNKNOWN STEP	2026-05-03T12:41:18.1097687Z   Passed Lino.Objects.Codec.Tests.FormatTests.ParseIndented_Basic [< 1 ms]
Test (.NET on ubuntu-latest)	UNKNOWN STEP	2026-05-03T12:41:18.1098609Z   Passed Lino.Objects.Codec.Tests.StringTests.Roundtrip_UnicodeString_PreservesValue [< 1 ms]
Test (.NET on ubuntu-latest)	UNKNOWN STEP	2026-05-03T12:41:18.1099513Z   Passed Lino.Objects.Codec.Tests.StringTests.Encode_EmptyString_ReturnsString [< 1 ms]
Test (.NET on ubuntu-latest)	UNKNOWN STEP	2026-05-03T12:41:18.1100055Z   Passed Lino.Objects.Codec.Tests.FormatTests.RoundtripFormatIndented_WithQuotes [< 1 ms]
Test (.NET on ubuntu-latest)	UNKNOWN STEP	2026-05-03T12:41:18.1100635Z   Passed Lino.Objects.Codec.Tests.StringTests.Decode_EncodedString_ReturnsCorrectValue [< 1 ms]
Test (.NET on ubuntu-latest)	UNKNOWN STEP	2026-05-03T12:41:18.1101167Z   Passed Lino.Objects.Codec.Tests.FormatTests.ParseIndented_RequiresText [2 ms]
Test (.NET on ubuntu-latest)	UNKNOWN STEP	2026-05-03T12:41:18.1101697Z   Passed Lino.Objects.Codec.Tests.BooleanTests.Roundtrip_Boolean_PreservesValue(value: True) [1 ms]
Test (.NET on ubuntu-latest)	UNKNOWN STEP	2026-05-03T12:41:18.1102534Z   Passed Lino.Objects.Codec.Tests.FormatTests.EscapeReference_SimpleString [< 1 ms]
Test (.NET on ubuntu-latest)	UNKNOWN STEP	2026-05-03T12:41:18.1103461Z   Passed Lino.Objects.Codec.Tests.FormatTests.ParseIndented_NullValue [< 1 ms]
Test (.NET on ubuntu-latest)	UNKNOWN STEP	2026-05-03T12:41:18.1104441Z   Passed Lino.Objects.Codec.Tests.BooleanTests.Roundtrip_Boolean_PreservesValue(value: False) [< 1 ms]
Test (.NET on ubuntu-latest)	UNKNOWN STEP	2026-05-03T12:41:18.1105713Z   Passed Lino.Objects.Codec.Tests.FormatTests.FormatIndentedOrdered_ValueWithQuotes [< 1 ms]
Test (.NET on ubuntu-latest)	UNKNOWN STEP	2026-05-03T12:41:18.1106822Z   Passed Lino.Objects.Codec.Tests.FormatTests.FormatIndentedOrdered_CustomIndentation [< 1 ms]
Test (.NET on ubuntu-latest)	UNKNOWN STEP	2026-05-03T12:41:18.1107899Z   Passed Lino.Objects.Codec.Tests.FormatTests.EscapeReference_StringWithSpaces [< 1 ms]
Test (.NET on ubuntu-latest)	UNKNOWN STEP	2026-05-03T12:41:18.1109279Z   Passed Lino.Objects.Codec.Tests.FormatTests.UnescapeReference_DoubledQuotes [< 1 ms]
Test (.NET on ubuntu-latest)	UNKNOWN STEP	2026-05-03T12:41:18.1110253Z   Passed Lino.Objects.Codec.Tests.BooleanTests.Decode_EncodedTrue_ReturnsTrue [< 1 ms]
Test (.NET on ubuntu-latest)	UNKNOWN STEP	2026-05-03T12:41:18.1111207Z   Passed Lino.Objects.Codec.Tests.BooleanTests.Encode_True_ReturnsString [< 1 ms]
Test (.NET on ubuntu-latest)	UNKNOWN STEP	2026-05-03T12:41:18.1112093Z   Passed Lino.Objects.Codec.Tests.BooleanTests.Decode_EncodedFalse_ReturnsFalse [< 1 ms]
Test (.NET on ubuntu-latest)	UNKNOWN STEP	2026-05-03T12:41:18.1113058Z   Passed Lino.Objects.Codec.Tests.BooleanTests.Encode_False_ReturnsString [< 1 ms]
Test (.NET on ubuntu-latest)	UNKNOWN STEP	2026-05-03T12:41:18.1113949Z   Passed Lino.Objects.Codec.Tests.FloatTests.Roundtrip_Float_PreservesValue(value: 0.123456789) [79 ms]
Test (.NET on ubuntu-latest)	UNKNOWN STEP	2026-05-03T12:41:18.1115236Z   Passed Lino.Objects.Codec.Tests.FloatTests.Roundtrip_Float_PreservesValue(value: 1) [< 1 ms]
Test (.NET on ubuntu-latest)	UNKNOWN STEP	2026-05-03T12:41:18.1116374Z   Passed Lino.Objects.Codec.Tests.FloatTests.Roundtrip_Float_PreservesValue(value: -3.1400000000000001) [< 1 ms]
Test (.NET on ubuntu-latest)	UNKNOWN STEP	2026-05-03T12:41:18.1117509Z   Passed Lino.Objects.Codec.Tests.FloatTests.Roundtrip_Float_PreservesValue(value: 0) [< 1 ms]
Test (.NET on ubuntu-latest)	UNKNOWN STEP	2026-05-03T12:41:18.1118363Z   Passed Lino.Objects.Codec.Tests.ComplexStructureTests.Roundtrip_ComplexNestedStructure_PreservesAllData [10 ms]
Test (.NET on ubuntu-latest)	UNKNOWN STEP	2026-05-03T12:41:18.1120121Z   Passed Lino.Objects.Codec.Tests.FloatTests.Roundtrip_Float_PreservesValue(value: -1) [< 1 ms]
Test (.NET on ubuntu-latest)	UNKNOWN STEP	2026-05-03T12:41:18.1121204Z   Passed Lino.Objects.Codec.Tests.FloatTests.Roundtrip_Float_PreservesValue(value: -999.99900000000002) [< 1 ms]
Test (.NET on ubuntu-latest)	UNKNOWN STEP	2026-05-03T12:41:18.1122390Z   Passed Lino.Objects.Codec.Tests.DictTests.Roundtrip_DictWithListValue_PreservesStructure [3 ms]
Test (.NET on ubuntu-latest)	UNKNOWN STEP	2026-05-03T12:41:18.1123203Z   Passed Lino.Objects.Codec.Tests.CircularReferencesTests.Roundtrip_SelfReferencingDict_PreservesReference [7 ms]
Test (.NET on ubuntu-latest)	UNKNOWN STEP	2026-05-03T12:41:18.1123890Z   Passed Lino.Objects.Codec.Tests.FloatTests.Roundtrip_Float_PreservesValue(value: 3.1400000000000001) [< 1 ms]
Test (.NET on ubuntu-latest)	UNKNOWN STEP	2026-05-03T12:41:18.1124845Z   Passed Lino.Objects.Codec.Tests.FloatTests.Roundtrip_NaN_PreservesValue [< 1 ms]
Test (.NET on ubuntu-latest)	UNKNOWN STEP	2026-05-03T12:41:18.1125728Z   Passed Lino.Objects.Codec.Tests.FloatTests.Encode_Float_ReturnsString [< 1 ms]
Test (.NET on ubuntu-latest)	UNKNOWN STEP	2026-05-03T12:41:18.1126240Z   Passed Lino.Objects.Codec.Tests.DictTests.Roundtrip_SimpleDict_PreservesValue [< 1 ms]
Test (.NET on ubuntu-latest)	UNKNOWN STEP	2026-05-03T12:41:18.1126801Z   Passed Lino.Objects.Codec.Tests.FloatTests.Decode_EncodedFloat_ReturnsCorrectValue [< 1 ms]
Test (.NET on ubuntu-latest)	UNKNOWN STEP	2026-05-03T12:41:18.1127406Z   Passed Lino.Objects.Codec.Tests.IntegerTests.Roundtrip_Integer_PreservesValue(value: -123456789) [< 1 ms]
Test (.NET on ubuntu-latest)	UNKNOWN STEP	2026-05-03T12:41:18.1128036Z   Passed Lino.Objects.Codec.Tests.FloatTests.Roundtrip_NegativeInfinity_PreservesValue [< 1 ms]
Test (.NET on ubuntu-latest)	UNKNOWN STEP	2026-05-03T12:41:18.1128621Z   Passed Lino.Objects.Codec.Tests.IntegerTests.Roundtrip_Integer_PreservesValue(value: 0) [< 1 ms]
Test (.NET on ubuntu-latest)	UNKNOWN STEP	2026-05-03T12:41:18.1129215Z   Passed Lino.Objects.Codec.Tests.FloatTests.Roundtrip_PositiveInfinity_PreservesValue [< 1 ms]
Test (.NET on ubuntu-latest)	UNKNOWN STEP	2026-05-03T12:41:18.1129793Z   Passed Lino.Objects.Codec.Tests.IntegerTests.Roundtrip_Integer_PreservesValue(value: 1) [< 1 ms]
Test (.NET on ubuntu-latest)	UNKNOWN STEP	2026-05-03T12:41:18.1130393Z   Passed Lino.Objects.Codec.Tests.IntegerTests.Roundtrip_Integer_PreservesValue(value: -1) [< 1 ms]
Test (.NET on ubuntu-latest)	UNKNOWN STEP	2026-05-03T12:41:18.1130994Z   Passed Lino.Objects.Codec.Tests.DictTests.Decode_EncodedEmptyDict_ReturnsEmptyDict [< 1 ms]
Test (.NET on ubuntu-latest)	UNKNOWN STEP	2026-05-03T12:41:18.1131580Z   Passed Lino.Objects.Codec.Tests.IntegerTests.Roundtrip_Integer_PreservesValue(value: -42) [< 1 ms]
Test (.NET on ubuntu-latest)	UNKNOWN STEP	2026-05-03T12:41:18.1132128Z   Passed Lino.Objects.Codec.Tests.DictTests.Encode_EmptyDict_ReturnsString [< 1 ms]
Test (.NET on ubuntu-latest)	UNKNOWN STEP	2026-05-03T12:41:18.1132670Z   Passed Lino.Objects.Codec.Tests.IntegerTests.Roundtrip_Integer_PreservesValue(value: 42) [< 1 ms]
Test (.NET on ubuntu-latest)	UNKNOWN STEP	2026-05-03T12:41:18.1133287Z   Passed Lino.Objects.Codec.Tests.IntegerTests.Roundtrip_Integer_PreservesValue(value: 123456789) [< 1 ms]
Test (.NET on ubuntu-latest)	UNKNOWN STEP	2026-05-03T12:41:18.1133996Z   Passed Lino.Objects.Codec.Tests.ListTests.Roundtrip_NestedList_PreservesStructure [< 1 ms]
Test (.NET on ubuntu-latest)	UNKNOWN STEP	2026-05-03T12:41:18.1134573Z   Passed Lino.Objects.Codec.Tests.ListTests.Decode_EncodedEmptyList_ReturnsEmptyList [1 ms]
Test (.NET on ubuntu-latest)	UNKNOWN STEP	2026-05-03T12:41:18.1135265Z   Passed Lino.Objects.Codec.Tests.ListTests.Encode_EmptyList_ReturnsString [< 1 ms]
Test (.NET on ubuntu-latest)	UNKNOWN STEP	2026-05-03T12:41:18.1135981Z   Passed Lino.Objects.Codec.Tests.CircularReferencesTests.Roundtrip_ComplexCircularStructure_PreservesReferences [4 ms]
Test (.NET on ubuntu-latest)	UNKNOWN STEP	2026-05-03T12:41:18.1136650Z   Passed Lino.Objects.Codec.Tests.ListTests.Roundtrip_MixedTypeList_PreservesValues [< 1 ms]
Test (.NET on ubuntu-latest)	UNKNOWN STEP	2026-05-03T12:41:18.1137304Z   Passed Lino.Objects.Codec.Tests.CircularReferencesTests.Roundtrip_MutualReferenceLists_PreservesReferences [< 1 ms]
Test (.NET on ubuntu-latest)	UNKNOWN STEP	2026-05-03T12:41:18.1137953Z   Passed Lino.Objects.Codec.Tests.ListTests.Roundtrip_SimpleList_PreservesValue [< 1 ms]
Test (.NET on ubuntu-latest)	UNKNOWN STEP	2026-05-03T12:41:18.1138664Z   Passed Lino.Objects.Codec.Tests.CircularReferencesTests.Roundtrip_DictWithMultipleReferencesToSameObject_PreservesIdentity [< 1 ms]
Test (.NET on ubuntu-latest)	UNKNOWN STEP	2026-05-03T12:41:18.1139413Z   Passed Lino.Objects.Codec.Tests.IntegerTests.Decode_EncodedInt_ReturnsCorrectValue(value: -42) [3 ms]
Test (.NET on ubuntu-latest)	UNKNOWN STEP	2026-05-03T12:41:18.1140036Z   Passed Lino.Objects.Codec.Tests.IntegerTests.Decode_EncodedInt_ReturnsCorrectValue(value: 0) [< 1 ms]
Test (.NET on ubuntu-latest)	UNKNOWN STEP	2026-05-03T12:41:18.1140675Z   Passed Lino.Objects.Codec.Tests.IntegerTests.Decode_EncodedInt_ReturnsCorrectValue(value: 999999) [< 1 ms]
Test (.NET on ubuntu-latest)	UNKNOWN STEP	2026-05-03T12:41:18.1141319Z   Passed Lino.Objects.Codec.Tests.IntegerTests.Decode_EncodedInt_ReturnsCorrectValue(value: 42) [< 1 ms]
Test (.NET on ubuntu-latest)	UNKNOWN STEP	2026-05-03T12:41:18.1141907Z   Passed Lino.Objects.Codec.Tests.IntegerTests.Encode_NegativeInt_ReturnsString [< 1 ms]
Test (.NET on ubuntu-latest)	UNKNOWN STEP	2026-05-03T12:41:18.1142421Z   Passed Lino.Objects.Codec.Tests.IntegerTests.Encode_PositiveInt_ReturnsString [< 1 ms]
Test (.NET on ubuntu-latest)	UNKNOWN STEP	2026-05-03T12:41:18.1142996Z   Passed Lino.Objects.Codec.Tests.IntegerTests.Encode_Zero_ReturnsString [< 1 ms]
Test (.NET on ubuntu-latest)	UNKNOWN STEP	2026-05-03T12:41:18.1143937Z   Passed Lino.Objects.Codec.Tests.DictTests.Roundtrip_MixedValueDict_PreservesValues [5 ms]
Test (.NET on ubuntu-latest)	UNKNOWN STEP	2026-05-03T12:41:18.1145255Z   Passed Lino.Objects.Codec.Tests.CircularReferencesTests.Roundtrip_DeeplyNestedCircularReference_PreservesReference [1 ms]
Test (.NET on ubuntu-latest)	UNKNOWN STEP	2026-05-03T12:41:18.1146529Z   Passed Lino.Objects.Codec.Tests.CircularReferencesTests.Roundtrip_ListWithMultipleReferencesToSameObject_PreservesIdentity [< 1 ms]
Test (.NET on ubuntu-latest)	UNKNOWN STEP	2026-05-03T12:41:18.1147404Z [xUnit.net 00:00:00.29]   Finished:    Lino.Objects.Codec.Tests
Test (.NET on ubuntu-latest)	UNKNOWN STEP	2026-05-03T12:41:18.3336206Z   Passed Lino.Objects.Codec.Tests.DictTests.Roundtrip_NestedDict_PreservesStructure [< 1 ms]
Test (.NET on ubuntu-latest)	UNKNOWN STEP	2026-05-03T12:41:18.3337379Z   Passed Lino.Objects.Codec.Tests.CircularReferencesTests.Roundtrip_MutualReferenceDicts_PreservesReferences [< 1 ms]
Test (.NET on ubuntu-latest)	UNKNOWN STEP	2026-05-03T12:41:18.3338641Z   Passed Lino.Objects.Codec.Tests.CircularReferencesTests.Roundtrip_SelfReferencingList_PreservesReference [< 1 ms]
Test (.NET on ubuntu-latest)	UNKNOWN STEP	2026-05-03T12:41:18.3434950Z 
Test (.NET on ubuntu-latest)	UNKNOWN STEP	2026-05-03T12:41:18.3469195Z Test Run Successful.
Test (.NET on ubuntu-latest)	UNKNOWN STEP	2026-05-03T12:41:18.3469528Z Total tests: 86
Test (.NET on ubuntu-latest)	UNKNOWN STEP	2026-05-03T12:41:18.3469699Z      Passed: 86
Test (.NET on ubuntu-latest)	UNKNOWN STEP	2026-05-03T12:41:18.3471256Z  Total time: 1.3659 Seconds
Test (.NET on ubuntu-latest)	UNKNOWN STEP	2026-05-03T12:41:18.3726299Z      1>Done Building Project "/home/runner/work/lino-objects-codec/lino-objects-codec/csharp/Lino.Objects.Codec.sln" (VSTest target(s)).
Test (.NET on ubuntu-latest)	UNKNOWN STEP	2026-05-03T12:41:18.3799747Z 
Test (.NET on ubuntu-latest)	UNKNOWN STEP	2026-05-03T12:41:18.3800206Z Build succeeded.
Test (.NET on ubuntu-latest)	UNKNOWN STEP	2026-05-03T12:41:18.3800597Z     0 Warning(s)
Test (.NET on ubuntu-latest)	UNKNOWN STEP	2026-05-03T12:41:18.3800937Z     0 Error(s)
Test (.NET on ubuntu-latest)	UNKNOWN STEP	2026-05-03T12:41:18.3825277Z 
Test (.NET on ubuntu-latest)	UNKNOWN STEP	2026-05-03T12:41:18.3838162Z Time Elapsed 00:00:02.90
Test (.NET on ubuntu-latest)	UNKNOWN STEP	2026-05-03T12:41:18.5329697Z 
Test (.NET on ubuntu-latest)	UNKNOWN STEP	2026-05-03T12:41:18.5335740Z Attachments:
Test (.NET on ubuntu-latest)	UNKNOWN STEP	2026-05-03T12:41:18.5336927Z   /home/runner/work/lino-objects-codec/lino-objects-codec/csharp/tests/Lino.Objects.Codec.Tests/TestResults/f3cdc22d-39f3-4cf2-a3cb-ca3015cc0efe/coverage.cobertura.xml
Test (.NET on ubuntu-latest)	UNKNOWN STEP	2026-05-03T12:41:18.5718968Z ##[group]Run dotnet run
Test (.NET on ubuntu-latest)	UNKNOWN STEP	2026-05-03T12:41:18.5719359Z [36;1mdotnet run[0m
Test (.NET on ubuntu-latest)	UNKNOWN STEP	2026-05-03T12:41:18.5739310Z shell: /usr/bin/bash -e {0}
Test (.NET on ubuntu-latest)	UNKNOWN STEP	2026-05-03T12:41:18.5739690Z env:
Test (.NET on ubuntu-latest)	UNKNOWN STEP	2026-05-03T12:41:18.5739953Z   DOTNET_NOLOGO: true
Test (.NET on ubuntu-latest)	UNKNOWN STEP	2026-05-03T12:41:18.5740378Z   DOTNET_CLI_TELEMETRY_OPTOUT: true
Test (.NET on ubuntu-latest)	UNKNOWN STEP	2026-05-03T12:41:18.5740814Z   DOTNET_SKIP_FIRST_TIME_EXPERIENCE: true
Test (.NET on ubuntu-latest)	UNKNOWN STEP	2026-05-03T12:41:18.5741236Z   DOTNET_ROOT: /usr/share/dotnet
Test (.NET on ubuntu-latest)	UNKNOWN STEP	2026-05-03T12:41:18.5741621Z ##[endgroup]
Test (.NET on ubuntu-latest)	UNKNOWN STEP	2026-05-03T12:41:20.8449701Z === lino-objects-codec C# Basic Usage Example ===
Test (.NET on ubuntu-latest)	UNKNOWN STEP	2026-05-03T12:41:20.8450381Z 
Test (.NET on ubuntu-latest)	UNKNOWN STEP	2026-05-03T12:41:20.8450467Z 1. Basic Types:
Test (.NET on ubuntu-latest)	UNKNOWN STEP	2026-05-03T12:41:20.8551460Z    null: (null)
Test (.NET on ubuntu-latest)	UNKNOWN STEP	2026-05-03T12:41:20.8551768Z    bool (true): (bool True)
Test (.NET on ubuntu-latest)	UNKNOWN STEP	2026-05-03T12:41:20.8552132Z    bool (false): (bool False)
Test (.NET on ubuntu-latest)	UNKNOWN STEP	2026-05-03T12:41:20.8553683Z    int: (int 42)
Test (.NET on ubuntu-latest)	UNKNOWN STEP	2026-05-03T12:41:20.8572962Z    double: (float 3.14)
Test (.NET on ubuntu-latest)	UNKNOWN STEP	2026-05-03T12:41:20.8573462Z    string: (str SGVsbG8sIFdvcmxkIQ==)
Test (.NET on ubuntu-latest)	UNKNOWN STEP	2026-05-03T12:41:20.8573747Z 
Test (.NET on ubuntu-latest)	UNKNOWN STEP	2026-05-03T12:41:20.8573971Z 2. Dictionary Roundtrip:
Test (.NET on ubuntu-latest)	UNKNOWN STEP	2026-05-03T12:41:20.8582193Z    Original: {name: Alice, age: 30, active: true}
Test (.NET on ubuntu-latest)	UNKNOWN STEP	2026-05-03T12:41:20.8582929Z    Encoded: (dict ((str bmFtZQ==) (str QWxpY2U=)) ((str YWdl) (int 30)) ((str YWN0aXZl) (bool True)))
Test (.NET on ubuntu-latest)	UNKNOWN STEP	2026-05-03T12:41:20.9191641Z    Decoded: {name: Alice, age: 30, active: True}
Test (.NET on ubuntu-latest)	UNKNOWN STEP	2026-05-03T12:41:20.9191908Z 
Test (.NET on ubuntu-latest)	UNKNOWN STEP	2026-05-03T12:41:20.9192012Z 3. List Encoding:
Test (.NET on ubuntu-latest)	UNKNOWN STEP	2026-05-03T12:41:20.9192698Z    List: [1, 2, 3, "four", true]
Test (.NET on ubuntu-latest)	UNKNOWN STEP	2026-05-03T12:41:20.9193252Z    Encoded: (list (int 1) (int 2) (int 3) (str Zm91cg==) (bool True))
Test (.NET on ubuntu-latest)	UNKNOWN STEP	2026-05-03T12:41:20.9193663Z 
Test (.NET on ubuntu-latest)	UNKNOWN STEP	2026-05-03T12:41:20.9193817Z 4. Nested Structure:
Test (.NET on ubuntu-latest)	UNKNOWN STEP	2026-05-03T12:41:20.9195121Z    Encoded: (dict ((str dXNlcnM=) (list (dict ((str aWQ=) (int 1)) ((str bmFtZQ==) (str QWxpY2U=))) (dict ((str aWQ=) (int 2)) ((str bmFtZQ==) (str Qm9i))))) ((str bWV0YWRhdGE=) (dict ((str dmVyc2lvbg==) (int 1)) ((str Y291bnQ=) (int 2)))))
Test (.NET on ubuntu-latest)	UNKNOWN STEP	2026-05-03T12:41:20.9196181Z 
Test (.NET on ubuntu-latest)	UNKNOWN STEP	2026-05-03T12:41:20.9196353Z 5. Circular References:
Test (.NET on ubuntu-latest)	UNKNOWN STEP	2026-05-03T12:41:20.9196788Z    Self-referencing list encoded: (obj_0: list obj_0)
Test (.NET on ubuntu-latest)	UNKNOWN STEP	2026-05-03T12:41:20.9203137Z    Reference preserved after decode: True
Test (.NET on ubuntu-latest)	UNKNOWN STEP	2026-05-03T12:41:20.9203682Z    Self-referencing dict encoded: (obj_0: dict ((str c2VsZg==) obj_0))
Test (.NET on ubuntu-latest)	UNKNOWN STEP	2026-05-03T12:41:20.9204103Z 
Test (.NET on ubuntu-latest)	UNKNOWN STEP	2026-05-03T12:41:20.9204250Z 6. Mutual References:
Test (.NET on ubuntu-latest)	UNKNOWN STEP	2026-05-03T12:41:20.9211026Z    Two lists referencing each other:
Test (.NET on ubuntu-latest)	UNKNOWN STEP	2026-05-03T12:41:20.9211435Z    (obj_0: list (int 1) (int 2) obj_1)
Test (.NET on ubuntu-latest)	UNKNOWN STEP	2026-05-03T12:41:20.9211861Z (obj_1: list (int 3) (int 4) obj_0)
Test (.NET on ubuntu-latest)	UNKNOWN STEP	2026-05-03T12:41:20.9219508Z    Circular reference preserved: True
Test (.NET on ubuntu-latest)	UNKNOWN STEP	2026-05-03T12:41:20.9219858Z 
Test (.NET on ubuntu-latest)	UNKNOWN STEP	2026-05-03T12:41:20.9219972Z 7. Special Float Values:
Test (.NET on ubuntu-latest)	UNKNOWN STEP	2026-05-03T12:41:20.9220189Z    NaN: (float NaN)
Test (.NET on ubuntu-latest)	UNKNOWN STEP	2026-05-03T12:41:20.9220403Z    Infinity: (float Infinity)
Test (.NET on ubuntu-latest)	UNKNOWN STEP	2026-05-03T12:41:20.9220657Z    -Infinity: (float -Infinity)
Test (.NET on ubuntu-latest)	UNKNOWN STEP	2026-05-03T12:41:20.9220824Z 
Test (.NET on ubuntu-latest)	UNKNOWN STEP	2026-05-03T12:41:20.9220943Z === Example completed successfully! ===
Test (.NET on ubuntu-latest)	UNKNOWN STEP	2026-05-03T12:41:20.9438519Z ##[group]Run codecov/codecov-action@v4
Test (.NET on ubuntu-latest)	UNKNOWN STEP	2026-05-03T12:41:20.9438771Z with:
Test (.NET on ubuntu-latest)	UNKNOWN STEP	2026-05-03T12:41:20.9438932Z   fail_ci_if_error: false
Test (.NET on ubuntu-latest)	UNKNOWN STEP	2026-05-03T12:41:20.9439121Z env:
Test (.NET on ubuntu-latest)	UNKNOWN STEP	2026-05-03T12:41:20.9439273Z   DOTNET_NOLOGO: true
Test (.NET on ubuntu-latest)	UNKNOWN STEP	2026-05-03T12:41:20.9439454Z   DOTNET_CLI_TELEMETRY_OPTOUT: true
Test (.NET on ubuntu-latest)	UNKNOWN STEP	2026-05-03T12:41:20.9439697Z   DOTNET_SKIP_FIRST_TIME_EXPERIENCE: true
Test (.NET on ubuntu-latest)	UNKNOWN STEP	2026-05-03T12:41:20.9439930Z   DOTNET_ROOT: /usr/share/dotnet
Test (.NET on ubuntu-latest)	UNKNOWN STEP	2026-05-03T12:41:20.9440139Z ##[endgroup]
Test (.NET on ubuntu-latest)	UNKNOWN STEP	2026-05-03T12:41:21.0246753Z eventName: push
Test (.NET on ubuntu-latest)	UNKNOWN STEP	2026-05-03T12:41:21.0254178Z ==> linux OS detected
Test (.NET on ubuntu-latest)	UNKNOWN STEP	2026-05-03T12:41:21.3672173Z https://cli.codecov.io/latest/linux/codecov.SHA256SUM
Test (.NET on ubuntu-latest)	UNKNOWN STEP	2026-05-03T12:41:21.5875207Z gpg: directory '/home/runner/.gnupg' created
Test (.NET on ubuntu-latest)	UNKNOWN STEP	2026-05-03T12:41:21.5876456Z gpg: keybox '/home/runner/.gnupg/pubring.kbx' created
Test (.NET on ubuntu-latest)	UNKNOWN STEP	2026-05-03T12:41:21.5886785Z gpg: /home/runner/.gnupg/trustdb.gpg: trustdb created
Test (.NET on ubuntu-latest)	UNKNOWN STEP	2026-05-03T12:41:21.5887922Z gpg: key 806BB28AED779869: public key "Codecov Uploader (Codecov Uploader Verification Key) <security@codecov.io>" imported
Test (.NET on ubuntu-latest)	UNKNOWN STEP	2026-05-03T12:41:21.6197364Z gpg: Total number processed: 1
Test (.NET on ubuntu-latest)	UNKNOWN STEP	2026-05-03T12:41:21.6197669Z gpg:               imported: 1
Test (.NET on ubuntu-latest)	UNKNOWN STEP	2026-05-03T12:41:21.6240854Z gpg: Signature made Tue Apr 21 19:28:03 2026 UTC
Test (.NET on ubuntu-latest)	UNKNOWN STEP	2026-05-03T12:41:21.6241431Z gpg:                using RSA key 27034E7FDB850E0BBC2C62FF806BB28AED779869
Test (.NET on ubuntu-latest)	UNKNOWN STEP	2026-05-03T12:41:21.6243195Z gpg: Good signature from "Codecov Uploader (Codecov Uploader Verification Key) <security@codecov.io>" [unknown]
Test (.NET on ubuntu-latest)	UNKNOWN STEP	2026-05-03T12:41:21.6243809Z gpg: WARNING: This key is not certified with a trusted signature!
Test (.NET on ubuntu-latest)	UNKNOWN STEP	2026-05-03T12:41:21.6244226Z gpg:          There is no indication that the signature belongs to the owner.
Test (.NET on ubuntu-latest)	UNKNOWN STEP	2026-05-03T12:41:21.6245035Z Primary key fingerprint: 2703 4E7F DB85 0E0B BC2C  62FF 806B B28A ED77 9869
Test (.NET on ubuntu-latest)	UNKNOWN STEP	2026-05-03T12:41:21.6460850Z ==> Uploader SHASUM verified (8930c4bb30254a42f3d8c340706b1be340885e20c0df5160a24efa2e030e662b  codecov)
Test (.NET on ubuntu-latest)	UNKNOWN STEP	2026-05-03T12:41:21.6461464Z ==> Running version latest
Test (.NET on ubuntu-latest)	UNKNOWN STEP	2026-05-03T12:41:21.7365719Z Could not pull latest version information: SyntaxError: Unexpected token '<', "<!DOCTYPE "... is not valid JSON
Test (.NET on ubuntu-latest)	UNKNOWN STEP	2026-05-03T12:41:21.7367923Z ==> Running git config --global --add safe.directory /home/runner/work/lino-objects-codec/lino-objects-codec
Test (.NET on ubuntu-latest)	UNKNOWN STEP	2026-05-03T12:41:21.7453358Z [command]/usr/bin/git config --global --add safe.directory /home/runner/work/lino-objects-codec/lino-objects-codec
Test (.NET on ubuntu-latest)	UNKNOWN STEP	2026-05-03T12:41:21.7501576Z ==> Running command '/home/runner/work/_actions/codecov/codecov-action/v4/dist/codecov create-commit'
Test (.NET on ubuntu-latest)	UNKNOWN STEP	2026-05-03T12:41:21.7504221Z [command]/home/runner/work/_actions/codecov/codecov-action/v4/dist/codecov create-commit --git-service github
Test (.NET on ubuntu-latest)	UNKNOWN STEP	2026-05-03T12:41:22.0669910Z info - 2026-05-03 12:41:22,066 -- ci service found: github-actions
Test (.NET on ubuntu-latest)	UNKNOWN STEP	2026-05-03T12:41:22.0736984Z warning - 2026-05-03 12:41:22,073 -- No config file could be found. Ignoring config.
Test (.NET on ubuntu-latest)	UNKNOWN STEP	2026-05-03T12:41:22.0997355Z warning - 2026-05-03 12:41:22,099 -- Branch `main` is protected but no token was provided
Test (.NET on ubuntu-latest)	UNKNOWN STEP	2026-05-03T12:41:22.0998706Z warning - 2026-05-03 12:41:22,099 -- For information on Codecov upload tokens, see https://docs.codecov.com/docs/codecov-tokens
Test (.NET on ubuntu-latest)	UNKNOWN STEP	2026-05-03T12:41:22.3329846Z info - 2026-05-03 12:41:22,332 -- Commit creating complete
Test (.NET on ubuntu-latest)	UNKNOWN STEP	2026-05-03T12:41:22.3330773Z error - 2026-05-03 12:41:22,332 -- Commit creating failed: {"message":"Token required - not valid tokenless upload"}
Test (.NET on ubuntu-latest)	UNKNOWN STEP	2026-05-03T12:41:22.5009752Z ==> Running command '/home/runner/work/_actions/codecov/codecov-action/v4/dist/codecov create-report'
Test (.NET on ubuntu-latest)	UNKNOWN STEP	2026-05-03T12:41:22.5012767Z [command]/home/runner/work/_actions/codecov/codecov-action/v4/dist/codecov create-report --git-service github
Test (.NET on ubuntu-latest)	UNKNOWN STEP	2026-05-03T12:41:22.8176569Z info - 2026-05-03 12:41:22,817 -- ci service found: github-actions
Test (.NET on ubuntu-latest)	UNKNOWN STEP	2026-05-03T12:41:22.8240581Z warning - 2026-05-03 12:41:22,823 -- No config file could be found. Ignoring config.
Test (.NET on ubuntu-latest)	UNKNOWN STEP	2026-05-03T12:41:23.0574109Z info - 2026-05-03 12:41:23,057 -- Report creating complete
Test (.NET on ubuntu-latest)	UNKNOWN STEP	2026-05-03T12:41:23.0580601Z error - 2026-05-03 12:41:23,057 -- Report creating failed: {"message":"Token required - not valid tokenless upload"}
Test (.NET on ubuntu-latest)	UNKNOWN STEP	2026-05-03T12:41:23.1921963Z ==> Running command '/home/runner/work/_actions/codecov/codecov-action/v4/dist/codecov do-upload'
Test (.NET on ubuntu-latest)	UNKNOWN STEP	2026-05-03T12:41:23.1923346Z [command]/home/runner/work/_actions/codecov/codecov-action/v4/dist/codecov do-upload --git-service github
Test (.NET on ubuntu-latest)	UNKNOWN STEP	2026-05-03T12:41:23.5113577Z info - 2026-05-03 12:41:23,510 -- ci service found: github-actions
Test (.NET on ubuntu-latest)	UNKNOWN STEP	2026-05-03T12:41:23.5183741Z warning - 2026-05-03 12:41:23,517 -- No config file could be found. Ignoring config.
Test (.NET on ubuntu-latest)	UNKNOWN STEP	2026-05-03T12:41:23.5452001Z warning - 2026-05-03 12:41:23,544 -- xcrun is not installed or can't be found.
Test (.NET on ubuntu-latest)	UNKNOWN STEP	2026-05-03T12:41:23.5509619Z warning - 2026-05-03 12:41:23,550 -- No gcov data found.
Test (.NET on ubuntu-latest)	UNKNOWN STEP	2026-05-03T12:41:23.5512409Z warning - 2026-05-03 12:41:23,551 -- coverage.py is not installed or can't be found.
Test (.NET on ubuntu-latest)	UNKNOWN STEP	2026-05-03T12:41:23.5708585Z info - 2026-05-03 12:41:23,570 -- Found 1 coverage files to report
Test (.NET on ubuntu-latest)	UNKNOWN STEP	2026-05-03T12:41:23.5709830Z info - 2026-05-03 12:41:23,570 -- > /home/runner/work/lino-objects-codec/lino-objects-codec/csharp/tests/Lino.Objects.Codec.Tests/TestResults/f3cdc22d-39f3-4cf2-a3cb-ca3015cc0efe/coverage.cobertura.xml
Test (.NET on ubuntu-latest)	UNKNOWN STEP	2026-05-03T12:41:23.8326432Z info - 2026-05-03 12:41:23,832 -- Upload queued for processing complete
Test (.NET on ubuntu-latest)	UNKNOWN STEP	2026-05-03T12:41:23.8327095Z error - 2026-05-03 12:41:23,832 -- Upload queued for processing failed: {"message":"Token required - not valid tokenless upload"}
Test (.NET on ubuntu-latest)	UNKNOWN STEP	2026-05-03T12:41:23.9835249Z Post job cleanup.
Test (.NET on ubuntu-latest)	UNKNOWN STEP	2026-05-03T12:41:24.1343218Z Post job cleanup.
Test (.NET on ubuntu-latest)	UNKNOWN STEP	2026-05-03T12:41:24.2251060Z [command]/usr/bin/git version
Test (.NET on ubuntu-latest)	UNKNOWN STEP	2026-05-03T12:41:24.2283477Z git version 2.53.0
Test (.NET on ubuntu-latest)	UNKNOWN STEP	2026-05-03T12:41:24.2315267Z Copying '/home/runner/.gitconfig' to '/home/runner/work/_temp/ffd38ee5-6ab3-4cdf-91a6-c44344a3c056/.gitconfig'
Test (.NET on ubuntu-latest)	UNKNOWN STEP	2026-05-03T12:41:24.2332226Z Temporarily overriding HOME='/home/runner/work/_temp/ffd38ee5-6ab3-4cdf-91a6-c44344a3c056' before making global git config changes
Test (.NET on ubuntu-latest)	UNKNOWN STEP	2026-05-03T12:41:24.2333593Z Adding repository directory to the temporary git global config as a safe directory
Test (.NET on ubuntu-latest)	UNKNOWN STEP	2026-05-03T12:41:24.2337709Z [command]/usr/bin/git config --global --add safe.directory /home/runner/work/lino-objects-codec/lino-objects-codec
Test (.NET on ubuntu-latest)	UNKNOWN STEP	2026-05-03T12:41:24.2367605Z [command]/usr/bin/git config --local --name-only --get-regexp core\.sshCommand
Test (.NET on ubuntu-latest)	UNKNOWN STEP	2026-05-03T12:41:24.2394807Z [command]/usr/bin/git submodule foreach --recursive sh -c "git config --local --name-only --get-regexp 'core\.sshCommand' && git config --local --unset-all 'core.sshCommand' || :"
Test (.NET on ubuntu-latest)	UNKNOWN STEP	2026-05-03T12:41:24.2567497Z [command]/usr/bin/git config --local --name-only --get-regexp http\.https\:\/\/github\.com\/\.extraheader
Test (.NET on ubuntu-latest)	UNKNOWN STEP	2026-05-03T12:41:24.2585032Z http.https://github.com/.extraheader
Test (.NET on ubuntu-latest)	UNKNOWN STEP	2026-05-03T12:41:24.2595589Z [command]/usr/bin/git config --local --unset-all http.https://github.com/.extraheader
Test (.NET on ubuntu-latest)	UNKNOWN STEP	2026-05-03T12:41:24.2620837Z [command]/usr/bin/git submodule foreach --recursive sh -c "git config --local --name-only --get-regexp 'http\.https\:\/\/github\.com\/\.extraheader' && git config --local --unset-all 'http.https://github.com/.extraheader' || :"
Test (.NET on ubuntu-latest)	UNKNOWN STEP	2026-05-03T12:41:24.2786765Z [command]/usr/bin/git config --local --name-only --get-regexp ^includeIf\.gitdir:
Test (.NET on ubuntu-latest)	UNKNOWN STEP	2026-05-03T12:41:24.2812339Z [command]/usr/bin/git submodule foreach --recursive git config --local --show-origin --name-only --get-regexp remote.origin.url
Test (.NET on ubuntu-latest)	UNKNOWN STEP	2026-05-03T12:41:24.3078553Z Cleaning up orphan processes
Test (.NET on ubuntu-latest)	UNKNOWN STEP	2026-05-03T12:41:24.3325227Z Terminate orphan process: pid (2791) (dotnet)
Test (.NET on ubuntu-latest)	UNKNOWN STEP	2026-05-03T12:41:24.3355124Z Terminate orphan process: pid (2853) (VBCSCompiler)
Test (.NET on ubuntu-latest)	UNKNOWN STEP	2026-05-03T12:41:24.3394166Z ##[warning]Node.js 20 actions are deprecated. The following actions are running on Node.js 20 and may not work as expected: actions/checkout@v4, actions/setup-dotnet@v4, codecov/codecov-action@v4. Actions will be forced to run with Node.js 24 by default starting June 2nd, 2026. Node.js 20 will be removed from the runner on September 16th, 2026. Please check if updated versions of these actions are available that support Node.js 24. To opt into Node.js 24 now, set the FORCE_JAVASCRIPT_ACTIONS_TO_NODE24=true environment variable on the runner or in your workflow file. Once Node.js 24 becomes the default, you can temporarily opt out by setting ACTIONS_ALLOW_USE_UNSECURE_NODE_VERSION=true. For more information see: https://github.blog/changelog/2025-09-19-deprecation-of-node-20-on-github-actions-runners/
Build Package	UNKNOWN STEP	﻿2026-05-03T12:42:14.7928645Z Current runner version: '2.334.0'
Build Package	UNKNOWN STEP	2026-05-03T12:42:14.7965903Z ##[group]Runner Image Provisioner
Build Package	UNKNOWN STEP	2026-05-03T12:42:14.7967111Z Hosted Compute Agent
Build Package	UNKNOWN STEP	2026-05-03T12:42:14.7968496Z Version: 20260213.493
Build Package	UNKNOWN STEP	2026-05-03T12:42:14.7969688Z Commit: 5c115507f6dd24b8de37d8bbe0bb4509d0cc0fa3
Build Package	UNKNOWN STEP	2026-05-03T12:42:14.7970761Z Build Date: 2026-02-13T00:28:41Z
Build Package	UNKNOWN STEP	2026-05-03T12:42:14.7971944Z Worker ID: {fb1b03eb-ad2e-4eae-96d9-b78bfac8a3fd}
Build Package	UNKNOWN STEP	2026-05-03T12:42:14.7972996Z Azure Region: eastus
Build Package	UNKNOWN STEP	2026-05-03T12:42:14.7973838Z ##[endgroup]
Build Package	UNKNOWN STEP	2026-05-03T12:42:14.7976143Z ##[group]Operating System
Build Package	UNKNOWN STEP	2026-05-03T12:42:14.7977051Z Ubuntu
Build Package	UNKNOWN STEP	2026-05-03T12:42:14.7977874Z 24.04.4
Build Package	UNKNOWN STEP	2026-05-03T12:42:14.7978566Z LTS
Build Package	UNKNOWN STEP	2026-05-03T12:42:14.7979584Z ##[endgroup]
Build Package	UNKNOWN STEP	2026-05-03T12:42:14.7980330Z ##[group]Runner Image
Build Package	UNKNOWN STEP	2026-05-03T12:42:14.7981375Z Image: ubuntu-24.04
Build Package	UNKNOWN STEP	2026-05-03T12:42:14.7982159Z Version: 20260413.86.1
Build Package	UNKNOWN STEP	2026-05-03T12:42:14.7984182Z Included Software: https://github.com/actions/runner-images/blob/ubuntu24/20260413.86/images/ubuntu/Ubuntu2404-Readme.md
Build Package	UNKNOWN STEP	2026-05-03T12:42:14.7986661Z Image Release: https://github.com/actions/runner-images/releases/tag/ubuntu24%2F20260413.86
Build Package	UNKNOWN STEP	2026-05-03T12:42:14.7988324Z ##[endgroup]
Build Package	UNKNOWN STEP	2026-05-03T12:42:14.7993313Z ##[group]GITHUB_TOKEN Permissions
Build Package	UNKNOWN STEP	2026-05-03T12:42:14.7996529Z Actions: write
Build Package	UNKNOWN STEP	2026-05-03T12:42:14.7997305Z ArtifactMetadata: write
Build Package	UNKNOWN STEP	2026-05-03T12:42:14.7998180Z Attestations: write
Build Package	UNKNOWN STEP	2026-05-03T12:42:14.7999369Z Checks: write
Build Package	UNKNOWN STEP	2026-05-03T12:42:14.8000217Z Contents: write
Build Package	UNKNOWN STEP	2026-05-03T12:42:14.8000939Z Deployments: write
Build Package	UNKNOWN STEP	2026-05-03T12:42:14.8001822Z Discussions: write
Build Package	UNKNOWN STEP	2026-05-03T12:42:14.8002692Z Issues: write
Build Package	UNKNOWN STEP	2026-05-03T12:42:14.8003412Z Metadata: read
Build Package	UNKNOWN STEP	2026-05-03T12:42:14.8004272Z Models: read
Build Package	UNKNOWN STEP	2026-05-03T12:42:14.8005036Z Packages: write
Build Package	UNKNOWN STEP	2026-05-03T12:42:14.8005856Z Pages: write
Build Package	UNKNOWN STEP	2026-05-03T12:42:14.8006787Z PullRequests: write
Build Package	UNKNOWN STEP	2026-05-03T12:42:14.8007644Z RepositoryProjects: write
Build Package	UNKNOWN STEP	2026-05-03T12:42:14.8008539Z SecurityEvents: write
Build Package	UNKNOWN STEP	2026-05-03T12:42:14.8009836Z Statuses: write
Build Package	UNKNOWN STEP	2026-05-03T12:42:14.8010677Z VulnerabilityAlerts: read
Build Package	UNKNOWN STEP	2026-05-03T12:42:14.8011514Z ##[endgroup]
Build Package	UNKNOWN STEP	2026-05-03T12:42:14.8014642Z Secret source: Actions
Build Package	UNKNOWN STEP	2026-05-03T12:42:14.8016000Z Prepare workflow directory
Build Package	UNKNOWN STEP	2026-05-03T12:42:14.8578572Z Prepare all required actions
Build Package	UNKNOWN STEP	2026-05-03T12:42:14.8633543Z Getting action download info
Build Package	UNKNOWN STEP	2026-05-03T12:42:15.1652227Z Download action repository 'actions/checkout@v4' (SHA:34e114876b0b11c390a56381ad16ebd13914f8d5)
Build Package	UNKNOWN STEP	2026-05-03T12:42:15.3266088Z Download action repository 'actions/setup-dotnet@v4' (SHA:67a3573c9a986a3f9c594539f4ab511d57bb3ce9)
Build Package	UNKNOWN STEP	2026-05-03T12:42:15.4967360Z Download action repository 'actions/upload-artifact@v4' (SHA:ea165f8d65b6e75b540449e92b4886f43607fa02)
Build Package	UNKNOWN STEP	2026-05-03T12:42:15.7073180Z Complete job name: Build Package
Build Package	UNKNOWN STEP	2026-05-03T12:42:15.7844552Z ##[group]Run actions/checkout@v4
Build Package	UNKNOWN STEP	2026-05-03T12:42:15.7845865Z with:
Build Package	UNKNOWN STEP	2026-05-03T12:42:15.7846356Z   repository: link-foundation/lino-objects-codec
Build Package	UNKNOWN STEP	2026-05-03T12:42:15.7847123Z   token: ***
Build Package	UNKNOWN STEP	2026-05-03T12:42:15.7847501Z   ssh-strict: true
Build Package	UNKNOWN STEP	2026-05-03T12:42:15.7847887Z   ssh-user: git
Build Package	UNKNOWN STEP	2026-05-03T12:42:15.7848301Z   persist-credentials: true
Build Package	UNKNOWN STEP	2026-05-03T12:42:15.7848766Z   clean: true
Build Package	UNKNOWN STEP	2026-05-03T12:42:15.7849448Z   sparse-checkout-cone-mode: true
Build Package	UNKNOWN STEP	2026-05-03T12:42:15.7849966Z   fetch-depth: 1
Build Package	UNKNOWN STEP	2026-05-03T12:42:15.7850389Z   fetch-tags: false
Build Package	UNKNOWN STEP	2026-05-03T12:42:15.7850823Z   show-progress: true
Build Package	UNKNOWN STEP	2026-05-03T12:42:15.7851263Z   lfs: false
Build Package	UNKNOWN STEP	2026-05-03T12:42:15.7851660Z   submodules: false
Build Package	UNKNOWN STEP	2026-05-03T12:42:15.7852099Z   set-safe-directory: true
Build Package	UNKNOWN STEP	2026-05-03T12:42:15.7852898Z env:
Build Package	UNKNOWN STEP	2026-05-03T12:42:15.7853307Z   DOTNET_NOLOGO: true
Build Package	UNKNOWN STEP	2026-05-03T12:42:15.7853777Z   DOTNET_CLI_TELEMETRY_OPTOUT: true
Build Package	UNKNOWN STEP	2026-05-03T12:42:15.7854361Z   DOTNET_SKIP_FIRST_TIME_EXPERIENCE: true
Build Package	UNKNOWN STEP	2026-05-03T12:42:15.7854931Z ##[endgroup]
Build Package	UNKNOWN STEP	2026-05-03T12:42:15.9195768Z Syncing repository: link-foundation/lino-objects-codec
Build Package	UNKNOWN STEP	2026-05-03T12:42:15.9197808Z ##[group]Getting Git version info
Build Package	UNKNOWN STEP	2026-05-03T12:42:15.9198606Z Working directory is '/home/runner/work/lino-objects-codec/lino-objects-codec'
Build Package	UNKNOWN STEP	2026-05-03T12:42:15.9200116Z [command]/usr/bin/git version
Build Package	UNKNOWN STEP	2026-05-03T12:42:15.9243258Z git version 2.53.0
Build Package	UNKNOWN STEP	2026-05-03T12:42:15.9272004Z ##[endgroup]
Build Package	UNKNOWN STEP	2026-05-03T12:42:15.9297122Z Temporarily overriding HOME='/home/runner/work/_temp/b20507bd-3838-4543-8539-2fe176a4f57f' before making global git config changes
Build Package	UNKNOWN STEP	2026-05-03T12:42:15.9299802Z Adding repository directory to the temporary git global config as a safe directory
Build Package	UNKNOWN STEP	2026-05-03T12:42:15.9304672Z [command]/usr/bin/git config --global --add safe.directory /home/runner/work/lino-objects-codec/lino-objects-codec
Build Package	UNKNOWN STEP	2026-05-03T12:42:15.9343149Z Deleting the contents of '/home/runner/work/lino-objects-codec/lino-objects-codec'
Build Package	UNKNOWN STEP	2026-05-03T12:42:15.9347239Z ##[group]Initializing the repository
Build Package	UNKNOWN STEP	2026-05-03T12:42:15.9352885Z [command]/usr/bin/git init /home/runner/work/lino-objects-codec/lino-objects-codec
Build Package	UNKNOWN STEP	2026-05-03T12:42:15.9442014Z hint: Using 'master' as the name for the initial branch. This default branch name
Build Package	UNKNOWN STEP	2026-05-03T12:42:15.9443183Z hint: will change to "main" in Git 3.0. To configure the initial branch name
Build Package	UNKNOWN STEP	2026-05-03T12:42:15.9444254Z hint: to use in all of your new repositories, which will suppress this warning,
Build Package	UNKNOWN STEP	2026-05-03T12:42:15.9445186Z hint: call:
Build Package	UNKNOWN STEP	2026-05-03T12:42:15.9445555Z hint:
Build Package	UNKNOWN STEP	2026-05-03T12:42:15.9446053Z hint: 	git config --global init.defaultBranch <name>
Build Package	UNKNOWN STEP	2026-05-03T12:42:15.9446648Z hint:
Build Package	UNKNOWN STEP	2026-05-03T12:42:15.9447199Z hint: Names commonly chosen instead of 'master' are 'main', 'trunk' and
Build Package	UNKNOWN STEP	2026-05-03T12:42:15.9448112Z hint: 'development'. The just-created branch can be renamed via this command:
Build Package	UNKNOWN STEP	2026-05-03T12:42:15.9449277Z hint:
Build Package	UNKNOWN STEP	2026-05-03T12:42:15.9449729Z hint: 	git branch -m <name>
Build Package	UNKNOWN STEP	2026-05-03T12:42:15.9450174Z hint:
Build Package	UNKNOWN STEP	2026-05-03T12:42:15.9450793Z hint: Disable this message with "git config set advice.defaultBranchName false"
Build Package	UNKNOWN STEP	2026-05-03T12:42:15.9451910Z Initialized empty Git repository in /home/runner/work/lino-objects-codec/lino-objects-codec/.git/
Build Package	UNKNOWN STEP	2026-05-03T12:42:15.9456900Z [command]/usr/bin/git remote add origin https://github.com/link-foundation/lino-objects-codec
Build Package	UNKNOWN STEP	2026-05-03T12:42:15.9491405Z ##[endgroup]
Build Package	UNKNOWN STEP	2026-05-03T12:42:15.9492570Z ##[group]Disabling automatic garbage collection
Build Package	UNKNOWN STEP	2026-05-03T12:42:15.9496670Z [command]/usr/bin/git config --local gc.auto 0
Build Package	UNKNOWN STEP	2026-05-03T12:42:15.9526752Z ##[endgroup]
Build Package	UNKNOWN STEP	2026-05-03T12:42:15.9527911Z ##[group]Setting up auth
Build Package	UNKNOWN STEP	2026-05-03T12:42:15.9534980Z [command]/usr/bin/git config --local --name-only --get-regexp core\.sshCommand
Build Package	UNKNOWN STEP	2026-05-03T12:42:15.9566442Z [command]/usr/bin/git submodule foreach --recursive sh -c "git config --local --name-only --get-regexp 'core\.sshCommand' && git config --local --unset-all 'core.sshCommand' || :"
Build Package	UNKNOWN STEP	2026-05-03T12:42:15.9877997Z [command]/usr/bin/git config --local --name-only --get-regexp http\.https\:\/\/github\.com\/\.extraheader
Build Package	UNKNOWN STEP	2026-05-03T12:42:15.9912310Z [command]/usr/bin/git submodule foreach --recursive sh -c "git config --local --name-only --get-regexp 'http\.https\:\/\/github\.com\/\.extraheader' && git config --local --unset-all 'http.https://github.com/.extraheader' || :"
Build Package	UNKNOWN STEP	2026-05-03T12:42:16.0141152Z [command]/usr/bin/git config --local --name-only --get-regexp ^includeIf\.gitdir:
Build Package	UNKNOWN STEP	2026-05-03T12:42:16.0181740Z [command]/usr/bin/git submodule foreach --recursive git config --local --show-origin --name-only --get-regexp remote.origin.url
Build Package	UNKNOWN STEP	2026-05-03T12:42:16.0406218Z [command]/usr/bin/git config --local http.https://github.com/.extraheader AUTHORIZATION: basic ***
Build Package	UNKNOWN STEP	2026-05-03T12:42:16.0442636Z ##[endgroup]
Build Package	UNKNOWN STEP	2026-05-03T12:42:16.0443663Z ##[group]Fetching the repository
Build Package	UNKNOWN STEP	2026-05-03T12:42:16.0451747Z [command]/usr/bin/git -c protocol.version=2 fetch --no-tags --prune --no-recurse-submodules --depth=1 origin +1acc6f6f29f6cb775f021807a20cfe1e8f781ec1:refs/remotes/origin/main
Build Package	UNKNOWN STEP	2026-05-03T12:42:16.4557802Z From https://github.com/link-foundation/lino-objects-codec
Build Package	UNKNOWN STEP	2026-05-03T12:42:16.4560536Z  * [new ref]         1acc6f6f29f6cb775f021807a20cfe1e8f781ec1 -> origin/main
Build Package	UNKNOWN STEP	2026-05-03T12:42:16.4585316Z ##[endgroup]
Build Package	UNKNOWN STEP	2026-05-03T12:42:16.4586425Z ##[group]Determining the checkout info
Build Package	UNKNOWN STEP	2026-05-03T12:42:16.4587943Z ##[endgroup]
Build Package	UNKNOWN STEP	2026-05-03T12:42:16.4594539Z [command]/usr/bin/git sparse-checkout disable
Build Package	UNKNOWN STEP	2026-05-03T12:42:16.4633050Z [command]/usr/bin/git config --local --unset-all extensions.worktreeConfig
Build Package	UNKNOWN STEP	2026-05-03T12:42:16.4658861Z ##[group]Checking out the ref
Build Package	UNKNOWN STEP	2026-05-03T12:42:16.4663363Z [command]/usr/bin/git checkout --progress --force -B main refs/remotes/origin/main
Build Package	UNKNOWN STEP	2026-05-03T12:42:16.4805145Z Switched to a new branch 'main'
Build Package	UNKNOWN STEP	2026-05-03T12:42:16.4807293Z branch 'main' set up to track 'origin/main'.
Build Package	UNKNOWN STEP	2026-05-03T12:42:16.4816808Z ##[endgroup]
Build Package	UNKNOWN STEP	2026-05-03T12:42:16.4852470Z [command]/usr/bin/git log -1 --format=%H
Build Package	UNKNOWN STEP	2026-05-03T12:42:16.4874507Z 1acc6f6f29f6cb775f021807a20cfe1e8f781ec1
Build Package	UNKNOWN STEP	2026-05-03T12:42:16.5156511Z ##[group]Run actions/setup-dotnet@v4
Build Package	UNKNOWN STEP	2026-05-03T12:42:16.5157621Z with:
Build Package	UNKNOWN STEP	2026-05-03T12:42:16.5158333Z   dotnet-version: 8.0.x
Build Package	UNKNOWN STEP	2026-05-03T12:42:16.5159422Z   cache: false
Build Package	UNKNOWN STEP	2026-05-03T12:42:16.5160148Z env:
Build Package	UNKNOWN STEP	2026-05-03T12:42:16.5160820Z   DOTNET_NOLOGO: true
Build Package	UNKNOWN STEP	2026-05-03T12:42:16.5161684Z   DOTNET_CLI_TELEMETRY_OPTOUT: true
Build Package	UNKNOWN STEP	2026-05-03T12:42:16.5162762Z   DOTNET_SKIP_FIRST_TIME_EXPERIENCE: true
Build Package	UNKNOWN STEP	2026-05-03T12:42:16.5163859Z ##[endgroup]
Build Package	UNKNOWN STEP	2026-05-03T12:42:16.7046927Z [command]/home/runner/work/_actions/actions/setup-dotnet/v4/externals/install-dotnet.sh --skip-non-versioned-files --runtime dotnet --channel LTS
Build Package	UNKNOWN STEP	2026-05-03T12:42:16.9913859Z dotnet-install: Attempting to download using aka.ms link https://builds.dotnet.microsoft.com/dotnet/Runtime/10.0.7/dotnet-runtime-10.0.7-linux-x64.tar.gz
Build Package	UNKNOWN STEP	2026-05-03T12:42:17.2763300Z dotnet-install: Remote file https://builds.dotnet.microsoft.com/dotnet/Runtime/10.0.7/dotnet-runtime-10.0.7-linux-x64.tar.gz size is 36689672 bytes.
Build Package	UNKNOWN STEP	2026-05-03T12:42:17.2766809Z dotnet-install: Extracting archive from https://builds.dotnet.microsoft.com/dotnet/Runtime/10.0.7/dotnet-runtime-10.0.7-linux-x64.tar.gz
Build Package	UNKNOWN STEP	2026-05-03T12:42:17.9364536Z dotnet-install: Downloaded file size is 36689672 bytes.
Build Package	UNKNOWN STEP	2026-05-03T12:42:17.9654543Z dotnet-install: The remote and local file sizes are equal.
Build Package	UNKNOWN STEP	2026-05-03T12:42:17.9655317Z dotnet-install: Installed version is 10.0.7
Build Package	UNKNOWN STEP	2026-05-03T12:42:17.9720419Z dotnet-install: Adding to current process PATH: `/usr/share/dotnet`. Note: This change will be visible only when sourcing script.
Build Package	UNKNOWN STEP	2026-05-03T12:42:17.9722454Z dotnet-install: Note that the script does not resolve dependencies during installation.
Build Package	UNKNOWN STEP	2026-05-03T12:42:17.9724141Z dotnet-install: To check the list of dependencies, go to https://learn.microsoft.com/dotnet/core/install, select your operating system and check the "Dependencies" section.
Build Package	UNKNOWN STEP	2026-05-03T12:42:17.9725848Z dotnet-install: Installation finished successfully.
Build Package	UNKNOWN STEP	2026-05-03T12:42:17.9753565Z [command]/home/runner/work/_actions/actions/setup-dotnet/v4/externals/install-dotnet.sh --skip-non-versioned-files --channel 8.0
Build Package	UNKNOWN STEP	2026-05-03T12:42:18.2099402Z dotnet-install: Attempting to download using aka.ms link https://builds.dotnet.microsoft.com/dotnet/Sdk/8.0.420/dotnet-sdk-8.0.420-linux-x64.tar.gz
Build Package	UNKNOWN STEP	2026-05-03T12:42:19.1636993Z dotnet-install: Remote file https://builds.dotnet.microsoft.com/dotnet/Sdk/8.0.420/dotnet-sdk-8.0.420-linux-x64.tar.gz size is 216822173 bytes.
Build Package	UNKNOWN STEP	2026-05-03T12:42:19.1640728Z dotnet-install: Extracting archive from https://builds.dotnet.microsoft.com/dotnet/Sdk/8.0.420/dotnet-sdk-8.0.420-linux-x64.tar.gz
Build Package	UNKNOWN STEP	2026-05-03T12:42:23.6761167Z dotnet-install: Downloaded file size is 216822173 bytes.
Build Package	UNKNOWN STEP	2026-05-03T12:42:23.6762144Z dotnet-install: The remote and local file sizes are equal.
Build Package	UNKNOWN STEP	2026-05-03T12:42:24.1968146Z dotnet-install: Installed version is 8.0.420
Build Package	UNKNOWN STEP	2026-05-03T12:42:24.2026233Z dotnet-install: Adding to current process PATH: `/usr/share/dotnet`. Note: This change will be visible only when sourcing script.
Build Package	UNKNOWN STEP	2026-05-03T12:42:24.2027634Z dotnet-install: Note that the script does not resolve dependencies during installation.
Build Package	UNKNOWN STEP	2026-05-03T12:42:24.2029490Z dotnet-install: To check the list of dependencies, go to https://learn.microsoft.com/dotnet/core/install, select your operating system and check the "Dependencies" section.
Build Package	UNKNOWN STEP	2026-05-03T12:42:24.2031052Z dotnet-install: Installation finished successfully.
Build Package	UNKNOWN STEP	2026-05-03T12:42:24.2167033Z ##[group]Run dotnet restore
Build Package	UNKNOWN STEP	2026-05-03T12:42:24.2167356Z [36;1mdotnet restore[0m
Build Package	UNKNOWN STEP	2026-05-03T12:42:24.2263147Z shell: /usr/bin/bash -e {0}
Build Package	UNKNOWN STEP	2026-05-03T12:42:24.2263440Z env:
Build Package	UNKNOWN STEP	2026-05-03T12:42:24.2263626Z   DOTNET_NOLOGO: true
Build Package	UNKNOWN STEP	2026-05-03T12:42:24.2263832Z   DOTNET_CLI_TELEMETRY_OPTOUT: true
Build Package	UNKNOWN STEP	2026-05-03T12:42:24.2264094Z   DOTNET_SKIP_FIRST_TIME_EXPERIENCE: true
Build Package	UNKNOWN STEP	2026-05-03T12:42:24.2264357Z   DOTNET_ROOT: /usr/share/dotnet
Build Package	UNKNOWN STEP	2026-05-03T12:42:24.2264607Z ##[endgroup]
Build Package	UNKNOWN STEP	2026-05-03T12:42:26.7269264Z   Determining projects to restore...
Build Package	UNKNOWN STEP	2026-05-03T12:42:29.1896132Z   Restored /home/runner/work/lino-objects-codec/lino-objects-codec/csharp/src/Lino.Objects.Codec/Lino.Objects.Codec.csproj (in 1.89 sec).
Build Package	UNKNOWN STEP	2026-05-03T12:42:29.1897356Z   Restored /home/runner/work/lino-objects-codec/lino-objects-codec/csharp/tests/Lino.Objects.Codec.Tests/Lino.Objects.Codec.Tests.csproj (in 1.89 sec).
Build Package	UNKNOWN STEP	2026-05-03T12:42:29.2267061Z ##[group]Run dotnet build --configuration Release --no-restore
Build Package	UNKNOWN STEP	2026-05-03T12:42:29.2267564Z [36;1mdotnet build --configuration Release --no-restore[0m
Build Package	UNKNOWN STEP	2026-05-03T12:42:29.2290042Z shell: /usr/bin/bash -e {0}
Build Package	UNKNOWN STEP	2026-05-03T12:42:29.2290273Z env:
Build Package	UNKNOWN STEP	2026-05-03T12:42:29.2290452Z   DOTNET_NOLOGO: true
Build Package	UNKNOWN STEP	2026-05-03T12:42:29.2290659Z   DOTNET_CLI_TELEMETRY_OPTOUT: true
Build Package	UNKNOWN STEP	2026-05-03T12:42:29.2290917Z   DOTNET_SKIP_FIRST_TIME_EXPERIENCE: true
Build Package	UNKNOWN STEP	2026-05-03T12:42:29.2291179Z   DOTNET_ROOT: /usr/share/dotnet
Build Package	UNKNOWN STEP	2026-05-03T12:42:29.2291435Z ##[endgroup]
Build Package	UNKNOWN STEP	2026-05-03T12:42:34.9414500Z   Lino.Objects.Codec -> /home/runner/work/lino-objects-codec/lino-objects-codec/csharp/src/Lino.Objects.Codec/bin/Release/net8.0/Lino.Objects.Codec.dll
Build Package	UNKNOWN STEP	2026-05-03T12:42:35.7158566Z   Lino.Objects.Codec.Tests -> /home/runner/work/lino-objects-codec/lino-objects-codec/csharp/tests/Lino.Objects.Codec.Tests/bin/Release/net8.0/Lino.Objects.Codec.Tests.dll
Build Package	UNKNOWN STEP	2026-05-03T12:42:35.7451991Z 
Build Package	UNKNOWN STEP	2026-05-03T12:42:35.7458289Z Build succeeded.
Build Package	UNKNOWN STEP	2026-05-03T12:42:35.7459228Z     0 Warning(s)
Build Package	UNKNOWN STEP	2026-05-03T12:42:35.7459824Z     0 Error(s)
Build Package	UNKNOWN STEP	2026-05-03T12:42:35.7460229Z 
Build Package	UNKNOWN STEP	2026-05-03T12:42:35.7460698Z Time Elapsed 00:00:06.29
Build Package	UNKNOWN STEP	2026-05-03T12:42:35.7636736Z ##[group]Run dotnet pack --configuration Release --no-build --output ./artifacts
Build Package	UNKNOWN STEP	2026-05-03T12:42:35.7637298Z [36;1mdotnet pack --configuration Release --no-build --output ./artifacts[0m
Build Package	UNKNOWN STEP	2026-05-03T12:42:35.7660015Z shell: /usr/bin/bash -e {0}
Build Package	UNKNOWN STEP	2026-05-03T12:42:35.7660239Z env:
Build Package	UNKNOWN STEP	2026-05-03T12:42:35.7660399Z   DOTNET_NOLOGO: true
Build Package	UNKNOWN STEP	2026-05-03T12:42:35.7660605Z   DOTNET_CLI_TELEMETRY_OPTOUT: true
Build Package	UNKNOWN STEP	2026-05-03T12:42:35.7660848Z   DOTNET_SKIP_FIRST_TIME_EXPERIENCE: true
Build Package	UNKNOWN STEP	2026-05-03T12:42:35.7661106Z   DOTNET_ROOT: /usr/share/dotnet
Build Package	UNKNOWN STEP	2026-05-03T12:42:35.7661321Z ##[endgroup]
Build Package	UNKNOWN STEP	2026-05-03T12:42:36.8603877Z   The package Lino.Objects.Codec.0.2.0 is missing a readme. Go to https://aka.ms/nuget/authoring-best-practices/readme to learn why package readmes are important.
Build Package	UNKNOWN STEP	2026-05-03T12:42:36.8613325Z   Successfully created package '/home/runner/work/lino-objects-codec/lino-objects-codec/csharp/artifacts/Lino.Objects.Codec.0.2.0.nupkg'.
Build Package	UNKNOWN STEP	2026-05-03T12:42:36.8881793Z ##[group]Run actions/upload-artifact@v4
Build Package	UNKNOWN STEP	2026-05-03T12:42:36.8882087Z with:
Build Package	UNKNOWN STEP	2026-05-03T12:42:36.8882253Z   name: nuget-package
Build Package	UNKNOWN STEP	2026-05-03T12:42:36.8882459Z   path: csharp/artifacts/*.nupkg
Build Package	UNKNOWN STEP	2026-05-03T12:42:36.8882684Z   if-no-files-found: warn
Build Package	UNKNOWN STEP	2026-05-03T12:42:36.8882895Z   compression-level: 6
Build Package	UNKNOWN STEP	2026-05-03T12:42:36.8883077Z   overwrite: false
Build Package	UNKNOWN STEP	2026-05-03T12:42:36.8883267Z   include-hidden-files: false
Build Package	UNKNOWN STEP	2026-05-03T12:42:36.8883465Z env:
Build Package	UNKNOWN STEP	2026-05-03T12:42:36.8883619Z   DOTNET_NOLOGO: true
Build Package	UNKNOWN STEP	2026-05-03T12:42:36.8883808Z   DOTNET_CLI_TELEMETRY_OPTOUT: true
Build Package	UNKNOWN STEP	2026-05-03T12:42:36.8884053Z   DOTNET_SKIP_FIRST_TIME_EXPERIENCE: true
Build Package	UNKNOWN STEP	2026-05-03T12:42:36.8884311Z   DOTNET_ROOT: /usr/share/dotnet
Build Package	UNKNOWN STEP	2026-05-03T12:42:36.8884518Z ##[endgroup]
Build Package	UNKNOWN STEP	2026-05-03T12:42:37.1323109Z With the provided path, there will be 1 file uploaded
Build Package	UNKNOWN STEP	2026-05-03T12:42:37.1329489Z Artifact name is valid!
Build Package	UNKNOWN STEP	2026-05-03T12:42:37.1330614Z Root directory input is valid!
Build Package	UNKNOWN STEP	2026-05-03T12:42:37.2492029Z Beginning upload of artifact content to blob storage
Build Package	UNKNOWN STEP	2026-05-03T12:42:37.2958536Z Uploaded bytes 11577
Build Package	UNKNOWN STEP	2026-05-03T12:42:37.3124723Z Finished uploading artifact content to blob storage!
Build Package	UNKNOWN STEP	2026-05-03T12:42:37.3127500Z SHA256 digest of uploaded artifact zip is 58691867b423308758a90bc58af3a470c12a730a6f920336b835ee9dfeeed218
Build Package	UNKNOWN STEP	2026-05-03T12:42:37.3129734Z Finalizing artifact upload
Build Package	UNKNOWN STEP	2026-05-03T12:42:37.4124690Z Artifact nuget-package.zip successfully finalized. Artifact ID 6770737528
Build Package	UNKNOWN STEP	2026-05-03T12:42:37.4126240Z Artifact nuget-package has been successfully uploaded! Final size is 11577 bytes. Artifact ID is 6770737528
Build Package	UNKNOWN STEP	2026-05-03T12:42:37.4137023Z Artifact download URL: https://github.com/link-foundation/lino-objects-codec/actions/runs/25279435356/artifacts/6770737528
Build Package	UNKNOWN STEP	2026-05-03T12:42:37.4300170Z Post job cleanup.
Build Package	UNKNOWN STEP	2026-05-03T12:42:37.6069220Z Post job cleanup.
Build Package	UNKNOWN STEP	2026-05-03T12:42:37.7117063Z [command]/usr/bin/git version
Build Package	UNKNOWN STEP	2026-05-03T12:42:37.7159785Z git version 2.53.0
Build Package	UNKNOWN STEP	2026-05-03T12:42:37.7206240Z Temporarily overriding HOME='/home/runner/work/_temp/dd3283c7-0a33-48a9-be5d-f043d2bf2b94' before making global git config changes
Build Package	UNKNOWN STEP	2026-05-03T12:42:37.7208074Z Adding repository directory to the temporary git global config as a safe directory
Build Package	UNKNOWN STEP	2026-05-03T12:42:37.7221589Z [command]/usr/bin/git config --global --add safe.directory /home/runner/work/lino-objects-codec/lino-objects-codec
Build Package	UNKNOWN STEP	2026-05-03T12:42:37.7261962Z [command]/usr/bin/git config --local --name-only --get-regexp core\.sshCommand
Build Package	UNKNOWN STEP	2026-05-03T12:42:37.7341171Z [command]/usr/bin/git submodule foreach --recursive sh -c "git config --local --name-only --get-regexp 'core\.sshCommand' && git config --local --unset-all 'core.sshCommand' || :"
Build Package	UNKNOWN STEP	2026-05-03T12:42:37.7556772Z [command]/usr/bin/git config --local --name-only --get-regexp http\.https\:\/\/github\.com\/\.extraheader
Build Package	UNKNOWN STEP	2026-05-03T12:42:37.7584489Z http.https://github.com/.extraheader
Build Package	UNKNOWN STEP	2026-05-03T12:42:37.7600070Z [command]/usr/bin/git config --local --unset-all http.https://github.com/.extraheader
Build Package	UNKNOWN STEP	2026-05-03T12:42:37.7636709Z [command]/usr/bin/git submodule foreach --recursive sh -c "git config --local --name-only --get-regexp 'http\.https\:\/\/github\.com\/\.extraheader' && git config --local --unset-all 'http.https://github.com/.extraheader' || :"
Build Package	UNKNOWN STEP	2026-05-03T12:42:37.7882428Z [command]/usr/bin/git config --local --name-only --get-regexp ^includeIf\.gitdir:
Build Package	UNKNOWN STEP	2026-05-03T12:42:37.7925737Z [command]/usr/bin/git submodule foreach --recursive git config --local --show-origin --name-only --get-regexp remote.origin.url
Build Package	UNKNOWN STEP	2026-05-03T12:42:37.8298410Z Cleaning up orphan processes
Build Package	UNKNOWN STEP	2026-05-03T12:42:37.8742503Z Terminate orphan process: pid (2786) (dotnet)
Build Package	UNKNOWN STEP	2026-05-03T12:42:37.8764502Z Terminate orphan process: pid (2859) (VBCSCompiler)
Build Package	UNKNOWN STEP	2026-05-03T12:42:37.8790136Z ##[warning]Node.js 20 actions are deprecated. The following actions are running on Node.js 20 and may not work as expected: actions/checkout@v4, actions/setup-dotnet@v4, actions/upload-artifact@v4. Actions will be forced to run with Node.js 24 by default starting June 2nd, 2026. Node.js 20 will be removed from the runner on September 16th, 2026. Please check if updated versions of these actions are available that support Node.js 24. To opt into Node.js 24 now, set the FORCE_JAVASCRIPT_ACTIONS_TO_NODE24=true environment variable on the runner or in your workflow file. Once Node.js 24 becomes the default, you can temporarily opt out by setting ACTIONS_ALLOW_USE_UNSECURE_NODE_VERSION=true. For more information see: https://github.blog/changelog/2025-09-19-deprecation-of-node-20-on-github-actions-runners/
Auto Release	UNKNOWN STEP	﻿2026-05-03T12:42:41.6244074Z Current runner version: '2.334.0'
Auto Release	UNKNOWN STEP	2026-05-03T12:42:41.6269012Z ##[group]Runner Image Provisioner
Auto Release	UNKNOWN STEP	2026-05-03T12:42:41.6269811Z Hosted Compute Agent
Auto Release	UNKNOWN STEP	2026-05-03T12:42:41.6270469Z Version: 20260213.493
Auto Release	UNKNOWN STEP	2026-05-03T12:42:41.6271105Z Commit: 5c115507f6dd24b8de37d8bbe0bb4509d0cc0fa3
Auto Release	UNKNOWN STEP	2026-05-03T12:42:41.6271817Z Build Date: 2026-02-13T00:28:41Z
Auto Release	UNKNOWN STEP	2026-05-03T12:42:41.6272659Z Worker ID: {2830d0be-852f-4ae0-b7d9-7dbb354c9d77}
Auto Release	UNKNOWN STEP	2026-05-03T12:42:41.6273396Z Azure Region: northcentralus
Auto Release	UNKNOWN STEP	2026-05-03T12:42:41.6273948Z ##[endgroup]
Auto Release	UNKNOWN STEP	2026-05-03T12:42:41.6275253Z ##[group]Operating System
Auto Release	UNKNOWN STEP	2026-05-03T12:42:41.6275862Z Ubuntu
Auto Release	UNKNOWN STEP	2026-05-03T12:42:41.6276359Z 24.04.4
Auto Release	UNKNOWN STEP	2026-05-03T12:42:41.6276867Z LTS
Auto Release	UNKNOWN STEP	2026-05-03T12:42:41.6277495Z ##[endgroup]
Auto Release	UNKNOWN STEP	2026-05-03T12:42:41.6278006Z ##[group]Runner Image
Auto Release	UNKNOWN STEP	2026-05-03T12:42:41.6278503Z Image: ubuntu-24.04
Auto Release	UNKNOWN STEP	2026-05-03T12:42:41.6279134Z Version: 20260413.86.1
Auto Release	UNKNOWN STEP	2026-05-03T12:42:41.6280283Z Included Software: https://github.com/actions/runner-images/blob/ubuntu24/20260413.86/images/ubuntu/Ubuntu2404-Readme.md
Auto Release	UNKNOWN STEP	2026-05-03T12:42:41.6281716Z Image Release: https://github.com/actions/runner-images/releases/tag/ubuntu24%2F20260413.86
Auto Release	UNKNOWN STEP	2026-05-03T12:42:41.6282639Z ##[endgroup]
Auto Release	UNKNOWN STEP	2026-05-03T12:42:41.6283823Z ##[group]GITHUB_TOKEN Permissions
Auto Release	UNKNOWN STEP	2026-05-03T12:42:41.6285927Z Contents: write
Auto Release	UNKNOWN STEP	2026-05-03T12:42:41.6286444Z Metadata: read
Auto Release	UNKNOWN STEP	2026-05-03T12:42:41.6287040Z Packages: write
Auto Release	UNKNOWN STEP	2026-05-03T12:42:41.6287672Z ##[endgroup]
Auto Release	UNKNOWN STEP	2026-05-03T12:42:41.6289983Z Secret source: Actions
Auto Release	UNKNOWN STEP	2026-05-03T12:42:41.6291045Z Prepare workflow directory
Auto Release	UNKNOWN STEP	2026-05-03T12:42:41.6675383Z Prepare all required actions
Auto Release	UNKNOWN STEP	2026-05-03T12:42:41.6713342Z Getting action download info
Auto Release	UNKNOWN STEP	2026-05-03T12:42:42.0510453Z Download action repository 'actions/checkout@v4' (SHA:34e114876b0b11c390a56381ad16ebd13914f8d5)
Auto Release	UNKNOWN STEP	2026-05-03T12:42:42.1662344Z Download action repository 'actions/setup-dotnet@v4' (SHA:67a3573c9a986a3f9c594539f4ab511d57bb3ce9)
Auto Release	UNKNOWN STEP	2026-05-03T12:42:42.5267505Z Download action repository 'actions/setup-node@v4' (SHA:49933ea5288caeca8642d1e84afbd3f7d6820020)
Auto Release	UNKNOWN STEP	2026-05-03T12:42:42.6169668Z Download action repository 'actions/download-artifact@v4' (SHA:d3f86a106a0bac45b974a628896c90dbdf5c8093)
Auto Release	UNKNOWN STEP	2026-05-03T12:42:43.0942488Z Complete job name: Auto Release
Auto Release	UNKNOWN STEP	2026-05-03T12:42:43.1778591Z ##[group]Run actions/checkout@v4
Auto Release	UNKNOWN STEP	2026-05-03T12:42:43.1779894Z with:
Auto Release	UNKNOWN STEP	2026-05-03T12:42:43.1780612Z   fetch-depth: 0
Auto Release	UNKNOWN STEP	2026-05-03T12:42:43.1781538Z   repository: link-foundation/lino-objects-codec
Auto Release	UNKNOWN STEP	2026-05-03T12:42:43.1782934Z   token: ***
Auto Release	UNKNOWN STEP	2026-05-03T12:42:43.1783682Z   ssh-strict: true
Auto Release	UNKNOWN STEP	2026-05-03T12:42:43.1784453Z   ssh-user: git
Auto Release	UNKNOWN STEP	2026-05-03T12:42:43.1785261Z   persist-credentials: true
Auto Release	UNKNOWN STEP	2026-05-03T12:42:43.1786163Z   clean: true
Auto Release	UNKNOWN STEP	2026-05-03T12:42:43.1786966Z   sparse-checkout-cone-mode: true
Auto Release	UNKNOWN STEP	2026-05-03T12:42:43.1788187Z   fetch-tags: false
Auto Release	UNKNOWN STEP	2026-05-03T12:42:43.1788985Z   show-progress: true
Auto Release	UNKNOWN STEP	2026-05-03T12:42:43.1789797Z   lfs: false
Auto Release	UNKNOWN STEP	2026-05-03T12:42:43.1790539Z   submodules: false
Auto Release	UNKNOWN STEP	2026-05-03T12:42:43.1791365Z   set-safe-directory: true
Auto Release	UNKNOWN STEP	2026-05-03T12:42:43.1792439Z env:
Auto Release	UNKNOWN STEP	2026-05-03T12:42:43.1793154Z   DOTNET_NOLOGO: true
Auto Release	UNKNOWN STEP	2026-05-03T12:42:43.1794095Z   DOTNET_CLI_TELEMETRY_OPTOUT: true
Auto Release	UNKNOWN STEP	2026-05-03T12:42:43.1795154Z   DOTNET_SKIP_FIRST_TIME_EXPERIENCE: true
Auto Release	UNKNOWN STEP	2026-05-03T12:42:43.1796216Z ##[endgroup]
Auto Release	UNKNOWN STEP	2026-05-03T12:42:43.2921618Z Syncing repository: link-foundation/lino-objects-codec
Auto Release	UNKNOWN STEP	2026-05-03T12:42:43.2924274Z ##[group]Getting Git version info
Auto Release	UNKNOWN STEP	2026-05-03T12:42:43.2925838Z Working directory is '/home/runner/work/lino-objects-codec/lino-objects-codec'
Auto Release	UNKNOWN STEP	2026-05-03T12:42:43.2928268Z [command]/usr/bin/git version
Auto Release	UNKNOWN STEP	2026-05-03T12:42:43.2953502Z git version 2.53.0
Auto Release	UNKNOWN STEP	2026-05-03T12:42:43.2978348Z ##[endgroup]
Auto Release	UNKNOWN STEP	2026-05-03T12:42:43.2999458Z Temporarily overriding HOME='/home/runner/work/_temp/28bce735-1d77-44b1-b796-5a26e2bb215a' before making global git config changes
Auto Release	UNKNOWN STEP	2026-05-03T12:42:43.3002288Z Adding repository directory to the temporary git global config as a safe directory
Auto Release	UNKNOWN STEP	2026-05-03T12:42:43.3005178Z [command]/usr/bin/git config --global --add safe.directory /home/runner/work/lino-objects-codec/lino-objects-codec
Auto Release	UNKNOWN STEP	2026-05-03T12:42:43.3038464Z Deleting the contents of '/home/runner/work/lino-objects-codec/lino-objects-codec'
Auto Release	UNKNOWN STEP	2026-05-03T12:42:43.3041722Z ##[group]Initializing the repository
Auto Release	UNKNOWN STEP	2026-05-03T12:42:43.3046141Z [command]/usr/bin/git init /home/runner/work/lino-objects-codec/lino-objects-codec
Auto Release	UNKNOWN STEP	2026-05-03T12:42:43.3129261Z hint: Using 'master' as the name for the initial branch. This default branch name
Auto Release	UNKNOWN STEP	2026-05-03T12:42:43.3132407Z hint: will change to "main" in Git 3.0. To configure the initial branch name
Auto Release	UNKNOWN STEP	2026-05-03T12:42:43.3135267Z hint: to use in all of your new repositories, which will suppress this warning,
Auto Release	UNKNOWN STEP	2026-05-03T12:42:43.3137724Z hint: call:
Auto Release	UNKNOWN STEP	2026-05-03T12:42:43.3138824Z hint:
Auto Release	UNKNOWN STEP	2026-05-03T12:42:43.3140158Z hint: 	git config --global init.defaultBranch <name>
Auto Release	UNKNOWN STEP	2026-05-03T12:42:43.3141968Z hint:
Auto Release	UNKNOWN STEP	2026-05-03T12:42:43.3143639Z hint: Names commonly chosen instead of 'master' are 'main', 'trunk' and
Auto Release	UNKNOWN STEP	2026-05-03T12:42:43.3146349Z hint: 'development'. The just-created branch can be renamed via this command:
Auto Release	UNKNOWN STEP	2026-05-03T12:42:43.3148993Z hint:
Auto Release	UNKNOWN STEP	2026-05-03T12:42:43.3149849Z hint: 	git branch -m <name>
Auto Release	UNKNOWN STEP	2026-05-03T12:42:43.3150738Z hint:
Auto Release	UNKNOWN STEP	2026-05-03T12:42:43.3151938Z hint: Disable this message with "git config set advice.defaultBranchName false"
Auto Release	UNKNOWN STEP	2026-05-03T12:42:43.3154282Z Initialized empty Git repository in /home/runner/work/lino-objects-codec/lino-objects-codec/.git/
Auto Release	UNKNOWN STEP	2026-05-03T12:42:43.3159900Z [command]/usr/bin/git remote add origin https://github.com/link-foundation/lino-objects-codec
Auto Release	UNKNOWN STEP	2026-05-03T12:42:43.3175707Z ##[endgroup]
Auto Release	UNKNOWN STEP	2026-05-03T12:42:43.3178349Z ##[group]Disabling automatic garbage collection
Auto Release	UNKNOWN STEP	2026-05-03T12:42:43.3180626Z [command]/usr/bin/git config --local gc.auto 0
Auto Release	UNKNOWN STEP	2026-05-03T12:42:43.3210785Z ##[endgroup]
Auto Release	UNKNOWN STEP	2026-05-03T12:42:43.3212971Z ##[group]Setting up auth
Auto Release	UNKNOWN STEP	2026-05-03T12:42:43.3218209Z [command]/usr/bin/git config --local --name-only --get-regexp core\.sshCommand
Auto Release	UNKNOWN STEP	2026-05-03T12:42:43.3251088Z [command]/usr/bin/git submodule foreach --recursive sh -c "git config --local --name-only --get-regexp 'core\.sshCommand' && git config --local --unset-all 'core.sshCommand' || :"
Auto Release	UNKNOWN STEP	2026-05-03T12:42:43.3547478Z [command]/usr/bin/git config --local --name-only --get-regexp http\.https\:\/\/github\.com\/\.extraheader
Auto Release	UNKNOWN STEP	2026-05-03T12:42:43.3577214Z [command]/usr/bin/git submodule foreach --recursive sh -c "git config --local --name-only --get-regexp 'http\.https\:\/\/github\.com\/\.extraheader' && git config --local --unset-all 'http.https://github.com/.extraheader' || :"
Auto Release	UNKNOWN STEP	2026-05-03T12:42:43.3803474Z [command]/usr/bin/git config --local --name-only --get-regexp ^includeIf\.gitdir:
Auto Release	UNKNOWN STEP	2026-05-03T12:42:43.3837118Z [command]/usr/bin/git submodule foreach --recursive git config --local --show-origin --name-only --get-regexp remote.origin.url
Auto Release	UNKNOWN STEP	2026-05-03T12:42:43.4068484Z [command]/usr/bin/git config --local http.https://github.com/.extraheader AUTHORIZATION: basic ***
Auto Release	UNKNOWN STEP	2026-05-03T12:42:43.4102978Z ##[endgroup]
Auto Release	UNKNOWN STEP	2026-05-03T12:42:43.4104598Z ##[group]Fetching the repository
Auto Release	UNKNOWN STEP	2026-05-03T12:42:43.4112184Z [command]/usr/bin/git -c protocol.version=2 fetch --prune --no-recurse-submodules origin +refs/heads/*:refs/remotes/origin/* +refs/tags/*:refs/tags/*
Auto Release	UNKNOWN STEP	2026-05-03T12:42:43.8365930Z From https://github.com/link-foundation/lino-objects-codec
Auto Release	UNKNOWN STEP	2026-05-03T12:42:43.8368969Z  * [new branch]      issue-1-843d779c4cdb  -> origin/issue-1-843d779c4cdb
Auto Release	UNKNOWN STEP	2026-05-03T12:42:43.8371409Z  * [new branch]      issue-11-c74c0836aeba -> origin/issue-11-c74c0836aeba
Auto Release	UNKNOWN STEP	2026-05-03T12:42:43.8373899Z  * [new branch]      issue-15-b28422959bc5 -> origin/issue-15-b28422959bc5
Auto Release	UNKNOWN STEP	2026-05-03T12:42:43.8376462Z  * [new branch]      issue-17-ace5a094a724 -> origin/issue-17-ace5a094a724
Auto Release	UNKNOWN STEP	2026-05-03T12:42:43.8379136Z  * [new branch]      issue-19-d88ab983ff7d -> origin/issue-19-d88ab983ff7d
Auto Release	UNKNOWN STEP	2026-05-03T12:42:43.8381645Z  * [new branch]      issue-20-d21ab54e8ff1 -> origin/issue-20-d21ab54e8ff1
Auto Release	UNKNOWN STEP	2026-05-03T12:42:43.8384180Z  * [new branch]      issue-22-e5ea3b44ef6b -> origin/issue-22-e5ea3b44ef6b
Auto Release	UNKNOWN STEP	2026-05-03T12:42:43.8386692Z  * [new branch]      issue-25-76b0e5ea19d6 -> origin/issue-25-76b0e5ea19d6
Auto Release	UNKNOWN STEP	2026-05-03T12:42:43.8389730Z  * [new branch]      issue-3-397c5eeac29f  -> origin/issue-3-397c5eeac29f
Auto Release	UNKNOWN STEP	2026-05-03T12:42:43.8392354Z  * [new branch]      issue-5-9641b6fb00d3  -> origin/issue-5-9641b6fb00d3
Auto Release	UNKNOWN STEP	2026-05-03T12:42:43.8394844Z  * [new branch]      issue-7-7a98520cd689  -> origin/issue-7-7a98520cd689
Auto Release	UNKNOWN STEP	2026-05-03T12:42:43.8396860Z  * [new branch]      issue-8-8f8d9acce5f1  -> origin/issue-8-8f8d9acce5f1
Auto Release	UNKNOWN STEP	2026-05-03T12:42:43.8398899Z  * [new branch]      issue-9-bef9e95e65ef  -> origin/issue-9-bef9e95e65ef
Auto Release	UNKNOWN STEP	2026-05-03T12:42:43.8400585Z  * [new branch]      main                  -> origin/main
Auto Release	UNKNOWN STEP	2026-05-03T12:42:43.8401987Z  * [new tag]         csharp-v0.2.0         -> csharp-v0.2.0
Auto Release	UNKNOWN STEP	2026-05-03T12:42:43.8403416Z  * [new tag]         rust-v0.2.0           -> rust-v0.2.0
Auto Release	UNKNOWN STEP	2026-05-03T12:42:43.8404678Z  * [new tag]         v0.1.1                -> v0.1.1
Auto Release	UNKNOWN STEP	2026-05-03T12:42:43.8405935Z  * [new tag]         v0.3.0                -> v0.3.0
Auto Release	UNKNOWN STEP	2026-05-03T12:42:43.8407121Z  * [new tag]         v0.3.1                -> v0.3.1
Auto Release	UNKNOWN STEP	2026-05-03T12:42:43.8408681Z  * [new tag]         v0.3.2                -> v0.3.2
Auto Release	UNKNOWN STEP	2026-05-03T12:42:43.8429612Z [command]/usr/bin/git branch --list --remote origin/main
Auto Release	UNKNOWN STEP	2026-05-03T12:42:43.8455518Z   origin/main
Auto Release	UNKNOWN STEP	2026-05-03T12:42:43.8464335Z [command]/usr/bin/git rev-parse refs/remotes/origin/main
Auto Release	UNKNOWN STEP	2026-05-03T12:42:43.8486134Z 714963fa454c3fb79f5e4d3470c45a67633fb50c
Auto Release	UNKNOWN STEP	2026-05-03T12:42:43.8498401Z [command]/usr/bin/git -c protocol.version=2 fetch --no-tags --prune --no-recurse-submodules origin +1acc6f6f29f6cb775f021807a20cfe1e8f781ec1:refs/remotes/origin/main
Auto Release	UNKNOWN STEP	2026-05-03T12:42:43.8547514Z From https://github.com/link-foundation/lino-objects-codec
Auto Release	UNKNOWN STEP	2026-05-03T12:42:43.8550871Z  + 714963f...1acc6f6 1acc6f6f29f6cb775f021807a20cfe1e8f781ec1 -> origin/main  (forced update)
Auto Release	UNKNOWN STEP	2026-05-03T12:42:43.8575569Z ##[endgroup]
Auto Release	UNKNOWN STEP	2026-05-03T12:42:43.8577788Z ##[group]Determining the checkout info
Auto Release	UNKNOWN STEP	2026-05-03T12:42:43.8579926Z ##[endgroup]
Auto Release	UNKNOWN STEP	2026-05-03T12:42:43.8580989Z [command]/usr/bin/git sparse-checkout disable
Auto Release	UNKNOWN STEP	2026-05-03T12:42:43.8616001Z [command]/usr/bin/git config --local --unset-all extensions.worktreeConfig
Auto Release	UNKNOWN STEP	2026-05-03T12:42:43.8643325Z ##[group]Checking out the ref
Auto Release	UNKNOWN STEP	2026-05-03T12:42:43.8646108Z [command]/usr/bin/git checkout --progress --force -B main refs/remotes/origin/main
Auto Release	UNKNOWN STEP	2026-05-03T12:42:43.8794264Z Switched to a new branch 'main'
Auto Release	UNKNOWN STEP	2026-05-03T12:42:43.8796012Z branch 'main' set up to track 'origin/main'.
Auto Release	UNKNOWN STEP	2026-05-03T12:42:43.8804125Z ##[endgroup]
Auto Release	UNKNOWN STEP	2026-05-03T12:42:43.8841367Z [command]/usr/bin/git log -1 --format=%H
Auto Release	UNKNOWN STEP	2026-05-03T12:42:43.8865666Z 1acc6f6f29f6cb775f021807a20cfe1e8f781ec1
Auto Release	UNKNOWN STEP	2026-05-03T12:42:43.9129774Z ##[group]Run actions/setup-dotnet@v4
Auto Release	UNKNOWN STEP	2026-05-03T12:42:43.9130852Z with:
Auto Release	UNKNOWN STEP	2026-05-03T12:42:43.9131684Z   dotnet-version: 8.0.x
Auto Release	UNKNOWN STEP	2026-05-03T12:42:43.9132611Z   cache: false
Auto Release	UNKNOWN STEP	2026-05-03T12:42:43.9133442Z env:
Auto Release	UNKNOWN STEP	2026-05-03T12:42:43.9134244Z   DOTNET_NOLOGO: true
Auto Release	UNKNOWN STEP	2026-05-03T12:42:43.9135151Z   DOTNET_CLI_TELEMETRY_OPTOUT: true
Auto Release	UNKNOWN STEP	2026-05-03T12:42:43.9136294Z   DOTNET_SKIP_FIRST_TIME_EXPERIENCE: true
Auto Release	UNKNOWN STEP	2026-05-03T12:42:43.9208198Z ##[endgroup]
Auto Release	UNKNOWN STEP	2026-05-03T12:42:44.1040915Z [command]/home/runner/work/_actions/actions/setup-dotnet/v4/externals/install-dotnet.sh --skip-non-versioned-files --runtime dotnet --channel LTS
Auto Release	UNKNOWN STEP	2026-05-03T12:42:44.4346031Z dotnet-install: Attempting to download using aka.ms link https://builds.dotnet.microsoft.com/dotnet/Runtime/10.0.7/dotnet-runtime-10.0.7-linux-x64.tar.gz
Auto Release	UNKNOWN STEP	2026-05-03T12:42:44.8475923Z dotnet-install: Remote file https://builds.dotnet.microsoft.com/dotnet/Runtime/10.0.7/dotnet-runtime-10.0.7-linux-x64.tar.gz size is 36689672 bytes.
Auto Release	UNKNOWN STEP	2026-05-03T12:42:44.8478413Z dotnet-install: Extracting archive from https://builds.dotnet.microsoft.com/dotnet/Runtime/10.0.7/dotnet-runtime-10.0.7-linux-x64.tar.gz
Auto Release	UNKNOWN STEP	2026-05-03T12:42:45.6207828Z dotnet-install: Downloaded file size is 36689672 bytes.
Auto Release	UNKNOWN STEP	2026-05-03T12:42:45.6210771Z dotnet-install: The remote and local file sizes are equal.
Auto Release	UNKNOWN STEP	2026-05-03T12:42:45.6505722Z dotnet-install: Installed version is 10.0.7
Auto Release	UNKNOWN STEP	2026-05-03T12:42:45.6568062Z dotnet-install: Adding to current process PATH: `/usr/share/dotnet`. Note: This change will be visible only when sourcing script.
Auto Release	UNKNOWN STEP	2026-05-03T12:42:45.6571167Z dotnet-install: Note that the script does not resolve dependencies during installation.
Auto Release	UNKNOWN STEP	2026-05-03T12:42:45.6572729Z dotnet-install: To check the list of dependencies, go to https://learn.microsoft.com/dotnet/core/install, select your operating system and check the "Dependencies" section.
Auto Release	UNKNOWN STEP	2026-05-03T12:42:45.6573767Z dotnet-install: Installation finished successfully.
Auto Release	UNKNOWN STEP	2026-05-03T12:42:45.6601016Z [command]/home/runner/work/_actions/actions/setup-dotnet/v4/externals/install-dotnet.sh --skip-non-versioned-files --channel 8.0
Auto Release	UNKNOWN STEP	2026-05-03T12:42:45.9219611Z dotnet-install: Attempting to download using aka.ms link https://builds.dotnet.microsoft.com/dotnet/Sdk/8.0.420/dotnet-sdk-8.0.420-linux-x64.tar.gz
Auto Release	UNKNOWN STEP	2026-05-03T12:42:48.0758476Z dotnet-install: Remote file https://builds.dotnet.microsoft.com/dotnet/Sdk/8.0.420/dotnet-sdk-8.0.420-linux-x64.tar.gz size is 216822173 bytes.
Auto Release	UNKNOWN STEP	2026-05-03T12:42:48.0760425Z dotnet-install: Extracting archive from https://builds.dotnet.microsoft.com/dotnet/Sdk/8.0.420/dotnet-sdk-8.0.420-linux-x64.tar.gz
Auto Release	UNKNOWN STEP	2026-05-03T12:42:52.8854526Z dotnet-install: Downloaded file size is 216822173 bytes.
Auto Release	UNKNOWN STEP	2026-05-03T12:42:52.8855424Z dotnet-install: The remote and local file sizes are equal.
Auto Release	UNKNOWN STEP	2026-05-03T12:42:53.1372855Z dotnet-install: Installed version is 8.0.420
Auto Release	UNKNOWN STEP	2026-05-03T12:42:53.1433656Z dotnet-install: Adding to current process PATH: `/usr/share/dotnet`. Note: This change will be visible only when sourcing script.
Auto Release	UNKNOWN STEP	2026-05-03T12:42:53.1434867Z dotnet-install: Note that the script does not resolve dependencies during installation.
Auto Release	UNKNOWN STEP	2026-05-03T12:42:53.1436055Z dotnet-install: To check the list of dependencies, go to https://learn.microsoft.com/dotnet/core/install, select your operating system and check the "Dependencies" section.
Auto Release	UNKNOWN STEP	2026-05-03T12:42:53.1437071Z dotnet-install: Installation finished successfully.
Auto Release	UNKNOWN STEP	2026-05-03T12:42:53.1626053Z ##[group]Run actions/setup-node@v4
Auto Release	UNKNOWN STEP	2026-05-03T12:42:53.1626345Z with:
Auto Release	UNKNOWN STEP	2026-05-03T12:42:53.1626566Z   node-version: 22
Auto Release	UNKNOWN STEP	2026-05-03T12:42:53.1626782Z   always-auth: false
Auto Release	UNKNOWN STEP	2026-05-03T12:42:53.1626996Z   check-latest: false
Auto Release	UNKNOWN STEP	2026-05-03T12:42:53.1627532Z   token: ***
Auto Release	UNKNOWN STEP	2026-05-03T12:42:53.1627726Z env:
Auto Release	UNKNOWN STEP	2026-05-03T12:42:53.1627915Z   DOTNET_NOLOGO: true
Auto Release	UNKNOWN STEP	2026-05-03T12:42:53.1628140Z   DOTNET_CLI_TELEMETRY_OPTOUT: true
Auto Release	UNKNOWN STEP	2026-05-03T12:42:53.1628412Z   DOTNET_SKIP_FIRST_TIME_EXPERIENCE: true
Auto Release	UNKNOWN STEP	2026-05-03T12:42:53.1628698Z   DOTNET_ROOT: /usr/share/dotnet
Auto Release	UNKNOWN STEP	2026-05-03T12:42:53.1628967Z ##[endgroup]
Auto Release	UNKNOWN STEP	2026-05-03T12:42:53.3381830Z Found in cache @ /opt/hostedtoolcache/node/22.22.2/x64
Auto Release	UNKNOWN STEP	2026-05-03T12:42:53.3387486Z ##[group]Environment details
Auto Release	UNKNOWN STEP	2026-05-03T12:42:57.9589260Z node: v22.22.2
Auto Release	UNKNOWN STEP	2026-05-03T12:42:57.9589631Z npm: 10.9.7
Auto Release	UNKNOWN STEP	2026-05-03T12:42:57.9589836Z yarn: 1.22.22
Auto Release	UNKNOWN STEP	2026-05-03T12:42:57.9598358Z ##[endgroup]
Auto Release	UNKNOWN STEP	2026-05-03T12:42:57.9700791Z ##[group]Run # Get current version from csproj
Auto Release	UNKNOWN STEP	2026-05-03T12:42:57.9701217Z [36;1m# Get current version from csproj[0m
Auto Release	UNKNOWN STEP	2026-05-03T12:42:57.9701730Z [36;1mCURRENT_VERSION=$(grep -Po '(?<=<Version>)[^<]*' src/Lino.Objects.Codec/Lino.Objects.Codec.csproj)[0m
Auto Release	UNKNOWN STEP	2026-05-03T12:42:57.9702369Z [36;1mPACKAGE_ID=$(grep -Po '(?<=<PackageId>)[^<]*' src/Lino.Objects.Codec/Lino.Objects.Codec.csproj)[0m
Auto Release	UNKNOWN STEP	2026-05-03T12:42:57.9702886Z [36;1mPACKAGE_ID_LC=$(echo "$PACKAGE_ID" | tr '[:upper:]' '[:lower:]')[0m
Auto Release	UNKNOWN STEP	2026-05-03T12:42:57.9703318Z [36;1mecho "current_version=$CURRENT_VERSION" >> $GITHUB_OUTPUT[0m
Auto Release	UNKNOWN STEP	2026-05-03T12:42:57.9703691Z [36;1mecho "package_id=$PACKAGE_ID" >> $GITHUB_OUTPUT[0m
Auto Release	UNKNOWN STEP	2026-05-03T12:42:57.9703997Z [36;1m[0m
Auto Release	UNKNOWN STEP	2026-05-03T12:42:57.9704337Z [36;1m# Decide based on the registry, not on the local git tag. NuGet's flat-container index[0m
Auto Release	UNKNOWN STEP	2026-05-03T12:42:57.9704904Z [36;1m# returns 200 for an existing package id and 404 otherwise; the version-specific .nuspec[0m
Auto Release	UNKNOWN STEP	2026-05-03T12:42:57.9705462Z [36;1m# endpoint pinpoints whether a particular version is published. See[0m
Auto Release	UNKNOWN STEP	2026-05-03T12:42:57.9705941Z [36;1m# docs/case-studies/issue-25/README.md for why we no longer trust the tag.[0m
Auto Release	UNKNOWN STEP	2026-05-03T12:42:57.9706891Z [36;1mSTATUS=$(curl -sS -o /dev/null -w '%{http_code}' "https://api.nuget.org/v3-flatcontainer/${PACKAGE_ID_LC}/${CURRENT_VERSION}/${PACKAGE_ID_LC}.nuspec")[0m
Auto Release	UNKNOWN STEP	2026-05-03T12:42:57.9708067Z [36;1mecho "NuGet HTTP status for ${PACKAGE_ID}@${CURRENT_VERSION}: ${STATUS}"[0m
Auto Release	UNKNOWN STEP	2026-05-03T12:42:57.9708443Z [36;1mif [ "$STATUS" = "200" ]; then[0m
Auto Release	UNKNOWN STEP	2026-05-03T12:42:57.9708846Z [36;1m  echo "Version ${PACKAGE_ID}@${CURRENT_VERSION} already on NuGet, skipping publish"[0m
Auto Release	UNKNOWN STEP	2026-05-03T12:42:57.9709279Z [36;1m  echo "should_release=false" >> $GITHUB_OUTPUT[0m
Auto Release	UNKNOWN STEP	2026-05-03T12:42:57.9709562Z [36;1melse[0m
Auto Release	UNKNOWN STEP	2026-05-03T12:42:57.9709867Z [36;1m  echo "Version ${PACKAGE_ID}@${CURRENT_VERSION} is NOT on NuGet, will publish"[0m
Auto Release	UNKNOWN STEP	2026-05-03T12:42:57.9710279Z [36;1m  echo "should_release=true" >> $GITHUB_OUTPUT[0m
Auto Release	UNKNOWN STEP	2026-05-03T12:42:57.9710553Z [36;1mfi[0m
Auto Release	UNKNOWN STEP	2026-05-03T12:42:57.9742688Z shell: /usr/bin/bash -e {0}
Auto Release	UNKNOWN STEP	2026-05-03T12:42:57.9742937Z env:
Auto Release	UNKNOWN STEP	2026-05-03T12:42:57.9743139Z   DOTNET_NOLOGO: true
Auto Release	UNKNOWN STEP	2026-05-03T12:42:57.9743379Z   DOTNET_CLI_TELEMETRY_OPTOUT: true
Auto Release	UNKNOWN STEP	2026-05-03T12:42:57.9743652Z   DOTNET_SKIP_FIRST_TIME_EXPERIENCE: true
Auto Release	UNKNOWN STEP	2026-05-03T12:42:57.9743922Z   DOTNET_ROOT: /usr/share/dotnet
Auto Release	UNKNOWN STEP	2026-05-03T12:42:57.9744158Z ##[endgroup]
Auto Release	UNKNOWN STEP	2026-05-03T12:42:58.0650567Z NuGet HTTP status for Lino.Objects.Codec@0.2.0: 404
Auto Release	UNKNOWN STEP	2026-05-03T12:42:58.0651173Z Version Lino.Objects.Codec@0.2.0 is NOT on NuGet, will publish
Auto Release	UNKNOWN STEP	2026-05-03T12:42:58.0719743Z ##[group]Run actions/download-artifact@v4
Auto Release	UNKNOWN STEP	2026-05-03T12:42:58.0720025Z with:
Auto Release	UNKNOWN STEP	2026-05-03T12:42:58.0720208Z   name: nuget-package
Auto Release	UNKNOWN STEP	2026-05-03T12:42:58.0720430Z   path: csharp/artifacts/
Auto Release	UNKNOWN STEP	2026-05-03T12:42:58.0720650Z   merge-multiple: false
Auto Release	UNKNOWN STEP	2026-05-03T12:42:58.0720911Z   repository: link-foundation/lino-objects-codec
Auto Release	UNKNOWN STEP	2026-05-03T12:42:58.0721196Z   run-id: 25279435356
Auto Release	UNKNOWN STEP	2026-05-03T12:42:58.0721383Z env:
Auto Release	UNKNOWN STEP	2026-05-03T12:42:58.0721560Z   DOTNET_NOLOGO: true
Auto Release	UNKNOWN STEP	2026-05-03T12:42:58.0721765Z   DOTNET_CLI_TELEMETRY_OPTOUT: true
Auto Release	UNKNOWN STEP	2026-05-03T12:42:58.0722032Z   DOTNET_SKIP_FIRST_TIME_EXPERIENCE: true
Auto Release	UNKNOWN STEP	2026-05-03T12:42:58.0722313Z   DOTNET_ROOT: /usr/share/dotnet
Auto Release	UNKNOWN STEP	2026-05-03T12:42:58.0722548Z ##[endgroup]
Auto Release	UNKNOWN STEP	2026-05-03T12:42:58.2755792Z Downloading single artifact
Auto Release	UNKNOWN STEP	2026-05-03T12:42:58.4201513Z Preparing to download the following artifacts:
Auto Release	UNKNOWN STEP	2026-05-03T12:42:58.4202917Z - nuget-package (ID: 6770737528, Size: 11577, Expected Digest: sha256:58691867b423308758a90bc58af3a470c12a730a6f920336b835ee9dfeeed218)
Auto Release	UNKNOWN STEP	2026-05-03T12:42:58.5254503Z Redirecting to blob download url: https://productionresultssa11.blob.core.windows.net/actions-results/8c65c805-10e8-4669-b831-94692b585307/workflow-job-run-a5b1f5bd-f772-56f9-8751-87e0263ca7a7/artifacts/83bb2981fa7ee8770e182b2d6fd7bb6783c8e3d9906e1ffbe6e0e3fb150a3cd9.zip
Auto Release	UNKNOWN STEP	2026-05-03T12:42:58.5256990Z Starting download of artifact to: /home/runner/work/lino-objects-codec/lino-objects-codec/csharp/artifacts
Auto Release	UNKNOWN STEP	2026-05-03T12:42:58.6366316Z (node:2861) [DEP0005] DeprecationWarning: Buffer() is deprecated due to security and usability issues. Please use the Buffer.alloc(), Buffer.allocUnsafe(), or Buffer.from() methods instead.
Auto Release	UNKNOWN STEP	2026-05-03T12:42:58.6368316Z (Use `node --trace-deprecation ...` to show where the warning was created)
Auto Release	UNKNOWN STEP	2026-05-03T12:42:58.6421346Z SHA256 digest of downloaded artifact is 58691867b423308758a90bc58af3a470c12a730a6f920336b835ee9dfeeed218
Auto Release	UNKNOWN STEP	2026-05-03T12:42:58.6422404Z Artifact download completed successfully.
Auto Release	UNKNOWN STEP	2026-05-03T12:42:58.6423021Z Total of 1 artifact(s) downloaded
Auto Release	UNKNOWN STEP	2026-05-03T12:42:58.6428346Z Download artifact has finished successfully
Auto Release	UNKNOWN STEP	2026-05-03T12:42:58.6540997Z ##[group]Run if [ -z "$NUGET_API_KEY" ]; then
Auto Release	UNKNOWN STEP	2026-05-03T12:42:58.6541353Z [36;1mif [ -z "$NUGET_API_KEY" ]; then[0m
Auto Release	UNKNOWN STEP	2026-05-03T12:42:58.6541724Z [36;1m  echo "::error::NUGET_API_KEY is not set; cannot publish to NuGet."[0m
Auto Release	UNKNOWN STEP	2026-05-03T12:42:58.6542293Z [36;1m  echo "Configure NUGET_API_KEY as a repository secret. See docs/case-studies/issue-25/README.md."[0m
Auto Release	UNKNOWN STEP	2026-05-03T12:42:58.6542737Z [36;1m  exit 1[0m
Auto Release	UNKNOWN STEP	2026-05-03T12:42:58.6542936Z [36;1mfi[0m
Auto Release	UNKNOWN STEP	2026-05-03T12:42:58.6543166Z [36;1mdotnet nuget push artifacts/*.nupkg \[0m
Auto Release	UNKNOWN STEP	2026-05-03T12:42:58.6543666Z [36;1m  --api-key "$NUGET_API_KEY" \[0m
Auto Release	UNKNOWN STEP	2026-05-03T12:42:58.6544020Z [36;1m  --source https://api.nuget.org/v3/index.json \[0m
Auto Release	UNKNOWN STEP	2026-05-03T12:42:58.6544354Z [36;1m  --skip-duplicate[0m
Auto Release	UNKNOWN STEP	2026-05-03T12:42:58.6567446Z shell: /usr/bin/bash -e {0}
Auto Release	UNKNOWN STEP	2026-05-03T12:42:58.6567720Z env:
Auto Release	UNKNOWN STEP	2026-05-03T12:42:58.6567912Z   DOTNET_NOLOGO: true
Auto Release	UNKNOWN STEP	2026-05-03T12:42:58.6568137Z   DOTNET_CLI_TELEMETRY_OPTOUT: true
Auto Release	UNKNOWN STEP	2026-05-03T12:42:58.6568449Z   DOTNET_SKIP_FIRST_TIME_EXPERIENCE: true
Auto Release	UNKNOWN STEP	2026-05-03T12:42:58.6568725Z   DOTNET_ROOT: /usr/share/dotnet
Auto Release	UNKNOWN STEP	2026-05-03T12:42:58.6568967Z   NUGET_API_KEY: 
Auto Release	UNKNOWN STEP	2026-05-03T12:42:58.6569177Z ##[endgroup]
Auto Release	UNKNOWN STEP	2026-05-03T12:42:58.6632495Z ##[error]NUGET_API_KEY is not set; cannot publish to NuGet.
Auto Release	UNKNOWN STEP	2026-05-03T12:42:58.6639636Z Configure NUGET_API_KEY as a repository secret. See docs/case-studies/issue-25/README.md.
Auto Release	UNKNOWN STEP	2026-05-03T12:42:58.6641552Z ##[error]Process completed with exit code 1.
Auto Release	UNKNOWN STEP	2026-05-03T12:42:58.6722771Z Post job cleanup.
Auto Release	UNKNOWN STEP	2026-05-03T12:42:58.7710469Z [command]/usr/bin/git version
Auto Release	UNKNOWN STEP	2026-05-03T12:42:58.7745408Z git version 2.53.0
Auto Release	UNKNOWN STEP	2026-05-03T12:42:58.7785484Z Temporarily overriding HOME='/home/runner/work/_temp/e87dcea9-ce8f-4787-abd9-a59c7c13ec56' before making global git config changes
Auto Release	UNKNOWN STEP	2026-05-03T12:42:58.7786645Z Adding repository directory to the temporary git global config as a safe directory
Auto Release	UNKNOWN STEP	2026-05-03T12:42:58.7799127Z [command]/usr/bin/git config --global --add safe.directory /home/runner/work/lino-objects-codec/lino-objects-codec
Auto Release	UNKNOWN STEP	2026-05-03T12:42:58.7833995Z [command]/usr/bin/git config --local --name-only --get-regexp core\.sshCommand
Auto Release	UNKNOWN STEP	2026-05-03T12:42:58.7866102Z [command]/usr/bin/git submodule foreach --recursive sh -c "git config --local --name-only --get-regexp 'core\.sshCommand' && git config --local --unset-all 'core.sshCommand' || :"
Auto Release	UNKNOWN STEP	2026-05-03T12:42:58.8102269Z [command]/usr/bin/git config --local --name-only --get-regexp http\.https\:\/\/github\.com\/\.extraheader
Auto Release	UNKNOWN STEP	2026-05-03T12:42:58.8123588Z http.https://github.com/.extraheader
Auto Release	UNKNOWN STEP	2026-05-03T12:42:58.8135737Z [command]/usr/bin/git config --local --unset-all http.https://github.com/.extraheader
Auto Release	UNKNOWN STEP	2026-05-03T12:42:58.8166138Z [command]/usr/bin/git submodule foreach --recursive sh -c "git config --local --name-only --get-regexp 'http\.https\:\/\/github\.com\/\.extraheader' && git config --local --unset-all 'http.https://github.com/.extraheader' || :"
Auto Release	UNKNOWN STEP	2026-05-03T12:42:58.8395617Z [command]/usr/bin/git config --local --name-only --get-regexp ^includeIf\.gitdir:
Auto Release	UNKNOWN STEP	2026-05-03T12:42:58.8426583Z [command]/usr/bin/git submodule foreach --recursive git config --local --show-origin --name-only --get-regexp remote.origin.url
Auto Release	UNKNOWN STEP	2026-05-03T12:42:58.8784253Z Cleaning up orphan processes
Auto Release	UNKNOWN STEP	2026-05-03T12:42:58.9050377Z ##[warning]Node.js 20 actions are deprecated. The following actions are running on Node.js 20 and may not work as expected: actions/checkout@v4, actions/download-artifact@v4, actions/setup-dotnet@v4, actions/setup-node@v4. Actions will be forced to run with Node.js 24 by default starting June 2nd, 2026. Node.js 20 will be removed from the runner on September 16th, 2026. Please check if updated versions of these actions are available that support Node.js 24. To opt into Node.js 24 now, set the FORCE_JAVASCRIPT_ACTIONS_TO_NODE24=true environment variable on the runner or in your workflow file. Once Node.js 24 becomes the default, you can temporarily opt out by setting ACTIONS_ALLOW_USE_UNSECURE_NODE_VERSION=true. For more information see: https://github.blog/changelog/2025-09-19-deprecation-of-node-20-on-github-actions-runners/
